date,cqi,cqi_流动性,cqi_信任,成分数,断裂,断裂成分,灯,data_status,z_回购压力,z_央行回购使用量,z_拍卖吸收度,z_回购卖压,z_基差平仓速度,z_信任背离,raw_回购压力,raw_央行回购使用量,raw_拍卖吸收度,raw_回购卖压,raw_基差平仓速度,raw_信任背离,data_kind,run_status,missing_components
2018-04-02,,,,0,False,,数据缺失,insufficient_components,,,,,,,5.000000000000004,,,,,,real,ok,
2018-04-03,,,,0,False,,数据缺失,insufficient_components,,,,,,,8.000000000000007,,,,-0.09507917684512157,,real,ok,
2018-04-04,,,,0,False,,数据缺失,insufficient_components,,,,,,,-1.0000000000000009,,,,-0.09507917684512157,,real,ok,
2018-04-05,,,,0,False,,数据缺失,insufficient_components,,,,,,,0.0,,,,-0.09507917684512157,,real,ok,
2018-04-06,,,,0,False,,数据缺失,insufficient_components,,,,,,,0.0,,,,-0.09507917684512157,,real,ok,
2018-04-09,,,,0,False,,数据缺失,insufficient_components,,,,,,,0.0,,,,-0.09507917684512157,4.999999999999982,real,ok,
2018-04-10,,,,0,False,,数据缺失,insufficient_components,,,,,,,0.0,,0.4778123006205869,,-0.0822240298896042,0.9999999999999787,real,ok,
2018-04-11,,,,0,False,,数据缺失,insufficient_components,,,,,,,1.0000000000000009,,0.8520684113610468,,-0.0822240298896042,0.0,real,ok,
2018-04-12,,,,0,False,,数据缺失,insufficient_components,,,,,,,-2.0000000000000018,,-0.09965162526836843,,-0.0822240298896042,0.0,real,ok,
2018-04-13,,,,0,False,,数据缺失,insufficient_components,,,,,,,-3.0000000000000027,,-0.09965162526836843,,-0.0822240298896042,4.999999999999982,real,ok,
2018-04-16,,,,0,False,,数据缺失,insufficient_components,,,,,,,2.0000000000000018,,-0.09965162526836843,,-0.0822240298896042,5.000000000000027,real,ok,
2018-04-17,,,,0,False,,数据缺失,insufficient_components,,,,,,,1.0000000000000009,,-0.09965162526836843,,-0.07186216680751256,2.0000000000000018,real,ok,
2018-04-18,,,,0,False,,数据缺失,insufficient_components,,,,,,,0.0,,-0.09965162526836843,,-0.07186216680751256,8.000000000000007,real,ok,
2018-04-19,,,,0,False,,数据缺失,insufficient_components,,,,,,,-2.0000000000000018,,-0.40122995771215964,,-0.07186216680751256,0.0,real,ok,
2018-04-20,,,,0,False,,数据缺失,insufficient_components,,,,,,,-3.0000000000000027,,-0.40122995771215964,,-0.07186216680751256,0.0,real,ok,
2018-04-23,,,,0,False,,数据缺失,insufficient_components,,,,,,,-5.000000000000004,,-0.40122995771215964,,-0.07186216680751256,0.0,real,ok,
2018-04-24,,,,0,False,,数据缺失,insufficient_components,,,,,,,-4.0000000000000036,,0.649546924386911,,-0.15100082557568362,0.0,real,ok,
2018-04-25,,,,0,False,,数据缺失,insufficient_components,,,,,,,-4.0000000000000036,,-0.5473264391384342,,-0.15100082557568362,0.0,real,ok,
2018-04-26,,,,0,False,,数据缺失,insufficient_components,,,,,,,-3.0000000000000027,,-0.23163563804634085,,-0.15100082557568362,0.0,real,ok,
2018-04-27,,,,0,False,,数据缺失,insufficient_components,,,,,,,-3.0000000000000027,,-0.23163563804634085,,-0.15100082557568362,0.0,real,ok,
2018-04-30,,,,0,False,,数据缺失,insufficient_components,,,,,,,2.0000000000000018,,-0.23163563804634085,,-0.15100082557568362,0.0,real,ok,
2018-05-01,,,,0,False,,数据缺失,insufficient_components,,,,,,,1.0000000000000009,,-0.23163563804634085,,-0.11262263479963885,0.0,real,ok,
2018-05-02,,,,0,False,,数据缺失,insufficient_components,,,,,,,0.0,,-0.23163563804634085,,-0.11262263479963885,0.0,real,ok,
2018-05-03,,,,0,False,,数据缺失,insufficient_components,,,,,,,-1.0000000000000009,,-0.23163563804634085,,-0.11262263479963885,0.0,real,ok,
2018-05-04,,,,0,False,,数据缺失,insufficient_components,,,,,,,-3.0000000000000027,,-0.23163563804634085,,-0.11262263479963885,0.0,real,ok,
2018-05-07,,,,0,False,,数据缺失,insufficient_components,,,,,,,-4.0000000000000036,,-0.23163563804634085,,-0.11262263479963885,0.0,real,ok,
2018-05-08,,,,0,False,,数据缺失,insufficient_components,,,,,,,-3.0000000000000027,,0.7059875973124667,,-0.14499299052700354,0.0,real,ok,
2018-05-09,,,,0,False,,数据缺失,insufficient_components,,,,,,,-3.0000000000000027,,-0.3400348881582391,,-0.14499299052700354,0.0,real,ok,
2018-05-10,,,,0,False,,数据缺失,insufficient_components,,,,,,,-2.0000000000000018,,-0.15867664026732248,,-0.14499299052700354,0.0,real,ok,
2018-05-11,,,,0,False,,数据缺失,insufficient_components,,,,,,,-2.0000000000000018,,-0.15867664026732248,,-0.14499299052700354,0.0,real,ok,
2018-05-14,,,,0,False,,数据缺失,insufficient_components,,,,,,,0.0,,-0.15867664026732248,,-0.14499299052700354,4.999999999999982,real,ok,
2018-05-15,,,,0,False,,数据缺失,insufficient_components,,,,,,,4.0000000000000036,,-0.15867664026732248,,-0.09509654081984276,0.0,real,ok,
2018-05-16,,,,0,False,,数据缺失,insufficient_components,,,,,,,0.0,,-0.15867664026732248,,-0.09509654081984276,0.0,real,ok,
2018-05-17,,,,0,False,,数据缺失,insufficient_components,,,,,,,-1.0000000000000009,,0.43461994138057647,,-0.09509654081984276,0.0,real,ok,
2018-05-18,,,,0,False,,数据缺失,insufficient_components,,,,,,,-2.0000000000000018,,0.43461994138057647,6.44,-0.09509654081984276,0.0,real,ok,
2018-05-21,,,,0,False,,数据缺失,insufficient_components,,,,,,,-6.000000000000005,,0.43461994138057647,6.44,-0.09509654081984276,0.0,real,ok,
2018-05-22,,,,0,False,,数据缺失,insufficient_components,,,,,,,-10.000000000000009,,0.5325285288840947,6.44,-0.102096240482626,0.0,real,ok,
2018-05-23,,,,0,False,,数据缺失,insufficient_components,,,,,,,-8.000000000000007,,-0.18688000107747313,6.44,-0.102096240482626,0.0,real,ok,
2018-05-24,,,,0,False,,数据缺失,insufficient_components,,,,,,,-1.0000000000000009,,-0.2737489966209122,6.44,-0.102096240482626,0.0,real,ok,
2018-05-25,,,,0,False,,数据缺失,insufficient_components,,,,,,,-2.0000000000000018,,-0.2737489966209122,6.44,-0.102096240482626,0.0,real,ok,
2018-05-28,,,,0,False,,数据缺失,insufficient_components,,,,,,,-2.0000000000000018,,-0.2737489966209122,6.44,-0.102096240482626,0.0,real,ok,
2018-05-29,,,,0,False,,数据缺失,insufficient_components,,,,,,,-3.0000000000000027,,-0.2737489966209122,6.44,-0.06474303708234164,0.0,real,ok,
2018-05-30,,,,0,False,,数据缺失,insufficient_components,,,,,,,-3.0000000000000027,,-0.2737489966209122,6.44,-0.06474303708234164,0.0,real,ok,
2018-05-31,,,,0,False,,数据缺失,insufficient_components,,,,,,,6.000000000000005,,-0.2737489966209122,6.44,-0.06474303708234164,0.0,real,ok,
2018-06-01,,,,0,False,,数据缺失,insufficient_components,,,,,,,6.000000000000005,,-0.2737489966209122,6.44,-0.06474303708234164,0.0,real,ok,
2018-06-04,,,,0,False,,数据缺失,insufficient_components,,,,,,,5.000000000000004,,-0.2737489966209122,6.44,-0.06474303708234164,0.0,real,ok,
2018-06-05,,,,0,False,,数据缺失,insufficient_components,,,,,,,0.0,,-0.2737489966209122,6.44,0.023511759445847935,0.0,real,ok,
2018-06-06,,,,0,False,,数据缺失,insufficient_components,,,,,,,-2.0000000000000018,,-0.2737489966209122,6.44,0.023511759445847935,0.0,real,ok,
2018-06-07,,,,0,False,,数据缺失,insufficient_components,,,,,,,-4.0000000000000036,,-0.2737489966209122,6.44,0.023511759445847935,0.0,real,ok,
2018-06-08,,,,0,False,,数据缺失,insufficient_components,,,,,,,-6.000000000000005,,,6.44,0.023511759445847935,0.0,real,ok,
2018-06-11,,,,0,False,,数据缺失,insufficient_components,,,,,,,-6.000000000000005,,0.005210220848731378,,0.023511759445847935,0.0,real,ok,
2018-06-12,,,,0,False,,数据缺失,insufficient_components,,,,,,,-8.000000000000007,,-0.06922655862589469,,0.034318965387452716,4.0000000000000036,real,ok,
2018-06-13,,,,0,False,,数据缺失,insufficient_components,,,,,,,-4.0000000000000036,,-0.06922655862589469,,0.034318965387452716,0.0,real,ok,
2018-06-14,,,,0,False,,数据缺失,insufficient_components,,,,,,,-5.000000000000004,,-0.06922655862589469,,0.034318965387452716,0.0,real,ok,
2018-06-15,,,,0,False,,数据缺失,insufficient_components,,,,,,,-4.0000000000000036,,-0.06922655862589469,,0.034318965387452716,0.0,real,ok,
2018-06-18,,,,0,False,,数据缺失,insufficient_components,,,,,,,-5.000000000000004,,-0.06922655862589469,,0.034318965387452716,0.0,real,ok,
2018-06-19,,,,0,False,,数据缺失,insufficient_components,,,,,,,-7.000000000000006,,-0.06922655862589469,,0.0648013289350412,0.0,real,ok,
2018-06-20,,,,0,False,,数据缺失,insufficient_components,,,,,,,-7.999999999999985,,-0.06922655862589469,,0.0648013289350412,0.0,real,ok,
2018-06-21,,,,0,False,,数据缺失,insufficient_components,,,,,,,-7.999999999999985,,-0.06922655862589469,,0.0648013289350412,0.0,real,ok,
2018-06-22,,,,0,False,,数据缺失,insufficient_components,,,,,,,-3.0000000000000027,,-0.06922655862589469,,0.0648013289350412,0.0,real,ok,
2018-06-25,,,,0,False,,数据缺失,insufficient_components,,,,,,,-4.0000000000000036,,-0.06922655862589469,,0.0648013289350412,0.0,real,ok,
2018-06-26,,,,0,False,,数据缺失,insufficient_components,,,,,,,-5.000000000000004,,0.35523131553636733,,0.06259844040977736,0.0,real,ok,
2018-06-27,,,,0,False,,数据缺失,insufficient_components,,,,,,,-5.000000000000004,,0.6749835836658057,,0.06259844040977736,0.0,real,ok,
2018-06-28,,,,0,False,,数据缺失,insufficient_components,,,,,,,-2.0000000000000018,,0.18042418596194126,,0.06259844040977736,0.0,real,ok,
2018-06-29,,,,0,False,,数据缺失,insufficient_components,,,,,,,17.000000000000014,,0.18042418596194126,,0.06259844040977736,0.0,real,ok,
2018-07-02,,,,0,False,,数据缺失,insufficient_components,,,,,,,9.000000000000007,,0.18042418596194126,,0.06259844040977736,0.0,real,ok,
2018-07-03,,,,0,False,,数据缺失,insufficient_components,,,,,,,5.000000000000004,,0.18042418596194126,,-0.08037207688655701,0.0,real,ok,
2018-07-04,,,,0,False,,数据缺失,insufficient_components,,,,,,,5.000000000000004,,0.18042418596194126,,-0.08037207688655701,0.0,real,ok,
2018-07-05,,,,0,False,,数据缺失,insufficient_components,,,,,,,2.0000000000000018,,0.18042418596194126,,-0.08037207688655701,0.0,real,ok,
2018-07-06,,,,0,False,,数据缺失,insufficient_components,,,,,,,-2.0000000000000018,,0.18042418596194126,,-0.08037207688655701,0.0,real,ok,
2018-07-09,,,,0,False,,数据缺失,insufficient_components,,,,,,,-6.000000000000005,,0.18042418596194126,,-0.08037207688655701,0.0,real,ok,
2018-07-10,,,,0,False,,数据缺失,insufficient_components,,,,,,,-6.000000000000005,,1.4949534554921957,,-0.10136245644395592,4.0000000000000036,real,ok,
2018-07-11,,,,0,False,,数据缺失,insufficient_components,,,,,,,-6.000000000000005,,-0.22867809532355649,,-0.10136245644395592,2.0000000000000018,real,ok,
2018-07-12,,,,0,False,,数据缺失,insufficient_components,,,,,,,-5.000000000000004,,0.2539831577889521,,-0.10136245644395592,1.000000000000023,real,ok,
2018-07-13,,,,0,False,,数据缺失,insufficient_components,,,,,,,-5.000000000000004,,0.2539831577889521,,-0.10136245644395592,0.0,real,ok,
2018-07-16,,,,0,False,,数据缺失,insufficient_components,,,,,,,0.0,,0.2539831577889521,,-0.10136245644395592,0.0,real,ok,
2018-07-17,,,,0,False,,数据缺失,insufficient_components,,,,,,,-3.0000000000000027,,0.2539831577889521,,-0.13419019753834727,0.0,real,ok,
2018-07-18,,,,0,False,,数据缺失,insufficient_components,,,,,,,-5.000000000000004,,0.2539831577889521,,-0.13419019753834727,0.0,real,ok,
2018-07-19,,,,0,False,,数据缺失,insufficient_components,,,,,,,-5.000000000000004,,0.08889462187193178,,-0.13419019753834727,0.0,real,ok,
2018-07-20,,,,0,False,,数据缺失,insufficient_components,,,,,,,-7.000000000000006,,0.08889462187193178,,-0.13419019753834727,0.0,real,ok,
2018-07-23,,,,0,False,,数据缺失,insufficient_components,,,,,,,-7.999999999999985,,0.08889462187193178,,-0.13419019753834727,0.0,real,ok,
2018-07-24,,,,0,False,,数据缺失,insufficient_components,,,,,,,-5.000000000000004,,-0.11236034436704978,,-0.14057912120668647,0.0,real,ok,
2018-07-25,,,,0,False,,数据缺失,insufficient_components,,,,,,,-7.999999999999985,,-0.03578374579262522,,-0.14057912120668647,6.000000000000005,real,ok,
2018-07-26,,,,0,False,,数据缺失,insufficient_components,,,,,,,-5.000000000000004,,0.23081847031215616,,-0.14057912120668647,14.000000000000012,real,ok,
2018-07-27,,,,0,False,,数据缺失,insufficient_components,,,,,,,-7.000000000000006,,0.23081847031215616,,-0.14057912120668647,6.999999999999984,real,ok,
2018-07-30,,,,0,False,,数据缺失,insufficient_components,,,,,,,-7.000000000000006,,0.23081847031215616,,-0.14057912120668647,2.0000000000000018,real,ok,
2018-07-31,,,,0,False,,数据缺失,insufficient_components,,,,,,,-2.0000000000000018,,0.23081847031215616,,-0.06522922850399149,0.9999999999999787,real,ok,
2018-08-01,,,,0,False,,数据缺失,insufficient_components,,,,,,,-7.000000000000006,,0.23081847031215616,,-0.06522922850399149,6.000000000000005,real,ok,
2018-08-02,,,,0,False,,数据缺失,insufficient_components,,,,,,,-4.0000000000000036,,0.23081847031215616,,-0.06522922850399149,0.0,real,ok,
2018-08-03,,,,0,False,,数据缺失,insufficient_components,,,,,,,-8.999999999999986,,0.23081847031215616,,-0.06522922850399149,0.0,real,ok,
2018-08-06,,,,0,False,,数据缺失,insufficient_components,,,,,,,-8.999999999999986,,0.23081847031215616,,-0.06522922850399149,0.0,real,ok,
2018-08-07,,,,0,False,,数据缺失,insufficient_components,,,,,,,-7.999999999999985,,0.5243531179838795,,-0.08608010074311645,0.0,real,ok,
2018-08-08,,,,0,False,,数据缺失,insufficient_components,,,,,,,-7.000000000000006,,-0.029462215160536348,,-0.08608010074311645,0.0,real,ok,
2018-08-09,,,,0,False,,数据缺失,insufficient_components,,,,,,,-4.0000000000000036,,0.08734738617415697,,-0.08608010074311645,0.0,real,ok,
2018-08-10,,,,0,False,,数据缺失,insufficient_components,,,,,,,-5.000000000000004,,0.08734738617415697,,-0.08608010074311645,0.0,real,ok,
2018-08-13,,,,0,False,,数据缺失,insufficient_components,,,,,,,-4.0000000000000036,,0.08734738617415697,,-0.08608010074311645,0.0,real,ok,
2018-08-14,,,,0,False,,数据缺失,insufficient_components,,,,,,,-2.0000000000000018,,0.08734738617415697,,-0.12747504509078778,0.0,real,ok,
2018-08-15,,,,0,False,,数据缺失,insufficient_components,,,,,,,3.0000000000000027,,0.08734738617415697,,-0.12747504509078778,0.0,real,ok,
2018-08-16,,,,0,False,,数据缺失,insufficient_components,,,,,,,4.0000000000000036,,0.08734738617415697,,-0.12747504509078778,0.0,real,ok,
2018-08-17,,,,0,False,,数据缺失,insufficient_components,,,,,,,-5.000000000000004,,0.08734738617415697,,-0.12747504509078778,0.0,real,ok,
2018-08-20,,,,0,False,,数据缺失,insufficient_components,,,,,,,-5.000000000000004,,0.08734738617415697,,-0.12747504509078778,0.0,real,ok,
2018-08-21,,,,0,False,,数据缺失,insufficient_components,,,,,,,-5.000000000000004,,0.08734738617415697,,-0.1376172175996111,0.0,real,ok,
2018-08-22,,,,0,False,,数据缺失,insufficient_components,,,,,,,-5.000000000000004,,0.08734738617415697,,-0.1376172175996111,0.0,real,ok,
2018-08-23,,,,0,False,,数据缺失,insufficient_components,,,,,,,-1.0000000000000009,,0.08734738617415697,,-0.1376172175996111,0.0,real,ok,
2018-08-24,,,,0,False,,数据缺失,insufficient_components,,,,,,,0.0,,,,-0.1376172175996111,0.0,real,ok,
2018-08-27,,,,0,False,,数据缺失,insufficient_components,,,,,,,0.0,,0.05894010295813691,,-0.1376172175996111,3.000000000000025,real,ok,
2018-08-28,,,,0,False,,数据缺失,insufficient_components,,,,,,,0.0,,0.008161484024948845,,-0.07586019962792889,2.9999999999999805,real,ok,
2018-08-29,,,,0,False,,数据缺失,insufficient_components,,,,,,,-2.0000000000000018,,0.06818625666184175,,-0.07586019962792889,7.000000000000028,real,ok,
2018-08-30,,,,0,False,,数据缺失,insufficient_components,,,,,,,-2.0000000000000018,,0.06818625666184175,,-0.07586019962792889,4.0000000000000036,real,ok,
2018-08-31,,,,0,False,,数据缺失,insufficient_components,,,,,,,2.0000000000000018,,0.06818625666184175,,-0.07586019962792889,0.0,real,ok,
2018-09-03,,,,0,False,,数据缺失,insufficient_components,,,,,,,2.0000000000000018,,0.06818625666184175,,-0.07586019962792889,0.0,real,ok,
2018-09-04,,,,0,False,,数据缺失,insufficient_components,,,,,,,0.0,,0.06818625666184175,,-0.07669203899692412,0.0,real,ok,
2018-09-05,,,,0,False,,数据缺失,insufficient_components,,,,,,,0.0,,0.06818625666184175,,-0.07669203899692412,0.0,real,ok,
2018-09-06,,,,0,False,,数据缺失,insufficient_components,,,,,,,-1.0000000000000009,,0.06818625666184175,,-0.07669203899692412,0.0,real,ok,
2018-09-07,,,,0,False,,数据缺失,insufficient_components,,,,,,,-1.0000000000000009,,0.06818625666184175,,-0.07669203899692412,0.0,real,ok,
2018-09-10,,,,0,False,,数据缺失,insufficient_components,,,,,,,-1.0000000000000009,,0.06818625666184175,,-0.07669203899692412,0.0,real,ok,
2018-09-11,,,,0,False,,数据缺失,insufficient_components,,,,,,,-1.0000000000000009,,0.18700017136673658,,0.013688833882905538,8.000000000000007,real,ok,
2018-09-12,,,,0,False,,数据缺失,insufficient_components,,,,,,,-1.0000000000000009,,-0.48404338619144016,,0.013688833882905538,7.000000000000028,real,ok,
2018-09-13,,,,0,False,,数据缺失,insufficient_components,,,,,,,-1.0000000000000009,,-0.03024446917615921,,0.013688833882905538,9.00000000000003,real,ok,
2018-09-14,,,,0,False,,数据缺失,insufficient_components,,,,,,,0.0,,-0.03024446917615921,,0.013688833882905538,5.000000000000027,real,ok,
2018-09-17,,,,0,False,,数据缺失,insufficient_components,,,,,,,5.000000000000004,,-0.03024446917615921,,0.013688833882905538,5.000000000000027,real,ok,
2018-09-18,,,,0,False,,数据缺失,insufficient_components,,,,,,,-1.0000000000000009,,-0.03024446917615921,,0.062270417900469166,6.999999999999984,real,ok,
2018-09-19,,,,0,False,,数据缺失,insufficient_components,,,,,,,-3.0000000000000027,,-0.03024446917615921,,0.062270417900469166,10.999999999999988,real,ok,
2018-09-20,,,,0,False,,数据缺失,insufficient_components,,,,,,,-3.0000000000000027,,-0.30500462331256567,,0.062270417900469166,9.999999999999964,real,ok,
2018-09-21,,,,0,False,,数据缺失,insufficient_components,,,,,,,-3.0000000000000027,,-0.30500462331256567,,0.062270417900469166,7.999999999999963,real,ok,
2018-09-24,,,,0,False,,数据缺失,insufficient_components,,,,,,,0.0,,1.2413026488958667,,0.062270417900469166,8.999999999999986,real,ok,
2018-09-25,,,,0,False,,数据缺失,insufficient_components,,,,,,,-2.0000000000000018,,0.0469361793934116,,-0.000985398939092219,5.000000000000027,real,ok,
2018-09-26,,,,0,False,,数据缺失,insufficient_components,,,,,,,-3.0000000000000027,,0.0469361793934116,,-0.000985398939092219,0.0,real,ok,
2018-09-27,,,,0,False,,数据缺失,insufficient_components,,,,,,,-4.0000000000000036,,0.2809584075051118,,-0.000985398939092219,0.0,real,ok,
2018-09-28,,,,0,False,,数据缺失,insufficient_components,,,,,,,4.999999999999982,,0.2809584075051118,,-0.000985398939092219,0.0,real,ok,
2018-10-01,,,,0,False,,数据缺失,insufficient_components,,,,,,,2.0000000000000018,,0.2809584075051118,,-0.000985398939092219,0.0,real,ok,
2018-10-02,,,,0,False,,数据缺失,insufficient_components,,,,,,,0.0,,0.2809584075051118,,0.034191311943668534,0.0,real,ok,
2018-10-03,,,,0,False,,数据缺失,insufficient_components,,,,,,,0.0,,0.2809584075051118,,0.034191311943668534,0.0,real,ok,
2018-10-04,,,,0,False,,数据缺失,insufficient_components,,,,,,,-2.0000000000000018,,0.2809584075051118,,0.034191311943668534,0.0,real,ok,
2018-10-05,,,,0,False,,数据缺失,insufficient_components,,,,,,,-4.0000000000000036,,0.2809584075051118,,0.034191311943668534,0.0,real,ok,
2018-10-08,,,,0,False,,数据缺失,insufficient_components,,,,,,,-4.0000000000000036,,0.2809584075051118,,0.034191311943668534,0.0,real,ok,
2018-10-09,,,,0,False,,数据缺失,insufficient_components,,,,,,,-5.000000000000027,,0.2809584075051118,,-0.007620829377026572,0.0,real,ok,
2018-10-10,,,,0,False,,数据缺失,insufficient_components,,,,,,,-5.000000000000027,,0.48886781254537465,,-0.007620829377026572,0.0,real,ok,
2018-10-11,,,,0,False,,数据缺失,insufficient_components,,,,,,,-3.000000000000025,,-0.1633380484144238,,-0.007620829377026572,0.0,real,ok,
2018-10-12,,,,0,False,,数据缺失,insufficient_components,,,,,,,-2.0000000000000018,,-0.1633380484144238,,-0.007620829377026572,0.0,real,ok,
2018-10-15,,,,0,False,,数据缺失,insufficient_components,,,,,,,0.9999999999999787,,-0.1633380484144238,,-0.007620829377026572,0.0,real,ok,
2018-10-16,,,,0,False,,数据缺失,insufficient_components,,,,,,,-2.0000000000000018,,-0.1633380484144238,,-0.07182174754394954,0.0,real,ok,
2018-10-17,,,,0,False,,数据缺失,insufficient_components,,,,,,,-2.0000000000000018,,-0.1633380484144238,,-0.07182174754394954,0.0,real,ok,
2018-10-18,,,,0,False,,数据缺失,insufficient_components,,,,,,,-1.000000000000023,,-0.1633380484144238,,-0.07182174754394954,0.0,real,ok,
2018-10-19,,,,0,False,,数据缺失,insufficient_components,,,,,,,-1.000000000000023,,-0.1633380484144238,,-0.07182174754394954,0.0,real,ok,
2018-10-22,,,,0,False,,数据缺失,insufficient_components,,,,,,,-2.0000000000000018,,-0.1633380484144238,,-0.07182174754394954,0.0,real,ok,
2018-10-23,,,,0,False,,数据缺失,insufficient_components,,,,,,,-3.000000000000025,,0.17698159348293196,,-0.048129462343200924,0.0,real,ok,
2018-10-24,,,,0,False,,数据缺失,insufficient_components,,,,,,,-2.0000000000000018,,0.15925354038543982,,-0.048129462343200924,0.0,real,ok,
2018-10-25,,,,0,False,,数据缺失,insufficient_components,,,,,,,-1.000000000000023,,0.7688747719518634,,-0.048129462343200924,0.0,real,ok,
2018-10-26,,,,0,False,,数据缺失,insufficient_components,,,,,,,-1.000000000000023,,0.7688747719518634,,-0.048129462343200924,0.0,real,ok,
2018-10-29,,,,0,False,,数据缺失,insufficient_components,,,,,,,-2.0000000000000018,,0.7688747719518634,,-0.048129462343200924,0.0,real,ok,
2018-10-30,,,,0,False,,数据缺失,insufficient_components,,,,,,,-2.0000000000000018,,0.7688747719518634,,-0.1162867475086371,0.0,real,ok,
2018-10-31,,,,0,False,,数据缺失,insufficient_components,,,,,,,2.0000000000000018,,0.7688747719518634,,-0.1162867475086371,0.0,real,ok,
2018-11-01,,,,0,False,,数据缺失,insufficient_components,,,,,,,2.0000000000000018,,0.7688747719518634,,-0.1162867475086371,0.0,real,ok,
2018-11-02,,,,0,False,,数据缺失,insufficient_components,,,,,,,4.999999999999982,,0.7688747719518634,,-0.1162867475086371,0.0,real,ok,
2018-11-05,,,,0,False,,数据缺失,insufficient_components,,,,,,,4.0000000000000036,,0.5115094863052655,,-0.1162867475086371,12.00000000000001,real,ok,
2018-11-06,,,,0,False,,数据缺失,insufficient_components,,,,,,,2.0000000000000018,,0.0233946155195541,,-0.12771975465505014,10.000000000000009,real,ok,
2018-11-07,,,,0,False,,数据缺失,insufficient_components,,,,,,,-2.0000000000000018,,1.037389467010259,,-0.12771975465505014,7.000000000000028,real,ok,
2018-11-08,,,,0,False,,数据缺失,insufficient_components,,,,,,,0.9999999999999787,,1.037389467010259,,-0.12771975465505014,10.000000000000009,real,ok,
2018-11-09,,,,0,False,,数据缺失,insufficient_components,,,,,,,0.0,,1.037389467010259,,-0.12771975465505014,0.0,real,ok,
2018-11-12,,,,0,False,,数据缺失,insufficient_components,,,,,,,0.0,,1.037389467010259,,-0.12771975465505014,0.0,real,ok,
2018-11-13,,,,0,False,,数据缺失,insufficient_components,,,,,,,0.0,,1.037389467010259,,-0.08237060177906708,0.0,real,ok,
2018-11-14,,,,0,False,,数据缺失,insufficient_components,,,,,,,0.0,,1.037389467010259,6.56,-0.08237060177906708,0.0,real,ok,
2018-11-15,,,,0,False,,数据缺失,insufficient_components,,,,,,,7.999999999999963,,1.037389467010259,6.56,-0.08237060177906708,0.0,real,ok,
2018-11-16,,,,0,False,,数据缺失,insufficient_components,,,,,,,5.999999999999961,,1.037389467010259,6.56,-0.08237060177906708,0.0,real,ok,
2018-11-19,,,,0,False,,数据缺失,insufficient_components,,,,,,,4.0000000000000036,,1.037389467010259,6.56,-0.08237060177906708,0.0,real,ok,
2018-11-20,,,,0,False,,数据缺失,insufficient_components,,,,,,,0.0,,1.037389467010259,6.56,-0.17312632440847486,0.0,real,ok,
2018-11-21,,,,0,False,,数据缺失,insufficient_components,,,,,,,-2.0000000000000018,,-0.48144246118324263,6.56,-0.17312632440847486,0.0,real,ok,
2018-11-22,,,,0,False,,数据缺失,insufficient_components,,,,,,,-2.0000000000000018,,-0.48144246118324263,6.56,-0.17312632440847486,0.0,real,ok,
2018-11-23,,,,0,False,,数据缺失,insufficient_components,,,,,,,2.9999999999999805,,-0.48144246118324263,6.56,-0.17312632440847486,0.0,real,ok,
2018-11-26,,,,0,False,,数据缺失,insufficient_components,,,,,,,0.0,,-0.03784731315789169,6.56,-0.17312632440847486,0.0,real,ok,
2018-11-27,,,,0,False,,数据缺失,insufficient_components,,,,,,,-1.000000000000023,,-0.0023931917177969705,6.56,-0.06097297797407686,0.0,real,ok,
2018-11-28,,,,0,False,,数据缺失,insufficient_components,,,,,,,-1.000000000000023,,0.5490604509715001,6.56,-0.06097297797407686,0.0,real,ok,
2018-11-29,,,,0,False,,数据缺失,insufficient_components,,,,,,,4.0000000000000036,,0.5490604509715001,6.56,-0.06097297797407686,0.0,real,ok,
2018-11-30,,,,0,False,,数据缺失,insufficient_components,,,,,,,7.999999999999963,,0.5490604509715001,6.56,-0.06097297797407686,0.0,real,ok,
2018-12-03,,,,0,False,,数据缺失,insufficient_components,,,,,,,2.9999999999999805,,0.5490604509715001,6.56,-0.06097297797407686,0.0,real,ok,
2018-12-04,,,,0,False,,数据缺失,insufficient_components,,,,,,,6.999999999999984,,0.5490604509715001,6.56,-0.05035645524458032,0.0,real,ok,
2018-12-05,,,,0,False,,数据缺失,insufficient_components,,,,,,,6.999999999999984,,0.5490604509715001,6.56,-0.05035645524458032,0.0,real,ok,
2018-12-06,,,,0,False,,数据缺失,insufficient_components,,,,,,,13.999999999999968,,0.5490604509715001,,-0.05035645524458032,0.0,real,ok,
2018-12-07,,,,0,False,,数据缺失,insufficient_components,,,,,,,9.999999999999964,,0.5490604509715001,,-0.05035645524458032,0.0,real,ok,
2018-12-10,,,,0,False,,数据缺失,insufficient_components,,,,,,,2.0000000000000018,,0.5490604509715001,,-0.05035645524458032,0.0,real,ok,
2018-12-11,,,,0,False,,数据缺失,insufficient_components,,,,,,,-1.000000000000023,,-0.32416215044192265,,-0.05572551723656982,0.0,real,ok,
2018-12-12,,,,0,False,,数据缺失,insufficient_components,,,,,,,0.0,,0.08674962661599861,,-0.05572551723656982,0.0,real,ok,
2018-12-13,,,,0,False,,数据缺失,insufficient_components,,,,,,,0.9999999999999787,,-0.2630514323003855,,-0.05572551723656982,4.0000000000000036,real,ok,
2018-12-14,,,,0,False,,数据缺失,insufficient_components,,,,,,,0.9999999999999787,,-0.2630514323003855,,-0.05572551723656982,0.0,real,ok,
2018-12-17,,,,0,False,,数据缺失,insufficient_components,,,,,,,10.999999999999988,,-0.2630514323003855,,-0.05572551723656982,0.9999999999999787,real,ok,
2018-12-18,,,,0,False,,数据缺失,insufficient_components,,,,,,,11.999999999999966,,-0.2630514323003855,,0.007830426629441667,0.0,real,ok,
2018-12-19,,,,0,False,,数据缺失,insufficient_components,,,,,,,9.999999999999964,,-0.2630514323003855,,0.007830426629441667,0.0,real,ok,
2018-12-20,,,,0,False,,数据缺失,insufficient_components,,,,,,,1.000000000000023,,-0.2630514323003855,,0.007830426629441667,0.0,real,ok,
2018-12-21,,,,0,False,,数据缺失,insufficient_components,,,,,,,0.0,,-0.2630514323003855,,0.007830426629441667,0.0,real,ok,
2018-12-24,,,,0,False,,数据缺失,insufficient_components,,,,,,,1.000000000000023,,1.2211407463463682,,-0.037312036520433134,0.0,real,ok,
2018-12-25,,,,0,False,,数据缺失,insufficient_components,,,,,,,1.000000000000023,,1.2211407463463682,,-0.037312036520433134,0.0,real,ok,
2018-12-26,,,,0,False,,数据缺失,insufficient_components,,,,,,,4.0000000000000036,,0.6125519848246708,,-0.037312036520433134,0.0,real,ok,
2018-12-27,,,,0,False,,数据缺失,insufficient_components,,,,,,,4.0000000000000036,,-0.15765268130880716,,-0.037312036520433134,0.0,real,ok,
2018-12-28,,,,0,False,,数据缺失,insufficient_components,,,,,,,6.000000000000005,,-0.15765268130880716,,-0.037312036520433134,0.0,real,ok,
2018-12-31,,,,0,False,,数据缺失,insufficient_components,,,,,,,60.00000000000001,,-0.15765268130880716,,-0.04411322748539237,0.0,real,ok,
2019-01-01,,,,0,False,,数据缺失,insufficient_components,,,,,,,60.00000000000001,,-0.15765268130880716,,-0.04411322748539237,0.0,real,ok,
2019-01-02,,,,0,False,,数据缺失,insufficient_components,,,,,,,75.0,,-0.15765268130880716,,-0.04411322748539237,0.0,real,ok,
2019-01-03,,,,0,False,,数据缺失,insufficient_components,,,,,,,30.00000000000003,,-0.15765268130880716,,-0.04411322748539237,0.0,real,ok,
2019-01-04,,,,0,False,,数据缺失,insufficient_components,,,,,,,5.000000000000027,,-0.15765268130880716,,-0.04411322748539237,0.0,real,ok,
2019-01-07,,,,0,False,,数据缺失,insufficient_components,,,,,,,1.000000000000023,,-0.15765268130880716,,-0.04411322748539237,1.000000000000023,real,ok,
2019-01-08,,,,0,False,,数据缺失,insufficient_components,,,,,,,2.0000000000000018,,0.09905074491855262,,-0.02824958471975103,4.0000000000000036,real,ok,
2019-01-09,,,,0,False,,数据缺失,insufficient_components,,,,,,,5.000000000000027,,-0.11766918964015591,,-0.02824958471975103,8.000000000000007,real,ok,
2019-01-10,,,,0,False,,数据缺失,insufficient_components,,,,,,,3.000000000000025,,0.6200229137249628,,-0.02824958471975103,18.000000000000014,real,ok,
2019-01-11,,,,0,False,,数据缺失,insufficient_components,,,,,,,1.000000000000023,,0.6200229137249628,,-0.02824958471975103,4.0000000000000036,real,ok,
2019-01-14,,,,0,False,,数据缺失,insufficient_components,,,,,,,0.0,,0.6200229137249628,,-0.02824958471975103,0.9999999999999787,real,ok,
2019-01-15,,,,0,False,,数据缺失,insufficient_components,,,,,,,6.000000000000005,,0.6200229137249628,,-0.04587998019395423,0.0,real,ok,
2019-01-16,,,,0,False,,数据缺失,insufficient_components,,,,,,,3.000000000000025,,0.6200229137249628,,-0.04587998019395423,0.0,real,ok,
2019-01-17,,,,0,False,,数据缺失,insufficient_components,,,,,,,1.000000000000023,,-0.21861095356101565,,-0.04587998019395423,0.0,real,ok,
2019-01-18,,,,0,False,,数据缺失,insufficient_components,,,,,,,2.0000000000000018,,-0.21861095356101565,,-0.04587998019395423,0.0,real,ok,
2019-01-21,,,,0,False,,数据缺失,insufficient_components,,,,,,,2.0000000000000018,,-0.21861095356101565,,-0.04587998019395423,0.0,real,ok,
2019-01-22,,,,0,False,,数据缺失,insufficient_components,,,,,,,1.000000000000023,,-0.21861095356101565,,-0.0538340931981085,0.0,real,ok,
2019-01-23,,,,0,False,,数据缺失,insufficient_components,,,,,,,0.0,,-0.21861095356101565,,-0.0538340931981085,0.0,real,ok,
2019-01-24,,,,0,False,,数据缺失,insufficient_components,,,,,,,1.000000000000023,,-0.21861095356101565,,-0.0538340931981085,0.0,real,ok,
2019-01-25,,,,0,False,,数据缺失,insufficient_components,,,,,,,0.0,,-0.21861095356101565,,-0.0538340931981085,0.0,real,ok,
2019-01-28,,,,0,False,,数据缺失,insufficient_components,,,,,,,-0.9999999999999787,,-0.454276418263312,,-0.0538340931981085,0.0,real,ok,
2019-01-29,,,,0,False,,数据缺失,insufficient_components,,,,,,,0.0,,-0.05220617768551941,,-0.044426172436400346,0.0,real,ok,
2019-01-30,,,,0,False,,数据缺失,insufficient_components,,,,,,,-0.9999999999999787,,-0.05220617768551941,,-0.044426172436400346,0.0,real,ok,
2019-01-31,,,,0,False,,数据缺失,insufficient_components,,,,,,,18.000000000000014,,-0.05220617768551941,,-0.044426172436400346,0.0,real,ok,
2019-02-01,,,,0,False,,数据缺失,insufficient_components,,,,,,,7.000000000000028,,-0.05220617768551941,,-0.044426172436400346,0.0,real,ok,
2019-02-04,,,,0,False,,数据缺失,insufficient_components,,,,,,,0.0,,-0.05220617768551941,,-0.044426172436400346,0.0,real,ok,
2019-02-05,,,,0,False,,数据缺失,insufficient_components,,,,,,,0.0,,-0.2837408932714753,,-0.08761336947210574,0.0,real,ok,
2019-02-06,,,,0,False,,数据缺失,insufficient_components,,,,,,,-2.0000000000000018,,0.43867244610668166,,-0.08761336947210574,0.0,real,ok,
2019-02-07,,,,0,False,,数据缺失,insufficient_components,,,,,,,-2.0000000000000018,,-0.18340350004456948,,-0.08761336947210574,0.0,real,ok,
2019-02-08,,,,0,False,,数据缺失,insufficient_components,,,,,,,-2.9999999999999805,,-0.18340350004456948,,-0.08761336947210574,0.0,real,ok,
2019-02-11,,,,0,False,,数据缺失,insufficient_components,,,,,,,0.0,,-0.18340350004456948,,-0.08761336947210574,0.0,real,ok,
2019-02-12,,,,0,False,,数据缺失,insufficient_components,,,,,,,-0.9999999999999787,,-0.18340350004456948,,-0.053572473307005986,0.0,real,ok,
2019-02-13,,,,0,False,,数据缺失,insufficient_components,,,,,,,-2.0000000000000018,,-0.18340350004456948,,-0.053572473307005986,0.0,real,ok,
2019-02-14,,,,0,False,,数据缺失,insufficient_components,,,,,,,-0.9999999999999787,,-0.18340350004456948,,-0.053572473307005986,0.0,real,ok,
2019-02-15,,,,0,False,,数据缺失,insufficient_components,,,,,,,3.000000000000025,,-0.18340350004456948,,-0.053572473307005986,0.0,real,ok,
2019-02-18,,,,0,False,,数据缺失,insufficient_components,,,,,,,3.000000000000025,,-0.18340350004456948,,-0.053572473307005986,1.000000000000023,real,ok,
2019-02-19,,,,0,False,,数据缺失,insufficient_components,,,,,,,0.0,,-0.18340350004456948,,-0.06012810796974688,0.0,real,ok,
2019-02-20,,,,0,False,,数据缺失,insufficient_components,,,,,,,-0.9999999999999787,,0.5442179877352188,,-0.06012810796974688,0.0,real,ok,
2019-02-21,,,,0,False,,数据缺失,insufficient_components,,,,,,,-0.9999999999999787,,-1.1401733297238312,,-0.06012810796974688,2.9999999999999805,real,ok,
2019-02-22,,,,0,False,,数据缺失,insufficient_components,,,,,,,0.0,,-1.1401733297238312,,-0.06012810796974688,0.0,real,ok,
2019-02-25,,,,0,False,,数据缺失,insufficient_components,,,,,,,-2.0000000000000018,,-0.1730041055240881,,-0.06012810796974688,0.9999999999999787,real,ok,
2019-02-26,,,,0,False,,数据缺失,insufficient_components,,,,,,,-2.0000000000000018,,-0.3991653417831577,,-0.03357187436729148,0.0,real,ok,
2019-02-27,,,,0,False,,数据缺失,insufficient_components,,,,,,,-2.9999999999999805,,-0.3991653417831577,,-0.03357187436729148,4.0000000000000036,real,ok,
2019-02-28,,,,0,False,,数据缺失,insufficient_components,,,,,,,18.000000000000014,,-0.3991653417831577,,-0.03357187436729148,4.0000000000000036,real,ok,
2019-03-01,,,,0,False,,数据缺失,insufficient_components,,,,,,,-2.0000000000000018,,-0.3991653417831577,,-0.03357187436729148,0.0,real,ok,
2019-03-04,,,,0,False,,数据缺失,insufficient_components,,,,,,,-2.0000000000000018,,-0.3991653417831577,,-0.03357187436729148,0.0,real,ok,
2019-03-05,,,,0,False,,数据缺失,insufficient_components,,,,,,,-2.0000000000000018,,-0.3991653417831577,,0.04065906844856726,0.0,real,ok,
2019-03-06,,,,0,False,,数据缺失,insufficient_components,,,,,,,-2.0000000000000018,,-0.3991653417831577,,0.04065906844856726,0.0,real,ok,
2019-03-07,,,,0,False,,数据缺失,insufficient_components,,,,,,,-2.0000000000000018,,-0.3991653417831577,,0.04065906844856726,0.0,real,ok,
2019-03-08,,,,0,False,,数据缺失,insufficient_components,,,,,,,-0.9999999999999787,,-0.3991653417831577,,0.04065906844856726,0.0,real,ok,
2019-03-11,,,,0,False,,数据缺失,insufficient_components,,,,,,,-2.0000000000000018,,0.04717761063046167,,0.04065906844856726,0.0,real,ok,
2019-03-12,,,,0,False,,数据缺失,insufficient_components,,,,,,,-0.9999999999999787,,-0.6695410596455721,,0.032951751295874354,0.0,real,ok,
2019-03-13,,,,0,False,,数据缺失,insufficient_components,,,,,,,0.0,,0.26152641241812236,,0.032951751295874354,0.0,real,ok,
2019-03-14,,,,0,False,,数据缺失,insufficient_components,,,,,,,2.0000000000000018,,0.26152641241812236,,0.032951751295874354,0.0,real,ok,
2019-03-15,,,,0,False,,数据缺失,insufficient_components,,,,,,,6.000000000000005,,0.26152641241812236,,0.032951751295874354,0.0,real,ok,
2019-03-18,,,,0,False,,数据缺失,insufficient_components,,,,,,,1.000000000000023,,0.26152641241812236,,0.032951751295874354,0.0,real,ok,
2019-03-19,,,,1,False,,数据缺失,insufficient_components,0.1847681031608062,,,,,,2.0000000000000018,,0.26152641241812236,,0.008833386603351423,0.0,real,ok,
2019-03-20,,,,2,False,,数据缺失,insufficient_components,0.7629420257321696,,,,1.094488365458743,,7.000000000000028,,0.26152641241812236,,0.008833386603351423,0.0,real,ok,
2019-03-21,,,,2,False,,数据缺失,insufficient_components,0.4133595310238132,,,,1.089744733925311,,4.0000000000000036,,-0.3018462001929071,,0.008833386603351423,0.0,real,ok,
2019-03-22,,,,2,False,,数据缺失,insufficient_components,-0.052140365375248174,,,,1.0850623300284676,,0.0,,-0.3018462001929071,,0.008833386603351423,0.0,real,ok,
2019-03-25,,,,2,False,,数据缺失,insufficient_components,-0.05203855182445441,,,,1.0804398472731178,,0.0,,-0.3018462001929071,,0.008833386603351423,0.0,real,ok,
2019-03-26,,,-0.394767182761528,3,False,,数据缺失,insufficient_components,-0.05193733237855371,,,,0.557931455140782,-0.394767182761528,0.0,,-0.3541028648313326,,-0.02241308973835965,0.0,real,ok,
2019-03-27,,,-0.393867569780568,3,False,,数据缺失,insufficient_components,-0.05183670128207617,,,,0.5565109240791393,-0.393867569780568,0.0,,-0.8092562986545361,,-0.02241308973835965,0.0,real,ok,
2019-03-28,,,-0.39297408281619584,3,False,,数据缺失,insufficient_components,0.2994772820457024,,,,0.5551011983891367,-0.39297408281619584,3.000000000000025,,-0.34352128297535495,,-0.02241308973835965,0.0,real,ok,
2019-03-29,0.7966339436356321,0.7966339436356321,-0.39208665262135334,4,False,,,ok,2.8342523667731756,,-0.9980526775512776,,0.5537021416849984,-0.39208665262135334,25.0,,-0.34352128297535495,,-0.02241308973835965,0.0,real,ok,
2019-04-01,0.0628703260767961,0.0628703260767961,-0.3912052110403638,4,False,,,ok,0.6304206042331367,,-0.9941232459827724,,0.5523136199800239,-0.3912052110403638,6.000000000000005,,-0.34352128297535495,,-0.02241308973835965,0.0,real,ok,
2019-04-02,-0.19516484549345386,-0.31937145926125315,-0.39032969098690773,4,False,,,ok,0.6287424551677568,,-0.9902399238035298,,-0.5966169091479866,-0.39032969098690773,6.000000000000005,,-0.34352128297535495,,-0.09093893150921084,0.0,real,ok,
2019-04-03,2.1192870408553612,-0.279587503146501,4.2385740817107225,4,False,,红,ok,0.7427152659375799,,-0.9864018157681597,,-0.5950759596089232,4.2385740817107225,7.000000000000028,,-0.34352128297535495,,-0.09093893150921084,12.99999999999999,real,ok,
2019-04-04,1.883164048459585,-0.31711967375778227,3.76632809691917,4,False,,黄,ok,0.6247959297727615,,-0.9826080507828955,,-0.5935469002632129,3.76632809691917,6.000000000000005,,-0.34352128297535495,,-0.09093893150921084,11.999999999999966,real,ok,
2019-04-05,1.3409276132361472,-0.31590916412330716,2.6818552264722944,4,False,,黄,ok,0.6231598675852752,,-0.9788577810742424,,-0.5920295788809543,2.6818552264722944,6.000000000000005,,-0.34352128297535495,,-0.09093893150921084,8.999999999999986,real,ok,
2019-04-08,0.31165663908076996,-0.31471247455295276,0.6233132781615399,4,False,,,ok,0.6215366036816488,,-0.9751501813923381,,-0.590523845948169,0.6233132781615399,6.000000000000005,,-0.34352128297535495,,-0.09093893150921084,2.9999999999999805,real,ok,
2019-04-09,0.31083232228256114,0.03184863846153883,0.6216646445651223,4,False,,,ok,0.5036773986684204,,-0.10254381876035125,,-0.3055876645234527,0.6216646445651223,5.000000000000027,,0.020213945984246334,,-0.0741091725781271,2.9999999999999805,real,ok,
2019-04-10,-0.2041454127142346,-0.3070074713130185,-0.4082908254284692,4,False,,,ok,0.5025016764201885,,-1.118560596156647,,-0.304963494202597,-0.4082908254284692,5.000000000000027,,-0.4046132609408174,,-0.0741091725781271,0.0,real,ok,
2019-04-11,0.3187824758564084,0.3187824758564084,-0.4073906667179029,4,False,,,ok,0.38467750999128864,,0.8760130519837751,,-0.30434313440583843,-0.4073906667179029,4.0000000000000036,,0.42704714905161956,,-0.0741091725781271,0.0,real,ok,
2019-04-12,0.8245907588091836,0.31773284473260316,1.6491815176183673,4,False,,,ok,0.383861568568626,,0.8730635121347419,,-0.3037265465055584,1.6491815176183673,4.0000000000000036,,0.42704714905161956,,-0.0741091725781271,6.000000000000005,real,ok,
2019-04-15,0.433642741224054,0.433642741224054,0.616838898055692,4,False,,,ok,0.7338983129671188,,0.8701436031253335,,-0.30311369242029024,0.616838898055692,7.000000000000028,,0.42704714905161956,,-0.0741091725781271,2.9999999999999805,real,ok,
2019-04-16,0.6095966906993242,0.6095966906993242,-0.4141961331309537,4,False,,,ok,0.7318260870202608,,0.8672528318476888,,0.2297111532300232,-0.4141961331309537,7.000000000000028,,0.42704714905161956,,-0.04280945699052041,0.0,real,ok,
2019-04-17,0.7246331188742476,0.7246331188742476,-0.4132927972900609,4,False,,,ok,1.0802408976207962,,0.8643907166096876,,0.22926774239225897,-0.4132927972900609,10.000000000000009,,0.42704714905161956,,-0.04280945699052041,0.0,real,ok,
2019-04-18,-0.20619767486657697,-0.4007782297403264,-0.41239534973315395,4,False,,,ok,1.075977910420448,,-2.5071394896248043,,0.22882688998337689,-0.41239534973315395,10.000000000000009,,-0.9880373972998895,,-0.04280945699052041,0.0,real,ok,
2019-04-19,-0.20575186336742757,-0.39108343297176734,-0.41150372673485514,4,False,,,ok,1.0717650576911626,,-2.473403928096013,,0.2283885714895486,-0.41150372673485514,10.000000000000009,,-0.9880373972998895,,-0.04280945699052041,0.0,real,ok,
2019-04-22,-0.20530893276577447,-0.5375484099333662,-0.41061786553154894,4,False,,,ok,0.6003973098405381,,-2.4409953023652244,,0.22795276272458792,-0.41061786553154894,6.000000000000005,,-0.9880373972998895,,-0.04280945699052041,0.0,real,ok,
2019-04-23,0.37958138884172893,0.37958138884172893,-0.4097377043027943,4,False,,,ok,0.5989255154992261,,0.05055706463697481,,0.4892615863889857,-0.4097377043027943,6.000000000000005,,0.0778389560705695,,-0.02754148792153832,0.0,real,ok,
2019-04-24,0.5779800871159838,0.5779800871159838,-0.40886318215317247,4,False,,,ok,0.3626976415957637,,0.8830734232305385,,0.48816919652164914,-0.40886318215317247,4.0000000000000036,,0.43455776955775244,,-0.02754148792153832,0.0,real,ok,
2019-04-25,0.43728469329601377,0.43728469329601377,-0.4079942390945615,4,False,,,ok,0.47956918340099214,,0.34520079992116737,,0.48708409656588175,-0.4079942390945615,5.000000000000027,,0.20529256087388492,,-0.02754148792153832,0.0,real,ok,
2019-04-26,0.47557170523122405,0.47557170523122405,-0.4071308160288236,4,False,,,ok,0.5962166411727003,,0.344492268766448,,0.48600620575452386,-0.4071308160288236,6.000000000000005,,0.20529256087388492,,-0.02754148792153832,0.0,real,ok,
2019-04-29,0.552965047897593,0.552965047897593,-0.4062728547308953,4,False,,,ok,0.8301716145543695,,0.3437880845701969,,0.4849354445682129,-0.4062728547308953,8.000000000000007,,0.20529256087388492,,-0.02754148792153832,0.0,real,ok,
2019-04-30,1.4898109351607316,1.4898109351607316,-0.4054202978322673,4,False,,黄,ok,4.014355996225515,,0.34308820304705373,,0.11198860620962689,-0.4054202978322673,35.999999999999986,,0.20529256087388492,,-0.04908032698701037,0.0,real,ok,
2019-05-01,0.6430590258527301,0.6430590258527301,-0.4045730888048468,4,False,,,ok,1.4749964152594603,,0.34239258054094185,,0.11178808175778805,-0.4045730888048468,14.000000000000012,,0.20529256087388492,,-0.04908032698701037,0.0,real,ok,
2019-05-02,0.6777526897948971,0.6777526897948971,-0.054098002077715694,4,False,,,ok,1.5799682646989481,,0.34170117401361527,,0.11158863067212774,-0.054098002077715694,14.999999999999991,,0.20529256087388492,,-0.04908032698701037,0.9999999999999787,real,ok,
2019-05-03,0.40956944271566514,0.40956944271566514,0.6462780201388888,4,False,,,ok,0.7763041437030862,,0.34101394103345795,,0.1113902434104515,0.6462780201388888,8.000000000000007,,0.20529256087388492,,-0.04908032698701037,3.000000000000025,real,ok,
2019-05-06,0.3705303245352833,0.3705303245352833,-0.4070007229256611,4,False,,,ok,0.6600672232924074,,0.3403308397645315,,0.11119291054891095,-0.4070007229256611,6.999999999999984,,0.20529256087388492,,-0.04908032698701037,0.0,real,ok,
2019-05-07,0.4968293581389993,0.4968293581389993,-0.40616132224193885,4,False,,,ok,0.8866756141387143,,0.46135496455866526,,0.1424574957196183,-0.40616132224193885,8.999999999999986,,0.25670628905363446,,-0.04727495394303216,0.0,real,ok,
2019-05-08,1.160380602220304,1.160380602220304,-0.4053270967084633,4,False,,黄,ok,0.7698080306304252,,2.5691288566653485,,0.14220491936513857,-0.4053270967084633,8.000000000000007,,1.1585287452995572,,-0.04727495394303216,0.0,real,ok,
2019-05-09,0.43187877487607346,0.43187877487607346,-0.4044979933408443,4,False,,,ok,0.5389760892235834,,0.6147065535899977,,0.1419536818146392,-0.4044979933408443,6.000000000000005,,0.32843846093234236,,-0.04727495394303216,0.0,real,ok,
2019-05-10,0.39269048000273515,0.39269048000273515,-0.4036739599113415,4,False,,,ok,0.4231602631872374,,0.6132074055394947,,0.1417037712814736,-0.4036739599113415,4.999999999999982,,0.32843846093234236,,-0.04727495394303216,0.0,real,ok,
2019-05-13,0.31525144995697124,0.31525144995697124,-0.40285494493502294,4,False,,,ok,0.19257999092467473,,0.6117191828224683,,0.14145517612377065,-0.40285494493502294,2.9999999999999805,,0.32843846093234236,,-0.04727495394303216,0.0,real,ok,
2019-05-14,0.023178283045991826,0.023178283045991826,-0.4020408976562334,4,False,,,ok,0.3073143337939066,,0.6102417532970499,,-0.848021237952981,-0.4020408976562334,4.0000000000000036,,0.32843846093234236,,-0.1036122198746221,0.0,real,ok,
2019-05-15,0.3678409956663076,0.3678409956663076,-0.4012317680353622,4,False,,,ok,1.3402767667589992,,0.6087749870490793,,-0.8455287668091557,-0.4012317680353622,12.99999999999999,,0.32843846093234236,,-0.1036122198746221,0.0,real,ok,
2019-05-16,0.175276987427747,0.175276987427747,-0.40042750673590255,4,False,,,ok,0.7615703746414736,,0.607318756344037,,-0.8430581687022697,-0.40042750673590255,8.000000000000007,,0.32843846093234236,,-0.1036122198746221,0.0,real,ok,
2019-05-17,0.13662366862013461,0.13662366862013461,-0.39962806511179744,4,False,,,ok,0.6446071956816573,,0.6058729355802387,,-0.8406091254014922,-0.39962806511179744,6.999999999999984,,0.32843846093234236,,-0.1036122198746221,0.0,real,ok,
2019-05-20,0.021244098584678277,0.021244098584678277,-0.39883339519506106,4,False,,,ok,0.2974762196328751,,0.6044374012432523,,-0.8381813251220925,-0.39883339519506106,4.0000000000000036,,0.32843846093234236,,-0.1036122198746221,0.0,real,ok,
2019-05-21,0.19798887420427555,0.19798887420427555,-0.3980434496836713,4,False,,,ok,0.18145394801285775,,0.603012031861501,,-0.19049935726153208,-0.3980434496836713,2.9999999999999805,,0.32843846093234236,,-0.06693833486414169,0.0,real,ok,
2019-05-22,0.158958754504241,0.158958754504241,-0.397258181929726,4,False,,,ok,0.0654473645241381,,0.6015967079630136,,-0.19016780897442875,-0.397258181929726,2.0000000000000018,,0.32843846093234236,6.04,-0.06693833486414169,0.0,real,ok,
2019-05-23,-0.1982387729639272,-1.3615624418171297,-0.3964775459278544,4,False,,,ok,0.06533772741348173,,-3.960187066846348,,-0.18983798601852309,-0.3964775459278544,2.0000000000000018,,-1.6392280337850405,6.04,-0.06693833486414169,0.0,real,ok,
2019-05-24,-0.19785074815193998,-1.3250974976095355,-0.39570149630387996,4,False,,,ok,0.0652286394561578,,-3.851011258805172,,-0.18950987347959247,-0.39570149630387996,2.0000000000000018,,-1.6392280337850405,6.04,-0.06693833486414169,0.0,real,ok,
2019-05-27,-0.19746499415186286,-1.2914864904264969,-0.3949299883037257,4,False,,,ok,0.06512009608304592,,-3.75039611073923,,-0.1891834566233068,-0.3949299883037257,2.0000000000000018,,-1.6392280337850405,6.04,-0.06693833486414169,0.0,real,ok,
2019-05-28,0.2855375760205385,0.2855375760205385,-0.39416297778255766,4,False,,,ok,0.5306865644307006,,-1.2046895817848815,,1.5306157454157963,-0.39416297778255766,6.000000000000005,,-0.4894742395600826,6.04,0.030186107370037463,0.0,real,ok,
2019-05-29,1.3121632454719132,1.3121632454719132,-0.39340042119415963,4,False,,黄,ok,0.41307524285226777,,2.001238934381141,,1.5221755591823305,-0.39340042119415963,4.999999999999982,,0.9702858255493753,6.04,0.030186107370037463,0.0,real,ok,
2019-05-30,1.3035322941888015,1.3035322941888015,-0.3926422755805334,4,False,,黄,ok,0.4122814582672891,,1.984441823385354,,1.5138736009137612,-0.3926422755805334,4.999999999999982,,0.9702858255493753,6.04,0.030186107370037463,0.0,real,ok,
2019-05-31,1.644235510723573,1.644235510723573,-0.3918884985617196,4,False,,黄,ok,1.4589394119693777,,1.9680609824256041,,1.5057061377757377,-0.3918884985617196,14.000000000000012,,0.9702858255493753,6.04,0.030186107370037463,0.0,real,ok,
2019-06-03,1.285228386827909,1.285228386827909,-0.3911390483258323,4,False,,黄,ok,0.40593608720044705,,1.952079496730846,,1.4976695765524337,-0.3911390483258323,4.999999999999982,,0.9702858255493753,6.04,0.030186107370037463,0.0,real,ok,
2019-06-04,1.2759912740678423,1.2759912740678423,-0.39039388361930305,4,False,,黄,ok,0.28835259807009567,,1.93648139836705,,1.6031398257663816,-0.39039388361930305,4.0000000000000036,,0.9702858255493753,6.04,0.03671408579504987,0.0,real,ok,
2019-06-05,1.3066484840051296,1.3066484840051296,-0.3896529637373299,4,False,,黄,ok,0.4048379651255919,,1.9212515991662833,,1.593855887723514,-0.3896529637373299,4.999999999999982,,0.9702858255493753,6.04,0.03671408579504987,0.0,real,ok,
2019-06-06,1.298394784972893,1.298394784972893,-0.3889162485145236,4,False,,黄,ok,0.4040769909012717,,1.9063758293726878,,1.5847315346447195,-0.3889162485145236,4.999999999999982,,0.9702858255493753,6.04,0.03671408579504987,0.0,real,ok,
2019-06-07,1.251203474877883,1.251203474877883,-0.38818369831575,4,False,,黄,ok,0.2860075973723968,,1.8918405814382564,,1.575762245822996,-0.38818369831575,4.0000000000000036,,0.9702858255493753,6.04,0.03671408579504987,0.0,real,ok,
2019-06-10,1.2480421643788249,1.2433626542380416,2.4960843287576497,4,False,,黄,ok,0.2855112264206778,,1.8776330584652385,,1.5669436778282086,2.4960843287576497,4.0000000000000036,,0.9702858255493753,6.04,0.03671408579504987,8.000000000000007,real,ok,
2019-06-11,0.3443741965273075,0.24268819822432489,0.688748393054615,4,False,,,ok,0.1673154382146088,,-1.544405846121214,,2.10515500257958,0.688748393054615,2.9999999999999805,,-0.6504099931905313,6.04,0.06874408580802072,2.9999999999999805,real,ok,
2019-06-12,0.4748344080198685,0.4748344080198685,-0.03408772670693997,4,False,,,ok,0.049131810903596626,,-0.7116011097557658,,2.0869725229117746,-0.03408772670693997,2.0000000000000018,,-0.25691125560362743,6.04,0.06874408580802072,0.9999999999999787,real,ok,
2019-06-13,0.551044898365712,0.551044898365712,-0.3953827787303125,4,False,,,ok,-0.1871484693400532,,-0.22897031036076365,,2.0692534747979527,-0.3953827787303125,0.0,,-0.028757108055934955,,0.06874408580802072,0.0,real,ok,
2019-06-14,0.5455193568140931,0.5455193568140931,-0.3946467994405622,4,False,,,ok,-0.18684169943558324,,-0.22857873032608025,,2.051978500203943,-0.3946467994405622,0.0,,-0.028757108055934955,,0.06874408580802072,0.0,real,ok,
2019-06-17,0.7769991868716009,0.7769991868716009,-0.39391491686398966,4,False,,,ok,0.5240573589395999,,-0.2281891528467381,,2.0351293545219407,-0.39391491686398966,6.000000000000005,,-0.028757108055934955,,0.06874408580802072,0.0,real,ok,
2019-06-18,0.5509059217196907,0.5509059217196907,-0.3931870931192434,4,False,,,ok,0.28597674720866667,,-0.22780156090905124,,1.5945425788594565,-0.3931870931192434,4.0000000000000036,,-0.028757108055934955,,0.04325139338568662,0.0,real,ok,
2019-06-19,0.4291438873702116,0.4291438873702116,-0.3924632908137262,4,False,,,ok,-0.07081941589694904,,-0.22741593770105026,,1.585667015708634,-0.3924632908137262,0.9999999999999787,,-0.028757108055934955,,0.04325139338568662,0.0,real,ok,
2019-06-20,0.42639925663244665,0.42639925663244665,-0.3917434730355144,4,False,,,ok,-0.07070811856759067,,-0.22703226660941733,,1.576938155074348,-0.3917434730355144,0.9999999999999787,,-0.028757108055934955,,0.04325139338568662,0.0,real,ok,
2019-06-21,2.2449582527482765,2.2449582527482765,-0.39102760334544046,4,False,,红,ok,0.04855922040709973,,5.117963538692911,,1.568351999144819,-0.39102760334544046,2.0000000000000018,,2.5890088360546026,,0.04325139338568662,0.0,real,ok,
2019-06-24,2.251659326454787,2.251659326454787,-0.39031564576933464,4,False,,红,ok,0.2871359316808076,,4.907937346698044,,1.5599047009855087,-0.39031564576933464,4.0000000000000036,,2.5890088360546026,,0.04325139338568662,0.0,real,ok,
2019-06-25,-0.1458481722309242,-0.1458481722309242,-0.3896075647904205,4,False,,,ok,0.5254975955359722,,-1.2759143604219552,,0.31287224819321036,-0.3896075647904205,6.000000000000005,,-0.5577230956469146,,-0.03125880292524519,0.0,real,ok,
2019-06-26,0.17138050512761754,0.007250847582254805,0.3427610102552351,4,False,,,ok,0.7632967875003213,,-1.053884183628166,,0.3123399388746092,0.3427610102552351,8.000000000000007,,-0.4465299963439116,,-0.03125880292524519,2.0000000000000018,real,ok,
2019-06-27,0.3839645204070357,0.3839645204070357,-0.3905265220509592,4,False,,,ok,0.6419801723750654,,0.1981030506634085,,0.31181033818263315,-0.3905265220509592,6.999999999999984,,0.1909350861955404,,-0.03125880292524519,0.0,real,ok,
2019-06-28,0.7008252443110107,0.7008252443110107,-0.3898245871980989,4,False,,,ok,1.5934132619354529,,0.19777904778048888,,0.31128342321709046,-0.3898245871980989,14.999999999999991,,0.1909350861955404,,-0.03125880292524519,0.0,real,ok,
2019-07-01,0.38079086973243886,0.38079086973243886,-0.3891264255484061,4,False,,,ok,0.634156808164273,,0.1974566296850417,,0.3107591713480017,-0.3891264255484061,6.999999999999984,,0.1909350861955404,,-0.03125880292524519,0.0,real,ok,
2019-07-02,0.7338480854665018,0.7338480854665018,-0.3884320034049329,4,False,,,ok,1.702518742412749,,0.19713578349792868,,0.30188973048882767,-0.3884320034049329,15.99999999999997,,0.1909350861955404,,-0.03175528447064657,0.0,real,ok,
2019-07-03,0.9254474058462693,0.9254474058462693,-0.38774128749067865,4,False,,,ok,2.2781386566883834,,0.19681649648608684,,0.3013870643643373,-0.38774128749067865,20.999999999999996,,0.1909350861955404,,-0.03175528447064657,0.0,real,ok,
2019-07-04,0.918094862878348,0.918094862878348,-0.38705424494188284,4,False,,,ok,2.2568989309942973,,0.19649875606040534,,0.30088690158034126,-0.38705424494188284,20.999999999999996,,0.1909350861955404,,-0.03175528447064657,0.0,real,ok,
2019-07-05,1.025616331706425,1.025616331706425,-0.386370843301449,4,False,,黄,ok,2.5802772239239404,,0.19618254977363914,,0.3003892214216951,-0.386370843301449,23.99999999999998,,0.1909350861955404,,-0.03175528447064657,0.0,real,ok,
2019-07-08,0.5948023319540586,0.5948023319540586,-0.3856910505124952,4,False,,,ok,1.2886451271313082,,0.1958678653183601,,0.29989400341250755,-0.3856910505124952,12.99999999999999,,0.1909350861955404,,-0.03175528447064657,0.0,real,ok,
2019-07-09,0.5016872352046094,0.5016872352046094,-0.3850148349120306,4,False,,,ok,0.9355064243778274,,-0.06038428286372987,,0.6299395640997307,-0.3850148349120306,10.000000000000009,,0.06201557111595177,,-0.012222018959379799,0.0,real,ok,
2019-07-10,0.7945232700649253,0.7945232700649253,-0.38434216522475195,4,False,,,ok,1.0490320101419774,,0.7059214882359313,,0.6286163118168672,-0.38434216522475195,10.999999999999988,,0.44762486813339486,,-0.012222018959379799,0.0,real,ok,
2019-07-11,0.9859478751878958,0.9859478751878958,-0.3836730105569607,4,False,,,ok,0.4640271536088557,,1.8665151016878632,,0.6273013702669689,-0.3836730105569607,6.000000000000005,,1.0364698247551913,,-0.012222018959379799,0.0,real,ok,
2019-07-12,1.2825616785314864,0.7863811619322462,2.565123357062973,4,False,,黄,ok,-0.12063960251827195,,1.853788435541641,,0.6259946527733694,2.565123357062973,0.9999999999999787,,1.0364698247551913,,-0.012222018959379799,8.000000000000007,real,ok,
2019-07-15,1.171172744165045,1.171172744165045,1.084885218765974,4,False,,黄,ok,1.0475033831303295,,1.8413187754446316,,0.6246960739201738,1.084885218765974,10.999999999999988,,1.0364698247551913,,-0.012222018959379799,4.0000000000000036,real,ok,
2019-07-16,1.2252872379073974,1.2252872379073974,1.81119938255374,4,False,,黄,ok,1.1605643488060684,,1.8290975857274299,,0.6861997791886933,1.81119938255374,12.00000000000001,,1.0364698247551913,,-0.008524835115123919,6.000000000000005,real,ok,
2019-07-17,1.219454503125462,1.219454503125462,-0.39478745608075055,4,False,,黄,ok,1.156542438507585,,1.817116722391146,,0.6847043484776547,-0.39478745608075055,12.00000000000001,,1.0364698247551913,,-0.008524835115123919,0.0,real,ok,
2019-07-18,0.3360683176653479,0.3360683176653479,-0.39410557279468356,4,False,,,ok,1.0363529289154443,,-0.7113666365416084,,0.6832186606222078,-0.39410557279468356,10.999999999999988,,-0.2566992720050488,,-0.008524835115123919,0.0,real,ok,
2019-07-19,0.14086264976670074,0.14086264976670074,-0.39342721223898713,4,False,,,ok,0.45060072878682944,,-0.709755389718565,,0.6817426102318378,-0.39342721223898713,6.000000000000005,,-0.2566992720050488,,-0.008524835115123919,0.0,real,ok,
2019-07-22,0.10168360614180204,0.10168360614180204,-0.3927523441744021,4,False,,,ok,0.3329297765881822,,-0.7081550516684797,,0.6802760935057036,-0.3927523441744021,4.999999999999982,,-0.2566992720050488,,-0.008524835115123919,0.0,real,ok,
2019-07-23,0.2248193199529881,0.2248193199529881,-0.3920809387239476,4,False,,,ok,0.33239009244716383,,-0.26404224433486284,,0.6061101117466633,-0.3920809387239476,4.999999999999982,,-0.03043264773413784,,-0.01278836564323993,0.0,real,ok,
2019-07-24,0.8253188595838424,0.8253188595838424,-0.3914129663673574,4,False,,,ok,0.4490383369636811,,1.4220180557955475,,0.6049001859922986,-0.3914129663673574,6.000000000000005,,0.8314901749945794,,-0.01278836564323993,0.0,real,ok,
2019-07-25,0.8058397614520261,0.8058397614520261,-0.3907483979356222,4,False,,,ok,0.5655246070968396,,1.2482971945277823,,0.6036974827314563,-0.3907483979356222,6.999999999999984,,0.7453247995382323,,-0.01278836564323993,0.0,real,ok,
2019-07-26,0.7643760837341276,0.7643760837341276,-0.39008720460563184,4,False,,,ok,0.44705735531818186,,1.2435689655283337,,0.6025019303558674,-0.39008720460563184,6.000000000000005,,0.7453247995382323,,-0.01278836564323993,0.0,real,ok,
2019-07-29,0.7229707125728827,0.7229707125728827,-0.3894293578949185,4,False,,,ok,0.32870456893809064,,1.2388941105329239,,0.6013134582476337,-0.3894293578949185,4.999999999999982,,0.7453247995382323,,-0.01278836564323993,0.0,real,ok,
2019-07-30,0.5463437296313033,0.5463437296313033,-0.38877482965649657,4,False,,,ok,0.21040906230079337,,1.2342716326123406,,0.19435049398077583,-0.38877482965649657,4.0000000000000036,,0.7453247995382323,,-0.036446312995160435,0.0,real,ok,
2019-07-31,1.16940758386581,1.16940758386581,-0.3881235920737976,4,False,,黄,ok,2.084461724736389,,1.2297005607144302,,0.1940604661466111,-0.3881235920737976,19.99999999999997,,0.7453247995382323,,-0.036446312995160435,0.0,real,ok,
2019-08-01,0.7361093194614873,0.7361093194614873,-0.38747561765569916,4,False,,,ok,0.7893762765473334,,1.2251799488068684,,0.19377173303026007,-0.38747561765569916,8.999999999999986,,0.7453247995382323,,-0.036446312995160435,0.0,real,ok,
2019-08-02,0.7339138124026646,0.7339138124026646,-0.38683087923164367,4,False,,,ok,0.7875482771274103,,1.2207088750543802,,0.1934842850262039,-0.38683087923164367,8.999999999999986,,0.7453247995382323,,-0.036446312995160435,0.0,real,ok,
2019-08-05,0.4969152859970611,0.4969152859970611,-0.386189349946848,4,False,,,ok,0.08126130433398131,,1.2162864410287932,,0.19319811262840864,-0.386189349946848,2.9999999999999805,,0.7453247995382323,,-0.036446312995160435,0.0,real,ok,
2019-08-06,0.03549522857848566,0.03549522857848566,-0.3855510032575986,4,False,,,ok,-0.15423945557975363,,-0.048113440832456146,,0.30883858214766674,-0.3855510032575986,0.9999999999999787,,0.09638128603113001,,-0.029737690048595944,0.0,real,ok,
2019-08-07,0.4097445321819542,0.4097445321819542,-0.38491581292663324,4,False,,,ok,-0.27185272300678115,,1.1927273834229715,,0.30835893612967247,-0.38491581292663324,0.0,,0.7344297144212089,,-0.029737690048595944,0.0,real,ok,
2019-08-08,-0.0895706735778452,-0.0895706735778452,-0.38428375301860584,4,False,,,ok,-0.38940138019532305,,-0.18719215914626713,,0.30788151860805457,-0.38428375301860584,-1.000000000000023,,0.026682751205076592,,-0.029737690048595944,0.0,real,ok,
2019-08-09,-0.01067994195895546,-0.01067994195895546,-0.3836547978956332,4,False,,,ok,-0.1525325869645614,,-0.1869135512874188,,0.30740631237511384,-0.3836547978956332,0.9999999999999787,,0.026682751205076592,,-0.029737690048595944,0.0,real,ok,
2019-08-12,0.028766804558694254,0.028766804558694254,-0.38302892221292173,4,False,,,ok,-0.033996702852129745,,-0.18663618388043052,,0.30693330040864303,-0.38302892221292173,2.0000000000000018,,0.026682751205076592,,-0.029737690048595944,0.0,real,ok,
2019-08-13,0.25202854177078304,0.25202854177078304,-0.38240610091447225,4,False,,,ok,0.4398881817505596,,-0.18636004774670148,,0.502557491308491,-0.38240610091447225,6.000000000000005,,0.026682751205076592,,-0.018457805778131275,0.0,real,ok,
2019-08-14,0.13299789984895952,0.13299789984895952,-0.38178630922886203,4,False,,,ok,0.08340164491268533,,-0.18608513380244338,,0.5016771884366366,-0.38178630922886203,2.9999999999999805,,0.026682751205076592,,-0.018457805778131275,0.0,real,ok,
2019-08-15,0.3305970720269923,0.3305970720269923,-0.38116952266510146,4,False,,,ok,0.6768011510382399,,-0.18581143305742412,,0.5008014981001611,-0.38116952266510146,8.000000000000007,,0.026682751205076592,,-0.018457805778131275,0.0,real,ok,
2019-08-16,0.13195063242233324,0.13195063242233324,-0.3805557170085644,4,False,,,ok,0.08146045374018655,,-0.18553893661373308,,0.49993038014054625,-0.3805557170085644,2.9999999999999805,,0.026682751205076592,,-0.018457805778131275,0.0,real,ok,
2019-08-19,0.0523526928570013,0.0523526928570013,-0.37994486831699076,4,False,,,ok,-0.15673808065166112,,-0.18526763566456503,,0.49906379488723,-0.37994486831699076,0.9999999999999787,,0.026682751205076592,,-0.018457805778131275,0.0,real,ok,
2019-08-20,0.42135191386549414,0.42135191386549414,-0.3793369529165586,4,False,,,ok,0.08189262648333347,,-0.18499752149302467,,1.3671606366061735,-0.3793369529165586,2.9999999999999805,,0.026682751205076592,,0.031423488389114906,0.0,real,ok,
2019-08-21,0.30023952746878163,0.30023952746878163,-0.37873194739802674,4,False,,,ok,-0.2763082420622709,,-0.1847285854709496,,1.3617554099395655,-0.37873194739802674,0.0,,0.026682751205076592,,0.031423488389114906,0.0,real,ok,
2019-08-22,0.2588611304240953,0.2588611304240953,-0.3781298286129434,4,False,,,ok,-0.3953696335216227,,-0.18446081905775205,,1.3564138438516606,-0.3781298286129434,-1.000000000000023,,0.026682751205076592,,0.031423488389114906,0.0,real,ok,
2019-08-23,,,-0.37753057366992204,3,False,,数据缺失,insufficient_components,-0.27513533619901037,,,,1.3511346982343575,-0.37753057366992204,0.0,,,,0.031423488389114906,0.0,real,ok,
2019-08-26,,,-0.3769341599309817,3,False,,数据缺失,insufficient_components,-0.2747317545146623,,,,1.3459167665389404,-0.3769341599309817,0.0,,,,0.031423488389114906,0.0,real,ok,
2019-08-27,0.7156954160381971,0.7156954160381971,-0.3763405650079509,4,False,,,ok,0.3254458678695835,,-0.7356710887709267,,2.5573114690159344,-0.3763405650079509,4.999999999999982,,-0.2525120138169173,,0.10254142713365999,0.0,real,ok,
2019-08-28,0.4652440174803054,0.4652440174803054,-0.3757497667589333,4,False,,,ok,-0.03534787108560882,,-1.1002392529478664,,2.5313191764743914,-0.3757497667589333,2.0000000000000018,,-0.43824297223219866,,0.10254142713365999,0.0,real,ok,
2019-08-29,1.594860572469175,1.594860572469175,-0.3751617432848352,4,False,,黄,ok,-0.03530001215121424,,2.3137777523655587,,2.5061039771931806,-0.3751617432848352,2.0000000000000018,,1.2959245007619569,,0.10254142713365999,0.0,real,ok,
2019-08-30,1.7405234776802316,1.7405234776802316,-0.3745764729259518,4,False,,黄,ok,0.44640956432943574,,2.293532962232181,,2.4816279064790776,-0.3745764729259518,6.000000000000005,,1.2959245007619569,,0.10254142713365999,0.0,real,ok,
2019-09-02,1.7257851308642909,1.7257851308642909,-0.37399393425861227,4,False,,黄,ok,0.44568914795700315,,2.273810698122309,,2.4578555465135605,-0.37399393425861227,6.000000000000005,,1.2959245007619569,,0.10254142713365999,0.0,real,ok,
2019-09-03,1.5375776158371586,1.5375776158371586,-0.3734141060918826,4,False,,黄,ok,0.5655549534401706,,2.2545888624069153,,1.7925890316643895,-0.3734141060918826,6.999999999999984,,1.2959245007619569,,0.06352334930889414,0.0,real,ok,
2019-09-04,1.6882854441581514,1.6882854441581514,-0.37283696746432343,4,False,,黄,ok,1.0465279657381514,,2.2358466439916698,,1.7824817227446332,-0.37283696746432343,10.999999999999988,,1.2959245007619569,,0.06352334930889414,0.0,real,ok,
2019-09-05,1.677902889132928,1.677902889132928,2.297599131401364,4,False,,黄,ok,1.0436006601587884,,2.21756442358926,,1.772543583650736,2.297599131401364,10.999999999999988,,1.2959245007619569,,0.06352334930889414,7.000000000000006,real,ok,
2019-09-06,1.4266421810770231,1.4266421810770231,1.5265341181368992,4,False,,黄,ok,0.3174329087769261,,2.1997236873792914,,1.7627699470748521,1.5265341181368992,4.999999999999982,,1.2959245007619569,,0.06352334930889414,5.000000000000004,real,ok,
2019-09-09,2.2235952654793323,1.2965564158623415,4.447190530958665,4,False,,红,ok,-0.04579402461968044,,2.1823069481919557,,1.7531563240147487,4.447190530958665,2.0000000000000018,,1.2959245007619569,,0.06352334930889414,12.99999999999999,real,ok,
2019-09-10,4.036203842039275,0.6383777994100059,8.07240768407855,4,False,,红,ok,0.19645031918202935,,0.16995856014315608,,1.5487245189048324,8.07240768407855,4.0000000000000036,,0.232924882808981,,0.05159321993181498,25.0,real,ok,
2019-09-11,4.1040896250824,0.3995917011037602,8.2081792501648,4,False,,红,ok,0.31740091238980733,,-0.6603906572534416,,1.5417648481749149,8.2081792501648,4.999999999999982,,-0.20584810358008815,,0.05159321993181498,28.000000000000004,real,ok,
2019-09-12,3.0219018421506325,0.9106482521373515,6.043803684301265,4,False,,红,ok,0.9229273583312387,,0.2741191620477153,,1.5348982360331005,6.043803684301265,10.000000000000009,,0.2870307718989741,,0.05159321993181498,21.999999999999996,real,ok,
2019-09-13,4.3739285239604495,0.9075085331068946,8.747857047920899,4,False,,红,ok,0.9206813556615483,,0.2737216169244464,,1.5281226267346895,8.747857047920899,10.000000000000009,,0.2870307718989741,,0.05159321993181498,34.999999999999986,real,ok,
2019-09-16,2.4682575265670383,1.8139235662125355,4.936515053134077,4,False,,红,ok,3.647008874255129,,0.2733257968261382,,1.5214360275563392,4.936515053134077,33.00000000000001,,0.2870307718989741,,0.05159321993181498,21.000000000000018,real,ok,
2019-09-17,6.285524023349151,6.285524023349151,1.9077775802561687,4,False,,红,ok,17.27935030106731,,0.27293168931082834,,1.3042900796693149,1.9077775802561687,315.0,53.15,0.2870307718989741,,0.03863222379300002,9.000000000000007,real,ok,
2019-09-18,1.2878767109354259,1.2878767109354259,0.9035344704380737,4,False,,黄,ok,2.2914029435767,,0.2725392820618521,,1.2996879071677254,0.9035344704380737,44.99999999999997,64.075,0.2870307718989741,,0.03863222379300002,5.000000000000004,real,ok,
2019-09-19,0.46702115854896836,0.46702115854896836,-0.34883270884977663,4,False,,,ok,0.6363503837368958,,-0.5304210567298454,,1.2951341486398549,-0.34883270884977663,14.999999999999991,67.71666666666667,-0.1341203991431755,,0.03863222379300002,0.0,real,ok,
2019-09-20,0.3002419656606179,0.3002419656606179,-0.34831871607489034,4,False,,,ok,0.13961405428742293,,-0.529516118291302,,1.2906279609857327,-0.34831871607489034,6.000000000000005,69.5375,-0.1341203991431755,,0.03863222379300002,0.0,real,ok,
2019-09-23,0.28060465050915107,0.28060465050915107,-0.3478069894300602,4,False,,,ok,0.0842612285830541,,-0.5286157985743042,,1.2861685215187033,-0.3478069894300602,5.000000000000004,68.78,-0.1341203991431755,,0.03863222379300002,0.0,real,ok,
2019-09-24,-0.1107769484921425,-0.1107769484921425,-0.3472975123074657,4,False,,,ok,0.6913961414781855,,-1.3566109954972236,,0.33288400854261063,-0.3472975123074657,15.999999999999993,79.15,-0.5693468945624055,,-0.01974456290249771,0.0,real,ok,
2019-09-25,0.901352573607456,0.901352573607456,-0.3467902682692304,4,False,,,ok,0.9657408129581662,,1.4059098546827238,,0.33240705318147834,-0.3467902682692304,20.999999999999975,79.15,0.8783206005234768,,-0.01974456290249771,0.0,real,ok,
2019-09-26,-0.17314262052259624,-0.20483459922607353,-0.3462852410451925,4,False,,,ok,0.0799351606050565,,-1.026371101006942,,0.331932142723665,-0.3462852410451925,5.000000000000004,86.17,-0.3968483081667222,,-0.01974456290249771,0.0,real,ok,
2019-09-27,-0.17289120726535528,-0.25945940119764455,-0.34578241453071057,4,False,,,ok,-0.08623575797642748,,-1.0236017082111994,,0.3314592625946933,-0.34578241453071057,2.0000000000000018,85.51,-0.3968483081667222,,-0.01974456290249771,0.0,real,ok,
2019-09-30,0.7107728629873948,0.7107728629873948,-0.34528177278450417,4,False,,,ok,2.8221848225923423,,-1.0208546319952907,,0.3309883983651328,-0.34528177278450417,55.00000000000001,85.05999999999999,-0.3968483081667222,,-0.01974456290249771,0.0,real,ok,
2019-10-01,-0.021885646401944014,-0.021885646401944014,-0.3447833000265292,4,False,,,ok,0.23697280643170845,,-1.0181295741379672,,0.7154998285004267,-0.3447833000265292,7.999999999999985,75.03,-0.3968483081667222,,0.0037630683133231813,0.0,real,ok,
2019-10-02,-0.07653870480128529,-0.07653870480128529,-0.34428698063588664,4,False,,,ok,0.07168852531240905,,-1.0154262419682283,,0.7141216022519633,-0.34428698063588664,5.000000000000004,68.44,-0.3968483081667222,,0.0037630683133231813,0.0,real,ok,
2019-10-03,-0.09448656951095165,-0.09448656951095165,-0.34379279914876437,4,False,,,ok,0.016533323850885868,,-1.0127443482332066,,0.7127513158494657,-0.34379279914876437,4.0000000000000036,53.129999999999995,-0.3968483081667222,,0.0037630683133231813,0.0,real,ok,
2019-10-04,-0.13081690608025454,-0.13081690608025454,-0.3433007402564119,4,False,,,ok,-0.09375600058667613,,-1.0100836109698816,,0.7113888933157942,-0.3433007402564119,2.0000000000000018,46.5,-0.3968483081667222,,0.0037630683133231813,0.0,real,ok,
2019-10-07,-0.11194762211011966,-0.11194762211011966,-0.34281078880314597,4,False,,,ok,-0.03843337263791136,,-1.0074437533804859,,0.7100342596880382,-0.34281078880314597,3.0000000000000027,43.21,-0.3968483081667222,,0.0037630683133231813,0.0,real,ok,
2019-10-08,0.19457202337341117,0.19457202337341117,-0.3423229297843885,4,False,,,ok,0.07216343664809616,,0.14764799266329098,,0.36390464080884644,-0.3423229297843885,5.000000000000004,47.51,0.2083718126289721,,-0.01722441395022556,0.0,real,ok,
2019-10-09,0.35475937009987063,0.35475937009987063,-0.34183714834473433,4,False,,,ok,0.07207247799312483,,0.6288191952696598,,0.36338643703682727,-0.34183714834473433,5.000000000000004,45.260000000000005,0.46071598209168296,,-0.01722441395022556,0.0,real,ok,
2019-10-10,1.4677650230508874,0.011269767121605379,2.935530046101775,4,False,,黄,ok,0.07198186242389439,,-0.40104300257223396,,0.36287044151315573,2.935530046101775,5.000000000000004,56.169999999999995,-0.07800618603954633,,-0.01722441395022556,12.99999999999999,real,ok,
2019-10-11,2.7412289976252953,0.011267054750913183,5.4824579952505905,4,False,,红,ok,0.0718915877889942,,-0.4004470621303893,,0.36235663859413464,5.4824579952505905,5.000000000000004,65.0,-0.07800618603954633,,-0.01722441395022556,24.0,real,ok,
2019-10-14,2.196742552740906,0.011264297734317549,4.393485105481812,4,False,,红,ok,0.07180165195585371,,-0.39985377154372087,,0.3618450127908198,4.393485105481812,5.000000000000004,55.589999999999996,-0.07800618603954633,,-0.01722441395022556,19.999999999999996,real,ok,
2019-10-15,2.469318105480322,0.13033183857826447,4.938636210960644,4,False,,红,ok,0.9051183865877286,,-0.3992631112260161,,-0.11485975962691906,4.938636210960644,19.999999999999996,57.86,-0.07800618603954633,,-0.04602354739548775,23.0,real,ok,
2019-10-16,1.639463415231301,0.22224230685450583,3.278926830462602,4,False,,黄,ok,1.180117262294658,,-0.39867506179319845,,-0.11471527993794217,3.278926830462602,24.99999999999998,66.7,-0.07800618603954633,,-0.04602354739548775,15.999999999999993,real,ok,
2019-10-17,0.8403545100631467,-0.7445794310968797,1.6807090201262933,4,False,,,ok,0.6222839390232535,,-2.7414508882001654,,-0.11457134411372685,1.6807090201262933,14.999999999999991,69.91,-1.3119085806467634,,-0.04602354739548775,9.000000000000007,real,ok,
2019-10-18,-0.1792348035884099,-0.8649059435343727,-0.3584696071768198,4,False,,,ok,0.23195145345282225,,-2.712241335305359,,-0.1144279487505812,-0.3584696071768198,7.999999999999985,64.70000000000002,-1.3119085806467634,,-0.04602354739548775,0.0,real,ok,
2019-10-21,0.274079277390527,-0.8926660546372238,0.548158554781054,4,False,,,ok,0.12023322389290346,,-2.6839462973300128,,-0.1142850904745621,0.548158554781054,6.000000000000005,76.33,-1.3119085806467634,,-0.04602354739548775,4.0000000000000036,real,ok,
2019-10-22,-0.06645377032767096,-0.14388990161882306,-0.1329075406553419,4,False,,,ok,0.1758626349636769,,-0.5022804092225841,,-0.10525193059756197,-0.1329075406553419,7.000000000000006,78.7708,-0.14970926574459,,-0.04548919804323637,1.0000000000000009,real,ok,
2019-10-23,0.3327406618334485,0.3327406618334485,0.09433117829154454,4,False,,,ok,0.17564084165924546,,0.9277025775109621,,-0.10512143366986207,0.09433117829154454,7.000000000000006,73.74159999999999,0.6127753231193015,,-0.04548919804323637,2.0000000000000018,real,ok,
2019-10-24,-0.06656936248341538,-0.32863993804996466,-0.13313872496683077,4,False,,,ok,0.11950721807510335,,-1.0004356112789026,,-0.10499142094609468,-0.13313872496683077,6.000000000000005,79.7424,-0.41493242615654,,-0.04548919804323637,1.0000000000000009,real,ok,
2019-10-25,0.2748614434679192,-0.3651355946064978,0.5497228869358384,4,False,,,ok,0.0073916672224069455,,-0.9979365616027017,,-0.1048618894391985,0.5497228869358384,4.0000000000000036,83.881,-0.41493242615654,,-0.04548919804323637,4.0000000000000036,real,ok,
2019-10-28,0.38814978258215294,-0.40163747960955876,0.7762995651643059,4,False,,,ok,-0.10472344075019409,,-0.9954561618906344,,-0.10473283618784789,0.7762995651643059,2.0000000000000018,87.5676,-0.41493242615654,,-0.04548919804323637,5.000000000000004,real,ok,
2019-10-29,0.5010237596965983,-0.379873093920659,1.0020475193931966,4,False,,,ok,-0.16071318369337212,,-0.9929941812454326,,0.014088083176827816,1.0020475193931966,1.0000000000000009,88.48339999999999,-0.41493242615654,,-0.03839924836251152,6.000000000000005,real,ok,
2019-10-30,-0.18338826487611015,-0.3602695030963379,-0.3667765297522203,4,False,,,ok,-0.10432913038997868,,-0.9905503927526804,,0.014071013853645582,-0.3667765297522203,2.0000000000000018,90.4826,-0.41493242615654,,-0.03839924836251152,0.0,real,ok,
2019-10-31,-0.0034979538584061797,-0.0034979538584061797,-0.3662685955094177,4,False,,,ok,0.9635767053933417,,-0.988124573392914,,0.014054006424353775,-0.3662685955094177,20.999999999999996,78.1584,-0.41493242615654,,-0.03839924836251152,0.0,real,ok,
2019-11-01,-0.18288138319904232,-0.3406536450624838,-0.36576276639808464,4,False,,,ok,-0.05028149174718111,,-0.9857165039560792,,0.014037060515808848,-0.36576276639808464,3.0000000000000027,83.6064,-0.41493242615654,,-0.03839924836251152,0.0,real,ok,
2019-11-04,-0.18262951395646573,-0.37739334475847186,-0.36525902791293147,4,False,,,ok,-0.16287424107514778,,-0.9833259689582763,,0.014020175758008445,-0.36525902791293147,1.0000000000000009,83.80640000000001,-0.41493242615654,,-0.03839924836251152,0.0,real,ok,
2019-11-05,-0.18237868284412279,-0.40925981372222603,-0.36475736568824557,4,False,,,ok,-0.04988816938471687,,-1.2287396752004578,,0.05084840341849669,-0.36475736568824557,3.0000000000000027,83.352,-0.547577492199308,,-0.036211728546742705,0.0,real,ok,
2019-11-06,0.16155804953127068,-0.3277721899847869,0.32311609906254135,4,False,,,ok,-0.10629054752575481,,-0.9278134088499306,,0.05078738642132454,0.32311609906254135,2.0000000000000018,83.8904,-0.3884422628724204,,-0.036211728546742705,3.0000000000000027,real,ok,
2019-11-07,-0.1827191617096855,-0.27705187197259495,-0.365438323419371,4,False,,,ok,-0.1626893799205016,,-0.7191928245529862,,0.050726588555702945,-0.365438323419371,1.0000000000000009,92.4122,-0.2780667034440749,,-0.036211728546742705,0.0,real,ok,
2019-11-08,-0.1824699900236987,-0.2765628337446704,-0.3649399800473974,4,False,,,ok,-0.16249091730981202,,-0.7178635924373435,,0.05066600851314443,-0.3649399800473974,1.0000000000000009,85.6242,-0.2780667034440749,,-0.036211728546742705,0.0,real,ok,
2019-11-11,-0.18222183527579783,-0.2760764143287599,-0.36444367055159566,4,False,,,ok,-0.16229317929003534,,-0.7165417086923185,,0.05060564499607406,-0.36444367055159566,1.0000000000000009,70.1076,-0.2780667034440749,,-0.036211728546742705,0.0,real,ok,
2019-11-12,0.006485874109954455,0.006485874109954455,-0.36394938113093017,4,False,,,ok,-0.1053711453856882,,-0.7152271058311005,,0.840055873546652,-0.36394938113093017,2.0000000000000018,72.0472,-0.2780667034440749,,0.01042326260780424,0.0,real,ok,
2019-11-13,0.006398274261609623,0.006398274261609623,-0.36345709811514915,4,False,,,ok,-0.10524543046841457,,-0.7139197172316283,,0.8383599704848718,-0.36345709811514915,2.0000000000000018,74.95739999999999,-0.2780667034440749,,0.01042326260780424,0.0,real,ok,
2019-11-14,0.02526527978950051,0.02526527978950051,-0.3629668079631953,4,False,,,ok,-0.04825898849647121,,-0.7126194771223934,,0.8366743049873662,-0.3629668079631953,3.0000000000000027,72.7876,-0.2780667034440749,,0.01042326260780424,0.0,real,ok,
2019-11-15,0.044133297170560436,0.044133297170560436,-0.3624784972616404,4,False,,,ok,0.008727437653540579,,-0.7113263205685275,,0.8349987744266683,-0.3624784972616404,4.0000000000000036,72.3276,-0.2780667034440749,,0.01042326260780424,0.0,real,ok,
2019-11-18,-0.0129920422143149,-0.0129920422143149,-0.36199215272314167,4,False,,,ok,-0.16226922079492057,,-0.7100401834581664,,0.8333332776101423,-0.36199215272314167,1.0000000000000009,84.53620000000001,-0.2780667034440749,,0.01042326260780424,0.0,real,ok,
2019-11-19,0.17638220069122248,0.17638220069122248,-0.3615077611849223,4,False,,,ok,-0.10501546674064693,,-0.7087610024890865,,1.3429230713034008,-0.3615077611849223,2.0000000000000018,82.643,-0.2780667034440749,,0.0406695434336386,0.0,real,ok,
2019-11-20,0.1753808923896306,0.1753808923896306,-0.36102530960727347,4,False,,,ok,-0.10489164649335463,,-0.7074887151556025,,1.3385230388178488,-0.36102530960727347,2.0000000000000018,82.0944,-0.2780667034440749,0.48,0.0406695434336386,0.0,real,ok,
2019-11-21,0.4616602285114934,0.4616602285114934,-0.36054478507207877,4,False,,,ok,-0.047573829390767965,,0.09838850989710228,,1.3341660050281459,-0.36054478507207877,3.0000000000000027,81.9658,0.14856793708726101,0.48,0.0406695434336386,0.0,real,ok,
2019-11-22,0.46020108236411855,0.46020108236411855,-0.36006617478135977,4,False,,,ok,-0.04751848253643495,,0.09827045560722647,,1.3298512740215642,-0.36006617478135977,3.0000000000000027,84.41720000000001,0.14856793708726101,0.48,0.0406695434336386,0.0,real,ok,
2019-11-25,-0.15716704454534933,-0.15716704454534933,-0.35958946605584313,4,False,,,ok,-0.16211739025147648,,-1.6349619089370366,,1.3255781655524652,-0.35958946605584313,1.0000000000000009,90.9086,-0.7705016755933018,0.48,0.0406695434336386,0.0,real,ok,
2019-11-26,1.0656427674164284,1.0656427674164284,-0.35911464633354856,4,False,,黄,ok,-0.2766946979952729,,1.843810549178313,,1.6298124510662448,-0.35911464633354856,-1.0000000000000009,88.96000000000001,1.0753716438743346,0.48,0.059065389817065994,0.0,real,ok,
2019-11-27,0.17661896491906148,0.17661896491906148,-0.35864170316839716,4,False,,,ok,-0.2189072116785941,,-0.8741717876003319,,1.6229358940361105,-0.35864170316839716,0.0,95.88000000000001,-0.36791846752478824,0.48,0.059065389817065994,0.0,real,ok,
2019-11-28,0.17504907479519516,0.17504907479519516,-0.3581706242288396,4,False,,,ok,-0.21864335367904053,,-0.8723551247707206,,1.6161457028353465,-0.3581706242288396,0.0,75.15,-0.36791846752478824,0.48,0.059065389817065994,0.0,real,ok,
2019-11-29,0.36542649568814617,0.36542649568814617,-0.3577013972965046,4,False,,,ok,0.35738915223277157,,-0.8705497496500354,,1.6094400844817023,-0.3577013972965046,9.999999999999986,76.72,-0.36791846752478824,0.48,0.059065389817065994,0.0,real,ok,
2019-12-02,0.6373453627258269,0.32524747353288447,1.2746907254516537,4,False,,,ok,0.2416806687084444,,-0.868755545785148,,1.602817297675357,1.2746907254516537,7.999999999999985,77.60000000000001,-0.36791846752478824,0.48,0.059065389817065994,7.000000000000006,real,ok,
2019-12-03,0.15186425267625134,0.15186425267625134,-0.3599329883448572,4,False,,,ok,-0.22021650246929284,,-0.8669723983982931,,1.54278165889634,-0.3599329883448572,0.0,78.17139999999999,-0.36791846752478824,0.48,0.05584226403595394,0.0,real,ok,
2019-12-04,0.13130725118464456,0.13130725118464456,-0.35946418850196354,4,False,,,ok,-0.27770837565945283,,-0.8652001943562048,,1.5368303235695913,-0.35946418850196354,-1.0000000000000009,70.4014,-0.36791846752478824,0.48,0.05584226403595394,0.0,real,ok,
2019-12-05,0.17113332834422812,0.14931889350430247,0.34226665668845624,4,False,,,ok,-0.2195518740871111,,-0.8634388221399433,,1.5309473767399617,0.34226665668845624,0.0,91.88140000000001,-0.36791846752478824,0.48,0.05584226403595394,3.0000000000000027,real,ok,
2019-12-06,0.5213222006840482,-1.1633496678701434,1.0426444013680964,4,False,,,ok,-0.21929077136739028,,-4.795889750690471,,1.5251315184474317,1.0426444013680964,0.0,88.7514,-2.524678450979806,0.48,0.05584226403595394,6.000000000000005,real,ok,
2019-12-09,0.11547055233265986,0.11547055233265986,-0.3625162904541757,4,False,,,ok,-0.16108306815751708,,-1.0118867579096684,,1.519381483065165,-0.3625162904541757,1.0000000000000009,85.4514,-0.46827555992416925,0.48,0.05584226403595394,0.0,real,ok,
2019-12-10,1.330533688384234,0.25498223002031767,2.661067376768468,4,False,,黄,ok,-0.21890837829274623,,-0.46177132676138677,,1.445626395115086,2.661067376768468,0.0,80.38000000000001,-0.16947246201940908,0.48,0.05171335787354592,13.00000000000001,real,ok,
2019-12-11,0.23424651879688865,0.23424651879688865,0.0995288087282937,4,False,,,ok,-0.2767197163308455,,-0.4611252400686276,,1.440584512790139,0.0995288087282937,-1.0000000000000009,74.76,-0.16947246201940908,0.48,0.05171335787354592,2.0000000000000018,real,ok,
2019-12-12,0.9768373295489484,-0.1878065305941957,1.9536746590978968,4,False,,,ok,-0.3345092083084954,,-1.6645054364174836,,1.435595052943392,1.9536746590978968,-2.0000000000000018,67.05999999999999,-0.8266389712094637,,0.05171335787354592,9.999999999999986,real,ok,
2019-12-13,-0.167521878268608,-0.167521878268608,-0.36950874535591477,4,False,,,ok,-0.27590883367505503,,-1.6573139144158517,,1.4306571132850827,-0.36950874535591477,-1.0000000000000009,63.790000000000006,-0.8266389712094637,,0.05171335787354592,0.0,real,ok,
2019-12-16,0.5118377270089582,-0.011318314290892806,1.0236754540179165,4,False,,,ok,0.19049010620100842,,-1.650214862192744,,1.425769813119057,1.0236754540179165,7.000000000000006,64.78999999999999,-0.8266389712094637,,0.05171335787354592,5.999999999999983,real,ok,
2019-12-17,0.27884216914569837,-0.47497992907913095,0.5576843382913967,4,False,,,ok,-0.2763035282027021,,-1.6432063147921618,,0.49457005575747115,0.5576843382913967,-1.0000000000000009,62.5,-0.8266389712094637,,-0.0045829751866506285,3.9999999999999813,real,ok,
2019-12-18,1.3143630437330551,-1.0652085189966174,2.6287260874661103,4,False,,黄,ok,-0.33433997753165107,,-3.3551679449532448,,0.49388236549504366,2.6287260874661103,-2.0000000000000018,59.97240000000001,-1.7897198644781165,,-0.0045829751866506285,12.99999999999999,real,ok,
2019-12-19,0.04274596545340179,-1.0499425894790209,0.08549193090680358,4,False,,,ok,-0.33392662811024115,,-3.30909867760242,,0.4931975372755987,0.08549193090680358,-2.0000000000000018,57.6962,-1.7897198644781165,,-0.0045829751866506285,2.0000000000000018,real,ok,
2019-12-20,-0.18846589709354666,-1.0352920410085957,-0.3769317941870933,4,False,,,ok,-0.3335148084011193,,-3.2648768659194825,,0.49251555129481467,-0.3769317941870933,-2.0000000000000018,51.7462,-1.7897198644781165,,-0.0045829751866506285,0.0,real,ok,
2019-12-23,0.28758501778757,0.28758501778757,-0.3764498473372595,4,False,,,ok,-0.39163952851135486,,0.7625581939343178,,0.49183638793974715,-0.3764498473372595,-3.0000000000000027,44.3362,0.49259381849384826,,-0.0045829751866506285,0.0,real,ok,
2019-12-24,-0.06378827553548172,-0.06378827553548172,-0.37596974502364344,4,False,,,ok,-0.3911405141614883,,-0.309432723549302,,0.5092084111043451,-0.37596974502364344,-3.0000000000000027,37.5462,-0.11461667130703766,,-0.0034935373359361588,0.0,real,ok,
2019-12-25,-0.0637313635223083,-0.0637313635223083,-0.37549147550711204,4,False,,,ok,-0.3906434030861847,,-0.30905059788840483,,0.5084999104076646,-0.37549147550711204,-3.0000000000000027,31.6738,-0.11461667130703766,,-0.0034935373359361588,0.0,real,ok,
2019-12-26,-0.18750751357644338,-0.26909083539094886,-0.37501502715288676,4,False,,,ok,-0.3901481832140238,,-0.9249186832499656,,0.5077943602911427,-0.37501502715288676,-3.0000000000000027,29.529999999999994,-0.4637205960351826,,-0.0034935373359361588,0.0,real,ok,
2019-12-27,-0.18727019421467642,-0.24893305156585321,-0.37454038842935283,4,False,,,ok,-0.3308984494149171,,-0.9229924456070738,,0.5070917403244313,-0.37454038842935283,-2.0000000000000018,29.35,-0.4637205960351826,,-0.0034935373359361588,0.0,real,ok,
2019-12-30,-0.1870337739534433,-0.2287869071510453,-0.3740675479068866,4,False,,,ok,-0.27167455003020413,,-0.9210782016976691,,0.5063920302747374,-0.3740675479068866,-1.0000000000000009,31.029999999999994,-0.4637205960351826,,-0.0034935373359361588,0.0,real,ok,
2019-12-31,0.0459322290707819,0.02783692738702433,0.0918644581415638,4,False,,,ok,-0.21246755823903046,,-0.9191758275300493,,1.2151541679301527,0.0918644581415638,0.0,31.189999999999998,-0.4637205960351826,,0.039229604449992794,2.0000000000000018,real,ok,
2020-01-01,0.045881187210997744,0.027451876818567793,0.09176237442199549,4,False,,,ok,-0.21222550650617977,,-0.9172852008999333,,1.2118663378618164,0.09176237442199549,0.0,31.189999999999998,-0.4637205960351826,,0.039229604449992794,2.0000000000000018,real,ok,
2020-01-02,0.007400831045686711,0.007400831045686711,-0.37482689597005137,4,False,,,ok,-0.270996375786091,,-0.9154062013574654,,1.2086050702806166,-0.37482689597005137,-1.0000000000000009,33.1736,-0.4637205960351826,,0.039229604449992794,0.0,real,ok,
2020-01-03,0.026740910152064812,0.026740910152064812,-0.374357759655579,4,False,,,ok,-0.2116085687348601,,-0.9135387101749626,,1.2053700093660171,-0.374357759655579,0.0,38.2436,-0.4637205960351826,,0.039229604449992794,0.0,real,ok,
2020-01-06,0.026369683309097985,0.026369683309097985,-0.37389038101587824,4,False,,,ok,-0.21136914569251752,,-0.9116826103153824,,1.202160805935194,-0.37389038101587824,0.0,42.0726,-0.4637205960351826,,0.039229604449992794,0.0,real,ok,
2020-01-07,0.2598658468947053,0.2598658468947053,-0.3734247490998183,4,False,,,ok,-0.15193020489386982,,0.3318525003294175,,0.5996752452485683,-0.3734247490998183,1.0000000000000009,56.7364,0.23821768117061026,,0.003042842392857681,0.0,real,ok,
2020-01-08,0.36474726287839293,0.36474726287839293,-0.372960853051576,4,False,,,ok,-0.21102592557012484,,0.7064739152671916,,0.5987937989381119,-0.372960853051576,0.0,66.0602,0.45006243478835345,,0.003042842392857681,0.0,real,ok,
2020-01-09,-0.1862493410547854,-0.4220946111017337,-0.3724986821095708,4,False,,,ok,-0.21078875919213572,,-1.6534113043550112,,0.5979162302419458,-0.3724986821095708,0.0,71.3416,-0.8833931311692016,,0.003042842392857681,0.0,real,ok,
2020-01-10,-0.18601911280270791,-0.4200523384627548,-0.37203822560541583,4,False,,,ok,-0.210552390745054,,-1.6466471354452699,,0.5970425108020593,-0.37203822560541583,0.0,69.28659999999999,-0.8833931311692016,,0.003042842392857681,0.0,real,ok,
2020-01-13,-0.18578973648144115,-0.4378508406697743,-0.3715794729628823,4,False,,,ok,-0.26975977712589877,,-1.639965357433438,,0.5961726125500139,-0.3715794729628823,-1.0000000000000009,66.05260000000001,-0.8833931311692016,,0.003042842392857681,0.0,real,ok,
2020-01-14,-0.17276043173659258,-0.17276043173659258,-0.37112241369687843,4,False,,,ok,-0.20994787605465107,,-1.6333643110685683,,1.3250308919134417,-0.37112241369687843,0.0,62.6688,-0.8833931311692016,,0.04696811502788045,0.0,real,ok,
2020-01-15,-0.15195324150189338,-0.15195324150189338,-0.37066703741244217,4,False,,,ok,-0.1501454373772177,,-1.6268423835068255,,1.3211280963783631,-0.37066703741244217,1.0000000000000009,62.845000000000006,-0.8833931311692016,,0.04696811502788045,0.0,real,ok,
2020-01-16,-0.1709172022416625,-0.1709172022416625,-0.37021333380374705,4,False,,,ok,-0.2096132078271563,,-1.6203980066559514,,1.31725960775812,-0.37021333380374705,0.0,61.05,-0.8833931311692016,,0.04696811502788045,0.0,real,ok,
2020-01-17,-0.06705322891483768,-0.18989102535077937,-0.13410645782967537,4,False,,,ok,-0.26906834674783586,,-1.6140296555913423,,1.31342492628684,-0.13410645782967537,-1.0000000000000009,63.400999999999996,-0.8833931311692016,,0.04696811502788045,1.0000000000000009,real,ok,
2020-01-20,-0.18493273364632454,-0.18895825126317992,-0.3698654672926491,4,False,,,ok,-0.26876246908171164,,-1.6077358470401102,,1.309623562332282,-0.3698654672926491,-1.0000000000000009,51.25599999999999,-0.8833931311692016,,0.04696811502788045,0.0,real,ok,
2020-01-21,-0.1847079422373873,-0.3015202137760043,-0.3694158844747746,4,False,,,ok,-0.26845763239774667,,-1.6015151379297063,,0.9654121289994402,-0.3694158844747746,-1.0000000000000009,53.01120000000001,-0.8833931311692016,,0.026372867418866797,0.0,real,ok,
2020-01-22,-0.18448396880701082,-0.30002721391663184,-0.36896793761402163,4,False,,,ok,-0.2681538308038066,,-1.595366123997883,,0.963438313051794,-0.36896793761402163,-1.0000000000000009,53.4764,-0.8833931311692016,,0.026372867418866797,0.0,real,ok,
2020-01-23,-0.08779977097942378,-0.08779977097942378,-0.368521616810248,4,False,,,ok,-0.2678510584543491,,-0.9570248173519124,,0.9614765628679901,-0.368521616810248,-1.0000000000000009,53.4764,-0.5183328501066538,,0.026372867418866797,0.0,real,ok,
2020-01-24,-0.10768508321046492,-0.10768508321046492,-0.368076912247003,4,False,,,ok,-0.3275267194594992,,-0.9550552861543236,,0.9595267559824281,-0.368076912247003,-2.0000000000000018,54.010400000000004,-0.5183328501066538,,0.026372867418866797,0.0,real,ok,
2020-01-27,0.303422588195054,0.303422588195054,-0.36763381419062047,4,False,,,ok,-0.327146283613515,,0.2798252765357988,,0.9575887716628783,-0.36763381419062047,-2.0000000000000018,63.9304,0.19013791916481174,,0.026372867418866797,0.0,real,ok,
2020-01-28,-0.032565629140534756,-0.032565629140534756,-0.3671923129893229,4,False,,,ok,-0.32676717068977384,,-0.12034954567681114,,0.34941982894498075,-0.3671923129893229,-2.0000000000000018,62.7152,-0.039235901202383475,,-0.010187890687735512,0.0,real,ok,
2020-01-29,-0.03253310055788929,-0.03253310055788929,-0.3667523990723377,4,False,,,ok,-0.3263893730371942,,-0.1202193096720963,,0.3490093810356226,-0.3667523990723377,-2.0000000000000018,62.59499999999999,-0.039235901202383475,,-0.010187890687735512,0.0,real,ok,
2020-01-30,-0.03250066737094165,-0.03250066737094165,-0.3663140629490252,4,False,,,ok,-0.3260128830665128,,-0.12008949557267268,,0.34860037652636056,-0.3663140629490252,-2.0000000000000018,64.28,-0.039235901202383475,,-0.010187890687735512,0.0,real,ok,
2020-01-31,0.007707532075068653,0.007707532075068653,-0.3658772952080175,4,False,,,ok,-0.2051101096445317,,-0.11996010110540425,,0.3481928069751419,-0.3658772952080175,0.0,62.3304,-0.039235901202383475,,-0.010187890687735512,0.0,real,ok,
2020-02-03,-0.012420017049609988,-0.012420017049609988,-0.3654420865163694,4,False,,,ok,-0.2652155911434568,,-0.11983112401426477,,0.3477866640088916,-0.3654420865163694,-1.0000000000000009,64.38040000000001,-0.039235901202383475,,-0.010187890687735512,0.0,real,ok,
2020-02-04,-0.004403990892934547,-0.004403990892934547,-0.36500842761872,4,False,,,ok,-0.20453550692500766,,-0.11970256206017243,,0.31102609630637645,-0.36500842761872,0.0,66.33040000000001,-0.039235901202383475,,-0.01236789116736614,0.0,real,ok,
2020-02-05,-0.024554452172881252,-0.024554452172881252,-0.3645763093364652,4,False,,,ok,-0.26476166324462846,,-0.11957441302082679,,0.3106727197468115,-0.3645763093364652,-1.0000000000000009,65.9854,-0.039235901202383475,,-0.01236789116736614,0.0,real,ok,
2020-02-06,-0.024531837733152744,-0.024531837733152744,-0.3641457225669411,4,False,,,ok,-0.26446938370871675,,-0.11944667469054712,,0.3103205451998057,-0.3641457225669411,-1.0000000000000009,64.82039999999999,-0.039235901202383475,,-0.01236789116736614,0.0,real,ok,
2020-02-07,-0.0446951148728583,-0.0446951148728583,-0.3637166582826179,4,False,,,ok,-0.32473556560348854,,-0.11931934488011324,,0.3099695658650269,-0.3637166582826179,-2.0000000000000018,64.25999999999999,-0.039235901202383475,,-0.01236789116736614,0.0,real,ok,
2020-02-10,-0.044646459272764595,-0.044646459272764595,-0.3632891075303044,4,False,,,ok,-0.32436673139757877,,-0.11919242141660759,,0.30961977499589255,-0.3632891075303044,-2.0000000000000018,59.93000000000001,-0.039235901202383475,,-0.01236789116736614,0.0,real,ok,
2020-02-11,-0.05627103661029955,-0.05627103661029955,-0.36286306143036257,4,False,,,ok,-0.3239991513993874,,0.22118308590312818,,-0.06599704433463942,-0.36286306143036257,-2.0000000000000018,54.623000000000005,0.15390165705115647,,-0.034758718477808426,0.0,real,ok,
2020-02-12,-0.18121925558796606,-0.4770361538814174,-0.3624385111759321,4,False,,,ok,-0.3843515312191103,,-0.9808278355514369,,-0.06592909487370499,-0.3624385111759321,-3.0000000000000027,53.24300000000001,-0.5281249994952395,,-0.034758718477808426,0.0,real,ok,
2020-02-13,-0.1810077240160829,-0.5649263898625966,-0.3620154480321658,4,False,,,ok,-0.38390103615651666,,-1.245016778569533,,-0.06586135486174012,-0.3620154480321658,-3.0000000000000027,53.663,-0.679655596893894,,-0.034758718477808426,0.0,real,ok,
2020-02-14,-0.18079693166773658,-0.5433782710512746,-0.36159386333547316,4,False,,,ok,-0.32262657907697073,,-1.2417144108519258,,-0.06579382322492736,-0.36159386333547316,-2.0000000000000018,54.642999999999994,-0.679655596893894,,-0.034758718477808426,0.0,real,ok,
2020-02-17,0.1798439174436123,-0.5421430048934156,0.3596878348872246,4,False,,,ok,-0.3222643157852913,,-1.2384381999978142,,-0.06572649889714119,0.3596878348872246,-2.0000000000000018,47.003,-0.679655596893894,,-0.034758718477808426,3.0000000000000027,real,ok,
2020-02-18,-0.18111984192450156,-0.5756102485044634,-0.3622396838490031,4,False,,,ok,-0.20000765116493754,,-1.2351878024607372,,-0.2916352918877154,-0.3622396838490031,0.0,49.129999999999995,-0.679655596893894,,-0.048173277110803436,0.0,real,ok,
2020-02-19,-0.18091018385833318,-0.5946948738068495,-0.36182036771666637,4,False,,,ok,-0.26080760216520255,,-1.2319628809784653,,-0.2913141382768807,-0.36182036771666637,-1.0000000000000009,50.79,-0.679655596893894,,-0.048173277110803436,0.0,real,ok,
2020-02-20,-0.1807012523901369,-0.5082330391308746,-0.3614025047802738,4,False,,,ok,-0.19945740710833024,,-1.0342476667678506,,-0.29099404351644304,-0.3614025047802738,0.0,48.07,-0.5686090945377351,,-0.048173277110803436,0.0,real,ok,
2020-02-21,-0.18049304333171984,-0.548072436731351,-0.3609860866634397,4,False,,,ok,-0.3214990346329568,,-1.0320432737613625,,-0.29067500179973355,-0.3609860866634397,-2.0000000000000018,43.739999999999995,-0.5686090945377351,,-0.048173277110803436,0.0,real,ok,
2020-02-24,-0.1802855525286161,-0.5471172801737744,-0.3605711050572322,4,False,,,ok,-0.32114190731257697,,-1.0298529258441724,,-0.2903570073645736,-0.3605711050572322,-2.0000000000000018,51.89,-0.5686090945377351,,-0.048173277110803436,0.0,real,ok,
2020-02-25,0.7630588630875178,0.7630588630875178,-0.3601575517194763,4,False,,,ok,-0.2595520833697467,,1.6578788336258996,,0.8908498390064002,-0.3601575517194763,-1.0000000000000009,51.072,0.9620522546780794,,0.021637377698571436,0.0,real,ok,
2020-02-26,0.7865711247159117,0.7865711247159117,-0.3597454184740653,4,False,,,ok,-0.320566027580671,,1.7910355581290727,,0.8892438435993336,-0.3597454184740653,-2.0000000000000018,48.98,1.042269675354424,,0.021637377698571436,0.0,real,ok,
2020-02-27,0.14939269708616443,0.14939269708616443,-0.3593346972102823,4,False,,,ok,-0.32021226727567614,,-0.11925614987458225,,0.8876465084087517,-0.3593346972102823,-2.0000000000000018,46.967999999999996,-0.0475702939117576,,0.021637377698571436,0.0,real,ok,
2020-02-28,0.18995891711086452,0.18995891711086452,-0.35892537988212797,4,False,,,ok,-0.1970480900585972,,-0.11913291446559243,,0.8860577558567831,-0.35892537988212797,0.0,47.016,-0.0475702939117576,,0.021637377698571436,0.0,real,ok,
2020-03-02,0.16905174937441003,0.16905174937441003,-0.35851745850765904,4,False,,,ok,-0.2583122008885289,,-0.1190100603233719,,0.8844775093351309,-0.35851745850765904,-1.0000000000000009,49.49399999999999,-0.0475702939117576,,0.021637377698571436,0.0,real,ok,
2020-03-03,-0.002835164064598846,-0.002835164064598846,-0.35811092516833376,4,False,,,ok,0.04962117370783812,,-0.1188875854859605,,0.060760919584325834,-0.35811092516833376,3.9999999999999813,58.602,-0.0475702939117576,,-0.02692361943719579,0.0,real,ok,
2020-03-04,0.18188604232745528,0.18188604232745528,-0.3577057720083653,4,False,,,ok,0.6037233471515702,,-0.11876548800550378,,0.0607002678362994,-0.3577057720083653,12.99999999999999,70.914,-0.0475702939117576,,-0.02692361943719579,0.0,real,ok,
2020-03-05,-0.0442911445390769,-0.0442911445390769,-0.35730199123408407,4,False,,,ok,-0.07486946502465956,,-0.11864376594812324,,0.060639797355552104,-0.35730199123408407,2.0000000000000018,81.34740000000001,-0.0475702939117576,,-0.02692361943719579,0.0,real,ok,
2020-03-06,-0.08537491519020401,-0.08537491519020401,-0.3568995751133076,4,False,,,ok,-0.1981818354177907,,-0.11852241739378722,,0.06057950724096583,-0.3568995751133076,0.0,94.0208,-0.0475702939117576,,-0.02692361943719579,0.0,real,ok,
2020-03-09,-0.10586900893031677,-0.10586900893031677,-0.356498515974718,4,False,,,ok,-0.25972498295244734,,-0.11840144043618414,,0.0605193965976811,-0.356498515974718,-1.0000000000000009,105.97919999999999,-0.0475702939117576,,-0.02692361943719579,0.0,real,ok,
2020-03-10,1.0350624000409487,1.0350624000409487,-0.35609880620724693,4,True,基差平仓速度,黄,ok,-0.13584016284425962,,2.0554314360678294,,1.1855959268992766,-0.35609880620724693,1.0000000000000009,115.70419999999999,1.188792433307564,,0.03924585544785941,0.0,real,ok,
2020-03-11,0.5327386278077175,0.5327386278077175,-0.3557004382594689,4,False,,,ok,0.11178576045769426,,0.3036434093010225,,1.1827867136644359,-0.3557004382594689,4.999999999999982,122.1792,0.19437466072667925,,0.03924585544785941,0.0,real,ok,
2020-03-12,0.43069243210346614,0.43069243210346614,-0.3553034046390017,4,False,,,ok,0.42127193643846506,,-0.3091920279230148,,1.1799973877949481,-0.3553034046390017,9.999999999999986,156.0078,-0.15344748672645483,,0.03924585544785941,0.0,real,ok,
2020-03-13,0.22313299166860154,0.22313299166860154,-0.3549076979119137,4,False,,,ok,-0.1989750235024344,,-0.30885371719125804,,1.177227715699497,-0.3549076979119137,0.0,155.3364,-0.15344748672645483,,0.03924585544785941,0.0,real,ok,
2020-03-16,0.5531252721391003,0.5531252721391003,-0.3545133107021387,4,False,,,ok,0.7934148635881275,,-0.30851651478097153,,1.1744774676101453,-0.3545133107021387,16.0,166.24,-0.15344748672645483,,0.03924585544785941,0.0,real,ok,
2020-03-17,1.3874186871744352,1.3874186871744352,-0.3541202356908984,4,True,基差平仓速度,黄,ok,2.51473840230353,,-0.3081804146526954,,1.9556980738724714,-0.3541202356908984,44.00000000000001,172.065,-0.15344748672645483,,0.08571359406604173,0.0,real,ok,
2020-03-18,0.4781366452038294,0.4781366452038294,-0.3537284656161314,4,False,,,ok,-0.20426452820826702,,-0.30784541081295136,,1.9465198746327068,-0.3537284656161314,0.0,165.38899999999998,-0.15344748672645483,,0.08571359406604173,0.0,real,ok,
2020-03-19,0.5475072178471732,0.5475072178471732,-0.3533379932719291,4,False,,,ok,-0.45116865937718076,,0.15622056291077557,,1.9374697500079248,-0.3533379932719291,-4.000000000000001,127.167,0.10869328496699521,,0.08571359406604173,0.0,real,ok,
2020-03-20,0.5034560197074067,0.5034560197074067,-0.35294881150797874,4,False,,,ok,-0.5742390308353028,,0.15606234121495619,,1.9285447487425667,-0.35294881150797874,-6.000000000000001,120.917,0.10869328496699521,,0.08571359406604173,0.0,real,ok,
2020-03-23,0.4595065551592703,0.4595065551592703,-0.3525609132290127,4,False,,,ok,-0.697126947761495,,0.15590459931990683,,1.919742013919399,-0.3525609132290127,-8.0,94.92699999999999,0.10869328496699521,,0.08571359406604173,0.0,real,ok,
2020-03-24,0.5855647896368668,0.5855647896368668,-0.35217429139426526,4,False,,,ok,-0.7579482889823684,,0.7843530951230022,,1.7302895627699664,-0.35217429139426526,-9.000000000000002,65.527,0.4632436737808636,,0.07482728170932107,0.0,real,ok,
2020-03-25,0.6831614397209824,0.6831614397209824,-0.3517889390169352,4,False,,,ok,-0.7567973837583997,,1.0826562389626875,,1.7236254639586595,-0.3517889390169352,-9.000000000000002,48.358999999999995,0.6324455489283527,,0.07482728170932107,0.0,real,ok,
2020-03-26,0.24579832373822,0.24579832373822,-0.35140484916365494,4,False,,,ok,-0.7556517085387361,,-0.2239911327930779,,1.717037812546474,-0.35140484916365494,-9.000000000000002,37.641,-0.10323495521218817,,0.07482728170932107,0.0,real,ok,
2020-03-27,0.2440843680570226,0.2440843680570226,-0.35102201495396645,4,False,,,ok,-0.7545112238190541,,-0.22376082994752472,,1.7105251579376466,-0.35102201495396645,-9.000000000000002,29.041199999999996,-0.10323495521218817,,0.07482728170932107,0.0,real,ok,
2020-03-30,0.24239298705553694,0.24239298705553694,-0.350640429559803,4,False,,,ok,-0.7533758905115965,,-0.22353123610276115,,1.7040860877809685,-0.350640429559803,-9.000000000000002,22.5132,-0.10323495521218817,,0.07482728170932107,0.0,real,ok,
2020-03-31,0.7661286168032602,0.7661286168032602,-0.35026008620497723,4,True,基差平仓速度,,ok,-0.7522456699395415,,-0.2233023476280112,,3.273933867977333,-0.35026008620497723,-9.000000000000002,12.4782,-0.10323495521218817,,0.1715104942102178,0.0,real,ok,
2020-04-01,0.7544908604255484,0.7544908604255484,-0.34988097816467556,4,False,,,ok,-0.7511205238314634,,-0.22307416091847854,,3.237667266026587,-0.34988097816467556,-9.000000000000002,9.9772,-0.10323495521218817,,0.1715104942102178,0.0,real,ok,
2020-04-02,0.7432443087412975,0.7432443087412975,-0.34950309876495844,4,False,,,ok,-0.7500004143158872,,-0.2228466723951083,,3.202580012934888,-0.34950309876495844,-9.000000000000002,4.3271999999999995,-0.10323495521218817,,0.1715104942102178,0.0,real,ok,
2020-04-03,0.7323681213577645,0.7323681213577645,-0.3491264413822662,4,False,,,ok,-0.7488853039159273,,-0.22261987850435092,,3.1686095464935717,-0.3491264413822662,-9.000000000000002,2.307,-0.10323495521218817,,0.1715104942102178,0.0,real,ok,
2020-04-06,1.2144070101611375,1.2144070101611375,-0.34875099944293114,4,False,,黄,ok,-0.7477751555440197,,1.2552983317083406,,3.135697854319092,-0.34875099944293114,-9.000000000000002,5.8149999999999995,0.725086835706696,,0.1715104942102178,0.0,real,ok,
2020-04-07,0.9160905970894242,0.9160905970894242,-0.3483767664226958,4,False,,,ok,-0.7466699324967345,,0.4789661271138993,,3.0159755966511077,-0.3483767664226958,-9.000000000000002,8.16,0.2909781026925652,,0.1658285784655802,0.0,real,ok,
2020-04-08,1.669295777477421,0.6271302511266909,3.338591554954842,4,True,信任背离,黄,ok,-0.745569598449677,,-0.3604379846423619,,2.9873983364721113,3.338591554954842,-9.000000000000002,10.23,-0.17861290913032565,,0.1658285784655802,15.000000000000002,real,ok,
2020-04-09,1.0488509463286548,0.618366092067098,2.0977018926573097,4,False,,黄,ok,-0.7444741174524674,,-0.3600460979425952,,2.959618491596357,2.0977018926573097,-9.000000000000002,15.88,-0.17861290913032565,,0.1658285784655802,9.999999999999998,real,ok,
2020-04-10,1.1642507100778523,0.6098535711816171,2.3285014201557046,4,False,,黄,ok,-0.7433834539238059,,-0.35965548703675687,,2.932599654505414,2.3285014201557046,-9.000000000000002,15.5,-0.17861290913032565,,0.1658285784655802,10.999999999999998,real,ok,
2020-04-13,0.9162761781606408,0.6223122352560925,1.8325523563212816,4,False,,,ok,-0.6801048523212727,,-0.3592661450160189,,2.906307703105569,1.8325523563212816,-8.0,21.344,-0.17861290913032565,,0.1658285784655802,8.999999999999996,real,ok,
2020-04-14,0.6138092342375597,0.6138092342375597,-0.11613064380931977,4,True,信任背离,,ok,-0.43013637238067204,,-0.35887806502382835,,2.6304421401171796,-0.11613064380931977,-4.000000000000001,25.264,-0.17861290913032565,,0.1491103584560156,1.0000000000000009,real,ok,
2020-04-15,0.5453092780371057,0.5453092780371057,-0.35957414389252973,4,False,,,ok,-0.6165978396956268,,-0.358491240255401,,2.6110169140623447,-0.35957414389252973,-7.000000000000001,28.604000000000003,-0.17861290913032565,,0.1491103584560156,0.0,real,ok,
2020-04-16,0.5393695027124048,0.5393695027124048,-0.3591907895345688,4,False,,,ok,-0.6158017249423351,,-0.3581056639572189,,2.5920158970367684,-0.3591907895345688,-7.000000000000001,30.913999999999998,-0.17861290913032565,,0.1491103584560156,0.0,real,ok,
2020-04-17,0.5335646179795493,0.5335646179795493,-0.3588086589984087,4,False,,,ok,-0.6150086874624585,,-0.35772132942653523,,2.5734238708276416,-0.3588086589984087,-7.000000000000001,35.324,-0.17861290913032565,,0.1491103584560156,0.0,real,ok,
2020-04-20,0.5070904776775761,0.5070904776775761,-0.3584277457849083,4,False,,,ok,-0.6766167076824587,,-0.35733823001088444,,2.5552263707260714,-0.3584277457849083,-8.0,27.630000000000003,-0.17861290913032565,,0.1491103584560156,0.0,real,ok,
2020-04-21,0.39698909305904945,0.39698909305904945,-0.3580480434431527,4,False,,,ok,-0.7381143880240989,,-0.3569563591075981,,2.2860380263088453,-0.3580480434431527,-9.000000000000002,21.33,-0.17861290913032565,,0.13194704179899341,0.0,real,ok,
2020-04-22,0.3930759713997288,0.3930759713997288,-0.3576695455699936,4,False,,,ok,-0.7370555716377704,,-0.3565757101633268,,2.2728591960002835,-0.3576695455699936,-9.000000000000002,15.89,-0.17861290913032565,,0.13194704179899341,0.0,real,ok,
2020-04-23,-0.1786461229047979,-0.19087255393402947,-0.3572922458095958,4,False,,,ok,-0.7360013013575853,,-2.096522128933836,,2.259905768489333,-0.3572922458095958,-9.000000000000002,9.92,-1.1486184385973928,,0.13194704179899341,0.0,real,ok,
2020-04-24,-0.1495572264538687,-0.1495572264538687,-0.3569161378529883,4,False,,,ok,-0.6099438463748162,,-2.085899223918687,,2.2471713909318973,-0.3569161378529883,-7.000000000000001,7.65,-1.1486184385973928,,0.13194704179899341,0.0,real,ok,
2020-04-27,-0.09058377971329208,-0.09058377971329208,-0.35654121543762146,4,False,,,ok,-0.6091711036745652,,-1.8972301938236837,,2.2346499583583728,-0.35654121543762146,-7.000000000000001,5.12,-1.0480275853997763,,0.13194704179899341,0.0,real,ok,
2020-04-28,0.31259940634981775,0.0694924379249755,0.6251988126996355,4,False,,,ok,-0.7335564156909833,,-0.9036855595963269,,1.8457192890622367,0.6251988126996355,-9.000000000000002,5.119999999999999,-0.4934906672159395,,0.10585861636113869,4.0000000000000036,real,ok,
2020-04-29,0.06785836934759559,0.06785836934759559,-0.3575354940358354,4,False,,,ok,-0.7325183473566247,,-0.9021468635059661,,1.8382403189053775,-0.3575354940358354,-9.000000000000002,5.42,-0.4934906672159395,,0.10585861636113869,0.0,real,ok,
2020-04-30,0.189996171160412,0.12888911986695328,0.379992342320824,4,False,,,ok,-0.5435682076113135,,-0.9006160053419913,,1.8308515725541645,0.379992342320824,-6.000000000000001,5.15,-0.4934906672159395,,0.10585861636113869,3.0000000000000027,real,ok,
2020-05-01,0.3126794402885626,0.10628069302280811,0.6253588805771252,4,False,,,ok,-0.6056162525329193,,-0.8990929187683864,,1.82355125036973,0.6253588805771252,-7.000000000000001,7.290000000000001,-0.4934906672159395,,0.10585861636113869,4.0000000000000036,real,ok,
2020-05-04,0.14645785890908458,0.14645785890908458,-0.35951398152062464,4,False,,,ok,-0.47938648760978136,,-0.8975775382325852,,1.8163376025696203,-0.35951398152062464,-5.0,11.26,-0.4934906672159395,,0.10585861636113869,0.0,real,ok,
2020-05-05,0.3128626460490958,-0.1859384860749047,0.6257252920981916,4,True,基差平仓速度,,ok,-0.47884813106200086,,-0.8960697989536145,,0.8171024717909012,0.6257252920981916,-5.0,14.080000000000002,-0.4934906672159395,,0.036837614006833386,4.0000000000000036,real,ok,
2020-05-06,-0.180248849694996,-0.1856744291277801,-0.360497699389992,4,False,,,ok,-0.4783115848575461,,-0.8945696369104551,,0.815857934384661,-0.360497699389992,-5.0,17.84,-0.4934906672159395,,0.036837614006833386,0.0,real,ok,
2020-05-07,-0.18006186268905208,-0.185411585993427,-0.36012372537810416,4,False,,,ok,-0.47777683887008754,,-0.8930769888306181,,0.8146190697204246,-0.36012372537810416,-5.0,20.589999999999996,-0.4934906672159395,,0.036837614006833386,0.0,real,ok,
2020-05-08,0.43684435290850643,-0.1641729655389491,0.8736887058170129,4,False,,,ok,-0.4143129392586498,,-0.8915917921789294,,0.8133858348207318,0.8736887058170129,-4.000000000000001,22.53,-0.4934906672159395,,0.036837614006833386,4.999999999999993,real,ok,
2020-05-11,-0.05876543755654665,-0.05876543755654665,-0.3614335040138026,4,False,,,ok,-0.4138729080389925,,-0.5745815917933053,,0.8121581871626578,-0.3614335040138026,-4.000000000000001,28.71,-0.31696091385475905,,0.036837614006833386,0.0,real,ok,
2020-05-12,-0.180530194961113,-0.4106870393597453,-0.361060389922226,4,False,,,ok,-0.41343427630510926,,-1.4619501232275074,,0.6433232814533807,-0.361060389922226,-4.000000000000001,34.05,-0.8142686009990212,,0.025235893036536172,0.0,real,ok,
2020-05-13,0.1199342825357626,0.1199342825357626,-0.36068842925026634,4,False,,,ok,-0.5391349663694684,,0.25643771002247046,,0.6425001039542858,-0.36068842925026634,-6.000000000000001,30.089999999999996,0.1453288012708969,,0.025235893036536172,0.0,real,ok,
2020-05-14,0.0777288006907332,0.0777288006907332,-0.36031761606621604,4,False,,,ok,-0.6646805050713052,,0.25618682724293745,,0.6416800799005673,-0.36031761606621604,-8.0,26.71,0.1453288012708969,,0.025235893036536172,0.0,real,ok,
2020-05-15,0.14078543531625856,0.14078543531625856,-0.3599479444809942,4,False,,,ok,-0.4744435627261223,,0.25593667947167814,,0.6408631892032198,-0.3599479444809942,-5.0,23.44,0.1453288012708969,,0.025235893036536172,0.0,real,ok,
2020-05-18,0.1195446574857763,0.1195446574857763,-0.3595794086477547,4,False,,,ok,-0.5371027026209794,,0.2556872631263211,,0.6400494119519872,-0.3595794086477547,-6.000000000000001,13.790000000000001,0.1453288012708969,,0.025235893036536172,0.0,real,ok,
2020-05-19,0.059850277201757174,0.059850277201757174,-0.11119646213382467,4,False,,,ok,-0.5364820564545522,,0.2554385746488945,,0.46059431341092916,-0.11119646213382467,-6.000000000000001,5.75,0.1453288012708969,,0.012911303567446963,1.0000000000000009,real,ok,
2020-05-20,0.3167557281109811,-0.0034310839656310765,0.6335114562219623,4,False,,,ok,-0.7255775060098181,,0.25519061050561276,,0.4600936436073121,0.6335114562219623,-9.000000000000002,6.95,0.1453288012708969,,0.012911303567446963,4.0000000000000036,real,ok,
2020-05-21,0.5448315597143344,0.5448315597143344,0.8807355318804098,4,False,,,ok,-0.6613361588205282,,1.8362362344457401,,0.4595946035177913,0.8807355318804098,-8.0,7.05,1.0276530501263024,,0.012911303567446963,5.000000000000004,real,ok,
2020-05-22,0.5847264715682287,0.5847264715682287,0.1345456803713984,4,False,,,ok,-0.5338791444688965,,1.8289613748558458,,0.45909718431773644,0.1345456803713984,-6.000000000000001,8.66,1.0276530501263024,,0.012911303567446963,2.0000000000000018,real,ok,
2020-05-25,0.5823684846395769,0.5823684846395769,-0.3629039513755896,4,False,,,ok,-0.5332682608508112,,1.8217723375202575,,0.45860137724928457,-0.3629039513755896,-6.000000000000001,8.059999999999999,1.0276530501263024,,0.012911303567446963,0.0,real,ok,
2020-05-26,0.22211566594457902,0.22211566594457902,-0.3625356905384297,4,False,,,ok,-0.4058412401843633,,0.08157324006679716,,0.9906149979513033,-0.3625356905384297,-4.000000000000001,16.02,0.054798844801908025,,0.04954221262439773,0.0,real,ok,
2020-05-27,0.17816001113817656,0.17816001113817656,-0.36216854879329885,4,False,,,ok,-0.4054218895352307,,-0.04896841920345302,,0.9888703421532133,-0.36216854879329885,-4.000000000000001,19.55,-0.0181422433369407,,0.04954221262439773,0.0,real,ok,
2020-05-28,0.22900895255111117,0.22900895255111117,0.13669472284713755,4,False,,,ok,-0.40500383650427646,,0.10489581674212006,,0.9871348774154899,0.13669472284713755,-4.000000000000001,27.05,0.06777699223765342,,0.04954221262439773,1.9999999999999907,real,ok,
2020-05-29,0.2285406174306224,0.2285406174306224,-0.36236632509504746,4,False,,,ok,-0.4045870744115532,,0.1048004034015529,,0.9854085233018676,-0.36236632509504746,-4.000000000000001,27.689999999999998,0.06777699223765342,,0.04954221262439773,0.0,real,ok,
2020-06-01,0.22807495123038568,0.22807495123038568,-0.3620013547770724,4,False,,,ok,-0.4041715966251663,,0.104705249958072,,0.9836912003582513,-0.3620013547770724,-4.000000000000001,38.769999999999996,0.06777699223765342,,0.04954221262439773,0.0,real,ok,
2020-06-02,0.22356642307719785,0.22356642307719785,-0.36163748528658735,4,False,,,ok,-0.3400974566831848,,0.10461035523389807,,0.9061863706808803,-0.36163748528658735,-3.0,42.08,0.06777699223765342,,0.04432411066826503,0.0,real,ok,
2020-06-03,0.9416829981240797,0.2019247478699553,1.8833659962481595,4,True,信任背离,,ok,-0.4034737257504312,,0.10451571805871085,,0.9047322513015863,1.8833659962481595,-4.000000000000001,45.77,0.06777699223765342,,0.04432411066826503,8.999999999999996,real,ok,
2020-06-04,1.3070858583892577,0.22280058184898308,2.6141717167785155,4,False,,黄,ok,-0.33930470539673474,,0.10442133726958837,,0.9032851136740956,2.6141717167785155,-3.0,47.59,0.06777699223765342,,0.04432411066826503,12.0,real,ok,
2020-06-05,2.9479098022654004,0.22239964746173624,5.895819604530801,4,True,信任背离,红,ok,-0.33897317141771893,,0.10432721171094697,,0.9018449020919806,5.895819604530801,-3.0,63.64000000000001,0.06777699223765342,,0.04432411066826503,26.0,real,ok,
2020-06-08,2.4126454646852977,-0.06040487718264498,4.8252909293705954,4,False,,红,ok,-0.33864260757430453,,-0.742983585442799,,0.9004115614691687,4.8252909293705954,-3.0,76.61000000000001,-0.4027086592730843,,0.04432411066826503,21.999999999999996,real,ok,
2020-06-09,1.6858311705787805,0.6688153388630967,3.371662341157561,4,True,基差平仓速度,黄,ok,-0.27439896596111973,,0.7947858699513265,,1.4860591125990834,3.371662341157561,-2.0000000000000004,80.32000000000001,0.4504313909683275,,0.08476639412064879,15.999999999999993,real,ok,
2020-06-10,0.645808726279849,0.645808726279849,-0.3695850399507032,4,True,信任背离,,ok,-0.3381078042754942,,0.7936350677685368,,1.4818989153465043,-0.3695850399507032,-3.0,83.41,0.4504313909683275,,0.08476639412064879,0.0,real,ok,
2020-06-11,0.5062954095880587,0.5062954095880587,-0.36921631005219696,4,False,,,ok,-0.27376423148390294,,0.31487698014816945,,1.4777734800999096,-0.36921631005219696,-2.0000000000000004,81.76,0.18536456685711267,,0.08476639412064879,0.0,real,ok,
2020-06-12,0.5049149146908662,0.5049149146908662,-0.3688486818561489,4,False,,,ok,-0.2735086317264695,,0.3145710504109554,,1.4736823253881128,-0.3688486818561489,-2.0000000000000004,70.35,0.18536456685711267,,0.08476639412064879,0.0,real,ok,
2020-06-15,0.5249208630274497,0.5249208630274497,-0.3684821498861496,4,False,,,ok,-0.20912840076650785,,0.3142660108242977,,1.4696249790245592,-0.3684821498861496,-1.0000000000000009,56.970000000000006,0.18536456685711267,,0.08476639412064879,0.0,real,ok,
2020-06-16,0.44229980454951345,0.44229980454951345,-0.3681167087038316,4,False,,,ok,-0.20893948454031377,,0.3139618570790995,,1.2218770411097546,-0.3681167087038316,-1.0000000000000009,46.17,0.18536456685711267,,0.06787392152921667,0.0,real,ok,
2020-06-17,0.441382666494913,0.441382666494913,-0.36775235290853175,4,False,,,ok,-0.20875107940915827,,0.3136585848954156,,1.2192404939984816,-0.36775235290853175,-1.0000000000000009,35.3706,0.18536456685711267,,0.06787392152921667,0.0,real,ok,
2020-06-18,0.4404713190691105,0.4404713190691105,-0.36738907713695446,4,False,,,ok,-0.2085631830724625,,0.3133561900221992,,1.2166209502575949,-0.36738907713695446,-1.0000000000000009,26.0006,0.18536456685711267,,0.06787392152921667,0.0,real,ok,
2020-06-19,0.4395657009576877,0.4395657009576877,-0.3670268760628403,4,False,,,ok,-0.2083757932441204,,0.31305466823705225,,1.2140182278801313,-0.3670268760628403,-1.0000000000000009,16.160600000000002,0.18536456685711267,,0.06787392152921667,0.0,real,ok,
2020-06-22,0.41720159150442665,0.41720159150442665,-0.3666657443966381,4,False,,,ok,-0.27258138840780743,,0.3127540153459761,,1.2114321475751113,-0.3666657443966381,-2.0000000000000004,5.4906,0.18536456685711267,,0.06787392152921667,0.0,real,ok,
2020-06-23,0.27981826611326266,0.27981826611326266,-0.3663056768851798,4,True,基差平仓速度,,ok,-0.3367683137471857,,0.728769970195457,,0.44745314189151675,-0.3663056768851798,-3.0,1.1106,0.41491571699854823,,0.015140110406228757,0.0,real,ok,
2020-06-24,0.36542559103590205,0.36542559103590205,-0.36594666831135947,4,False,,,ok,-0.2719594941819799,,0.9212440493875487,,0.44699221790213733,-0.36594666831135947,-2.0000000000000004,0.6,0.521647306359971,,0.015140110406228757,0.0,real,ok,
2020-06-25,0.10111358370590544,0.10111358370590544,-0.3655887134938158,4,False,,,ok,-0.20716478489155482,,0.06397282017434353,,0.4465327158349276,-0.3655887134938158,-1.0000000000000009,2.2,0.05001266586332553,,0.015140110406228757,0.0,real,ok,
2020-06-26,0.07947107343409941,0.07947107343409941,-0.36523180728661725,4,False,,,ok,-0.27157844465691716,,0.06391703656707197,,0.4460746283921434,-0.36523180728661725,-2.0000000000000004,5.2,0.05001266586332553,,0.015140110406228757,0.0,real,ok,
2020-06-29,0.07938314357396904,0.07938314357396904,-0.3648759445789517,4,False,,,ok,-0.2713299162411349,,0.06386139863466248,,0.44561794832837953,-0.3648759445789517,-2.0000000000000004,8.7,0.05001266586332553,,0.015140110406228757,0.0,real,ok,
2020-06-30,-0.06823728240048517,-0.06823728240048517,-0.36452112029481865,4,True,基差平仓速度,,ok,-0.14167583460508845,,0.0638059057441812,,-0.12684191834054825,-0.36452112029481865,0.0,9.65,0.05001266586332553,,-0.024269724846888163,0.0,real,ok,
2020-07-01,-0.04659072143170445,-0.04659072143170445,-0.3641673293927247,4,False,,,ok,-0.07679044700098996,,0.06375055726653758,,-0.126732274560661,-0.3641673293927247,0.9999999999999996,10.65,0.05001266586332553,,-0.024269724846888163,0.0,real,ok,
2020-07-02,-0.04655084015502218,-0.04655084015502218,-0.3638145668653826,4,False,,,ok,-0.07672495840995568,,0.06369535257645441,,-0.12662291463156528,-0.3638145668653826,0.9999999999999996,9.95,0.05001266586332553,,-0.024269724846888163,0.0,real,ok,
2020-07-03,0.29148817640731584,-0.04651106112124267,0.5829763528146317,4,False,,,ok,-0.07665963708557627,,0.06364029105243825,,-0.12651383733058996,0.5829763528146317,0.9999999999999996,6.95,0.05001266586332553,,-0.024269724846888163,4.0000000000000036,real,ok,
2020-07-06,0.4094029666441824,-0.06811389366007922,0.8188059332883648,4,False,,,ok,-0.14152201161456282,,0.06358537207674994,,-0.1264050414424248,0.8188059332883648,0.0,3.45,0.05001266586332553,,-0.024269724846888163,4.999999999999993,real,ok,
2020-07-07,-0.18308353542536032,-0.3862957717998887,-0.36616707085072064,4,False,,,ok,-0.14140023883636807,,-0.45277840674132985,,-0.5647086698219682,-0.36616707085072064,0.0,2.5,-0.23238562625645479,,-0.05435501002585652,0.0,real,ok,
2020-07-08,-0.18290716330549023,-0.627212424726496,-0.36581432661098046,4,False,,,ok,-0.14127877986926315,,-1.1762783333131914,,-0.5640801609970332,-0.36581432661098046,0.0,1.1,-0.6287541282240463,,-0.05435501002585652,0.0,real,ok,
2020-07-09,-0.1827313000446346,-0.7147399648252094,-0.3654626000892692,4,False,,,ok,-0.1411576333676772,,-1.4396085141846493,,-0.5634537469233017,-0.3654626000892692,0.0,0.0,-0.7746654405972169,,-0.05435501002585652,0.0,real,ok,
2020-07-10,-0.1825559432001144,-1.4428973906892264,-0.3651118864002288,4,True,拍卖吸收度,,ok,-0.14103679799410332,,-3.624825958086354,,-0.5628294159872222,-0.3651118864002288,0.0,0.0,-1.9937853726338828,,-0.05435501002585652,0.0,real,ok,
2020-07-13,-0.18238109034563785,-1.4282866793903948,-0.3647621806912757,4,False,,,ok,-0.14091627241903643,,-3.581736609086944,,-0.5622071566652045,-0.3647621806912757,0.0,0.0,-1.9937853726338828,,-0.05435501002585652,0.0,real,ok,
2020-07-14,-0.18220673907115928,-1.3501711168292319,-0.36441347814231856,4,False,,,ok,-0.07554465835615976,,-3.540148476752592,,-0.43482021537894383,-0.36441347814231856,0.9999999999999996,0.0,-1.9937853726338828,,-0.04567848925346851,0.0,real,ok,
2020-07-15,-0.1820328869827395,-1.293076583959259,-0.364065773965479,4,False,,,ok,0.055134226048713916,,-3.4999763696248465,,-0.43438760830164425,-0.364065773965479,3.0,0.0,-1.9937853726338828,,-0.04567848925346851,0.0,real,ok,
2020-07-16,-0.18185953170240773,-1.3017908005937056,-0.36371906340481547,4,False,,,ok,-0.010274397155130954,,-3.4611417143680594,,-0.43395629025792637,-0.36371906340481547,1.9999999999999991,0.0,-1.9937853726338828,,-0.04567848925346851,0.0,real,ok,
2020-07-17,-0.1816866708680247,-1.289121336310633,-0.3633733417360494,4,False,,,ok,-0.010265844988212066,,-3.4235719090862657,,-0.4335262548574214,-0.3633733417360494,1.9999999999999991,0.0,-1.9937853726338828,,-0.04567848925346851,0.0,real,ok,
2020-07-20,-0.18151430213314762,-1.2768515207092794,-0.36302860426629524,4,False,,,ok,-0.010257314141596972,,-3.3871997522322075,,-0.4330974957540337,-0.36302860426629524,1.9999999999999991,0.0,-1.9937853726338828,,-0.04567848925346851,0.0,real,ok,
2020-07-21,-0.18134242316689614,-1.275311749100737,-0.3626848463337923,4,False,,,ok,-0.0757753796492083,,-3.351962936882973,,-0.3981969307700299,-0.3626848463337923,0.9999999999999996,0.0,-1.9937853726338828,,-0.043327480134918384,0.0,real,ok,
2020-07-22,-0.18117103165381993,-1.2856364396802193,-0.36234206330763985,4,False,,,ok,-0.14129157559721908,,-3.3178036017202133,,-0.3978141417232258,-0.36234206330763985,0.0,0.0,-1.9937853726338828,,-0.043327480134918384,0.0,real,ok,
2020-07-23,-0.06386605197834001,-0.06386605197834001,-0.36200025058753493,4,True,拍卖吸收度,,ok,-0.14117242119039,,0.3470067200313423,,-0.39743245477597233,-0.36200025058753493,0.0,0.0,0.18877701713073164,,-0.043327480134918384,0.0,real,ok,
2020-07-24,-0.0638083610655137,-0.0638083610655137,-0.36165940360351334,4,False,,,ok,-0.14105356774460184,,0.3466803491968369,,-0.3970518646487761,-0.36165940360351334,0.0,0.0,0.18877701713073164,,-0.043327480134918384,0.0,real,ok,
2020-07-27,0.3245862938379918,0.3245862938379918,-0.361319517815692,4,False,,,ok,-0.140935013994987,,1.511366261606452,,-0.3966723660974897,-0.361319517815692,0.0,0.0,0.8837988662107542,,-0.043327480134918384,0.0,real,ok,
2020-07-28,-0.1804902943570077,-0.1933436420318204,-0.3609805887140154,4,True,拍卖吸收度、基差平仓速度,,ok,-0.1408167586841078,,-0.9509880600996979,,0.5117738926883447,-0.3609805887140154,0.0,0.0,-0.5828366249015359,,0.018368920521945387,0.0,real,ok,
2020-07-29,-0.18032130590900197,-0.214925004265794,-0.36064261181800394,4,False,,,ok,-0.20654237662948352,,-0.9494750237060061,,0.5112423875381077,-0.36064261181800394,-1.0000000000000009,0.0,-0.5828366249015359,,0.018368920521945387,0.0,real,ok,
2020-07-30,-0.1801527913382525,-0.19257558571525635,-0.360305582676505,4,False,,,ok,-0.1404701024973821,,-0.9479691901892406,,0.5107125355408536,-0.360305582676505,0.0,0.0,-0.5828366249015359,,0.018368920521945387,0.0,real,ok,
2020-07-31,-0.17998474843372314,-0.1922130019177873,-0.3599694968674463,4,False,,,ok,-0.1403528313283867,,-0.9464705025672482,,0.5101843281422729,-0.3599694968674463,0.0,0.0,-0.5828366249015359,,0.018368920521945387,0.0,real,ok,
2020-08-03,-0.17981717499879635,-0.1918523336763034,-0.3596343499975927,4,False,,,ok,-0.14023585339177563,,-0.944978904487046,,0.5096577568499114,-0.3596343499975927,0.0,0.0,-0.5828366249015359,,0.018368920521945387,0.0,real,ok,
2020-08-04,-0.17965006885115206,-0.39493381521958854,-0.3593001377023041,4,False,,,ok,-0.20617456953972438,,-0.9434943402159187,,-0.035132535903122576,-0.3593001377023041,-1.0000000000000009,0.0,-0.5828366249015359,,-0.01849786856531055,0.0,real,ok,
2020-08-05,-0.17948342782264848,-0.39437334691140674,-0.35896685564529696,4,False,,,ok,-0.20599945342674225,,-0.942016754632667,,-0.035103832674810945,-0.35896685564529696,-1.0000000000000009,0.0,-0.5828366249015359,,-0.01849786856531055,0.0,real,ok,
2020-08-06,-0.1793172497592039,-0.3938153585682844,-0.3586344995184078,4,False,,,ok,-0.20582478280268526,,-0.9405460932190075,,-0.03507519968316035,-0.3586344995184078,-1.0000000000000009,0.0,-0.5828366249015359,,-0.01849786856531055,0.0,real,ok,
2020-08-07,-0.17915153252067947,-0.3932598314916899,-0.35830306504135895,4,False,,,ok,-0.20565055578175853,,-0.9390823020511215,,-0.03504663664218958,-0.35830306504135895,-1.0000000000000009,0.0,-0.5828366249015359,,-0.01849786856531055,0.0,real,ok,
2020-08-10,0.18254152198051254,-0.3927067471827381,0.3650830439610251,4,False,,,ok,-0.20547677048932494,,-0.9376253277913442,,-0.03501814326754506,0.3650830439610251,-1.0000000000000009,0.0,-0.5828366249015359,,-0.01849786856531055,2.9999999999999916,real,ok,
2020-08-11,1.2612354207963157,-0.13891677645884787,2.5224708415926314,4,True,信任背离,黄,ok,-0.13898880016046444,,-0.4675490777940759,,0.18978754857799668,2.5224708415926314,0.0,0.0,-0.3035494531083106,,-0.003336964518614094,12.0,real,ok,
2020-08-12,-0.011767593149361535,-0.011767593149361535,-0.36136617767213247,4,True,信任背离,,ok,-0.20524188706619875,,-0.019689285810976676,,0.18962839342909082,-0.36136617767213247,-1.0000000000000009,0.0,-0.03737712118537062,,-0.003336964518614094,0.0,real,ok,
2020-08-13,0.4175008509299327,0.4175008509299327,-0.3610338130511234,4,False,,,ok,-0.20506931460143346,,1.2681022293528932,,0.1894696380383386,-0.3610338130511234,-1.0000000000000009,0.0,0.7289995331716389,,-0.003336964518614094,0.0,real,ok,
2020-08-14,1.4921275603021602,0.41660287580246874,2.9842551206043204,4,True,信任背离,黄,ok,-0.20489717675051344,,1.265394523422982,,0.18931128073493778,2.9842551206043204,-1.0000000000000009,0.0,0.7289995331716389,,-0.003336964518614094,14.000000000000002,real,ok,
2020-08-17,1.0096775437900827,0.4378848157812758,2.0193550875801654,4,False,,黄,ok,-0.13820296998147533,,1.2627040974674557,,0.18915331985784695,2.0193550875801654,0.0,0.0,0.7289995331716389,,-0.003336964518614094,9.999999999999998,real,ok,
2020-08-18,0.6217818310221336,0.6217818310221336,0.34934246638176486,4,True,基差平仓速度,,ok,-0.20466517029737133,,1.2600307684453869,,0.8099798949183851,0.34934246638176486,-1.0000000000000009,0.0,0.7289995331716389,,0.03841128017904616,3.0000000000000027,real,ok,
2020-08-19,0.620594175094145,0.620594175094145,-0.36641525860096713,4,False,,,ok,-0.20449422525296762,,1.2573743560189035,,0.8089023945164991,-0.36641525860096713,-1.0000000000000009,0.0,0.7289995331716389,,0.03841128017904616,0.0,real,ok,
2020-08-20,0.5749660517925612,0.5749660517925612,-0.36607988145860976,4,False,,,ok,-0.3376657121553418,,1.2547346825020824,,0.8078291850309431,-0.36607988145860976,-3.0,0.0,0.7289995331716389,,0.03841128017904616,0.0,real,ok,
2020-08-21,0.5738355755795782,0.5738355755795782,-0.36574542374268504,4,False,,,ok,-0.33736508412235366,,1.2521115728110186,,0.8067602380500699,-0.36574542374268504,-3.0,0.0,0.7289995331716389,,0.03841128017904616,0.0,real,ok,
2020-08-24,0.5949661260924448,0.5949661260924448,-0.36541188125908924,4,False,,,ok,-0.2703020015626493,,1.2495048544150396,,0.805695525424944,-0.36541188125908924,-2.0000000000000004,0.0,0.7289995331716389,,0.03841128017904616,0.0,real,ok,
2020-08-25,0.40011621412664433,0.40011621412664433,-0.3650792498404591,4,True,基差平仓速度,,ok,-0.2700709481649674,,-0.10706061279337092,,1.5774802033382713,-0.3650792498404591,-2.0000000000000004,0.0,-0.07975917874997465,6.48,0.09044452366422362,0.0,real,ok,
2020-08-26,0.11617476065138284,0.11617476065138284,-0.3647475253459528,4,False,,,ok,-0.33670308984137454,,-0.8878728206234365,,1.5731001924189596,-0.3647475253459528,-3.0,0.0,-0.5456276551619181,6.48,0.09044452366422362,0.0,real,ok,
2020-08-27,0.8932682353116119,0.29189413920431867,1.7865364706232238,4,True,信任背离,,ok,-0.3364053970927194,,-0.3566686655003553,,1.5687564802060308,1.7865364706232238,-3.0,0.0,-0.22945589948639872,6.48,0.09044452366422362,8.999999999999996,real,ok,
2020-08-28,1.0087862912745311,0.29066510394706957,2.0175725825490622,4,False,,黄,ok,-0.33610849270770754,,-0.3563447635063044,,1.5644485680552207,2.0175725825490622,-3.0,0.0,-0.22945589948639872,6.48,0.09044452366422362,9.999999999999998,real,ok,
2020-08-31,0.6493574195406684,0.3341191346807791,1.2987148390813368,4,False,,,ok,-0.20179682028072843,,-0.35602174253674645,,1.560175966859812,1.2987148390813368,-1.0000000000000009,0.0,-0.22945589948639872,6.48,0.09044452366422362,6.999999999999995,real,ok,
2020-09-01,0.43208654289605625,0.43208654289605625,-0.370833824547077,4,False,,,ok,-0.20163085481177026,,-0.35569959860414857,,1.8535900821040876,-0.370833824547077,-1.0000000000000009,0.0,-0.22945589948639872,6.48,0.11067135014466745,0.0,real,ok,
2020-09-02,0.013322706072287416,0.013322706072287416,-0.37049830040005854,5,False,,,ok,-0.201465298190797,-1.2369690026489104,-0.3553783277462033,,1.8471034528750603,-0.37049830040005854,-1.0000000000000009,0.0,-0.22945589948639872,6.48,0.11067135014466745,0.0,real,ok,
2020-09-03,0.030173522801517527,0.030173522801517527,-0.3701636855408245,5,False,,,ok,-0.13413174677200576,-1.230800711013271,-0.35505792602562286,,1.8406844750169697,-0.3701636855408245,0.0,0.0,-0.22945589948639872,6.48,0.11067135014466745,0.0,real,ok,
2020-09-04,0.013406169659008482,0.013406169659008482,-0.36982997586897015,5,False,,,ok,-0.2012450131971697,-1.224723899319406,-0.3547383895299374,,1.834331980682547,-0.36982997586897015,-1.0000000000000009,0.0,-0.22945589948639872,6.48,0.11067135014466745,0.0,real,ok,
2020-09-07,0.013452052844005746,0.013452052844005746,-0.36949716730993515,5,False,,,ok,-0.20108057656299078,-1.2187363277446788,-0.3544197143712935,,1.828044830054986,-0.36949716730993515,-1.0000000000000009,0.0,-0.22945589948639872,6.48,0.11067135014466745,0.0,real,ok,
2020-09-08,0.2000424257817499,0.2000424257817499,-0.369165255814795,5,False,,,ok,-0.2009165423835021,-1.2128358325037614,0.6182896220402945,,1.5956324559739687,-0.369165255814795,-1.0000000000000009,0.0,0.3470069209690396,6.48,0.09515454041244387,0.0,real,ok,
2020-09-09,0.02363830989419685,0.02363830989419685,-0.36883423736005305,5,False,,,ok,-0.20075290901959614,-1.2070203225617107,-0.08887322325956076,,1.591199694417655,-0.36883423736005305,-1.0000000000000009,0.0,-0.07162530881294837,6.48,0.09515454041244387,0.0,real,ok,
2020-09-10,0.4142918626370349,0.0364185089742014,0.8285837252740698,5,False,,,ok,-0.20058967484149676,-1.2012877765190486,-0.03925220044301575,,1.5868036877003668,0.8285837252740698,-1.0000000000000009,0.0,-0.0422949208557735,6.48,0.09515454041244387,5.000000000000004,real,ok,
2020-09-11,0.03678995392650025,0.03678995392650025,-0.3699031897760707,5,False,,,ok,-0.2004268382286912,-1.1956362396583116,-0.03922103706153128,,1.582443930654535,-0.3699031897760707,-1.0000000000000009,0.0,-0.0422949208557735,6.48,0.09515454041244387,0.0,real,ok,
2020-09-14,0.03715044032023512,0.03715044032023512,-0.3695729139791284,5,False,,,ok,-0.20026439756986222,-1.1900638211422694,-0.0391899477867256,,1.5781199277797977,-0.3695729139791284,-1.0000000000000009,0.0,-0.0422949208557735,6.48,0.09515454041244387,0.0,real,ok,
2020-09-15,-0.1780344223893671,-0.1780344223893671,-0.36924352148030637,5,True,基差平仓速度,,ok,-0.13252532815643278,-1.1845686913546927,-0.03915893232535351,,0.6441152622790106,-0.36924352148030637,0.0,0.0,-0.0422949208557735,6.48,0.031240390841087984,0.0,real,ok,
2020-09-16,-0.17682290998317196,-0.17682290998317196,-0.3689150083486806,5,False,,,ok,-0.13242058506335314,-1.1791490793751784,-0.03912799038579177,,0.6434060148916354,-0.3689150083486806,0.0,0.0,-0.0422949208557735,,0.031240390841087984,0.0,real,ok,
2020-09-17,-0.06419819818736075,-0.47432721710939674,-0.1283963963747215,5,False,,,ok,-0.13231608994144475,-1.1738032705801158,-1.2338886141718717,,0.6426991062558453,-0.1283963963747215,0.0,0.0,-0.7476026826562792,,0.031240390841087984,0.9999999999999898,real,ok,
2020-09-18,0.17624902777421525,-0.4894800351033476,0.3524980555484305,5,False,,,ok,-0.19994456179735137,-1.16852960436242,-1.2314404977964535,,0.6419945235428348,0.3524980555484305,-1.0000000000000009,0.0,-0.7476026826562792,,0.031240390841087984,2.9999999999999916,real,ok,
2020-09-21,-0.1847377987336593,-0.5046509996969697,-0.3694755974673186,5,False,,,ok,-0.2675628780717747,-1.1633264719631367,-1.2290069027750865,,0.641292254022119,-0.3694755974673186,-2.0000000000000004,0.0,-0.7476026826562792,,0.031240390841087984,0.0,real,ok,
2020-09-22,-0.0608897065606538,-0.0608897065606538,-0.36914887463640195,5,True,拍卖吸收度、基差平仓速度,,ok,-0.33516384122134074,-1.1581923144084976,1.3038703998609662,,-0.05407307047374316,-0.36914887463640195,-3.0,0.0,0.7480373363802786,,-0.016274047033576933,0.0,real,ok,
2020-09-23,0.15964089137179097,0.15964089137179097,-0.36882301721463123,5,False,,,ok,-0.4027383778310867,-1.153125620546416,2.2484587731038737,,-0.054031209239207116,-0.36882301721463123,-4.000000000000001,0.0,1.3118557161627205,,-0.016274047033576933,0.0,real,ok,
2020-09-24,-0.18424901069380073,-0.27849677971649445,-0.36849802138760146,5,False,,,ok,-0.3344720488646971,-1.1481249251768053,0.4225993002521226,,-0.05398944507659799,-0.36849802138760146,-3.0,0.0,0.23105764618442048,,-0.016274047033576933,0.0,real,ok,
2020-09-25,-0.1840869416822036,-0.26028809480924037,-0.3681738833644072,5,False,,,ok,-0.26622633038484095,-1.1431888072704715,0.4222105360296782,,-0.05394777761132736,-0.3681738833644072,-2.0000000000000004,0.0,0.23105764618442048,,-0.016274047033576933,0.0,real,ok,
2020-09-28,-0.18392529968872848,-0.2591017102379836,-0.36785059937745695,5,False,,,ok,-0.26600758924550194,-1.1383158882716593,0.42182284303605405,,-0.05390620647082727,-0.36785059937745695,-2.0000000000000004,0.0,0.23105764618442048,,-0.016274047033576933,0.0,real,ok,
2020-09-29,-0.18376408284114468,-0.3181482676419693,-0.36752816568228935,5,False,,,ok,-0.3338469182988384,-1.133504830479651,0.42143621635963435,,-0.22667753814902225,-0.36752816568228935,-3.0,0.0,0.23105764618442048,,-0.028045859101041737,0.0,real,ok,
2020-09-30,-0.06276336942485579,-0.299914394042253,-0.12552673884971158,5,False,,,ok,-0.26545892392128195,-1.1287543355051022,0.42105065112027934,,-0.22649496786290738,-0.12552673884971158,-2.0000000000000004,0.0,0.23105764618442048,,-0.028045859101041737,0.9999999999999898,real,ok,
2020-10-01,-0.06271430906937958,-0.29873793350391,-0.12542861813875916,5,False,,,ok,-0.2652418956430911,-1.12406314279707,0.4206661424690656,,-0.2263128380445445,-0.12542861813875916,-2.0000000000000004,0.0,0.23105764618442048,,-0.028045859101041737,1.0000000000000009,real,ok,
2020-10-02,0.30037799608825866,-0.26347131011365205,0.6007559921765173,5,False,,,ok,-0.1286067508801911,-1.1194300282369396,0.42028268558803067,,-0.22613114692550806,0.6007559921765173,0.0,0.0,0.23105764618442048,,-0.028045859101041737,3.9999999999999925,real,ok,
2020-10-05,1.14323156974998,-0.2794183747324624,2.28646313949996,5,False,,黄,ok,-0.19677007907678504,-1.1148538027956856,0.4199002756899186,,-0.2259498927472976,2.28646313949996,-1.0000000000000009,0.0,0.23105764618442048,,-0.028045859101041737,10.999999999999998,real,ok,
2020-10-06,1.0183838300143147,-0.35797052593122575,2.0367676600286293,5,False,,黄,ok,-0.12830159641115152,-1.1103333112511293,-0.1709015002130138,,-0.022345695849608167,2.0367676600286293,0.0,0.0,-0.11702537638486957,,-0.014239437374655717,9.999999999999998,real,ok,
2020-10-07,1.2523536758258118,-0.30117028686418745,2.5047073516516236,5,False,,黄,ok,-0.19656706852437625,-1.105551643816338,0.11976626584613376,,-0.022328700962169268,2.5047073516516236,-1.0000000000000009,0.0118,0.054114596349993854,,-0.014239437374655717,12.00000000000001,real,ok,
2020-10-08,1.008389107619919,-0.28768097561784395,2.016778215239838,5,False,,黄,ok,-0.2648227606532455,-1.1011419254748755,0.2375525284485911,,-0.02231174479184597,2.016778215239838,-2.0000000000000004,0.0118,0.12350355367454996,,-0.014239437374655717,9.999999999999998,real,ok,
2020-10-09,0.8858422946756962,-0.26946727944745436,1.7716845893513924,5,False,,,ok,-0.19614936013122744,-1.0967846185107863,0.23735968804405144,,-0.02229482719185505,1.7716845893513924,-1.0000000000000009,0.0118,0.12350355367454996,,-0.014239437374655717,9.000000000000007,real,ok,
2020-10-12,-0.07038929258992067,-0.268396191744974,-0.14077858517984135,5,True,信任背离,,ok,-0.1959954430701094,-1.0924786924512968,0.2371673165577014,,-0.022277948016191144,-0.14077858517984135,-1.0000000000000009,0.0118,0.12350355367454996,,-0.014239437374655717,1.0000000000000009,real,ok,
2020-10-13,-0.06862095229299658,-0.06862095229299658,-0.3796985590164899,5,True,基差平仓速度,,ok,-0.19584188779933373,-1.0882231449700879,0.23697541209203757,,0.7726058115053978,-0.3796985590164899,-1.0000000000000009,0.0118,0.12350355367454996,,0.039524577886232426,0.0,real,ok,
2020-10-14,-0.06789061607173738,-0.06789061607173738,-0.3793687422215167,5,False,,,ok,-0.195688692903678,-1.0843323247736443,0.23678397276028984,,0.771674580630083,-0.3793687422215167,-1.0000000000000009,0.0,0.12350355367454996,,0.039524577886232426,0.0,real,ok,
2020-10-15,-0.049926248495394926,-0.049926248495394926,-0.3790397835901361,5,False,,,ok,-0.12687257945489083,-1.0801721217204656,0.23659299668634357,,0.7707467105074332,-0.3790397835901361,0.0,0.0,0.12350355367454996,,0.039524577886232426,0.0,real,ok,
2020-10-16,-0.0663312395673877,-0.0663312395673877,-0.37871167940661093,5,False,,,ok,-0.19549012816722172,-1.0760594930731615,0.23640248200466185,,0.7698221809661706,-0.37871167940661093,-1.0000000000000009,0.0,0.12350355367454996,,0.039524577886232426,0.0,real,ok,
2020-10-19,-0.06555451411583771,-0.06555451411583771,-0.37838442597769234,5,False,,,ok,-0.19533791674139464,-1.071993538586296,0.23621242686020977,,0.7689009720041301,-0.37838442597769234,-1.0000000000000009,0.0,0.12350355367454996,,0.039524577886232426,0.0,real,ok,
2020-10-20,0.6495923308150444,-0.08211143449043165,1.2991846616300888,5,False,,,ok,-0.2639960486545004,-1.067973381687556,0.23602282940837757,,0.7675008629719523,1.2991846616300888,-2.0000000000000004,0.0,0.12350355367454996,,0.03949198334256743,7.000000000000006,real,ok,
2020-10-21,1.0055987523028702,-0.09855367569323994,2.0111975046057404,5,False,,黄,ok,-0.332637457752137,-1.063998168683325,0.2358336878149063,,0.7665872358475959,2.0111975046057404,-3.0,0.0,0.12350355367454996,,0.03949198334256743,9.999999999999998,real,ok,
2020-10-22,1.3560026209701654,-0.3998967265405228,2.712005241940331,5,False,,黄,ok,-0.33236160411173205,-1.0600670679966002,-0.9728350992658762,,0.7656768652121175,2.712005241940331,-3.0,0.0,-0.5830809013091622,,0.03949198334256743,13.0,real,ok,
2020-10-23,0.8769062204435558,-0.38148823753767813,1.7538124408871116,5,False,,,ok,-0.2631417494188473,-1.056179269435704,-0.9714016630571009,,0.7647697317609397,1.7538124408871116,-2.0000000000000004,0.0,-0.5830809013091622,,0.03949198334256743,8.999999999999996,real,ok,
2020-10-26,0.16330075690195106,-0.36309414798695117,0.3266015138039021,5,False,,,ok,-0.1939338770489772,-1.0523339834923375,-0.9699745477558316,,0.7638658163493416,0.3266015138039021,-1.0000000000000009,0.0,-0.5830809013091622,,0.03949198334256743,3.0000000000000027,real,ok,
2020-10-27,0.1454605730224135,0.1454605730224135,-0.3870143361401018,5,False,,,ok,-0.19378431163814294,-1.0485304406675868,0.8507760360335038,,0.97338100836188,-0.3870143361401018,-1.0000000000000009,0.0,0.480573124610011,,0.05369824180714078,0.0,real,ok,
2020-10-28,-0.12258673044504204,-0.12258673044504204,-0.3866815670327897,5,False,,,ok,-0.2627328908388722,-1.0447678908245825,-0.15481773231574722,,0.9719715921990337,-0.3866815670327897,-2.0000000000000004,0.0,-0.10646870356923227,,0.05369824180714078,0.0,real,ok,
2020-10-29,0.27765087831301843,0.27765087831301843,-0.38634965502530505,5,False,,,ok,-0.1933789234494789,-1.0410456025665709,1.3744597555592948,,0.9705682837088287,-0.38634965502530505,-1.0000000000000009,0.0,0.7872735454346989,,0.05369824180714078,0.0,real,ok,
2020-10-30,0.2775138964064481,0.2775138964064481,-0.386018596443931,5,False,,,ok,-0.19323047897398477,-1.037362862639229,1.3714778883421583,,0.9691710388968477,-0.386018596443931,-1.0000000000000009,0.0,0.7872735454346989,,0.05369824180714078,0.0,real,ok,
2020-11-02,0.31199866576139323,0.31199866576139323,-0.38568838763696184,5,False,,,ok,-0.05458152917176835,-1.0337189753561145,1.368515353362366,,0.9677798142110899,-0.38568838763696184,0.9999999999999996,0.0,0.7872735454346989,,0.05369824180714078,0.0,real,ok,
2020-11-03,0.29408018192093643,0.29408018192093643,-0.38535902497453306,5,False,,,ok,-0.12384416677367735,-1.0301132620461977,1.3655719426050588,,0.9647062138985619,-0.38535902497453306,0.0,0.0,0.7872735454346989,,0.053584234126167085,0.0,real,ok,
2020-11-04,0.2939206212664103,0.2939206212664103,-0.38503050484845375,5,False,,,ok,-0.12375153578506465,-1.0265450605224797,1.3626474511755118,,0.9633316301976736,-0.38503050484845375,0.0,0.0,0.7872735454346989,,0.053584234126167085,0.0,real,ok,
2020-11-05,0.3111089886256231,0.3111089886256231,-0.3847028236720406,5,False,,,ok,-0.05425490666151261,-1.0230137245707585,1.35974167723922,,0.9619629084955434,-0.3847028236720406,0.9999999999999996,0.0,0.7872735454346989,,0.053584234126167085,0.0,real,ok,
2020-11-06,0.29356637352045467,0.29356637352045467,-0.3843759778799534,5,False,,,ok,-0.12367031166085339,-1.0195186234576326,1.3568544219633822,,0.9606000072369224,-0.3843759778799534,0.0,0.0,0.7872735454346989,,0.053584234126167085,0.0,real,ok,
2020-11-09,0.8821822049864924,0.3616312083116304,1.7643644099729847,5,True,信任背离,,ok,-0.12357822167243951,-1.016059141456909,1.6269193110980287,,0.9592428852778414,1.7643644099729847,0.0,0.0,0.9481205360977216,,0.053584234126167085,8.999999999999996,real,ok,
2020-11-10,0.7608251558911602,0.3666264274502869,1.5216503117823204,5,False,,,ok,-0.1234863371054789,-1.0126346773935935,1.694178005321769,,0.9084487189784509,1.5216503117823204,0.0,0.0,0.9904560311628121,,0.05024698699146812,7.9999999999999964,real,ok,
2020-11-11,2.1611447639150527,0.365977863296981,4.3222895278301054,5,True,信任背离,红,ok,-0.1233946571973767,-1.0092446442047083,1.6893168759063892,,0.9072338786836199,4.3222895278301054,0.0,0.0,0.9904560311628121,,0.05024698699146812,19.999999999999996,real,ok,
2020-11-12,0.862855444381301,-0.05172274421182113,1.725710888762602,5,True,信任背离,,ok,-0.19295769314223657,-1.0058884685161957,0.08593128336902776,,0.90602390144212,1.725710888762602,-1.0000000000000009,0.0,0.04720585711309639,,0.05024698699146812,8.999999999999996,real,ok,
2020-11-13,-0.051172839824020155,-0.051172839824020155,-0.39116665981508314,5,True,信任背离,,ok,-0.1928117550631647,-1.0025655902352308,0.08586723111415008,,0.9048187548881648,-0.39116665981508314,-1.0000000000000009,0.0,0.04720585711309639,,0.05024698699146812,0.0,real,ok,
2020-11-16,-0.033191734375046245,-0.033191734375046245,-0.39083580686451364,5,False,,,ok,-0.12291320417899289,-0.9992754621572693,0.08580332187930978,,0.9036184069567674,-0.39083580686451364,0.0,0.0,0.04720585711309639,,0.05024698699146812,0.0,real,ok,
2020-11-17,0.011013974218110179,0.011013974218110179,-0.39050579220049897,5,False,,,ok,-0.19262571878727985,-0.9960175495872187,0.08573955513305109,,1.1469596101138881,-0.39050579220049897,-1.0000000000000009,0.0,0.04720585711309639,,0.0667480954431644,0.0,real,ok,
2020-11-18,-0.02356464533324698,-0.02356464533324698,-0.3901766122883809,5,False,,,ok,-0.3321715806317342,-0.9927913299741268,0.08567593034667903,,1.145028398926194,-0.3901766122883809,-3.0,0.0,0.04720585711309639,,0.0667480954431644,0.0,real,ok,
2020-11-19,-0.19492413180716767,-0.3642979534292792,-0.38984826361433533,5,False,,,ok,-0.4017851324543399,-0.9895962925588256,-1.2089173034427712,,1.1431069147388202,-0.38984826361433533,-4.000000000000001,0.0,-0.712907705721434,,0.0667480954431644,0.0,real,ok,
2020-11-20,-0.194760371342607,-0.3808326716560763,-0.389520742685214,5,False,,,ok,-0.47136243836753505,-0.9864319380339915,-1.2067313863815876,,1.141195076158809,-0.389520742685214,-5.0,0.0,-0.712907705721434,,0.0667480954431644,0.0,real,ok,
2020-11-23,0.15176449921975274,0.15176449921975274,-0.3891940460283887,5,True,拍卖吸收度,,ok,-0.47094591965182536,-0.9832977782161059,0.9220088920033797,,1.1392928027435625,-0.3891940460283887,-5.0,0.0,0.5364381607532424,,0.0667480954431644,0.0,real,ok,
2020-11-24,-0.07640424124092222,-0.1045394110101936,-0.15280848248184445,5,False,,,ok,-0.3305330037896945,-0.9801933357288294,-0.16543356111315155,,1.058002256590901,-0.15280848248184445,-3.0,0.0,-0.10140304838910161,,0.06138273795806115,1.0000000000000009,real,ok,
2020-11-25,-0.08656435793200312,-0.08656435793200312,-0.38892317416764066,5,False,,,ok,-0.2602133663590856,-0.9771181436973199,-0.1653092695789142,,1.0563833479073073,-0.38892317416764066,-2.0000000000000004,0.0,-0.10140304838910161,,0.06138273795806115,0.0,real,ok,
2020-11-26,0.04209399372502629,-0.08612463629653877,0.08418798745005258,5,False,,,ok,-0.2600133936010473,-0.9740717454530546,-0.1651852577814331,,1.0547718516493798,0.08418798745005258,-2.0000000000000004,0.0,-0.10140304838910161,,0.06138273795806115,2.0000000000000018,real,ok,
2020-11-27,-0.07622811924620368,-0.08569034718215951,-0.15245623849240736,5,False,,,ok,-0.25981388122143073,-0.9710536942487283,-0.16506152467291543,,1.0531677114144364,-0.15245623849240736,-2.0000000000000004,0.0,-0.10140304838910161,,0.06138273795806115,1.0000000000000009,real,ok,
2020-11-30,-0.06771068941523034,-0.06771068941523034,-0.3890572857443358,5,False,,,ok,-0.1894120068658976,-0.9680635529828258,-0.16493806921105517,,1.0515708713988572,-0.3890572857443358,-1.0000000000000009,0.0,-0.10140304838910161,,0.06138273795806115,0.0,real,ok,
2020-12-01,0.27934846091049764,0.015061429316169606,0.5586969218209953,5,False,,,ok,-0.25952305477064924,-0.9651008939334828,-0.16481489035899582,,1.4496845563278062,0.5586969218209953,-2.0000000000000004,0.0,-0.10140304838910161,,0.08842513283466025,4.0000000000000036,real,ok,
2020-12-02,0.6339357326324787,0.015070363773463324,1.2678714652649574,5,False,,,ok,-0.2593248210764996,-0.9621652985012662,-0.16469198708529392,,1.446463561756913,1.2678714652649574,-2.0000000000000004,0.0,-0.10140304838910161,,0.08842513283466025,6.999999999999995,real,ok,
2020-12-03,0.2780466355702994,0.015077798646177032,0.5560932711405988,5,False,,,ok,-0.2591270409952828,-0.9592563569605251,-0.16456935836388292,,1.443263950904399,0.5560932711405988,-2.0000000000000004,0.0,-0.10140304838910161,,0.08842513283466025,4.0000000000000036,real,ok,
2020-12-04,1.3375320458386488,0.0326820773861598,2.6750640916772976,5,True,信任背离,黄,ok,-0.1885365072509018,-0.9563736682189737,-0.16444700317403696,,1.4400854881885519,2.6750640916772976,-1.0000000000000009,0.0,-0.10140304838910161,,0.08842513283466025,13.0,real,ok,
2020-12-07,0.9798861882188287,0.015061720308747306,1.9597723764376573,5,False,,,ok,-0.2588393003247383,-0.953516839585189,-0.16432492050033545,,1.4369279416452518,1.9597723764376573,-2.0000000000000004,0.0,-0.10140304838910161,,0.08842513283466025,9.999999999999998,real,ok,
2020-12-08,0.0694810125141817,0.0694810125141817,-0.39650098879941037,5,True,信任背离,,ok,-0.3291262695067648,-0.950685486543715,0.5656667346932829,,0.9920690714139238,-0.39650098879941037,-3.0,0.0,0.32401083604613257,,0.05842955988464216,0.0,real,ok,
2020-12-09,-0.19808629551247742,-0.25779290142663636,-0.39617259102495483,5,False,,,ok,-0.2583385860943534,-0.947879232537483,-0.8156218091332345,,0.9906680220585256,-0.39617259102495483,-2.0000000000000004,0.0,-0.48053689894687684,,0.05842955988464216,0.0,real,ok,
2020-12-10,-0.19792250402921907,-0.26788247993125525,-0.39584500805843814,5,False,,,ok,-0.2581430499119896,-0.945097708757265,-0.8575620557396851,,0.9892728946839187,-0.39584500805843814,-2.0000000000000004,0.0,-0.5055672106390293,,0.05842955988464216,0.0,real,ok,
2020-12-11,-0.19775911826767384,-0.267224238550563,-0.3955182365353477,5,False,,,ok,-0.25794795711017443,-0.9423405539379001,-0.8564920908349648,,0.9878836476807873,-0.3955182365353477,-2.0000000000000004,0.0,-0.5055672106390293,,0.05842955988464216,0.0,real,ok,
2020-12-14,-0.19759613655529576,-0.2665716507714726,-0.3951922731105915,5,False,,,ok,-0.2577533060156509,-0.9396074141610269,-0.8554261227572113,,0.9865002398479988,-0.3951922731105915,-2.0000000000000004,0.0,-0.5055672106390293,,0.05842955988464216,0.0,real,ok,
2020-12-15,-0.19743355722917738,-0.37176747200168125,-0.39486711445835476,5,False,,,ok,-0.1868371916788169,-0.9368979426640895,-0.8543641266791263,,0.4910293730153077,-0.39486711445835476,-1.0000000000000009,0.0,-0.5055672106390293,,0.024946949776204597,0.0,real,ok,
2020-12-16,-0.19727137863597843,-0.37090498499021357,-0.39454275727195687,5,False,,,ok,-0.1867007755177836,-0.9342117996553753,-0.8533060779888085,,0.4905987132011129,-0.39454275727195687,-1.0000000000000009,0.0,-0.5055672106390293,,0.024946949776204597,0.0,real,ok,
2020-12-17,0.03935883009791801,-0.37004901932369705,0.07871766019583602,5,False,,,ok,-0.18656465774485867,-0.9315486521348619,-0.852251952287357,,0.4901691848722893,0.07871766019583602,-1.0000000000000009,0.0,-0.5055672106390293,,0.024946949776204597,1.9999999999999907,real,ok,
2020-12-18,0.39414363263268126,-0.3691994883247992,0.7882872652653625,5,False,,,ok,-0.18642883727377216,-0.9289081737206609,-0.8512017253865073,,0.48974078308174374,0.7882872652653625,-1.0000000000000009,0.0,-0.5055672106390293,,0.024946949776204597,4.999999999999993,real,ok,
2020-12-21,0.3936913267486179,-0.3147168233455565,0.7873826534972358,5,False,,,ok,-0.18629331302378282,-0.9262900444808513,-0.850155373306299,,0.7038714374287072,0.7873826534972358,-1.0000000000000009,0.0,-0.5055672106390293,,0.03944891855082744,4.999999999999993,real,ok,
2020-12-22,0.28108169996373966,0.28108169996373966,-0.3970580925821693,5,True,拍卖吸收度,,ok,-0.32808052032531837,-0.9236939507705069,1.6729695758487695,,0.7031316951020145,-0.3970580925821693,-3.0,0.0,0.9630242560279771,,0.03944891855082744,0.0,real,ok,
2020-12-23,0.15257309995398938,0.15257309995398938,-0.39673375034986713,5,False,,,ok,-0.39882210520739264,-0.9211195850737275,1.2278398089254852,,0.7023942811715924,-0.39673375034986713,-4.000000000000001,0.0,0.7053455607268185,,0.03944891855082744,0.0,real,ok,
2020-12-24,0.1880831488012665,0.1880831488012665,-0.3964102018255944,5,False,,,ok,-0.2564151236693193,-0.9185666458504961,1.2256551812795837,,0.7016591834452975,-0.3964102018255944,-2.0000000000000004,0.0,0.7053455607268185,,0.03944891855082744,0.0,real,ok,
2020-12-25,0.18803738173440906,0.18803738173440906,-0.3960874437768495,5,False,,,ok,-0.2562242040072272,-0.9160348373881846,1.2234821785128573,,0.7009263898201906,-0.3960874437768495,-2.0000000000000004,0.0,0.7053455607268185,,0.03944891855082744,0.0,real,ok,
2020-12-28,0.12250607147120765,0.12250607147120765,-0.39576547298953446,5,False,,,ok,-0.18488965581386388,-0.9135238696575476,0.8882419230745427,,0.7001958882816994,-0.39576547298953446,-1.0000000000000009,0.0,0.5107640520116349,,0.03944891855082744,0.0,real,ok,
2020-12-29,-0.07899597153081224,-0.3051108418751552,-0.15799194306162448,5,True,基差平仓速度,,ok,-0.11356027840385689,-0.9110334581730406,0.6659832477085879,,-0.8618328786323111,-0.15799194306162448,0.0,0.0,0.38174007610741445,,-0.06581954347293428,0.9999999999999898,real,ok,
2020-12-30,-0.19774706132374162,-0.3221925852286244,-0.39549412264748324,5,False,,,ok,-0.1847256329764504,-0.9085633238573105,0.6653047642084576,,-0.8607861482891942,-0.39549412264748324,-1.0000000000000009,0.0,0.38174007610741445,,-0.06581954347293428,0.0,real,ok,
2020-12-31,-0.19758705697007237,-0.3570986685564489,-0.39517411394014473,5,False,,,ok,-0.3271666079724207,-0.9061131929097147,0.6646283509742007,,-0.8597432243178609,-0.39517411394014473,-3.0,0.0,0.38174007610741445,,-0.06581954347293428,0.0,real,ok,
2021-01-01,-0.19742744046903185,-0.3563370489759678,-0.3948548809380637,5,False,,,ok,-0.32691531302170374,-0.9036827966787245,0.6639539974961564,,-0.8587040836995992,-0.3948548809380637,-3.0,0.0,0.38174007610741445,,-0.06581954347293428,0.0,real,ok,
2021-01-04,-0.197268210255931,-0.3020473887332178,-0.394536420511862,5,False,,,ok,-0.11253067312387675,-0.9012718715380801,0.663281693339217,,-0.8576687036101314,-0.394536420511862,0.0,0.0,0.38174007610741445,,-0.06581954347293428,0.0,real,ok,
2021-01-05,0.041089514818148584,-0.3858186891173374,0.08217902963629717,5,False,,,ok,-0.04101798672146471,-0.8988801587665679,0.6626114281421501,,-1.2659880391234672,0.08217902963629717,0.9999999999999996,0.0,0.38174007610741445,,-0.09344785151296309,2.0000000000000018,real,ok,
2021-01-06,1.1099589324536594,-0.40268642129089804,2.219917864907319,5,True,信任背离,黄,ok,-0.11247302794463082,-0.8965074044312916,0.6619431916169259,,-1.2637084444045956,2.219917864907319,0.0,0.0,0.38174007610741445,,-0.09344785151296309,10.999999999999998,real,ok,
2021-01-07,1.5736643235017835,-0.4016779903490002,3.147328647003567,5,False,,黄,ok,-0.1123944506011681,-0.8941533592743249,0.6612769735480549,,-1.2614411250685629,3.147328647003567,0.0,0.0,0.38174007610741445,,-0.09344785151296309,15.000000000000002,real,ok,
2021-01-08,2.135534429462101,-0.4185715068570879,4.271068858924202,5,False,,红,ok,-0.18389504129021308,-0.8918177786026226,0.6606127637919309,,-1.2591859713274467,4.271068858924202,-1.0000000000000009,0.0,0.38174007610741445,,-0.09344785151296309,19.999999999999986,real,ok,
2021-01-11,-0.19981754285068776,-0.7262976907846784,-0.3996350857013755,5,True,信任背离,,ok,-0.18376423721088034,-0.8895004221810866,-0.5749832289836161,,-1.2569428747631306,-0.3996350857013755,-1.0000000000000009,0.0,-0.3355032469362319,,-0.09344785151296309,0.0,real,ok,
2021-01-12,-0.19965719738048904,-0.3842587811816366,-0.3993143947609781,5,True,基差平仓速度,,ok,-0.2553045566906233,-0.8872010541286757,-0.07431596471439986,,-0.32021354919284745,-0.3993143947609781,-2.0000000000000004,0.0,-0.04516596533069406,,-0.030305777024722813,0.0,real,ok,
2021-01-13,-0.1994972373878897,-0.6592612489558423,-0.3989944747757794,5,False,,,ok,-0.2551179549744443,-0.8849194428174609,-1.1770366452859944,,-0.31997095274546966,-0.3989944747757794,-2.0000000000000004,0.0,-0.6853929406865635,,-0.030305777024722813,0.0,real,ok,
2021-01-14,0.6182806411011796,-0.6581004648782036,1.2365612822023593,5,False,,,ok,-0.25493176186395605,-0.8826553607745256,-1.1750858299469746,,-0.31972890692735845,1.2365612822023593,-2.0000000000000004,0.0,-0.6853929406865635,,-0.030305777024722813,6.999999999999984,real,ok,
2021-01-15,-0.20011884222407222,-0.6569466642126008,-0.40023768444814445,5,False,,,ok,-0.2547459758699691,-0.8804085845866174,-1.1731446867354085,,-0.31948740965840855,-0.40023768444814445,-2.0000000000000004,0.0,-0.6853929406865635,,-0.030305777024722813,0.0,real,ok,
2021-01-18,-0.19995907256849138,-0.6557997712919116,-0.39991814513698276,5,False,,,ok,-0.2545605955108821,-0.8781788948074608,-1.1712131359798021,,-0.31924645886950137,-0.39991814513698276,-2.0000000000000004,0.0,-0.6853929406865635,,-0.030305777024722813,0.0,real,ok,
2021-01-19,-0.19979968505354345,-0.6168613231009491,-0.3995993701070869,5,False,,,ok,-0.3262721580145043,-0.8759660758676441,-1.1692910989244545,,-0.0959159595971935,-0.3995993701070869,-3.0,0.0,-0.6853929406865635,,-0.015298731787260156,0.0,real,ok,
2021-01-20,-0.19964067815802408,-0.633739536000088,-0.39928135631604816,5,False,,,ok,-0.39795982292033405,-0.8737699159869935,-1.167378497715967,,-0.09584990737705762,-0.39928135631604816,-4.000000000000001,0.0,-0.6853929406865635,,-0.015298731787260156,0.0,real,ok,
2021-01-21,-0.19948205036919442,-0.6495876756201292,-0.39896410073838884,5,False,,,ok,-0.5415696356855344,-0.871590207089358,-1.089406868274513,,-0.09578399143111128,-0.39896410073838884,-6.000000000000001,0.0,-0.6410901370679654,,-0.015298731787260156,0.0,real,ok,
2021-01-22,-0.19932380018272072,-0.63050297419739,-0.39864760036544145,5,False,,,ok,-0.46910179726236106,-0.8694267447197249,-1.0877651435160673,,-0.09571821129140644,-0.39864760036544145,-5.0,0.0,-0.6410901370679654,,-0.015298731787260156,0.0,real,ok,
2021-01-25,-0.19916592610261424,-0.4823559052954709,-0.3983318522052285,5,False,,,ok,-0.39667318252386147,-0.867279327963589,-0.5698185442021917,,-0.09565256649224146,-0.3983318522052285,-4.000000000000001,0.0,-0.3406626064319991,,-0.015298731787260156,0.0,real,ok,
2021-01-26,-0.07634269982948784,-0.07634269982948784,-0.398016853282344,5,False,,,ok,-0.6125753434594313,-0.8651477593685066,0.9628926889175119,,0.20945961459247459,-0.398016853282344,-7.000000000000001,0.0,0.5495860955003384,,0.005150459307615707,0.0,real,ok,
2021-01-27,-0.12975659262448394,-0.12975659262448394,-0.3977026006378353,5,False,,,ok,-0.6120049586380202,-0.8630318448677653,0.746699014802611,,0.2093114182052387,-0.3977026006378353,-7.000000000000001,0.0,0.4245887350452022,,0.005150459307615707,0.0,real,ok,
2021-01-28,-0.19869454566454336,-0.2246857311025389,-0.39738909132908673,5,False,,,ok,-0.5393143389274748,-0.8609313937060971,0.2923392722729469,,0.20916353595046946,-0.39738909132908673,-6.000000000000001,0.0,0.1611211988194628,,0.005150459307615707,0.0,real,ok,
2021-01-29,-0.18805157264413588,-0.18805157264413588,-0.3970763224297032,5,False,,,ok,-0.3944981624746138,-0.8588462183673766,0.2921221235455682,,0.20901596671987868,-0.3970763224297032,-4.000000000000001,0.0,0.1611211988194628,,0.005150459307615707,0.0,real,ok,
2021-02-01,-0.16949125043944732,-0.16949125043944732,-0.39676429102939587,5,False,,,ok,-0.321963034719966,-0.8567761345042395,0.29190545805577117,,0.2088687094106451,-0.39676429102939587,-3.0,0.0,0.1611211988194628,,0.005150459307615707,0.0,real,ok,
2021-02-02,-0.19822649711693396,-0.22110209602030687,-0.39645299423386793,5,False,,,ok,-0.3217237957404635,-0.854720960869559,0.29168927401369016,,0.00034709851510481547,-0.39645299423386793,-3.0,0.0,0.1611211988194628,,-0.008772969014078313,0.0,real,ok,
2021-02-03,-0.19807121458235127,-0.22058629352804307,-0.39614242916470255,5,False,,,ok,-0.32148508935937276,-0.8526805192497274,0.2914735696387281,,0.00034686485819974543,-0.39614242916470255,-3.0,0.0,0.1611211988194628,,-0.008772969014078313,0.0,real,ok,
2021-02-04,-0.197916296479625,-0.2562517448446085,-0.39583259295925,5,False,,,ok,-0.4659573198107794,-0.8506546343996825,0.291258343159495,,0.0003466316725328006,-0.39583259295925,-5.0,0.0,0.1611211988194628,,-0.008772969014078313,0.0,real,ok,
2021-02-05,-0.1977617413852587,-0.30998322356402774,-0.3955234827705174,5,False,,,ok,-0.6826797520467521,-0.8486431339796273,0.2910435928137464,,0.00034639895652208846,-0.3955234827705174,-8.0,0.0,0.1611211988194628,,-0.008772969014078313,0.0,real,ok,
2021-02-08,0.9792160349441673,-0.30936993193275936,1.9584320698883346,5,True,信任背离,,ok,-0.6820093627945619,-0.8466458484933919,0.2908293168483233,,0.00034616670859320247,1.9584320698883346,-8.0,0.0,0.1611211988194628,,-0.008772969014078313,9.999999999999986,real,ok,
2021-02-09,0.5073524667461822,-0.33128127883211855,1.0147049334923643,5,False,,,ok,-0.4640808213794028,-0.8446626112283833,-0.3069214190035826,,0.29053973628289453,1.0147049334923643,-5.0,0.0,-0.18405965251105047,,0.010552722236497725,5.999999999999983,real,ok,
2021-02-10,-0.1484745631869002,-0.1484745631869002,-0.3984593746525669,5,False,,,ok,-0.3912241075683367,-0.8426932581970819,0.34969007764328974,,0.29032903537452803,-0.3984593746525669,-4.000000000000001,0.0,0.19488692840031155,,0.010552722236497725,0.0,real,ok,
2021-02-11,-0.0801379547231409,-0.0801379547231409,-0.16263438302439764,5,False,,,ok,-0.3909232119109987,-0.8407376280800299,0.6209902288342267,,0.29011879226423837,-0.16263438302439764,-4.000000000000001,0.0,0.3516402123771586,,0.010552722236497725,1.0000000000000009,real,ok,
2021-02-12,-0.0812612268443655,-0.09791570367364998,-0.162522453688731,5,False,,,ok,-0.46318547319344583,-0.8387955621702746,0.6204092153726797,,0.28990900529644087,-0.162522453688731,-5.0,0.0,0.3516402123771586,,0.010552722236497725,1.0000000000000009,real,ok,
2021-02-15,-0.08120537757178932,-0.09753715350333847,-0.16241075514357864,5,False,,,ok,-0.4628112128013147,-0.8368669043192161,0.6198298302832551,,0.28969967282392173,-0.16241075514357864,-5.0,0.0,0.3516402123771586,,0.010552722236497725,1.0000000000000009,real,ok,
2021-02-16,-0.12912054518319338,-0.12912054518319338,-0.3982780882435162,5,False,,,ok,-0.38979896340558096,-0.8349515008838218,0.6192520659720769,,0.08901621758455225,-0.3982780882435162,-4.000000000000001,0.0,0.3516402123771586,,-0.002757390636127788,0.0,real,ok,
2021-02-17,0.017069606842238214,0.017069606842238214,-0.3979698748909093,5,False,,,ok,-0.3895010433336373,-0.8330492006751663,1.2018720502302607,,0.08895662114749582,-0.3979698748909093,-4.000000000000001,0.0,0.6881305553532753,,-0.002757390636127788,0.0,real,ok,
2021-02-18,-0.19883118806415087,-0.4253396006841439,-0.39766237612830174,5,False,,,ok,-0.6073367371013332,-0.8311598549082576,-0.3517589549783506,,0.08889714425136594,-0.39766237612830174,-7.000000000000001,0.0,-0.20654375442797168,,-0.002757390636127788,0.0,real,ok,
2021-02-19,-0.19867779459909424,-0.44286101438738823,-0.3973555891981885,5,False,,,ok,-0.6795046407463174,-0.8292833171531099,-0.3514938861471842,,0.08883778649705845,-0.3973555891981885,-8.0,0.0,-0.20654375442797168,,-0.002757390636127788,0.0,real,ok,
2021-02-22,-0.1985247556789703,-0.423993526293095,-0.3970495113579406,5,False,,,ok,-0.6061037936246039,-0.8274194432870293,-0.3512294157480791,,0.08877854748733206,-0.3970495113579406,-7.000000000000001,0.0,-0.20654375442797168,,-0.002757390636127788,0.0,real,ok,
2021-02-23,-0.16241767404049304,-0.16241767404049304,-0.3967441398797029,5,False,,,ok,-0.7502754650175131,-0.8255680914480764,0.42112381239860897,,0.5050490479050084,-0.3967441398797029,-9.000000000000002,0.0,0.23755295855497238,,0.02479625549400888,0.0,real,ok,
2021-02-24,0.8657068542104034,-0.2500807809539547,1.7314137084208068,5,True,信任背离,,ok,-0.6757765156490221,-0.8237291219896682,-0.003954763232534713,,0.5031372770554062,1.7314137084208068,-8.0,0.0,-0.006625481674479572,,0.02479625549400888,8.999999999999986,real,ok,
2021-02-25,2.7030433752348655,0.5252090364421154,5.406086750469731,5,True,拍卖吸收度、信任背离,红,ok,-0.6022158834319552,-0.8219023974362929,3.023729259177222,,0.5012251674594881,5.406086750469731,-7.000000000000001,0.0,1.743282071157001,,0.02479625549400888,25.0,real,ok,
2021-02-26,0.4839807782630938,0.4839807782630938,-0.3978305768608136,5,True,信任背离,,ok,-0.7467415395905735,-0.8200877824403003,3.0034397457233646,,0.4993126893598846,-0.3978305768608136,-9.000000000000002,0.0,1.743282071157001,,0.02479625549400888,0.0,real,ok,
2021-03-01,0.4974253003055793,0.4974253003055793,-0.3975260588683411,5,False,,,ok,-0.6729667912594932,-0.818285143739738,2.983553323398673,,0.49739981282287554,-0.3975260588683411,-8.0,0.0,1.743282071157001,,0.02479625549400888,0.0,real,ok,
2021-03-02,0.852896938949112,0.852896938949112,-0.39610122728465086,5,True,基差平仓速度,,ok,-0.5267262952149365,-0.8164943501172047,2.9640568197396973,,1.790751581388892,-0.39610122728465086,-6.000000000000001,0.0,1.743282071157001,,0.11032825654678824,0.0,real,ok,
2021-03-03,0.8472857307790567,0.8472857307790567,-0.3957596096742187,5,False,,,ok,-0.5260550137083374,-0.814715272359693,2.945289470206043,,1.7846237389782142,-0.3957596096742187,-6.000000000000001,0.0,1.743282071157001,,0.11032825654678824,0.0,real,ok,
2021-03-04,0.8063718746460653,0.8063718746460653,-0.3957596096742187,5,False,,,ok,-0.6705058448800805,-0.8129477832193897,2.9304004150507157,,1.7785407116330159,-0.3957596096742187,-8.0,0.0,1.743282071157001,,0.11032825654678824,0.0,real,ok,
2021-03-05,0.8003296694256103,0.8003296694256103,-0.3957596096742187,5,False,,,ok,-0.6697535998614835,-0.8111917573754104,2.909762112767933,,1.7725019221714025,-0.3957596096742187,-8.0,0.0,1.743282071157001,,0.11032825654678824,0.0,real,ok,
2021-03-08,0.7943596863905322,0.7943596863905322,-0.3943351377828621,5,False,,,ok,-0.6691155236654613,-0.8094470713964403,2.889494536557944,,1.7665068040660867,-0.3943351377828621,-8.0,0.0,1.743282071157001,,0.11032825654678824,0.0,real,ok,
2021-03-09,-0.1964554060507469,-0.49568521245430464,-0.3929108121014938,5,True,拍卖吸收度、基差平仓速度,,ok,-0.6679576453488141,-0.8077136037042574,-1.0516444712523454,,0.5445748704881984,-0.3929108121014938,-8.0,0.0,-0.6182792087861931,,0.029529401753042306,0.0,real,ok,
2021-03-10,-0.19612838882708808,-0.26386717142698146,-0.39225677765417616,5,False,,,ok,-0.6668957277533901,-0.8059912345381114,-0.12537516691396416,,0.54279344349754,-0.39225677765417616,-8.0,0.0,-0.06307323801152331,,0.029529401753042306,0.0,real,ok,
2021-03-11,-0.19515734131428553,-0.2168882796611298,-0.39031468262857105,5,False,,,ok,-0.7384250964991174,-0.8042798459199368,0.1341390781311156,,0.5410127456434194,-0.39031468262857105,-9.000000000000002,0.0,0.09271869151189191,,0.029529401753042306,0.0,real,ok,
2021-03-12,0.7342123920562269,-0.21694376770304916,1.4684247841124538,5,False,,,ok,-0.7375123010929725,-0.8025793216203767,0.13308379389168348,,0.539232758009469,1.4684247841124538,-9.000000000000002,0.0,0.09271869151189191,,0.029529401753042306,7.999999999999985,real,ok,
2021-03-15,0.15229409598504745,-0.2170308328566587,0.3045881919700949,5,False,,,ok,-0.7367152814194122,-0.8008895471255938,0.1320280354613747,,0.5374534616569964,0.3045881919700949,-9.000000000000002,0.0,0.09271869151189191,,0.029529401753042306,3.0000000000000027,real,ok,
2021-03-16,0.6158492191631981,-0.2072079666567348,1.2316984383263962,5,False,,,ok,-0.7361638317951622,-0.7992104096048485,-0.28434169884938193,,0.9908840736224533,1.2316984383263962,-9.000000000000002,0.0,-0.15630126877234907,,0.05965630231830543,7.000000000000006,real,ok,
2021-03-17,0.9606283647065396,-0.20664485401873806,1.9212567294130791,5,False,,,ok,-0.7354878968786785,-0.7975417978788232,-0.28274951048495145,,0.9891997891675011,1.9212567294130791,-9.000000000000002,0.0,-0.15630126877234907,,0.05965630231830543,9.999999999999986,real,ok,
2021-03-18,1.755123356396547,-0.3012114835323274,3.510246712793094,5,False,,黄,ok,-0.7348125434138661,-0.7958836023886713,-0.661680942556095,,0.9875311542293227,3.510246712793094,-9.000000000000002,0.0,-0.382714445487442,,0.05965630231830543,16.999999999999993,real,ok,
2021-03-19,0.9465824122132613,-0.30090041892620367,1.8931648244265227,5,False,,,ok,-0.7340182192204829,-0.794235715165774,-0.6612260992227726,,0.9858783579042147,1.8931648244265227,-9.000000000000002,0.0,-0.382714445487442,,0.05965630231830543,10.000000000000009,real,ok,
2021-03-22,0.6008515826610497,-0.30058815628722396,1.2017031653220993,5,False,,,ok,-0.7332246760338219,-0.7925980298021819,-0.6607715155129159,,0.9842415962000237,1.2017031653220993,-9.000000000000002,0.0,-0.382714445487442,,0.05965630231830543,6.999999999999984,real,ok,
2021-03-23,-0.11523921900819545,-0.11523921900819545,-0.402993567174634,5,False,,,ok,-0.7319118111303543,-0.7909704414217262,0.19269444046646664,,0.8692309360528323,-0.402993567174634,-9.000000000000002,0.0,0.1284923542713691,,0.05224592978839149,0.0,real,ok,
2021-03-24,-0.201496783587317,-0.42503060805758675,-0.402993567174634,5,False,,,ok,-0.7306944924483547,-0.7893528466517828,-1.0471144748417907,,0.8670393817115817,-0.402993567174634,-9.000000000000002,0.0,-0.6142771842998161,,0.05224592978839149,0.0,real,ok,
2021-03-25,-0.09958015136290818,-0.09958015136290818,-0.402993567174634,5,False,,,ok,-0.729577491562326,-0.7877451435956667,0.2541487671155065,,0.8648532625908535,-0.402993567174634,-9.000000000000002,0.0,0.16536822121535405,,0.05224592978839149,0.0,real,ok,
2021-03-26,-0.09968895962450872,-0.09968895962450872,-0.402993567174634,5,False,,,ok,-0.7285655586255978,-0.7861472318056456,0.2532843913053387,,0.8626725606278699,-0.402993567174634,-9.000000000000002,0.0,0.16536822121535405,,0.05224592978839149,0.0,real,ok,
2021-03-29,-0.09985469017007403,-0.09985469017007403,-0.402993567174634,5,False,,,ok,-0.7277771011725102,-0.7845590122565537,0.25242009442963087,,0.8604972583191368,-0.402993567174634,-9.000000000000002,0.0,0.16536822121535405,,0.05224592978839149,0.0,real,ok,
2021-03-30,-0.201496783587317,-0.5285417174891229,-0.402993567174634,5,True,基差平仓速度,,ok,-0.7271080363609377,-0.7829803873199893,0.25155587451423794,,-0.855634320789803,-0.402993567174634,-9.000000000000002,0.0,0.16536822121535405,,-0.058872022812689107,0.0,real,ok,
2021-03-31,-0.201496783587317,-0.5286156703095133,-0.402993567174634,5,False,,,ok,-0.7263210028841577,-0.7814112607390851,0.252971082759273,,-0.8597015003740833,-0.402993567174634,-9.000000000000002,0.0,0.16536822121535405,,-0.058872022812689107,0.0,real,ok,
2021-04-01,0.4850699458053032,-0.529322583030296,0.9701398916106064,5,False,,,ok,-0.7255347318916481,-0.7798515376038292,0.251895568675543,,-0.86379963130125,0.9701398916106064,-9.000000000000002,0.0,0.16536822121535405,,-0.058872022812689107,6.000000000000005,real,ok,
2021-04-02,0.36965637547817276,-0.5299219411745874,0.7393127509563455,5,False,,,ok,-0.7246359271831219,-0.7783011243269302,0.2511784549434747,,-0.8679291681317721,0.7393127509563455,-9.000000000000002,0.0,0.16536822121535405,,-0.058872022812689107,5.000000000000004,real,ok,
2021-04-05,-0.20300800948391423,-0.5305317849694311,-0.40601601896782846,5,False,,,ok,-0.7237380877764814,-0.7767599286202073,0.2504614514068335,,-0.8720905748878689,-0.40601601896782846,-9.000000000000002,0.0,0.16536822121535405,,-0.058872022812689107,0.0,real,ok,
2021-04-06,-0.15245524772268246,-0.15245524772268246,-0.4046037973446291,5,True,基差平仓速度,,ok,-0.7226300794140836,-0.7752278594714926,0.24974455695705178,,0.6382923910377946,-0.4046037973446291,-9.000000000000002,0.0,0.16536822121535405,,0.03798153098126489,0.0,real,ok,
2021-04-07,-0.15239774861276878,-0.15239774861276878,-0.4046037973446291,5,False,,,ok,-0.7211615205672366,-0.7737048271220359,0.24902777048597388,,0.6362475827522236,-0.4046037973446291,-9.000000000000002,0.0,0.16536822121535405,4.32,0.03798153098126489,0.0,real,ok,
2021-04-08,-0.15243310103340216,-0.15243310103340216,-0.4046037973446291,5,False,,,ok,-0.7200565855006852,-0.7721907430443944,0.2483110908858482,,0.6342038335256227,-0.4046037973446291,-9.000000000000002,0.0,0.16536822121535405,4.32,0.03798153098126489,0.0,real,ok,
2021-04-09,-0.20230189867231455,-0.285860045933599,-0.4046037973446291,4,False,,,ok,-0.7190557293193713,-0.7706855199207975,,,0.6321611114393719,-0.4046037973446291,-9.000000000000002,0.0,,4.32,0.03798153098126489,0.0,real,ok,
2021-04-12,-0.055626645655994844,-0.055626645655994844,-0.4046037973446291,5,False,,,ok,-0.7181636017296589,-0.7691890716219761,0.634726706252076,,0.6301193844755796,-0.4046037973446291,-9.000000000000002,0.0,0.39591178983592645,4.32,0.03798153098126489,0.0,real,ok,
2021-04-13,-0.20230189867231455,-0.41433203072576225,-0.4046037973446291,5,False,,,ok,-0.7177518743671674,-0.7677013131864409,-0.4147932931283346,,0.24291835777889378,-0.4046037973446291,-9.000000000000002,0.0,-0.2326260365913384,4.32,0.013491401834622385,0.0,real,ok,
2021-04-14,-0.20230189867231455,-0.4141178158909524,-0.4046037973446291,5,False,,,ok,-0.7178989867208011,-0.7662221608002021,-0.41324869499361677,,0.24089857895081013,-0.4046037973446291,-9.000000000000002,0.0,-0.2326260365913384,4.32,0.013491401834622385,0.0,real,ok,
2021-04-15,-0.20230189867231455,-0.4141912627997655,-0.4046037973446291,5,False,,,ok,-0.7177568202293507,-0.7647515317769169,-0.41313098061509457,,0.23887428142230022,-0.4046037973446291,-9.000000000000002,0.0,-0.2326260365913384,4.32,0.013491401834622385,0.0,real,ok,
2021-04-16,-0.20230189867231455,-0.41411053929732405,-0.4046037973446291,5,False,,,ok,-0.7167586612997819,-0.7632893445384563,-0.4132395527491607,,0.23684540139810276,-0.4046037973446291,-9.000000000000002,0.0,-0.2326260365913384,4.32,0.013491401834622385,0.0,real,ok,
2021-04-19,-0.20230189867231455,-0.41406018807336054,-0.4046037973446291,5,False,,,ok,-0.715868969936394,-0.7618355185958782,-0.4133481379697955,,0.2348118742086257,-0.4046037973446291,-9.000000000000002,0.0,-0.2326260365913384,4.32,0.013491401834622385,0.0,real,ok,
2021-04-20,-0.2007542790326502,-0.2007542790326502,-0.4046037973446291,5,True,基差平仓速度,,ok,-0.7149802175989242,-0.7603899745308006,-0.4134567362824126,,1.0858098122815367,-0.4046037973446291,-9.000000000000002,0.0,-0.2326260365913384,4.32,0.06732029885338453,0.0,real,ok,
2021-04-21,-0.15218884573316493,-0.15218884573316493,-0.4046037973446291,5,False,,,ok,-0.7142044468367524,-0.7589526339771596,-0.21852613398848586,,1.0829278318697382,-0.4046037973446291,-9.000000000000002,0.0,-0.11589422576379865,4.32,0.06732029885338453,0.0,real,ok,
2021-04-22,-0.08789920291627241,-0.5095215112828217,-0.17579840583254483,5,False,,,ok,-0.7134294101459798,-0.7575234196033485,-1.647187970272214,,1.0800547548902557,-0.17579840583254483,-9.000000000000002,0.0,-0.9722313780701608,4.32,0.06732029885338453,1.0000000000000009,real,ok,
2021-04-23,-0.2024712674071381,-0.5084139617285859,-0.4049425348142762,5,False,,,ok,-0.7118247124387721,-0.7561022550947246,-1.6429193895078713,,1.0771905101270247,-0.4049425348142762,-9.000000000000002,0.0,-0.9722313780701608,4.32,0.06732029885338453,0.0,real,ok,
2021-04-26,0.08771306603874554,0.08771306603874554,-0.4049425348142762,5,True,拍卖吸收度,,ok,-0.7102223006605131,-0.7546890651364774,0.7414286029376923,,1.0743350270142802,-0.4049425348142762,-9.000000000000002,0.0,0.45845694605136145,4.32,0.06732029885338453,0.0,real,ok,
2021-04-27,0.36953757563771195,-0.10022524596887505,0.7390751512754239,5,True,基差平仓速度,,ok,-0.7086947364280173,-0.7532837753968467,-0.6442167872608588,,1.7052943152102227,0.7390751512754239,-9.000000000000002,0.0,-0.37271228883746255,4.32,0.10745019431781677,4.999999999999982,real,ok,
2021-04-28,0.4829254111226459,-0.10074609018951236,0.9658508222452918,5,False,,,ok,-0.707604703596286,-0.7518863125106846,-0.6439175314939299,,1.7004241868428511,0.9658508222452918,-9.000000000000002,0.0,-0.37271228883746255,4.32,0.10745019431781677,5.999999999999983,real,ok,
2021-04-29,0.7098112087326276,-0.10131406177941787,1.4196224174652552,5,False,,,ok,-0.7067239153490882,-0.7504966040633534,-0.6436183905634343,,1.695582662858204,1.4196224174652552,-9.000000000000002,0.0,-0.37271228883746255,,0.10745019431781677,7.999999999999985,real,ok,
2021-04-30,0.5939180346578554,-0.10193391806781404,1.1878360693157108,5,False,,,ok,-0.7060711654892738,-0.7491145785749472,-0.6433193643546683,,1.690769436147633,1.1878360693157108,-9.000000000000002,0.0,-0.37271228883746255,,0.10745019431781677,6.999999999999984,real,ok,
2021-05-03,-0.10253405619897005,-0.10253405619897005,-0.41166227135063677,5,False,,,ok,-0.7056652795092109,-0.7477401654848351,-0.6427149839960352,,1.685984204194201,-0.41166227135063677,-9.000000000000002,0.0,-0.37271228883746255,,0.10745019431781677,0.0,real,ok,
2021-05-04,-0.20583113567531838,-0.5218425298536971,-0.41166227135063677,5,True,基差平仓速度,,ok,-0.7052596102003786,-0.7463732951365154,-0.6417009115889745,,0.005963697511080449,-0.41166227135063677,-9.000000000000002,0.0,-0.37271228883746255,,0.0006267387363828592,0.0,real,ok,
2021-05-05,-0.2052380539581734,-0.5210819879355767,-0.4104761079163468,5,False,,,ok,-0.7051196109126595,-0.7450138987627714,-0.6408605703933196,,0.00666612832644377,-0.4104761079163468,-9.000000000000002,0.0,-0.37271228883746255,,0.0006267387363828592,0.0,real,ok,
2021-05-06,-0.2052380539581734,-0.5201955672257026,-0.4104761079163468,5,False,,,ok,-0.7044681891433568,-0.743661908471127,-0.6400210021015812,,0.0073688308132545555,-0.4104761079163468,-9.000000000000002,0.0,-0.37271228883746255,,0.0006267387363828592,0.0,real,ok,
2021-05-07,-0.2052380539581734,-0.5193413660593199,-0.4104761079163468,5,False,,,ok,-0.7039378087164586,-0.7423172572295904,-0.6391822045363673,,0.008071806245136733,-0.4104761079163468,-9.000000000000002,0.0,-0.37271228883746255,,0.0006267387363828592,0.0,real,ok,
2021-05-10,-0.2052380539581734,-0.5184590873977949,-0.4104761079163468,5,False,,,ok,-0.7032873511097996,-0.7409798788526808,-0.6383441755271186,,0.00877505589841947,-0.4104761079163468,-9.000000000000002,0.0,-0.37271228883746255,,0.0006267387363828592,0.0,real,ok,
2021-05-11,0.1370857414190808,-0.4289151802177923,0.2741714828381616,5,False,,,ok,-0.7027577655650494,-0.7396497079877319,-0.1883269389886515,,-0.08492630832973652,0.2741714828381616,-9.000000000000002,0.0,-0.10249299864801328,,-0.005375942680640344,2.9999999999999805,real,ok,
2021-05-12,0.933358217111056,-0.40474916995480265,1.866716434222112,5,False,,,ok,-0.7024835147829208,-0.7383266801014648,-0.09466473005619438,,-0.08352175487863055,1.866716434222112,-9.000000000000002,0.0,-0.04621109633321902,,-0.005375942680640344,9.999999999999986,real,ok,
2021-05-13,0.7032835751634813,-0.3416384297049882,1.4065671503269626,5,False,,,ok,-0.7023440300585967,-0.7370107314668254,0.15491652982906096,,-0.08211548712359158,1.4065671503269626,-9.000000000000002,0.0,0.10391035332008697,,-0.005375942680640344,7.999999999999985,real,ok,
2021-05-14,-0.20771643824168834,-0.3410203300526854,-0.4154328764833767,5,False,,,ok,-0.7022045721739376,-0.7357017991500782,0.15453254201770433,,-0.08070749090443016,-0.4154328764833767,-9.000000000000002,0.0,0.10391035332008697,,-0.005375942680640344,0.0,real,ok,
2021-05-17,-0.20771643824168834,-0.3402472868163988,-0.4154328764833767,5,False,,,ok,-0.7014401543131465,-0.7343998209981526,0.1541485800125456,,-0.07929775196684175,-0.4154328764833767,-9.000000000000002,0.0,0.10391035332008697,,-0.005375942680640344,0.0,real,ok,
2021-05-18,-0.20771643824168834,-0.4604434326928171,-0.4154328764833767,5,False,,,ok,-0.7007917321708041,-0.7331047356262348,0.1537646436434879,,-0.5616419066177174,-0.4154328764833767,-9.000000000000002,0.0,0.10391035332008697,,-0.03603630503956867,0.0,real,ok,
2021-05-19,-0.20771643824168834,-0.4782496940125234,-0.4154328764833767,5,False,,,ok,-0.7002638247967385,-0.7318164824055997,0.07891473356385259,,-0.5598332024116076,-0.4154328764833767,-9.000000000000002,0.0,0.05855241369167998,,-0.03603630503956867,0.0,real,ok,
2021-05-20,-0.20771643824168834,-0.5149177655212518,-0.4154328764833767,5,False,,,ok,-0.6997362731356601,-0.7305350014516782,-0.07137443073935518,,-0.5580253567583137,-0.4154328764833767,-9.000000000000002,0.0,-0.03259488191320015,,-0.03603630503956867,0.0,real,ok,
2021-05-21,-0.20771643824168834,-0.5138120760205845,-0.4154328764833767,5,False,,,ok,-0.6988638692560145,-0.7292602336123523,-0.07090585121306991,,-0.5562183500009016,-0.4154328764833767,-9.000000000000002,0.0,-0.03259488191320015,,-0.03603630503956867,0.0,real,ok,
2021-05-24,-0.20771643824168834,-0.5124107636083659,-0.4154328764833767,5,False,,,ok,-0.696801531064658,-0.7279921204564763,-0.07043724044812061,,-0.5544121624642085,-0.4154328764833767,-9.000000000000002,0.0,-0.03259488191320015,,-0.03603630503956867,0.0,real,ok,
2021-05-25,-0.20771643824168834,-0.8301909602976252,-0.4154328764833767,5,False,,,ok,-0.6950336680680034,-0.7267306042626172,-1.2716804927982264,,-0.627319076061654,-0.4154328764833767,-9.000000000000002,0.0,-0.7552502466888236,,-0.04076282843050083,0.0,real,ok,
2021-05-26,-0.20771643824168834,-0.6993492848371471,-0.4154328764833767,5,False,,,ok,-0.6935279603674884,-0.7252167098287217,-0.7500119666568178,,-0.6286405024955605,-0.4154328764833767,-9.000000000000002,0.0092,-0.4429524026595092,,-0.04076282843050083,0.0,real,ok,
2021-05-27,-0.20771643824168834,-0.7273849051887101,-0.4154328764833767,5,False,,,ok,-0.6920242889309243,-0.7239689700078284,-0.8635815398334896,,-0.6299648219825981,-0.4154328764833767,-9.000000000000002,0.0092,-0.5123254702299669,,-0.04076282843050083,0.0,real,ok,
2021-05-28,-0.20771643824168834,-0.7266140725432965,-0.4154328764833767,5,False,,,ok,-0.690766688617746,-0.7227276526804588,-0.8616699004019036,,-0.6312920484730772,-0.4154328764833767,-9.000000000000002,0.0092,-0.5123254702299669,,-0.04076282843050083,0.0,real,ok,
2021-05-31,-0.20771643824168834,-0.7259446407057948,-0.4154328764833767,5,False,,,ok,-0.6899015385925756,-0.7214927029157252,-0.8597621253050846,,-0.6326221960097939,-0.4154328764833767,-9.000000000000002,0.0092,-0.5123254702299669,,-0.04076282843050083,0.0,real,ok,
2021-06-01,0.47440067644798617,-0.7540730503054179,0.9488013528959723,5,False,,,ok,-0.6895029003396367,-0.720264066438392,-0.8578581920894214,,-0.7486670423542218,0.9488013528959723,-9.000000000000002,0.0092,-0.5123254702299669,,-0.04799319401614377,6.000000000000005,real,ok,
2021-06-02,-0.09426080619878013,-0.7539258473934383,-0.18852161239756027,5,False,,,ok,-0.6891044688816264,-0.7193013224690809,-0.8565179043842892,,-0.7507796938387566,-0.18852161239756027,-9.000000000000002,0.0,-0.5123254702299669,,-0.04799319401614377,1.0000000000000009,real,ok,
2021-06-03,-0.20777180330530196,-0.7538114482385639,-0.4155436066106039,5,False,,,ok,-0.6887062439492506,-0.7180844135639667,-0.8555549290736782,,-0.7529002063673605,-0.4155436066106039,-9.000000000000002,0.0,-0.5123254702299669,,-0.04799319401614377,0.0,real,ok,
2021-06-04,-0.20760236787869013,-0.7534074575035257,-0.41520473575738026,5,False,,,ok,-0.6881849445301826,-0.7168736642058219,-0.8535425817228912,,-0.755028639555207,-0.41520473575738026,-9.000000000000002,0.0,-0.5123254702299669,,-0.04799319401614377,0.0,real,ok,
2021-06-07,-0.20760236787869013,-0.7530080871396976,-0.41520473575738026,5,False,,,ok,-0.6876639889061158,-0.715669022586748,-0.8515342834148143,,-0.7571650536511119,-0.41520473575738026,-9.000000000000002,0.0,-0.5123254702299669,,-0.04799319401614377,0.0,real,ok,
2021-06-08,-0.20760236787869013,-0.7216027321689873,-0.41520473575738026,5,False,,,ok,-0.6865978662989385,-0.7144704375069967,-0.5299839091629369,,-0.9553587157070769,-0.41520473575738026,-9.000000000000002,0.0,-0.32009571957607275,,-0.060274635595203296,0.0,real,ok,
2021-06-09,-0.20760236787869013,-1.0129760654508706,-0.41520473575738026,5,False,,,ok,-0.6858459459933995,-0.7132778583658218,-1.6935299559744357,,-0.9592505014698259,-0.41520473575738026,-9.000000000000002,0.0,-1.0220975295854147,,-0.060274635595203296,0.0,real,ok,
2021-06-10,-0.20760236787869013,-0.5509529102149139,-0.41520473575738026,5,True,拍卖吸收度,,ok,-0.6853264606774382,-0.7120912351524977,0.1567754304581821,,-0.9631693754879018,-0.41520473575738026,-9.000000000000002,0.0,0.0904118374639996,,-0.060274635595203296,0.0,real,ok,
2021-06-11,-0.20760236787869013,-0.551515384394484,-0.41520473575738026,5,False,,,ok,-0.684807316047938,-0.7109105184375019,0.1567719932863395,,-0.9671156963788355,-0.41520473575738026,-9.000000000000002,0.0,0.0904118374639996,,-0.060274635595203296,0.0,real,ok,
2021-06-14,-0.20760236787869013,-0.5521488828028496,-0.41520473575738026,5,False,,,ok,-0.6845385984836176,-0.709735659363858,0.1567685561198986,,-0.9710898294838213,-0.41520473575738026,-9.000000000000002,0.0,0.0904118374639996,,-0.060274635595203296,0.0,real,ok,
2021-06-15,-0.20760236787869013,-0.8363438507275034,-0.41520473575738026,5,True,基差平仓速度,,ok,-0.6844019583430668,-0.7085666096386366,-0.19498859721039294,,-1.757418237717917,-0.41520473575738026,-9.000000000000002,0.0,-0.12138646698078032,,-0.10879722807978243,0.0,real,ok,
2021-06-16,-0.20760236787869013,-0.8366923147460597,-0.41520473575738026,5,False,,,ok,-0.6838834274621977,-0.7074033215246097,-0.1949679059506142,,-1.7605146040468174,-0.41520473575738026,-9.000000000000002,0.0,-0.12138646698078032,,-0.10879722807978243,0.0,real,ok,
2021-06-17,-0.20679958882473395,-0.8539285757040465,-0.4135991776494679,5,False,,,ok,-0.7550865537948419,-0.7062457478320543,-0.19075834548485396,,-1.7636236557044356,-0.4135991776494679,-10.0,0.0,-0.11896834208171336,,-0.10879722807978243,0.0,real,ok,
2021-06-18,-0.2057209288551171,-0.8540617539514719,-0.4114418577102342,5,False,,,ok,-0.7544080692641977,-0.7050938419107047,-0.18999962006525117,,-1.7667454845657338,-0.4114418577102342,-10.0,0.0,-0.11896834208171336,,-0.10879722807978243,0.0,real,ok,
2021-06-21,-0.2048311887726153,-0.8542636504195136,-0.4096623775452306,5,False,,,ok,-0.7539859694936073,-0.7039475576418484,-0.18924089109809497,,-1.7698801834445035,-0.4096623775452306,-10.0,0.0,-0.11896834208171336,,-0.10879722807978243,0.0,real,ok,
2021-06-22,-0.1954966399231245,-0.1954966399231245,-0.4090116243505259,5,True,基差平仓速度,,ok,-0.7535641108142372,-0.7028068494305629,0.026040723937852363,,0.6483436766144499,-0.4090116243505259,-10.0,0.0,0.0101735326381108,,0.04001476186922637,0.0,real,ok,
2021-06-23,-0.2043360812532786,-0.3747420472362553,-0.4086721625065572,5,False,,,ok,-0.7525419650441929,-0.7016716721980916,-0.6911377333956849,,0.6463831816929482,-0.4086721625065572,-10.0,0.0,-0.42193956604652905,,0.04001476186922637,0.0,real,ok,
2021-06-24,-0.2035307437098106,-0.39259756143360114,-0.4070614874196212,5,False,,,ok,-0.7521208935495812,-0.7005419813743533,-0.7621516552534869,,0.644424284443017,-0.4070614874196212,-10.0,0.0,-0.46569737602176486,,0.04001476186922637,0.0,real,ok,
2021-06-25,0.8248450919430438,-0.3921684543120676,1.6496901838860876,5,True,信任背离,,ok,-0.7513250914485903,-0.699417732890585,-0.7603979533934604,,0.6424669604843651,1.6496901838860876,-10.0,0.0,-0.46569737602176486,,0.04001476186922637,9.000000000000007,real,ok,
2021-06-28,-0.20454705875036572,-0.39190366481257255,-0.40909411750073144,5,True,信任背离,,ok,-0.7511798650783568,-0.6982988831721153,-0.7586470964443845,,0.6405111854445665,-0.40909411750073144,-10.0,0.0,-0.46569737602176486,,0.04001476186922637,0.0,real,ok,
2021-06-29,-0.09032951579153295,-0.11547469319369108,-0.1806590315830659,5,True,基差平仓速度,,ok,-0.7510346684910152,-0.6971853891312625,-0.7568990676108508,,1.7432203524583643,-0.1806590315830659,-10.0,0.0,-0.46569737602176486,,0.1078351167653816,1.0000000000000009,real,ok,
2021-06-30,-0.1159420805990306,-0.1159420805990306,-0.40943328263297907,5,False,,,ok,-0.7507494275878289,-0.6960772081603597,-0.7548220034016951,,1.7378803167537613,-0.40943328263297907,-10.0,0.0,-0.46569737602176486,,0.1078351167653816,0.0,real,ok,
2021-07-01,-0.11657460719082058,-0.11657460719082058,-0.40943328263297907,5,False,,,ok,-0.7503293643944068,-0.694974298124899,-0.7535732230449983,,1.7325784568010216,-0.40943328263297907,-10.0,0.0,-0.46569737602176486,,0.1078351167653816,0.0,real,ok,
2021-07-02,-0.1170448439261999,-0.1170448439261999,-0.40943328263297907,5,False,,,ok,-0.749535397942957,-0.6938766173567971,-0.7520817140414694,,1.7273143536364237,-0.40943328263297907,-10.0,0.0,-0.46569737602176486,,0.1078351167653816,0.0,real,ok,
2021-07-05,-0.11753769436371125,-0.11753769436371125,-0.40943328263297907,5,False,,,ok,-0.7488617568113283,-0.6927841246477767,-0.7505924919472353,,1.7220875959514952,-0.40943328263297907,-10.0,0.0,-0.46569737602176486,,0.1078351167653816,0.0,real,ok,
2021-07-06,-0.019445797719004232,-0.019445797719004232,-0.40943328263297907,5,False,,,ok,-0.7480692605851567,-0.6916967792428624,-0.7491055457746983,,2.1110883947267007,-0.40943328263297907,-10.0,0.0,-0.46569737602176486,,0.13221836093744388,0.0,real,ok,
2021-07-07,-0.019938133942238423,-0.019938133942238423,-0.40943328263297907,5,False,,,ok,-0.7470540121313025,-0.6906145408339885,-0.7476208645920494,,2.1055368817883866,-0.40943328263297907,-10.0,0.0,-0.46569737602176486,,0.13221836093744388,0.0,real,ok,
2021-07-08,-0.020298661514832395,-0.020298661514832395,-0.40943328263297907,5,False,,,ok,-0.7455696296002386,-0.6895373695537178,-0.7461384375228424,,2.1000507906174692,-0.40943328263297907,-10.0,0.0,-0.46569737602176486,,0.13221836093744388,0.0,real,ok,
2021-07-09,0.22071861963442277,0.22071861963442277,-0.40943328263297907,4,False,,,ok,-0.7440085406988091,-0.6884652259690662,,,2.0946296255711436,-0.40943328263297907,-10.0,0.0,,,0.13221836093744388,0.0,real,ok,
2021-07-12,0.2221367465031644,0.2221367465031644,-0.40943328263297907,5,False,,,ok,-0.7433392967262081,-0.6873980710754344,0.2300114447333686,,2.0892729090809317,-0.40943328263297907,-10.0,0.0,0.1231164134287949,,0.13221836093744388,0.0,real,ok,
2021-07-13,0.6327999000308835,0.6327999000308835,-0.40943328263297907,5,True,基差平仓速度,,ok,-0.7426706271732197,-0.6863358662906416,1.2107981982626204,,2.749407895324775,-0.40943328263297907,-10.0,0.0,0.7166568363071331,,0.17354817673172296,0.0,real,ok,
2021-07-14,0.629914329986342,0.629914329986342,0.5044242296411838,5,False,,,ok,-0.7420025308199701,-0.685278573449061,1.208255134587643,,2.738683289626756,0.5044242296411838,-10.0,0.0,0.7166568363071331,,0.17354817673172296,4.0000000000000036,real,ok,
2021-07-15,0.6270691380427548,0.6270691380427548,-0.1821779606320919,5,False,,,ok,-0.7413350064498897,-0.6842261547958555,1.2057203415465927,,2.7281173718701717,-0.1821779606320919,-10.0,0.0,0.7166568363071331,,0.17354817673172296,1.0000000000000009,real,ok,
2021-07-16,0.6243746317026126,0.6243746317026126,-0.4109595856119288,5,False,,,ok,-0.740224113665911,-0.6831785729813082,1.2031937643178277,,2.7177074491398425,-0.4109595856119288,-10.0,0.0,0.7166568363071331,,0.17354817673172296,0.0,real,ok,
2021-07-19,0.6218840705732489,0.6218840705732489,-0.4109595856119288,5,False,,,ok,-0.7390161752848085,-0.6821357910552506,1.2012373330140993,,2.7074509156189555,-0.4109595856119288,-10.0,0.0,0.7166568363071331,,0.17354817673172296,0.0,real,ok,
2021-07-20,0.2180847491646331,0.2180847491646331,-0.41002662491901587,5,True,基差平仓速度,,ok,-0.7378098593989825,-0.6810977724615831,1.1986552564643056,,1.0925913720547924,-0.41002662491901587,-10.0,0.0,0.7166568363071331,,0.07358282824554763,0.0,real,ok,
2021-07-21,-0.041149643201059516,-0.041149643201059516,-0.40909411750073144,5,False,,,ok,-0.7366051597731117,-0.6800644810328873,0.1622657877545614,,1.0898052802471996,-0.40909411750073144,-10.0,0.0,0.08802639094086996,,0.07358282824554763,0.0,real,ok,
2021-07-22,-0.20365766377913946,-0.28315901456535086,-0.40731532755827893,5,False,,,ok,-0.7356032582989557,-0.6790358809851271,-0.8050253073906956,,1.087028388413375,-0.40731532755827893,-10.0,0.0,-0.4997634073750301,,0.07358282824554763,0.0,real,ok,
2021-07-23,-0.20306459668702942,-0.2829494852287412,-0.40612919337405884,5,False,,,ok,-0.7346025380035967,-0.6780119369124402,-0.8034440997794134,,1.0842606337804854,-0.40612919337405884,-10.0,0.0,-0.4997634073750301,,0.07358282824554763,0.0,real,ok,
2021-07-26,0.9381200373640531,-0.10686560661120847,1.8762400747281063,5,True,信任背离,,ok,-0.7332209872472033,-0.6769926137820137,-0.09875077970238143,,1.0815019542867645,1.8762400747281063,-10.0,0.0,-0.07207224121647995,,0.07358282824554763,10.000000000000009,real,ok,
2021-07-27,0.02402598576081098,-0.08891132137406604,0.04805197152162196,5,False,,,ok,-0.7318414135076062,-0.6759778769290443,0.2970739306211962,,0.7551000743191902,0.04805197152162196,-10.0,0.0,0.16840610665707936,,0.053579940184921515,2.0000000000000018,real,ok,
2021-07-28,-0.2044475392099177,-0.5854938816981767,-0.4088950784198354,5,True,拍卖吸收度,,ok,-0.7306446112606375,-0.6749676920517833,-1.689306677255721,,0.7529434537754349,-0.4088950784198354,-10.0,0.0,-1.0411603138503884,,0.053579940184921515,0.0,real,ok,
2021-07-29,-0.09036994612676266,-0.14458851321015248,-0.18073989225352532,5,False,,,ok,-0.7294493887151372,-0.6739620252066608,0.07426775643553125,,0.7507896046456568,-0.18073989225352532,-10.0,0.0,0.03167782539952362,,0.053579940184921515,1.0000000000000009,real,ok,
2021-07-30,-0.14458185134706888,-0.14458185134706888,-0.40923380286166156,5,False,,,ok,-0.7283532368556838,-0.6729608428034917,0.07434817908662256,,0.7486384951842774,-0.40923380286166156,-10.0,0.0,0.03167782539952362,,0.053579940184921515,0.0,real,ok,
2021-08-02,-0.14457596580852305,-0.14457596580852305,-0.40923380286166156,5,False,,,ok,-0.7272584489017329,-0.6719641116007575,0.07442860355830307,,0.7464900937100951,-0.40923380286166156,-10.0,0.0,0.03167782539952362,,0.053579940184921515,0.0,real,ok,
2021-08-03,-0.20461690143083078,-0.25392284007020516,-0.40923380286166156,5,False,,,ok,-0.7261650200841179,-0.6709717987009676,0.07450902985218576,,0.30693642865207904,-0.40923380286166156,-10.0,0.0,0.03167782539952362,,0.026693102209042308,0.0,real,ok,
2021-08-04,-0.2036575666256573,-0.2533910822423602,-0.4073151332513146,5,False,,,ok,-0.725072945653147,-0.6699838715460934,0.07485370318278764,,0.30663878504701203,-0.4073151332513146,-10.0,0.0,0.03167782539952362,,0.026693102209042308,0.0,real,ok,
2021-08-05,-0.20276814756216965,-0.2532214770420268,-0.4055362951243393,5,False,,,ok,-0.7239822208784944,-0.669000297913078,0.07375541054795756,,0.3063412000755074,-0.4055362951243393,-10.0,0.0,0.03167782539952362,,0.026693102209042308,0.0,real,ok,
2021-08-06,-0.201750356548841,-0.2528126126737682,-0.403500713097682,5,False,,,ok,-0.7228928410490872,-0.6680210459094174,0.07361976261307725,,0.30604367365035473,-0.403500713097682,-10.0,0.0,0.03167782539952362,,0.026693102209042308,0.0,real,ok,
2021-08-09,-0.20104401605154504,-0.25238091230554605,-0.4020880321030901,5,False,,,ok,-0.7217078878037086,-0.6670460839688117,0.07348411686592082,,0.30574620568441535,-0.4020880321030901,-10.0,0.0,0.03167782539952362,,0.026693102209042308,0.0,real,ok,
2021-08-10,-0.20033778468981145,-0.3574257327931336,-0.4006755693796229,5,False,,,ok,-0.7201120120190435,-0.6660753808468901,-0.6239288107539058,,0.5804132724473049,-0.4006755693796229,-10.0,0.0,-0.3929723235719805,,0.04359651409604892,0.0,real,ok,
2021-08-11,-0.19944670910774104,-0.5780035958435652,-0.3988934182154821,5,False,,,ok,-0.7190271512545093,-0.6651089056169986,-1.5088655681527903,,0.5809872416500371,-0.3988934182154821,-10.0,0.0,-0.933804296175622,,0.04359651409604892,0.0,real,ok,
2021-08-12,-0.19835141614776797,-0.22674894168717255,-0.39670283229553593,5,False,,,ok,-0.7181510522317343,-0.6641466276660581,-0.10625978205888872,,0.5815616952079908,-0.39670283229553593,-10.0,0.0,-0.07948225646240248,,0.04359651409604892,0.0,real,ok,
2021-08-13,-0.19728386323089755,-0.22627380153411264,-0.3945677264617951,5,False,,,ok,-0.7172758693835106,-0.6631885166904897,-0.10676745417277983,,0.5821366341103296,-0.3945677264617951,-10.0,0.0,-0.07948225646240248,,0.04359651409604892,0.0,real,ok,
2021-08-16,-0.19631707560231668,-0.2257998460157167,-0.39263415120463335,5,False,,,ok,-0.7164016001431008,-0.6622345426922003,-0.10727530057645368,,0.582712059348888,-0.39263415120463335,-10.0,0.0,-0.07948225646240248,,0.04359651409604892,0.0,real,ok,
2021-08-17,-0.19529062941548297,-0.20098357886637172,-0.39058125883096595,5,False,,,ok,-0.7152249989575925,-0.661284675974635,-0.1046874443806143,,0.6772628038473548,-0.39058125883096595,-10.0,0.0,-0.07948225646240248,,0.04936729478859059,0.0,real,ok,
2021-08-18,-0.19458124476665628,-0.409832463976614,-0.38916248953331256,5,False,,,ok,-0.7142471209954325,-0.6603388871388912,-0.940724461546131,,0.6759806137739987,-0.38916248953331256,-10.0,0.0,-0.5883427866852109,,0.04936729478859059,0.0,real,ok,
2021-08-19,-0.19458124476665628,-0.4092154931343915,-0.38916248953331256,5,False,,,ok,-0.713375930147529,-0.6593971470798922,-0.9387889137750276,,0.6747000184648828,-0.38916248953331256,-10.0,0.0,-0.5883427866852109,,0.04936729478859059,0.0,real,ok,
2021-08-20,-0.19458124476665628,-0.40853609410963154,-0.38916248953331256,5,False,,,ok,-0.7126158331934207,-0.6584594269826223,-0.9364901272136467,,0.6734210109511632,-0.38916248953331256,-10.0,0.0,-0.5883427866852109,,0.04936729478859059,0.0,real,ok,
2021-08-23,-0.19458124476665628,-0.407653336519081,-0.38916248953331256,5,False,,,ok,-0.7110343980820498,-0.6575256983184204,-0.9341968339695279,,0.6721435842936745,-0.38916248953331256,-10.0,0.0,-0.5883427866852109,,0.04936729478859059,0.0,real,ok,
2021-08-24,-0.19458124476665628,-0.6620604937668272,-0.38916248953331256,5,True,基差平仓速度,,ok,-0.7096868185387614,-0.656595932841331,-0.9388891434955559,,-0.3430700801916603,-0.38916248953331256,-10.0,0.0,-0.5926024075165579,,-0.012950565923061541,0.0,real,ok,
2021-08-25,0.72986866952719,-0.7285516057453644,1.45973733905438,5,True,信任背离,,ok,-0.708518649666388,-0.6556701025845111,-1.20794920972183,,-0.34206846100872823,1.45973733905438,-10.0,0.0,-0.7583644507816265,,-0.012950565923061541,8.000000000000007,real,ok,
2021-08-26,0.9574538228004381,-0.5567530315531031,1.9149076456008762,5,False,,,ok,-0.7073519514088388,-0.6547481798566952,-0.5238448844852651,,-0.3410671104616132,1.9149076456008762,-10.0,0.0,-0.3424281862561368,,-0.012950565923061541,10.000000000000009,real,ok,
2021-08-27,0.3795474691714999,-0.5556886717257981,0.7590949383429998,5,False,,,ok,-0.7063825431416637,-0.6538301372387121,-0.5224759810033862,,-0.34006602551943055,0.7590949383429998,-10.0,0.0,-0.3424281862561368,,-0.012950565923061541,5.000000000000004,real,ok,
2021-08-30,0.26354057509522893,-0.5546794122133273,0.5270811501904579,5,False,,,ok,-0.7056284113609035,-0.6529159475800568,-0.5211080867593718,,-0.3390652031529769,0.5270811501904579,-10.0,0.0,-0.3424281862561368,,-0.012950565923061541,4.0000000000000036,real,ok,
2021-08-31,-0.08271641198087903,-0.52537380260318,-0.16543282396175807,5,False,,,ok,-0.7048749710211529,-0.6520055839955151,-0.5197411940626971,,-0.2248734613333548,-0.16543282396175807,-10.0,0.0,-0.3424281862561368,,-0.00599566927811046,1.0000000000000009,real,ok,
2021-09-01,-0.1980920714966442,-0.524655195632305,-0.3961841429932884,5,False,,,ok,-0.704236090138151,-0.6510990198618396,-0.5183752952401462,,-0.22491037728908306,-0.3961841429932884,-10.0,0.0,-0.3424281862561368,,-0.00599566927811046,0.0,real,ok,
2021-09-02,-0.1980920714966442,-0.5238642052929562,-0.3961841429932884,5,False,,,ok,-0.7035977189876879,-0.6501962288144765,-0.5167155792157838,,-0.22494729415387654,-0.3961841429932884,-10.0,0.0,-0.3424281862561368,,-0.00599566927811046,0.0,real,ok,
2021-09-03,0.032357299184925754,-0.5233170889112523,0.06471459836985151,5,False,,,ok,-0.7027370614118013,-0.6492971847443413,-0.5162498975609576,,-0.22498421192790918,0.06471459836985151,-10.0,0.0,-0.3424281862561368,,-0.00599566927811046,2.0000000000000018,real,ok,
2021-09-06,0.26250091080637783,-0.5227450805096838,0.5250018216127557,5,False,,,ok,-0.7017728893352577,-0.6484018617946464,-0.515784440297476,,-0.225021130611355,0.5250018216127557,-10.0,0.0,-0.3424281862561368,,-0.00599566927811046,4.0000000000000036,real,ok,
2021-09-07,0.7218693000103801,-0.6785823838556393,1.4437386000207602,5,True,基差平仓速度,,ok,-0.7005244609754557,-0.6475102343577727,-0.32893754720732943,,-1.0373572928819994,1.4437386000207602,-10.0,0.0,-0.22868515306419518,,-0.055941424138244766,7.999999999999985,real,ok,
2021-09-08,-0.19997730608395708,-1.0354899689286166,-0.39995461216791417,5,True,信任背离,,ok,-0.6995626534701787,-0.6466222770721914,-1.7576604208845488,,-1.0381145242875476,-0.39995461216791417,-10.0,0.0,-1.1026053963408013,,-0.055941424138244766,0.0,real,ok,
2021-09-09,-0.19997730608395708,-0.8466147616542816,-0.39995461216791417,5,False,,,ok,-0.6986018999029335,-0.6457379648194315,-1.0032465318384187,,-1.0388726500563423,-0.39995461216791417,-10.0,0.0,-0.6430503913874874,,-0.055941424138244766,0.0,real,ok,
2021-09-10,-0.19997730608395708,-0.8458988382218545,-0.39995461216791417,5,False,,,ok,-0.697542795458167,-0.6448572727210924,-1.001563612466531,,-1.0396316722416277,-0.39995461216791417,-10.0,0.0,-0.6430503913874874,,-0.055941424138244766,0.0,real,ok,
2021-09-13,-0.19997730608395708,-0.8451852566100004,-0.39995461216791417,5,False,,,ok,-0.696484926073292,-0.6439801761359012,-0.9998843313275607,,-1.0403915929032477,-0.39995461216791417,-10.0,0.0,-0.6430503913874874,,-0.055941424138244766,0.0,real,ok,
2021-09-14,-0.19997730608395708,-1.0687095099480746,-0.39995461216791417,5,True,基差平仓速度,,ok,-0.6955274938056564,-0.6431066506568147,-0.9982086711248268,,-1.9379952242050005,-0.39995461216791417,-10.0,0.0,-0.6430503913874874,,-0.11117626050163043,0.0,real,ok,
2021-09-15,-0.19997730608395708,-1.0664133021571982,-0.39995461216791417,5,False,,,ok,-0.6946747526843615,-0.6422366721081638,-0.9958455383092862,,-1.9328962455269816,-0.39995461216791417,-10.0,0.0,-0.6430503913874874,,-0.11117626050163043,0.0,real,ok,
2021-09-16,-0.19997730608395708,-1.0641079058522736,-0.39995461216791417,5,False,,,ok,-0.6937192998158451,-0.6413702165428411,-0.993514483092617,,-1.9278276239577907,-0.39995461216791417,-10.0,0.0,-0.6430503913874874,,-0.11117626050163043,0.0,real,ok,
2021-09-17,-0.19997730608395708,-1.0617248755654742,-0.39995461216791417,5,False,,,ok,-0.6926659330107383,-0.6405072602395291,-0.9909372697552257,,-1.922789039256404,-0.39995461216791417,-10.0,0.0,-0.6430503913874874,,-0.11117626050163043,0.0,real,ok,
2021-09-20,-0.19997730608395708,-1.0593522018731103,-0.39995461216791417,5,False,,,ok,-0.6916137816181375,-0.6396477796999703,-0.988367070268871,,-1.9177801759054627,-0.39995461216791417,-10.0,0.0,-0.6430503913874874,,-0.11117626050163043,0.0,real,ok,
2021-09-21,-0.19997730608395708,-0.46558917210136197,-0.39995461216791417,5,True,基差平仓速度,,ok,-0.6906615976842883,-0.6387917516462781,-0.011346101353077141,,-0.5215572377218044,-0.39995461216791417,-10.0,0.0,-0.04600440123345076,,-0.024773138918070314,0.0,real,ok,
2021-09-22,-0.19997730608395708,-0.367908278244778,-0.39995461216791417,5,False,,,ok,-0.6897104377273617,-0.6379391530182844,0.38083202014852474,,-0.5248155423819904,-0.39995461216791417,-10.0,0.0,0.19278981620742783,,-0.024773138918070314,0.0,real,ok,
2021-09-23,-0.19997730608395708,-0.6356592757263995,-0.39995461216791417,5,False,,,ok,-0.6883928294568655,-0.6370840516552592,-0.689064822851059,,-0.528095398942414,-0.39995461216791417,-10.0,0.0002,-0.4620095861700483,,-0.024773138918070314,0.0,real,ok,
2021-09-24,-0.19997730608395708,-0.635421761877285,-0.39995461216791417,5,False,,,ok,-0.6870769200594257,-0.6362382559343376,-0.6869747622285047,,-0.5313971092868722,-0.39995461216791417,-10.0,0.0002,-0.4620095861700483,,-0.024773138918070314,0.0,real,ok,
2021-09-27,1.7423401620631427,-0.12364237705897874,3.4846803241262854,5,True,拍卖吸收度、信任背离,黄,ok,-0.6855344078951046,-0.6353958216718284,1.3610817025896398,,-0.5347209812586218,3.4846803241262854,-10.0,0.0002,0.7869221020197484,,-0.024773138918070314,16.999999999999993,real,ok,
2021-09-28,-0.19984439228294462,-0.357776982029384,-0.39968878456588924,5,True,信任背离,,ok,-0.6840655395271448,-0.6345567266532683,0.18154763486597447,,-0.29403329680309753,-0.39968878456588924,-10.0,0.0002,0.06697801878810065,,-0.009850557478166433,0.0,real,ok,
2021-09-29,-0.19877993108857162,-0.35814344209177623,-0.39755986217714323,5,False,,,ok,-0.6827549732412058,-0.6337209488692259,0.18145002628865328,,-0.29754787254532666,-0.39755986217714323,-10.0,0.0002,0.06697801878810065,,-0.009850557478166433,0.0,real,ok,
2021-09-30,-0.19788767515190173,-0.3579603049488173,-0.39577535030380345,5,False,,,ok,-0.6818115590345424,-0.6328884665128733,0.1839492703986777,,-0.30109046464653105,-0.39577535030380345,-10.0,0.0002,0.06697801878810065,,-0.009850557478166433,0.0,real,ok,
2021-10-01,-0.1968199087139193,-0.3577122194033166,-0.3936398174278386,5,False,,,ok,-0.6805886297292308,-0.6320592579775947,0.1864605935104763,,-0.30466158341691735,-0.3936398174278386,-10.0,0.0002,0.06697801878810065,,-0.009850557478166433,0.0,real,ok,
2021-10-04,-0.1968199087139193,-0.3574902965953086,-0.3936398174278386,5,False,,,ok,-0.6794562144750719,-0.6312273688940033,0.1889841492673943,,-0.3082617522795535,-0.3936398174278386,-10.0,0.0004,0.06697801878810065,,-0.009850557478166433,0.0,real,ok,
2021-10-05,0.17616733843530846,0.17616733843530846,-0.3936398174278386,5,True,基差平仓速度,,ok,-0.6783251352055674,-0.630398719768753,0.19152009396834932,,1.821873114747205,-0.3936398174278386,-10.0,0.0006000000000000001,0.06697801878810065,,0.11869599564556776,0.0,real,ok,
2021-10-06,0.17588727538949683,0.17588727538949683,-0.3936398174278386,5,False,,,ok,-0.6771953868951509,-0.6295792292112664,0.1940685866285434,,1.8162551310358612,-0.3936398174278386,-10.0,0.0006000000000000001,0.06697801878810065,,0.11869599564556776,0.0,real,ok,
2021-10-07,0.49406896239680825,0.17561865227737877,0.9881379247936165,5,False,,,ok,-0.676066964538384,-0.6287688709892407,0.19662978904188733,,1.8106806555952524,0.9881379247936165,-10.0,0.0004,0.06697801878810065,,0.11869599564556776,6.000000000000005,real,ok,
2021-10-08,0.17551128135649896,0.17551128135649896,-0.39525516991744597,5,False,,,ok,-0.6743522170928961,-0.6279557261920632,0.1992038658451941,,1.8051492028657612,-0.39525516991744597,-10.0,0.0004,0.06697801878810065,,0.11869599564556776,0.0,real,ok,
2021-10-11,0.175384815118327,0.175384815118327,-0.39525516991744597,5,False,,,ok,-0.6727603414274342,-0.6271516794761913,0.20179098458420203,,1.7996602967927313,-0.39525516991744597,-10.0,0.0002,0.06697801878810065,,0.11869599564556776,0.0,real,ok,
2021-10-12,0.5042851574229731,0.5042851574229731,-0.39525516991744597,5,True,基差平仓速度,,ok,-0.6713085094865089,-0.6263507520937827,0.14524303828383225,,3.1695568529883515,-0.39525516991744597,-10.0,0.0,0.03156445778212086,,0.20271222396557698,0.0,real,ok,
2021-10-13,0.3595180720117004,0.3595180720117004,0.2955399365098301,5,False,,,ok,-0.6701862313080517,-0.6255469673877369,-0.4258209724914815,,3.1596264592340715,0.2955399365098301,-10.0,0.0,-0.311131449397482,,0.20271222396557698,3.0000000000000027,real,ok,
2021-10-14,0.3574093620547765,0.3574093620547765,-0.39618821210141214,5,False,,,ok,-0.6692548598447775,-0.6247343506236457,-0.42629272347738306,,3.1499193821649123,-0.39618821210141214,-10.0,0.0004,-0.311131449397482,,0.20271222396557698,0.0,real,ok,
2021-10-15,0.35535176990395545,0.35535176990395545,-0.39618821210141214,5,False,,,ok,-0.6683244458588166,-0.6239367460709961,-0.426764760124152,,3.1404330316697866,-0.39618821210141214,-10.0,0.0004,-0.311131449397482,,0.20271222396557698,0.0,real,ok,
2021-10-18,0.35345793253384783,0.35345793253384783,-0.39618821210141214,5,False,,,ok,-0.6669539549581663,-0.6231421901689355,-0.42723708294121676,,3.1311649582037098,-0.39618821210141214,-10.0,0.0004,-0.311131449397482,,0.20271222396557698,0.0,real,ok,
2021-10-19,0.4924532699366158,0.29066921884278973,0.9849065398732316,5,False,,,ok,-0.804884994531853,-0.622350663539281,-0.4265761105034511,,3.016488643945744,0.9849065398732316,-12.0,0.0004,-0.311131449397482,,0.19620486991476027,5.999999999999983,real,ok,
2021-10-20,0.8352966598971014,0.48272596996222356,1.670593319794203,5,False,,,ok,-0.8035279414379171,-0.6215621469758926,0.3601340641743184,,2.9958599040883853,1.670593319794203,-12.0,0.0004,0.15823411207113805,,0.19620486991476027,8.999999999999986,real,ok,
2021-10-21,1.6266684746113018,-0.027025694910975062,3.2533369492226036,5,True,拍卖吸收度,黄,ok,-0.8021730175939152,-0.6207885754972398,-1.6607422622784855,,2.9756010757257405,3.2533369492226036,-12.0,0.0,-1.0502320509756427,,0.19620486991476027,15.999999999999993,real,ok,
2021-10-22,0.5970718906102183,0.004717603657450442,1.1941437812204365,5,True,信任背离,,ok,-0.6615304674584328,-0.6200059986669573,-1.6552941082344823,,2.955700988989674,1.1941437812204365,-10.0,0.0,-1.0502320509756427,,0.19620486991476027,6.999999999999984,real,ok,
2021-10-25,0.36796350402490097,-0.015555108195194678,0.7359270080498019,5,False,,,ok,-0.7292796111277127,-0.6192084239523208,-1.6498813405899753,,2.93614894288923,0.7359270080498019,-10.999999999999998,0.0006000000000000001,-1.0502320509756427,,0.19620486991476027,4.999999999999982,real,ok,
2021-10-26,0.009796012614181948,0.009796012614181948,-0.4050918969658897,5,True,基差平仓速度,,ok,-0.6583421291898938,-0.6184317707519416,-0.6913069379094606,,2.0072648883080237,-0.4050918969658897,-10.0,0.0006000000000000001,-0.4778166136481985,,0.13914229339127937,0.0,real,ok,
2021-10-27,0.09296313107856741,0.09296313107856741,-0.4050918969658897,5,False,,,ok,-0.6567097484508919,-0.6176580340401185,-0.3531408565819328,,1.9993611633872128,-0.4050918969658897,-10.0,0.0006000000000000001,-0.2764972908066182,,0.13914229339127937,0.0,real,ok,
2021-10-28,0.1942695035435198,0.1942695035435198,-0.4050918969658897,5,False,,,ok,-0.6550793179233221,-0.6168871956032365,0.057516982198582034,,1.9915275455020556,-0.4050918969658897,-10.0,0.0006000000000000001,-0.031795460126017555,,0.13914229339127937,0.0,real,ok,
2021-10-29,0.1933407127222459,0.1933407127222459,-0.4050918969658897,5,False,,,ok,-0.6531322909591388,-0.6161192373865602,0.05885143690835965,,1.9837629423263228,-0.4050918969658897,-10.0,0.0006000000000000001,-0.031795460126017555,,0.13914229339127937,0.0,real,ok,
2021-11-01,0.19238452178043086,0.19238452178043086,-0.4050918969658897,5,False,,,ok,-0.6513439612191744,-0.6153721439618568,0.06018790681491788,,1.9760662854878368,-0.4050918969658897,-10.0,0.0,-0.031795460126017555,,0.13914229339127937,0.0,real,ok,
2021-11-02,0.05293655901350586,0.05293655901350586,-0.4050918969658897,5,False,,,ok,-0.6500718093386186,-0.6146098580884559,0.0615264052225761,,1.4149014982585217,-0.4050918969658897,-10.0,0.0,-0.031795460126017555,,0.1043144112896196,0.0,real,ok,
2021-11-03,0.05221132772347448,0.05221132772347448,-0.4050918969658897,5,False,,,ok,-0.6490625397347117,-0.6138503993802421,0.060881539877571396,,1.4108767101312802,-0.4050918969658897,-10.0,0.0,-0.031795460126017555,,0.1043144112896196,0.0,real,ok,
2021-11-04,0.05174092880144848,0.05174092880144848,-0.4050918969658897,5,False,,,ok,-0.6479631098910664,-0.6130937503991126,0.061148608492730704,,1.4068719670032424,-0.4050918969658897,-10.0,0.0,-0.031795460126017555,,0.1043144112896196,0.0,real,ok,
2021-11-05,0.05110153220307112,0.05110153220307112,-0.4039098245412676,5,False,,,ok,-0.6467778899842503,-0.6123398938572093,0.06063683194526735,,1.4028870807084768,-0.4039098245412676,-10.0,0.0,-0.031795460126017555,,0.1043144112896196,0.0,real,ok,
2021-11-08,0.05939016642513412,0.05939016642513412,-0.4039098245412676,5,False,,,ok,-0.645594013405072,-0.6115888126152569,0.09582162607492345,,1.398921865645942,-0.4039098245412676,-10.0,0.0,-0.010493479181736598,,0.1043144112896196,0.0,real,ok,
2021-11-09,-0.19447831270277677,-0.19447831270277677,-0.4035726158524462,5,True,基差平仓速度,,ok,-0.6437695836786116,-0.6108404896809256,0.31620847143563346,,0.16048835111279652,-0.4035726158524462,-10.0,0.0,0.12135701550332956,,0.026805258740321913,0.0,real,ok,
2021-11-10,-0.10789118147926412,-0.10789118147926412,-0.4035726158524462,5,False,,,ok,-0.6419054096567484,-0.6100949082072153,0.6603486618746487,,0.16008693007225866,-0.4035726158524462,-10.0,0.0,0.32731860010419717,,0.026805258740321913,0.0,real,ok,
2021-11-11,0.14006595048820378,-0.10772701357043486,0.28013190097640756,5,False,,,ok,-0.6401302461464744,-0.6093520514908601,0.6588887058047996,,0.15968553755079545,0.28013190097640756,-10.0,0.0,0.32731860010419717,,0.026805258740321913,3.0000000000000027,real,ok,
2021-11-12,-0.10771234844326426,-0.10771234844326426,-0.4045008052892081,5,False,,,ok,-0.6389522187443822,-0.6086119029707564,0.6574305545879837,,0.15928417335409778,-0.4045008052892081,-10.0,0.0,0.32731860010419717,,0.026805258740321913,0.0,real,ok,
2021-11-15,-0.10771985888225918,-0.10771985888225918,-0.4045008052892081,5,False,,,ok,-0.6378620251013946,-0.6078744462264098,0.6559741985108658,,0.15888283728790173,-0.4045008052892081,-10.0,0.0,0.32731860010419717,,0.026805258740321913,0.0,real,ok,
2021-11-16,-0.20225040264460406,-0.30899533399429235,-0.4045008052892081,5,True,基差平仓速度,,ok,-0.6366865411710589,-0.6071396649764048,0.6598209751196991,,-0.6519761049494046,-0.4045008052892081,-10.0,0.0,0.32731860010419717,,-0.023939405815078807,0.0,real,ok,
2021-11-17,-0.20225040264460406,-0.5342449908111134,-0.4045008052892081,5,False,,,ok,-0.6355123563558267,-0.606407543076893,-0.24266129059060026,,-0.6523987732211339,-0.4045008052892081,-10.0,0.0,-0.2109274597874818,,-0.023939405815078807,0.0,real,ok,
2021-11-18,-0.20225040264460406,-0.46530670513704,-0.4045008052892081,5,False,,,ok,-0.6341048275994703,-0.6056780645201014,0.031377777050267154,,-0.6528217054788554,-0.4045008052892081,-10.0,0.0,-0.04933101929863115,,-0.023939405815078807,0.0,real,ok,
2021-11-19,-0.20225040264460406,-0.46493998254835156,-0.4045008052892081,5,False,,,ok,-0.6326989080270006,-0.6049512134328631,0.03113509337261485,,-0.6532449021061575,-0.4045008052892081,-10.0,0.0,-0.04933101929863115,,-0.023939405815078807,0.0,real,ok,
2021-11-22,-0.047225804048306896,-0.047225804048306896,-0.4045008052892081,5,False,,,ok,-0.631158540778493,-0.6042269740751628,1.700150662147802,,-0.6536683634873739,-0.4045008052892081,-10.0,0.0,0.9428340567822253,,-0.023939405815078807,0.0,real,ok,
2021-11-23,-0.20225040264460406,-0.6184497052807123,-0.4045008052892081,5,True,拍卖吸收度,,ok,-0.6321031698067363,-0.603505330838706,-0.7154723911717303,,-0.5227179293056764,-0.4045008052892081,-10.0,0.0,-0.49157334415995857,,-0.01569654998782033,0.0,real,ok,
2021-11-24,-0.20225040264460406,-0.6185056242960533,-0.4045008052892081,5,False,,,ok,-0.6331881121159606,-0.6027862682455037,-0.714492414462783,,-0.5235557023599658,-0.4045008052892081,-10.0,0.0,-0.49157334415995857,,-0.01569654998782033,0.0,real,ok,
2021-11-25,-0.20225040264460406,-0.6193741255638039,-0.4045008052892081,5,False,,,ok,-0.6375186524539849,-0.6020697709464777,-0.7135135483658309,,-0.5243945304889223,-0.4045008052892081,-10.0,0.0,-0.49157334415995857,,-0.01569654998782033,0.0,real,ok,
2021-11-26,-0.20225040264460406,-0.6186999992033102,-0.4045008052892081,5,False,,,ok,-0.6356739667438628,-0.6013558237200827,-0.712535789390264,,-0.5252344169590315,-0.4045008052892081,-10.0,0.0,-0.49157334415995857,,-0.01569654998782033,0.0,real,ok,
2021-11-29,-0.20225040264460406,-0.6181070140960906,-0.4045008052892081,5,False,,,ok,-0.6341491458048082,-0.600644411470947,-0.7115591340584574,,-0.5260753650501496,-0.4045008052892081,-10.0,0.0,-0.49157334415995857,,-0.01569654998782033,0.0,real,ok,
2021-11-30,-0.2020817414429799,-0.8979228658611831,-0.4041634828859598,5,True,基差平仓速度,,ok,-0.6329345745704702,-0.5999355192285311,-0.7105835789057036,,-1.6482377907400274,-0.4041634828859598,-10.0,0.0,-0.49157334415995857,,-0.08590070168378694,0.0,real,ok,
2021-12-01,-0.20149092938840094,-0.896141055102861,-0.40298185877680187,5,False,,,ok,-0.6316376308298566,-0.5992291321458031,-0.7090629084862129,,-1.6446345489495713,-0.40298185877680187,-10.0,0.0,-0.49157334415995857,,-0.08590070168378694,0.0,real,ok,
2021-12-02,0.7832522376628449,0.7832522376628449,-0.4010629058841286,5,True,拍卖吸收度,,ok,-0.6301176233398464,-0.5985252354979317,6.002699385398246,,-1.6410475759090883,-0.4010629058841286,-10.0,0.0,3.5950727029091816,,-0.08590070168378694,0.0,real,ok,
2021-12-03,0.749528779284686,0.749528779284686,-0.399245151194987,5,False,,,ok,-0.6287445108786746,-0.5978238146809959,5.862160180528093,,-1.637476737829679,-0.399245151194987,-10.0,0.0,3.5950727029091816,,-0.08590070168378694,0.0,real,ok,
2021-12-06,0.7180367215878887,0.7180367215878887,-0.3980555560111403,5,False,,,ok,-0.6275356178178447,-0.597124855210711,5.730729261839392,,-1.6339219024592817,-0.3980555560111403,-10.0,0.0,3.5950727029091816,,-0.08590070168378694,0.0,real,ok,
2021-12-07,0.3767215425693575,-0.522258550640752,0.753443085138715,5,True,拍卖吸收度,,ok,-0.6264158976407406,-0.5964283427211718,0.3328135947292528,,-1.1990035569303485,0.753443085138715,-10.0,0.0,0.1544138762427875,,-0.058657414357568216,5.000000000000004,real,ok,
2021-12-08,0.8349200278489627,-0.7790933841518479,1.6698400556979254,5,False,,,ok,-0.624836119678606,-0.595728170069868,-0.6974283585574876,,-1.1983808883014297,1.6698400556979254,-10.0,0.0002,-0.5029783391961473,,-0.058657414357568216,9.000000000000007,real,ok,
2021-12-09,0.3738346360870758,-0.41527597138800154,0.7476692721741516,5,False,,,ok,-0.6234689241490343,-0.5950365196942013,0.7551603363528422,,-1.1977587780616126,0.7476692721741516,-10.0,0.0002,0.4212304828580775,,-0.058657414357568216,5.000000000000004,real,ok,
2021-12-10,1.2865182894103997,-0.4150406121195239,2.5730365788207994,5,True,信任背离,黄,ok,-0.6222654902837907,-0.5943289746713617,0.7535692417279654,,-1.1971372252509087,2.5730365788207994,-10.0,0.0008,0.4212304828580775,,-0.058657414357568216,12.99999999999999,real,ok,
2021-12-13,-0.20240089904054342,-0.41478946117563625,-0.40480179808108685,5,True,信任背离,,ok,-0.6209801126493657,-0.5936421516488327,0.7519806485072875,,-1.1965162289116342,-0.40480179808108685,-10.0,0.0008,0.4212304828580775,,-0.058657414357568216,0.0,real,ok,
2021-12-14,-0.20240089904054342,-0.422552779200128,-0.40480179808108685,5,False,,,ok,-0.6196961383248599,-0.5929577053110966,0.7503945436880329,,-1.2279518168525883,-0.40480179808108685,-10.0,0.0008,0.4212304828580775,,-0.06068265806233675,0.0,real,ok,
2021-12-15,-0.20240089904054342,-0.4223919941442752,-0.40480179808108685,5,False,,,ok,-0.6184966870926691,-0.5922817319544909,0.748810914335239,,-1.2276004718651798,-0.40480179808108685,-10.0,0.0006000000000000001,0.4212304828580775,,-0.06068265806233675,0.0,real,ok,
2021-12-16,-0.20240089904054342,-0.4222518588424892,-0.40480179808108685,5,False,,,ok,-0.6173858894936554,-0.5916019873999983,0.7472297475812018,,-1.227249306057505,-0.40480179808108685,-10.0,0.0006000000000000001,0.4212304828580775,,-0.06068265806233675,0.0,real,ok,
2021-12-17,-0.20240089904054342,-0.42209478632764125,-0.40480179808108685,5,False,,,ok,-0.6161889273798541,-0.5909429292993528,0.7456510306249262,,-1.2268983192562843,-0.40480179808108685,-10.0,0.0,0.4212304828580775,,-0.06068265806233675,0.0,real,ok,
2021-12-20,-0.20240089904054342,-0.4400393522591022,-0.40480179808108685,5,False,,,ok,-0.6874168368655443,-0.5902678116139738,0.7440747507315816,,-1.226547511288472,-0.40480179808108685,-10.999999999999998,0.0,0.4212304828580775,,-0.06068265806233675,0.0,real,ok,
2021-12-21,0.255105769717202,-1.0847008666903104,0.510211539434404,5,True,拍卖吸收度,,ok,-0.6139304899895249,-0.5895950034979849,-1.8729578764556738,,-1.2623200968180577,0.510211539434404,-10.0,0.0,-1.251438216721489,,-0.06296715532161201,4.0000000000000036,real,ok,
2021-12-22,-0.20299390226903205,-0.24095194651707658,-0.4059878045380641,5,True,拍卖吸收度,,ok,-0.6128244187923154,-0.5889244918090928,1.4993242463699845,,-1.2613831218368825,-0.4059878045380641,-10.0,0.0,0.9065679170576625,,-0.06296715532161201,0.0,real,ok,
2021-12-23,0.4830003457425552,-0.24135377349500114,0.9660006914851104,5,False,,,ok,-0.6118107970211276,-0.5882562635094858,1.4950993547689064,,-1.2604473882182976,0.9660006914851104,-10.0,0.0,0.9065679170576625,,-0.06296715532161201,6.000000000000005,real,ok,
2021-12-24,0.8236420780880492,-0.24149914845128384,1.6472841561760985,5,False,,,ok,-0.6097896349786938,-0.5875903056647686,1.490896239677316,,-1.259512892838989,1.6472841561760985,-10.0,0.0,0.9065679170576625,,-0.06296715532161201,9.000000000000007,real,ok,
2021-12-27,0.3657053327581231,-0.5713107615203896,0.7314106655162462,5,False,,,ok,-0.6081666253173726,-0.586926605442909,0.1684298172653402,,-1.258579632586617,0.7314106655162462,-10.0,0.0,0.05770898945089942,,-0.06296715532161201,5.000000000000004,real,ok,
2021-12-28,-0.09143455048869942,-0.7298036018610059,-0.18286910097739884,5,False,,,ok,-0.6070647580408153,-0.586246727912802,0.14514634739387813,,-1.8710492688842844,-0.18286910097739884,-10.0,0.0006000000000000001,0.04288877062028271,,-0.10191644874466421,1.0000000000000009,real,ok,
2021-12-29,0.8198749227282338,-1.1946375604189725,1.6397498454564676,5,False,,,ok,-0.6059640003306103,-0.5855875361649422,-1.717232776282338,,-1.8697659288979993,1.6397498454564676,-10.0,0.0006000000000000001,-1.1560114173193807,,-0.10191644874466421,9.000000000000007,real,ok,
2021-12-30,0.02112538905105588,-1.1924241134193077,0.04225077810211176,5,False,,,ok,-0.6050505398050616,-0.5849121212963763,-1.711249170349096,,-1.8684846222266966,0.04225077810211176,-10.0,0.0012000000000000001,-1.1560114173193807,,-0.10191644874466421,2.0000000000000018,real,ok,
2021-12-31,0.020825941643077068,-1.1903922168966385,0.041651883286154136,5,False,,,ok,-0.6041379127083323,-0.5842573874738525,-1.7059682242192455,,-1.8672053431851239,0.041651883286154136,-10.0,0.0012000000000000001,-1.1560114173193807,,-0.10191644874466421,2.0000000000000018,real,ok,
2022-01-03,1.4929962900455767,-1.188390085734507,2.9859925800911533,5,True,信任背离,黄,ok,-0.6033253802431281,-0.5835863851135156,-1.7007204914710337,,-1.8659280861103513,2.9859925800911533,-10.0,0.0018000000000000002,-1.1560114173193807,,-0.10191644874466421,14.999999999999991,real,ok,
2022-01-04,1.7042135425317642,-1.1221141465405389,3.4084270850635283,5,False,,黄,ok,-0.6022285059827639,-0.5829175859805571,-1.6955055885439858,,-1.607804905654849,3.4084270850635283,-10.0,0.0024000000000000002,-1.1560114173193807,,-0.08554652216859249,16.999999999999993,real,ok,
2022-01-05,1.5789085862668264,-1.1198750515503817,3.157817172533653,5,False,,黄,ok,-0.6012234789499193,-0.5822694614582004,-1.690323138034615,,-1.6056841277587923,3.157817172533653,-10.0,0.0024000000000000002,-1.1560114173193807,,-0.08554652216859249,15.999999999999993,real,ok,
2022-01-06,-0.21034363965443387,-1.1176745586415329,-0.42068727930886773,5,True,信任背离,,ok,-0.6003142731353782,-0.5816419889058636,-1.6851727685693927,,-1.6035692039554974,-0.42068727930886773,-10.0,0.0018000000000000002,-1.1560114173193807,,-0.08554652216859249,0.0,real,ok,
2022-01-07,2.4312351877467724,-1.115455861661363,4.862470375493545,5,True,信任背离,红,ok,-0.5993110894349989,-0.5809981375636184,-1.680054114680905,,-1.6014601049659294,4.862470375493545,-10.0,0.0018000000000000002,-1.1560114173193807,,-0.08554652216859249,24.0,real,ok,
2022-01-10,1.4307232049778076,-1.1131674959939528,2.861446409955615,5,True,信任背离,黄,ok,-0.5979714305471943,-0.5803749350252755,-1.6749668166871083,,-1.599356801716233,2.861446409955615,-10.0,0.0012000000000000001,-1.1560114173193807,,-0.08554652216859249,15.000000000000014,real,ok,
2022-01-11,0.7714404759819212,-0.6018843988509222,1.5428809519638425,5,True,基差平仓速度,,ok,-0.5966331394088684,-0.5797661844161448,-0.4380913470420321,,-0.7930469245366433,1.5428809519638425,-10.0,0.0002,-0.34885684729394284,,-0.03421611951912773,9.000000000000007,real,ok,
2022-01-12,0.11511125406569078,-0.4749865621744258,0.23022250813138156,5,False,,,ok,-0.595542746937896,-0.5791286191665926,0.06873858760622607,,-0.7940134701994408,0.23022250813138156,-10.0,0.0002,-0.017755408622689303,,-0.03421611951912773,3.0000000000000027,real,ok,
2022-01-13,-0.2128690527445933,-0.4189693463154015,-0.4257381054891866,5,False,,,ok,-0.5945437860732328,-0.5784931535452463,0.2921410747893225,,-0.7949815204324493,-0.4257381054891866,-10.0,0.0002,0.12743593774514209,,-0.03421611951912773,0.0,real,ok,
2022-01-14,0.005929305107686106,-0.4193219654983592,0.011858610215372212,5,False,,,ok,-0.5935457614143443,-0.5778597760498955,0.29006875558512213,,-0.7959510801143193,0.011858610215372212,-10.0,0.0002,0.12743593774514209,,-0.03421611951912773,2.0000000000000018,real,ok,
2022-01-17,-0.21273189788794813,-0.4196542759745896,-0.42546379577589627,5,False,,,ok,-0.592458421162244,-0.5772284752663709,0.2879919466758859,,-0.7969221541456293,-0.42546379577589627,-10.0,0.0002,0.12743593774514209,,-0.03421611951912773,0.0,real,ok,
2022-01-18,1.0941842258709151,-0.17100372146978446,2.1883684517418303,5,True,基差平仓速度、信任背离,黄,ok,-0.5915565957514295,-0.5766054318734922,0.2873674616428849,,0.1967796801028988,2.1883684517418303,-10.0,0.0,0.12743593774514209,,0.028934336058194954,12.00000000000001,real,ok,
2022-01-19,-0.21364703856926143,-0.3945398690279945,-0.42729407713852285,5,True,信任背离,,ok,-0.5906555657791938,-0.5759782405199076,-0.6070767858513001,,0.19555111603842362,-0.42729407713852285,-10.0,0.0,-0.45424031847226226,,0.028934336058194954,0.0,real,ok,
2022-01-20,-0.09517478931133634,-0.09517478931133634,-0.42614532726636406,5,False,,,ok,-0.6619220083931345,-0.5753530921991307,0.6622539844230994,,0.19432195892382037,-0.42614532726636406,-10.999999999999998,0.0,0.3722190052110883,,0.028934336058194954,0.0,real,ok,
2022-01-21,-0.07718656834659483,-0.07718656834659483,-0.42499711901538917,5,False,,,ok,-0.5877138011205902,-0.5747299758403147,0.660605301940628,,0.19309220163389768,-0.42499711901538917,-10.0,0.0,0.3722190052110883,,0.028934336058194954,0.0,real,ok,
2022-01-24,-0.21249855950769458,-0.44683626692628203,-0.42499711901538917,5,False,,,ok,-0.6589445889589045,-0.5741088804564358,-0.746153435307343,,0.19186183701755533,-0.42499711901538917,-10.999999999999998,0.0,-0.5430119409183082,,0.028934336058194954,0.0,real,ok,
2022-01-25,-0.21249855950769458,-0.3429443276530661,-0.42499711901538917,5,False,,,ok,-0.585786375854939,-0.5734897951434774,-0.4761556841180717,,0.2636545445042237,-0.42499711901538917,-10.0,0.0,-0.367321431091207,,0.03356032197510894,0.0,real,ok,
2022-01-26,-0.21249855950769458,-0.818694743862496,-0.42499711901538917,5,False,,,ok,-0.6569820340718132,-0.5728727090796271,-2.308739746872814,,0.26381551457427055,-0.42499711901538917,-10.999999999999998,0.0,-1.566049136510387,,0.03356032197510894,0.0,real,ok,
2022-01-27,-0.21249855950769458,-0.36004073694298,-0.42499711901538917,5,False,,,ok,-0.6559350300940819,-0.5722576115244797,-0.4759468125243089,,0.26397650637095077,-0.42499711901538917,-10.999999999999998,0.0,-0.36973778984531613,,0.03356032197510894,0.0,real,ok,
2022-01-28,-0.21249855950769458,-0.3415912829146465,-0.42499711901538917,5,False,,,ok,-0.582837143556043,-0.5716444918182532,-0.47602101619432047,,0.2641375199100307,-0.42499711901538917,-10.0,0.0,-0.36973778984531613,,0.03356032197510894,0.0,real,ok,
2022-01-31,-0.21249855950769458,-0.34116971212984143,-0.42499711901538917,5,False,,,ok,-0.5818488378987711,-0.5710333393810105,-0.4760952264468695,,0.26429855520728546,-0.42499711901538917,-10.0,0.0,-0.36973778984531613,,0.03356032197510894,0.0,real,ok,
2022-02-01,-0.21249855950769458,-0.6747798993553612,-0.42499711901538917,5,True,基差平仓速度,,ok,-0.5809550709528989,-0.5704241437118942,-0.4751825837500701,,-1.0725577990065818,-0.42499711901538917,-10.0,0.0,-0.36973778984531613,,-0.05116225623274251,0.0,real,ok,
2022-02-02,-0.21249855950769458,-0.6739543220527473,-0.42499711901538917,5,False,,,ok,-0.5799684883469467,-0.5698168943883659,-0.4759986906343372,,-1.0700332148413394,-0.42499711901538917,-10.0,0.0,-0.36973778984531613,,-0.05116225623274251,0.0,real,ok,
2022-02-03,-0.10366378022917147,-0.6725845384944065,-0.20732756045834294,5,False,,,ok,-0.5788932694370779,-0.5692115810654574,-0.47471722000085753,,-1.0675160834742332,-0.20732756045834294,-10.0,0.0,-0.36973778984531613,,-0.05116225623274251,1.0000000000000009,real,ok,
2022-02-04,1.412781325102907,-0.671175779448747,2.825562650205814,5,True,信任背离,黄,ok,-0.5776520641948604,-0.5686081934750314,-0.4734365064417132,,-1.065006353683383,2.825562650205814,-10.0,0.0,-0.36973778984531613,,-0.05116225623274251,14.999999999999991,real,ok,
2022-02-07,1.1897040143686308,-0.6696982856563675,2.3794080287372616,5,False,,黄,ok,-0.5761259028627737,-0.5680067214250468,-0.4721565436451257,,-1.0625039746925236,2.3794080287372616,-10.0,0.0,-0.36973778984531613,,-0.05116225623274251,12.99999999999999,real,ok,
2022-02-08,1.3965271557218626,-0.7582252924182742,2.793054311443725,5,False,,黄,ok,-0.5749685533572796,-0.5674071547988372,-0.4882986583425748,,-1.4022268031744054,2.793054311443725,-10.0,0.0,-0.38112235252651944,,-0.07297746747545841,14.999999999999991,real,ok,
2022-02-09,1.493021655789048,-0.961196232861665,2.986043311578096,5,False,,黄,ok,-0.6456838349560798,-0.5668094835543941,-1.2335734987803173,,-1.398718114155869,2.986043311578096,-10.999999999999998,0.0,-0.86954270556319,,-0.07297746747545841,15.999999999999993,real,ok,
2022-02-10,2.0029769551650745,-0.7736204230902841,4.005953910330149,5,False,,红,ok,-0.5720183411029527,-0.5662136977236609,-0.5610248477039211,,-1.3952248058306014,4.005953910330149,-10.0,0.0,-0.4313234591501506,,-0.07297746747545841,20.999999999999975,real,ok,
2022-02-11,-0.21748684905255872,-0.7721729651255779,-0.43497369810511743,5,True,信任背离,,ok,-0.5706324994873391,-0.5656197874118338,-0.560692826429034,,-1.3917467471741047,-0.43497369810511743,-10.0,0.0,-0.4313234591501506,,-0.07297746747545841,0.0,real,ok,
2022-02-14,-0.21748684905255872,-0.7708093750240315,-0.43497369810511743,5,False,,,ok,-0.5695650152045325,-0.5650277427966709,-0.5603609333981655,,-1.388283808696757,-0.43497369810511743,-10.0,0.0,-0.4313234591501506,,-0.07297746747545841,0.0,real,ok,
2022-02-15,0.7319313902273348,-0.9180637500389215,1.4638627804546696,5,False,,,ok,-0.5684984980802612,-0.5644375541278094,-0.5600291684631328,,-1.9792897794844824,1.4638627804546696,-10.0,0.0,-0.4313234591501506,,-0.11121762347821917,8.999999999999986,real,ok,
2022-02-16,0.7297338376572408,-1.0057376932072277,1.4594676753144815,5,False,,,ok,-0.5674329441771356,-0.5638492117260907,-0.9188635282414117,,-1.9728050886842725,1.4594676753144815,-10.0,0.0,-0.6664041954303772,,-0.11121762347821917,8.999999999999986,real,ok,
2022-02-17,-0.21943630790190055,-0.6637574509221316,-0.4388726158038011,5,False,,,ok,-0.56636834957058,-0.5632627059828932,0.4409694660319342,,-1.9663682141669871,-0.4388726158038011,-10.0,0.0,0.22344169129179592,,-0.11121762347821917,0.0,real,ok,
2022-02-18,-0.21943630790190055,-0.6619765673389411,-0.4388726158038011,5,False,,,ok,-0.5650614751847025,-0.5626780273594727,0.43981176328467797,,-1.959978530096267,-0.4388726158038011,-10.0,0.0,0.22344169129179592,,-0.11121762347821917,0.0,real,ok,
2022-02-21,-0.21943630790190055,-0.6600286948063614,-0.4388726158038011,5,False,,,ok,-0.563038853626453,-0.5620951663863101,0.4386546628557348,,-1.9536354220684173,-0.4388726158038011,-10.0,0.0,0.22344169129179592,,-0.11121762347821917,0.0,real,ok,
2022-02-22,-0.21943630790190055,-0.893474694134338,-0.4388726158038011,5,False,,,ok,-0.5615242318939304,-0.5615141136624667,-0.39156776598453324,,-2.0592926649964216,-0.4388726158038011,-10.0,0.0,-0.3186998316056179,,-0.1185211467284093,0.0,real,ok,
2022-02-23,-0.21943630790190055,-1.0281825957656217,-0.4388726158038011,5,False,,,ok,-0.5600108488929415,-0.5609348598549475,-0.9351940011523212,,-2.056590673162276,-0.4388726158038011,-10.0,0.0,-0.6744308427589998,,-0.1185211467284093,0.0,real,ok,
2022-02-24,-0.21836474260667765,-0.9137381715967963,-0.4367294852133553,5,False,,,ok,-0.5584369881955537,-0.5603573956980697,-0.4822611503802136,,-2.0538971521133482,-0.4367294852133553,-10.0,0.0,-0.37856816480749844,,-0.1185211467284093,0.0,real,ok,
2022-02-25,-0.21729610017649342,-0.9125234859225231,-0.43459220035298685,5,False,,,ok,-0.556926040541866,-0.5597817119928417,-0.4821741357360436,,-2.0512120554193407,-0.43459220035298685,-10.0,0.0,-0.37856816480749844,,-0.1185211467284093,0.0,real,ok,
2022-02-28,-0.21631849826898167,-0.9113116415834063,-0.43263699653796334,5,False,,,ok,-0.555416300002391,-0.5592077996063449,-0.4820871297180278,,-2.0485353370068613,-0.43263699653796334,-10.0,0.0,-0.37856816480749844,,-0.1185211467284093,0.0,real,ok,
2022-03-01,-0.21587614749547335,-0.3372154306564209,-0.4317522949909467,5,True,基差平仓速度,,ok,-0.5539077562299969,-0.5586356494711264,-0.4820001323234293,,0.2456818153988692,-0.4317522949909467,-10.0,0.0,-0.37856816480749844,,0.030925687549072545,0.0,real,ok,
2022-03-02,-0.21543403678918963,-0.3369532271909681,-0.43086807357837925,5,False,,,ok,-0.5524659652476118,-0.5580652525845963,-0.48111958863615006,,0.24383789770448586,-0.43086807357837925,-10.0,0.0,-0.37856816480749844,,0.030925687549072545,0.0,real,ok,
2022-03-03,-0.21543403678918963,-0.3369275127686946,-0.43086807357837925,5,False,,,ok,-0.5510253549976687,-0.5574902987604005,-0.4811853806084707,,0.2419909832917615,-0.43086807357837925,-10.0,0.0002,-0.37856816480749844,,0.030925687549072545,0.0,real,ok,
2022-03-04,-0.21543403678918963,-0.3365227021291049,-0.43086807357837925,5,False,,,ok,-0.5496552810929173,-0.5569233910688629,-0.47965316923773454,,0.24014103288309535,-0.43086807357837925,-10.0,0.0002,-0.37856816480749844,,0.030925687549072545,0.0,real,ok,
2022-03-07,-0.21466605218670343,-0.3361195358376929,-0.42933210437340685,5,False,,,ok,-0.5482863552809082,-0.5563582099634704,-0.4781215848921658,,0.23828800678577283,-0.42933210437340685,-10.0,0.0002,-0.37856816480749844,,0.030925687549072545,0.0,real,ok,
2022-03-08,-0.21422439618914935,-0.22448900423601423,-0.4284487923782987,5,False,,,ok,-0.5467218416922438,-0.5557947466954363,0.2525079954341435,,-0.047947423990520384,-0.4284487923782987,-10.0,0.0002,0.09819227683146847,,0.012537792220369326,0.0,real,ok,
2022-03-09,-0.21422439618914935,-0.38916725372400257,-0.4284487923782987,5,False,,,ok,-0.5451584370377397,-0.555232992577923,-0.4071697786546178,,-0.049107806625729875,-0.4284487923782987,-10.0,0.0002,-0.333508704757973,,0.012537792220369326,0.0,real,ok,
2022-03-10,-0.21422439618914935,-0.45677683731919755,-0.4284487923782987,5,False,,,ok,-0.5434331579925845,-0.5546792572707367,-0.678725406439644,,-0.050269527573824954,-0.4284487923782987,-10.0,0.0,-0.5119983504556413,,0.012537792220369326,0.0,real,ok,
2022-03-11,-0.21422439618914935,-0.45691185638079007,-0.4284487923782987,5,False,,,ok,-0.5417087488926555,-0.5541208862829826,-0.6803851956706717,,-0.05143259467685065,-0.4284487923782987,-10.0,0.0,-0.5119983504556413,,0.012537792220369326,0.0,real,ok,
2022-03-14,3.488462118704003,-0.45704902884707854,6.976924237408006,5,True,信任背离,红,ok,-0.5399851932099546,-0.5535641987885649,-0.6820497075702731,,-0.052597015819521704,6.976924237408006,-10.0,0.0,-0.5119983504556413,,0.012537792220369326,36.00000000000001,real,ok,
2022-03-15,2.71085387788818,-0.21530602226410658,5.42170775577636,5,True,基差平仓速度,红,ok,-0.5384876650756284,-0.5530091863426448,-0.683718970607491,,0.9139917329693378,5.42170775577636,-10.0,0.0,-0.5119983504556413,,0.07497278510388317,28.999999999999982,real,ok,
2022-03-16,-0.2118292014735343,-0.2150274531232628,-0.4236584029470686,5,True,信任背离,,ok,-0.5369912184025689,-0.552455840559583,-0.6823243768360324,,0.9116616233051332,-0.4236584029470686,-10.0,0.0,-0.5119983504556413,,0.07497278510388317,0.0,real,ok,
2022-03-17,1.9817126147081296,-0.2146622837779895,3.9634252294162593,5,True,信任背离,黄,ok,-0.5356308030689714,-0.5519041531124053,-0.6804509295338418,,0.9093367506032605,3.9634252294162593,-10.000000000000004,0.0,-0.5119983504556413,,0.07497278510388317,22.00000000000002,real,ok,
2022-03-18,1.1777405553529987,-0.21434911365011072,2.3554811107059974,5,False,,黄,ok,-0.5342021280864268,-0.551354115732277,-0.6788572875444251,,0.907017076762686,2.3554811107059974,-10.000000000000004,0.0,-0.5119983504556413,,0.07497278510388317,14.000000000000012,real,ok,
2022-03-21,1.5628712868153387,-0.23205981444080293,3.1257425736306774,5,False,,黄,ok,-0.6048703748310185,-0.5508057202079817,-0.6772657266710217,,0.90470256394681,3.1257425736306774,-11.000000000000004,0.0,-0.5119983504556413,,0.07497278510388317,17.99999999999997,real,ok,
2022-03-22,2.0312599901155113,0.009047466819703642,4.062519980231023,5,True,基差平仓速度,红,ok,-0.6753045055314747,-0.5502589583854058,-0.6756762344950847,,1.93742956569078,4.062519980231023,-12.0,0.0,-0.5119983504556413,,0.14207505452928582,23.0,real,ok,
2022-03-23,1.0498854525566186,-0.5349775474984344,2.099770905113237,5,True,拍卖吸收度,黄,ok,-0.7465134290351914,-0.5497138221670296,-2.773750440981025,,1.9300675021895082,2.099770905113237,-13.0,0.0,-1.890293000715158,,0.14207505452928582,12.99999999999999,real,ok,
2022-03-24,1.1416564859809115,0.12512872338039616,2.283312971961823,5,True,拍卖吸收度,黄,ok,-0.7443745060949614,-0.5491703035114222,-0.12870731699668744,,1.9227670201246556,2.283312971961823,-13.0,0.0,-0.1594652970732664,,0.14207505452928582,13.999999999999968,real,ok,
2022-03-25,3.004408712999195,0.1423215032389371,6.00881742599839,5,True,信任背离,红,ok,-0.6696323342566439,-0.5486283944327434,-0.12798046509904906,,1.9155272067441849,6.00881742599839,-12.0,0.0,-0.1594652970732664,,0.14207505452928582,33.999999999999986,real,ok,
2022-03-28,0.2729949899039556,0.2729949899039556,-0.43173072472282137,5,True,信任背离,,ok,-0.667783490238415,-0.548088087000251,0.39950436853673693,,1.9083471683177515,-0.43173072472282137,-12.0,0.0,0.1856907661086713,,0.14207505452928582,0.0,real,ok,
2022-03-29,0.06791181593317301,-0.3990302670460348,0.13582363186634602,5,True,基差平仓速度,,ok,-0.6659846317302972,-0.5475493733378121,-0.7281176336325595,,0.3455305705165295,0.13582363186634602,-12.0,0.0,-0.5533323697709344,,0.04045570541191512,3.000000000000025,real,ok,
2022-03-30,0.06754348296989414,-0.41653044220066693,0.13508696593978828,5,False,,,ok,-0.736723063261146,-0.5470058796989474,-0.7263420629600764,,0.34394923711750236,0.13508696593978828,-13.0,0.0002,-0.5533323697709344,3.68,0.04045570541191512,3.000000000000025,real,ok,
2022-03-31,-0.21666545835796425,-0.3794769026490613,-0.4333309167159285,5,False,,,ok,-0.5894682543176212,-0.546470339269997,-0.7243362680455738,,0.3423672510369467,-0.4333309167159285,-11.000000000000004,0.0002,-0.5533323697709344,3.68,0.04045570541191512,0.0,real,ok,
2022-04-01,-0.21666545835796425,-0.3607074515788307,-0.4333309167159285,5,False,,,ok,-0.5151996375059553,-0.5459363692704416,-0.7224783959816082,,0.3407845964426824,-0.4333309167159285,-10.000000000000004,0.0002,-0.5533323697709344,3.68,0.04045570541191512,0.0,real,ok,
2022-04-04,-0.21666545835796425,-0.36015116538482694,-0.4333309167159285,5,False,,,ok,-0.5137787794585672,-0.5454039620380254,-0.7206231774712301,,0.33920125742851515,-0.4333309167159285,-10.000000000000004,0.0002,-0.5533323697709344,3.68,0.04045570541191512,0.0,real,ok,
2022-04-05,-0.1984777439903686,-0.1984777439903686,-0.4333309167159285,5,False,,,ok,-0.5125013718505889,-0.5448731099627391,-0.718770593272299,,0.9822340991241525,-0.4333309167159285,-10.000000000000004,0.0002,-0.5533323697709344,3.68,0.08235411604141007,0.0,real,ok,
2022-04-06,-0.1980719562549053,-0.1980719562549053,-0.4333309167159285,5,False,,,ok,-0.5111518499479534,-0.544343805486362,-0.716920624228772,,0.9801284546434661,-0.4333309167159285,-10.000000000000004,0.0002,-0.5533323697709344,3.68,0.08235411604141007,0.0,real,ok,
2022-04-07,-0.1975392815496713,-0.1975392815496713,-0.4333309167159285,5,False,,,ok,-0.509306845771239,-0.5438096547930241,-0.7150732512697104,,0.9780326256352884,-0.4333309167159285,-10.000000000000004,0.0004,-0.5533323697709344,3.68,0.08235411604141007,0.0,real,ok,
2022-04-08,-0.19706688058185629,-0.19706688058185629,-0.4333309167159285,5,False,,,ok,-0.5077022777965867,-0.5432834320478195,-0.7132284554082932,,0.9759466429252743,-0.4333309167159285,-10.000000000000004,0.0004,-0.5533323697709344,3.68,0.08235411604141007,0.0,real,ok,
2022-04-11,0.030538430899367225,0.030538430899367225,-0.4333309167159285,5,False,,,ok,-0.5061572667163984,-0.5423687552633881,0.19680920621292336,,0.973870539364332,-0.4333309167159285,-10.000000000000004,0.0126,0.04108998619376575,3.68,0.08235411604141007,0.0,real,ok,
2022-04-12,-0.21666545835796425,-0.3608794156505511,-0.4333309167159285,5,True,基差平仓速度,,ok,-0.5775575864839363,-0.5418461225090369,0.5911746931701066,,-0.9152886467793379,-0.4333309167159285,-11.000000000000004,0.0126,0.29874587061068747,3.68,-0.039186059829623865,0.0,real,ok,
2022-04-13,-0.21666545835796425,-0.454617700034718,-0.4333309167159285,5,False,,,ok,-0.5761561528283655,-0.5413313981144083,0.21546886097871154,,-0.91645211017481,-0.4333309167159285,-11.000000000000004,0.0124,0.052838792780364324,3.68,-0.039186059829623865,0.0,real,ok,
2022-04-14,-0.21666545835796425,-0.45429600435035844,-0.4333309167159285,5,False,,,ok,-0.5748297218888904,-0.5408181694028442,0.21608163927255453,,-0.9176177653822537,-0.4333309167159285,-11.000000000000004,0.012199999999999999,0.052838792780364324,3.68,-0.039186059829623865,0.0,real,ok,
2022-04-15,-0.21666545835796425,-0.45478904955642463,-0.4333309167159285,5,False,,,ok,-0.5735045404749033,-0.5403000225422911,0.2134339854064815,,-0.9187856206149855,-0.4333309167159285,-11.000000000000004,0.012199999999999999,0.052838792780364324,3.68,-0.039186059829623865,0.0,real,ok,
2022-04-18,-0.21666545835796425,-0.4553846835170694,-0.4333309167159285,5,False,,,ok,-0.5721806014590953,-0.54017437728613,0.21077192880630752,,-0.9199556841293596,-0.4333309167159285,-11.000000000000004,0.0,0.052838792780364324,3.68,-0.039186059829623865,0.0,real,ok,
2022-04-19,-0.21666545835796425,-0.6605109399562741,-0.4333309167159285,5,True,基差平仓速度,,ok,-0.6435501597926812,-0.539658655285575,0.20809515732004802,,-1.6669301020668883,-0.4333309167159285,-12.0,0.0,0.052838792780364324,3.68,-0.0872001662264772,0.0,real,ok,
2022-04-20,-0.21666545835796425,-1.258987225917104,-0.4333309167159285,5,True,拍卖吸收度,,ok,-0.7145110332020176,-0.5391444081058941,-2.120803256927832,,-1.6614902054326726,-0.4333309167159285,-13.0,0.0,-1.4561408327144498,3.68,-0.0872001662264772,0.0,real,ok,
2022-04-21,-0.21666545835796425,-1.1501175976474076,-0.4333309167159285,5,False,,,ok,-0.7853636066780157,-0.5386316287294144,-1.620390067824061,,-1.6560850873581394,-0.4333309167159285,-14.000000000000002,0.0,-1.134887428732134,,-0.0872001662264772,0.0,real,ok,
2022-04-22,-0.21666545835796425,-1.1289267078266199,-0.4333309167159285,5,False,,,ok,-0.7107542643993086,-0.5381203101851314,-1.6161179248194428,,-1.6507143319025965,-0.4333309167159285,-13.0,0.0,-1.134887428732134,,-0.0872001662264772,0.0,real,ok,
2022-04-25,-0.21666545835796425,-1.1258806042144478,-0.4333309167159285,5,False,,,ok,-0.7086587574635926,-0.5376104455483112,-1.6118756838472756,,-1.6453775299986115,-0.4333309167159285,-13.0,0.0,-1.134887428732134,,-0.0872001662264772,0.0,real,ok,
2022-04-26,-0.21666545835796425,-0.8079041682157546,-0.4333309167159285,5,False,,,ok,-0.7068602097776858,-0.5371020279400964,-0.9218610388503842,,-1.0657933962948523,-0.4333309167159285,-13.0,0.0,-0.6895899095300484,,-0.04988329992207241,0.0,real,ok,
2022-04-27,-0.060656400904065544,-0.060656400904065544,-0.4333309167159285,5,True,拍卖吸收度,,ok,-0.6324248662897034,-0.5365950505271164,1.9896717551097578,,-1.0632774419092001,-0.4333309167159285,-12.0,0.0,1.194640171682348,,-0.04988329992207241,0.0,real,ok,
2022-04-28,-0.21666545835796425,-0.5543161843854745,-0.4333309167159285,5,True,拍卖吸收度,,ok,-0.6307740515653338,-0.5360766321558006,0.010354797154756928,,-1.06076885097552,-0.4333309167159285,-12.0,0.0004,-0.0878528988641639,,-0.04988329992207241,0.0,real,ok,
2022-04-29,-0.21666545835796425,-0.5526023975944624,-0.4333309167159285,5,False,,,ok,-0.6291249945410977,-0.5355725323294461,0.012555509389826637,,-1.0582675728971322,-0.4333309167159285,-12.0,0.0004,-0.0878528988641639,,-0.04988329992207241,0.0,real,ok,
2022-05-02,-0.21666545835796425,-0.5145502627786108,-0.4333309167159285,5,False,,,ok,-0.4821219890415842,-0.5350698524027304,0.01476434784492012,,-1.0557735575150489,-0.4333309167159285,-10.000000000000004,0.0004,-0.0878528988641639,,-0.04988329992207241,0.0,real,ok,
2022-05-03,-0.21580405701333408,-0.666272646115744,-0.43160811402666815,5,False,,,ok,-0.48079158391302473,-0.5345685857207814,0.016981411635358795,,-1.6667118264645286,-0.43160811402666815,-10.000000000000004,0.0004,-0.0878528988641639,,-0.08988462518103502,0.0,real,ok,
2022-05-04,-0.21540404624866252,-0.6647172802038019,-0.43080809249732505,5,False,,,ok,-0.47953499318176235,-0.5340622749508978,0.01582492331566105,,-1.661096775998209,-0.43080809249732505,-10.000000000000004,0.0006000000000000001,-0.0878528988641639,,-0.08988462518103502,0.0,real,ok,
2022-05-05,1.665640218207385,-0.6811721798007213,3.33128043641477,5,True,信任背离,黄,ok,-0.5510690946339964,-0.533576731871692,0.015475498500234806,,-1.6555183911974314,3.33128043641477,-10.999999999999998,0.0002,-0.0878528988641639,,-0.08988462518103502,19.99999999999997,real,ok,
2022-05-06,-0.21618598662678262,-0.6975175570400913,-0.43237197325356524,5,True,信任背离,,ok,-0.6226123356570574,-0.533079656732915,0.015597985437390664,,-1.6499762212077835,-0.43237197325356524,-12.0,0.0002,-0.0878528988641639,,-0.08988462518103502,0.0,real,ok,
2022-05-09,-0.21618598662678262,-0.6956641755325238,-0.43237197325356524,5,False,,,ok,-0.6213233850921539,-0.5325839686834113,0.015720474458683062,,-1.644469822813213,-0.43237197325356524,-12.0,0.0002,-0.0878528988641639,,-0.08988462518103502,0.0,real,ok,
2022-05-10,-0.21618598662678262,-0.5452692817096388,-0.43237197325356524,5,True,基差平仓速度,,ok,-0.6196273859449207,-0.5320896612824629,-0.7219112112706088,,-0.307448868340563,-0.43237197325356524,-12.0,0.0002,-0.5624155820766243,,-0.0025729194570374148,0.0,real,ok,
2022-05-11,-0.21618598662678262,-0.34878670394361855,-0.43237197325356524,5,False,,,ok,-0.6180517899192562,-0.5316031957597239,0.06104187792517904,,-0.3065337080206731,-0.43237197325356524,-12.0,0.0,-0.05948561006347592,,-0.0025729194570374148,0.0,real,ok,
2022-05-12,-0.21618598662678262,-0.5119613551732694,-0.43237197325356524,5,False,,,ok,-0.5440256908789856,-0.5311116218822416,-0.6670893705794213,,-0.3056187373524286,-0.43237197325356524,-10.999999999999998,0.0,-0.5280241600265003,,-0.0025729194570374148,0.0,real,ok,
2022-05-13,-0.21618598662678262,-0.5109983075075037,-0.43237197325356524,5,False,,,ok,-0.5428032413853109,-0.5306214096117344,-0.665864625010797,,-0.30470395402217254,-0.43237197325356524,-10.999999999999998,0.0,-0.5280241600265003,,-0.0025729194570374148,0.0,real,ok,
2022-05-16,-0.21618598662678262,-0.492454214867103,-0.43237197325356524,5,False,,,ok,-0.46884563490746134,-0.530132552672427,-0.6670493161714002,,-0.30378935571712357,-0.43237197325356524,-9.999999999999998,0.0,-0.5280241600265003,,-0.0025729194570374148,0.0,real,ok,
2022-05-17,-0.21618598662678262,-0.4481042563045624,-0.43237197325356524,5,False,,,ok,-0.46752388425728375,-0.529645044828973,-0.6683825923628628,,-0.1268655037691299,-0.43237197325356524,-9.999999999999998,0.0,-0.5280241600265003,,0.008941833391952425,0.0,real,ok,
2022-05-18,-0.21618598662678262,-0.5756305037740627,-0.43237197325356524,5,False,,,ok,-0.5387429320889532,-0.52915887988612,-1.1068954493082832,,-0.12772475381289422,-0.43237197325356524,-10.999999999999998,0.0,-0.8040445186317018,,0.008941833391952425,0.0,real,ok,
2022-05-19,0.05520156927890821,0.05520156927890821,-0.4318216277712973,5,True,拍卖吸收度,,ok,-0.5370646891596284,-0.5286545880087521,1.4151102695082496,,-0.12858471522423642,-0.4318216277712973,-10.999999999999998,0.0006000000000000001,0.7830427821012621,,0.008941833391952425,0.0,real,ok,
2022-05-20,0.03660736286615661,0.03660736286615661,-0.4318216277712973,5,False,,,ok,-0.6081427246631801,-0.5281711160236051,1.4121886830624348,,-0.1294453909110232,-0.4318216277712973,-12.0,0.0006000000000000001,0.7830427821012621,,0.008941833391952425,0.0,real,ok,
2022-05-23,0.0362865684303229,0.0362865684303229,-0.4318216277712973,5,False,,,ok,-0.6061361250245122,-0.5276889684991874,1.4092781510369554,,-0.13030678379196406,-0.4318216277712973,-12.0,0.0006000000000000001,0.7830427821012621,,0.008941833391952425,0.0,real,ok,
2022-05-24,-0.21591081388564864,-0.48807667227083773,-0.4318216277712973,5,False,,,ok,-0.6044008448311335,-0.5272081393978617,-0.12880314635316115,,-0.6918945585011945,-0.4318216277712973,-12.0,0.0006000000000000001,-0.18712982459008792,,-0.02768687583434848,0.0,real,ok,
2022-05-25,-0.21591081388564864,-0.556752994160631,-0.4318216277712973,5,False,,,ok,-0.6023811942834627,-0.5267286227204587,-0.40588376590681086,,-0.6920183937317913,-0.4318216277712973,-12.0,0.0006000000000000001,-0.3625172979144892,,-0.02768687583434848,0.0,real,ok,
2022-05-26,-0.21591081388564864,-0.8298415476144062,-0.4318216277712973,5,False,,,ok,-0.6003522200749175,-0.5262699267863801,-1.5006017926490316,,-0.6921422509472959,-0.4318216277712973,-12.0,0.0,-1.055500117267882,,-0.02768687583434848,0.0,real,ok,
2022-05-27,-0.21591081388564864,-0.8280865910291343,-0.4318216277712973,5,False,,,ok,-0.5983237632868114,-0.5257929917490823,-1.4959634789238452,,-0.6922661301567982,-0.4318216277712973,-12.0,0.0,-1.055500117267882,,-0.02768687583434848,0.0,real,ok,
2022-05-30,-0.21591081388564864,-0.8263498541988393,-0.4318216277712973,5,False,,,ok,-0.5963414968402578,-0.5253173514555565,-1.4913505371301505,,-0.6923900313693926,-0.4318216277712973,-12.0,0.0,-1.055500117267882,,-0.02768687583434848,0.0,real,ok,
2022-05-31,0.6291044289095526,-0.6504336417884946,1.2582088578191053,5,False,,,ok,-0.5209856781262349,-0.5248364851862324,-1.4867626947564803,,-0.06914970908503121,1.2582088578191053,-10.999999999999998,0.0002,-1.055500117267882,,0.013019961913569356,9.00000000000003,real,ok,
2022-06-01,1.5567593988823776,-0.6305299842492417,3.113518797764755,5,False,,黄,ok,-0.4457679112410537,-0.5243634252812339,-1.4823173369458933,,-0.06967126352878539,3.113518797764755,-9.999999999999998,0.0002,-1.055500117267882,,0.013019961913569356,18.999999999999993,real,ok,
2022-06-02,1.3612939362870087,-0.6473465046556678,2.7225878725740174,5,False,,黄,ok,-0.5175148446358466,-0.5238916426542187,-1.4777865528979872,,-0.07019297843461848,2.7225878725740174,-10.999999999999998,0.0002,-1.055500117267882,,0.013019961913569356,16.999999999999993,real,ok,
2022-06-03,1.807693467922705,-0.6645243450796119,3.61538693584541,5,False,,黄,ok,-0.5894477153136715,-0.523421131566339,-1.4745136791228894,,-0.07071485431554772,3.61538693584541,-12.0,0.0002,-1.055500117267882,,0.013019961913569356,21.999999999999975,real,ok,
2022-06-06,-0.218806247446663,-0.6633883466156189,-0.437612494893326,5,True,信任背离,,ok,-0.5880995509113366,-0.5229518863147873,-1.4712650575509523,,-0.07123689168539897,-0.437612494893326,-12.0,0.0002,-1.055500117267882,,0.013019961913569356,0.0,real,ok,
2022-06-07,-0.02841655532964424,-0.02841655532964424,-0.436607635989451,5,True,拍卖吸收度、基差平仓速度,,ok,-0.659716528653005,-0.5224904329385865,0.35839784330507796,,0.7101428969679366,-0.436607635989451,-13.0,0.0,0.1032337021462904,,0.06404252004275013,0.0,real,ok,
2022-06-08,0.6107055599749031,-0.029001946970730136,1.2214111199498061,5,False,,,ok,-0.7312498838535009,-0.522023694054553,0.42875528167517585,,0.7085105083499575,1.2214111199498061,-14.000000000000002,0.0,0.1460028145890156,,0.06404252004275013,8.999999999999986,real,ok,
2022-06-09,-0.12582689855415366,-0.12582689855415366,-0.4370365472101389,5,False,,,ok,-0.802712975437093,-0.521558204140787,0.11408316105630169,,0.7068804243049637,-0.4370365472101389,-15.000000000000002,0.0,-0.05434034691140019,,0.06404252004275013,0.0,real,ok,
2022-06-10,-0.12566987391401946,-0.12566987391401946,-0.4370365472101389,5,False,,,ok,-0.8004965536315363,-0.5210939576356066,0.11365838422325042,,0.7052526313878147,-0.4370365472101389,-15.000000000000002,0.0,-0.05434034691140019,,0.06404252004275013,0.0,real,ok,
2022-06-13,-0.16233175443360537,-0.16233175443360537,-0.4370365472101389,5,False,,,ok,-0.9455567960879521,-0.5206309490119462,0.11323361114871207,,0.7036271162167649,-0.4370365472101389,-17.000000000000004,0.0,-0.05434034691140019,,0.06404252004275013,0.0,real,ok,
2022-06-14,-0.060509870969810364,-0.060509870969810364,-0.4370365472101389,5,True,基差平仓速度,,ok,-1.2371016962922707,-0.5201691727770812,0.11280884160092507,,1.4024225435891855,-0.4370365472101389,-21.000000000000007,0.0,-0.05434034691140019,,0.10988949348553434,0.0,real,ok,
2022-06-15,-0.04220288069693762,-0.04220288069693762,-0.4370365472101389,5,False,,,ok,-1.1602944928353263,-0.5197086234723532,0.11286004964847542,,1.3983315438714536,-0.4370365472101389,-20.000000000000007,0.0,-0.05434034691140019,,0.10988949348553434,0.0,real,ok,
2022-06-16,-0.0418134193847719,-0.0418134193847719,-0.4370365472101389,5,False,,,ok,-1.1571701142312427,-0.5192492956728999,0.11490539983577085,,1.3942603325292844,-0.4370365472101389,-19.999999999999996,0.0,-0.05434034691140019,,0.10988949348553434,0.0,real,ok,
2022-06-17,-0.04147176052221818,-0.04147176052221818,-0.4370365472101389,5,False,,,ok,-1.154048783387392,-0.5187911839873849,0.11674420972035073,,1.3902087155655534,-0.4370365472101389,-19.999999999999996,0.0,-0.05434034691140019,,0.10988949348553434,0.0,real,ok,
2022-06-20,-0.04112890861992341,-0.04112890861992341,-0.4370365472101389,5,False,,,ok,-1.1509460978019088,-0.5183342830577334,0.11858824484333633,,1.386176501536612,-0.4370365472101389,-19.999999999999996,0.0,-0.05434034691140019,,0.10988949348553434,0.0,real,ok,
2022-06-21,0.28949029581707136,0.28949029581707136,-0.4370365472101389,5,True,基差平仓速度,,ok,-1.1478701729474026,-0.5178785875588676,0.12043755232692076,,2.703272391447635,-0.4370365472101389,-19.999999999999996,0.0,-0.05434034691140019,,0.19741102965394264,0.0,real,ok,
2022-06-22,-0.04437394917746873,-0.04437394917746873,-0.4370365472101389,5,False,,,ok,-1.144829047246818,-0.517424092198447,-1.202143283114037,,2.6869006258494275,-0.4370365472101389,-19.999999999999996,0.0,-0.8851322439119391,,0.19741102965394264,0.0,real,ok,
2022-06-23,0.32473565578824093,0.32473565578824093,-0.4370365472101389,5,False,,,ok,-1.2157025994811983,-0.516964219688868,0.3608320037271187,,2.6707774385959113,-0.4370365472101389,-20.999999999999996,0.0002,0.0929297431666265,,0.19741102965394264,0.0,real,ok,
2022-06-24,0.35881326927298923,0.35881326927298923,-0.4370365472101389,5,False,,,ok,-1.065794375830834,-0.5165121170317664,0.3626632058115758,,2.6548963641429815,-0.4370365472101389,-18.999999999999993,0.0002,0.0929297431666265,,0.19741102965394264,0.0,real,ok,
2022-06-27,0.6896814804955307,0.6896814804955307,-0.4370365472101389,5,False,,,ok,-0.7695417421526898,-0.5160611988021709,1.405077692259937,,2.6392511706770465,-0.4370365472101389,-14.999999999999991,0.0002,0.7444022279051712,,0.19741102965394264,0.0,real,ok,
2022-06-28,0.2550039416115283,0.2550039416115283,-0.4370365472101389,5,True,基差平仓速度,,ok,-0.6208547057782502,-0.5156114598362777,0.49285525425722615,,1.6636266778034148,-0.4370365472101389,-12.99999999999999,0.0002,0.17317605258147262,,0.13237732663570223,0.0,real,ok,
2022-06-29,0.2356817264229889,0.2356817264229889,-0.4370365472101389,5,False,,,ok,-0.6927969698369527,-0.5151563095600517,0.4926568605554909,,1.6580233245334692,-0.4370365472101389,-13.99999999999999,0.0004,0.17317605258147262,,0.13237732663570223,0.0,real,ok,
2022-06-30,0.21688067375854775,0.21688067375854775,-0.4370365472101389,5,False,,,ok,-0.7646289443826074,-0.5147155106690149,0.4944106891401501,,1.6524564609456631,-0.4370365472101389,-14.999999999999991,0.0002,0.17317605258147262,,0.13237732663570223,0.0,real,ok,
2022-07-01,0.25259377012730855,0.25259377012730855,-0.4370365472101389,5,False,,,ok,-0.616321345131115,-0.5142692788107435,0.49404006559707836,,1.646925638854014,-0.4370365472101389,-12.99999999999999,0.0002,0.17317605258147262,,0.13237732663570223,0.0,real,ok,
2022-07-04,0.25160005087592235,0.25160005087592235,-0.4370365472101389,5,False,,,ok,-0.6148755927432864,-0.5138242058732394,0.49366958446949744,,1.641430417650718,-0.4370365472101389,-12.99999999999999,0.0002,0.17317605258147262,,0.13237732663570223,0.0,real,ok,
2022-07-05,-0.10878641720167126,-0.10878641720167126,-0.4370365472101389,5,True,基差平仓速度,,ok,-0.46665450287294974,-0.5133802868476022,0.49329924556370947,,0.051589875350157396,-0.4370365472101389,-10.999999999999988,0.0002,0.17317605258147262,,0.025103113532812582,0.0,real,ok,
2022-07-06,-0.1085978609975343,-0.1085978609975343,-0.4370365472101389,5,False,,,ok,-0.46512431954587385,-0.5129441189447993,0.49292904868628923,,0.05074794581424675,-0.4370365472101389,-10.999999999999988,0.0,0.17317605258147262,,0.025103113532812582,0.0,real,ok,
2022-07-07,-0.10845651086082936,-0.10845651086082936,-0.4370365472101389,5,False,,,ok,-0.4637948221763788,-0.5124958792459291,0.4925589936440831,,0.04990566433490732,-0.4370365472101389,-10.999999999999988,0.0002,0.17317605258147262,,0.025103113532812582,0.0,real,ok,
2022-07-08,-0.12659196892549676,-0.12659196892549676,-0.4370365472101389,5,False,,,ok,-0.5355645924387881,-0.5120553922178079,0.49218908024420793,,0.04906302871040087,-0.4370365472101389,-11.99999999999999,0.0002,0.17317605258147262,,0.025103113532812582,0.0,real,ok,
2022-07-11,-0.21851827360506945,-0.22268576674912036,-0.4370365472101389,5,False,,,ok,-0.5341185708184962,-0.5116160393661794,0.10677150645466615,,0.04822003673352807,-0.4370365472101389,-11.99999999999999,0.0002,-0.06746062678624598,,0.025103113532812582,0.0,real,ok,
2022-07-12,-0.11286375415248567,-0.11286375415248567,-0.4370365472101389,5,True,基差平仓速度,,ok,-0.4594038715635993,-0.5111645846863919,1.2681233151404283,,-0.7490098755003798,-0.4370365472101389,-10.999999999999988,0.0006000000000000001,0.658877306130967,,-0.028675163774231516,0.0,real,ok,
2022-07-13,-0.21851827360506945,-0.5729454182287815,-0.4370365472101389,5,True,拍卖吸收度,,ok,-0.5314955675873644,-0.510714263810295,-0.5020079016509456,,-0.7475639398665214,-0.4370365472101389,-11.99999999999999,0.001,-0.44748983555860633,,-0.028675163774231516,0.0,real,ok,
2022-07-14,-0.21851827360506945,-0.26240090681818234,-0.4370365472101389,5,False,,,ok,-0.5302727176701618,-0.5102849386352997,0.7370741978423989,,-0.7461201688096668,-0.4370365472101389,-11.99999999999999,0.0008,0.32713474858030844,,-0.028675163774231516,0.0,real,ok,
2022-07-15,-0.21851827360506945,-0.24351458974276075,-0.4370365472101389,5,False,,,ok,-0.45573065933090934,-0.5098500980296639,0.7362009506388069,,-0.7446785522492766,-0.4370365472101389,-10.999999999999988,0.0008,0.32713474858030844,,-0.028675163774231516,0.0,real,ok,
2022-07-18,-0.21851827360506945,-0.2429609900573592,-0.4370365472101389,5,False,,,ok,-0.45463612231804584,-0.5094163675111041,0.7354476097545424,,-0.7432390801548292,-0.4370365472101389,-10.999999999999988,0.0008,0.32713474858030844,,-0.028675163774231516,0.0,real,ok,
2022-07-19,0.24154547937898507,-0.5078452207888915,0.48309095875797015,5,True,基差平仓速度,,ok,-0.45354222542288064,-0.5089970069259797,0.7346965777159944,,-1.8035382285226997,0.48309095875797015,-10.999999999999988,0.0004,0.32713474858030844,,-0.1007199684789919,4.999999999999982,real,ok,
2022-07-20,0.9746872984330601,-1.0463290674740264,1.9493745968661202,5,True,拍卖吸收度,,ok,-0.5254907620452581,-0.5085787378232142,-1.3538242741314594,,-1.7974224958961738,1.9493745968661202,-11.99999999999999,0.0,-0.9796135608384814,,-0.1007199684789919,12.99999999999999,real,ok,
2022-07-21,-0.22017696114036087,-0.3093029045555075,-0.44035392228072173,5,True,拍卖吸收度、信任背离,,ok,-0.5241219069205751,-0.5081482777014236,1.5864105866949278,,-1.7913520202949593,-0.44035392228072173,-11.99999999999999,0.0,0.8626838488133681,,-0.1007199684789919,0.0,real,ok,
2022-07-22,-0.22017696114036087,-0.3247606095162928,-0.44035392228072173,5,False,,,ok,-0.596150290120383,-0.5077189090729027,1.590152984630998,,-1.7853262235028835,-0.44035392228072173,-12.99999999999999,0.0,0.8626838488133681,,-0.1007199684789919,0.0,real,ok,
2022-07-25,-0.22017696114036087,-0.7331037939843561,-0.44035392228072173,5,True,拍卖吸收度,,ok,-0.5210056252080996,-0.5072906273316949,-0.12477438533858999,,-1.77934453805904,-0.44035392228072173,-11.99999999999999,0.0,-0.2114224979030847,,-0.1007199684789919,0.0,real,ok,
2022-07-26,-0.22017696114036087,-0.738771535655393,-0.44035392228072173,5,False,,,ok,-0.519383750975606,-0.5068634278990133,0.4187494755096155,,-2.347588439256568,-0.44035392228072173,-11.99999999999999,0.0,0.12483955169803289,,-0.14011071908897055,0.0,real,ok,
2022-07-27,-0.22017696114036087,-1.0446708240053857,-0.44035392228072173,5,False,,,ok,-0.517707925328743,-0.5064306539217899,-0.8187686939130938,,-2.3357760228579156,-0.44035392228072173,-11.99999999999999,0.0002,-0.6447136525846984,,-0.14011071908897055,0.0,real,ok,
2022-07-28,-0.22017696114036087,-0.9160469559046508,-0.44035392228072173,5,False,,,ok,-0.5158505769426166,-0.5059989577070947,-0.3182338810722595,,-2.3241044078966326,-0.44035392228072173,-12.00000000000001,0.0004,-0.33629557562689805,,-0.14011071908897055,0.0,real,ok,
2022-07-29,-0.21940217161577782,-0.9303864865719701,-0.43880434323155565,5,False,,,ok,-0.5875564846146031,-0.5055749936870269,-0.31584380639416837,,-2.312570661592082,-0.43880434323155565,-12.99999999999999,0.0004,-0.33629557562689805,,-0.14011071908897055,0.0,real,ok,
2022-08-01,-0.21879980847545538,-0.9080123824038178,-0.43759961695091076,5,False,,,ok,-0.5123075608014264,-0.5051254446792841,-0.31344458801704894,,-2.3011719361175116,-0.43759961695091076,-12.00000000000001,0.0012000000000000001,-0.33629557562689805,,-0.14011071908897055,0.0,real,ok,
2022-08-02,-0.2177428403979146,-0.9308272705265318,-0.4354856807958292,5,False,,,ok,-0.3637666878530784,-0.504703635943692,-0.3110360299701501,,-2.5438027283392066,-0.4354856807958292,-10.000000000000009,0.0012000000000000001,-0.33629557562689805,,-0.1578764486466,0.0,real,ok,
2022-08-03,-0.21719071048968275,-0.9449064350603141,-0.4343814209793655,5,False,,,ok,-0.4360871647319223,-0.5042895514123666,-0.3098589741068562,,-2.5293900499901114,-0.4343814209793655,-10.999999999999988,0.001,-0.33629557562689805,,-0.1578764486466,0.0,real,ok,
2022-08-04,-0.21703422889037016,-0.9408056487410315,-0.4340684577807403,5,False,,,ok,-0.43463182236766473,-0.5038564963884906,-0.3095576392687402,,-2.5151766369392305,-0.4340684577807403,-10.999999999999988,0.0014,-0.33629557562689805,,-0.1578764486466,0.0,real,ok,
2022-08-05,-0.2162588839008789,-0.9548597276511352,-0.4325177678017578,5,False,,,ok,-0.5065559343785919,-0.5034378480331209,-0.30828740612410654,,-2.501157722068722,-0.4325177678017578,-12.00000000000001,0.0014,-0.33629557562689805,,-0.1578764486466,0.0,real,ok,
2022-08-08,-0.21752975140525976,-0.9505334474371954,-0.4350595028105195,5,False,,,ok,-0.5047410706205717,-0.5030469575723113,-0.30701706483616936,,-2.487328696719729,-0.4350595028105195,-12.00000000000001,0.0006000000000000001,-0.33629557562689805,,-0.1578764486466,0.0,real,ok,
2022-08-09,0.27761337165238015,-0.9601917607930396,0.5552267433047603,5,False,,,ok,-0.4288196928865264,-0.5026303580612393,-0.12365838212759617,,-2.7856586100967964,0.5552267433047603,-10.999999999999988,0.0006000000000000001,-0.22511357875940152,,-0.18020184143775486,4.999999999999982,real,ok,
2022-08-10,0.2784152690607036,-1.09369553992193,0.5568305381214071,5,False,,,ok,-0.9396910709398993,-0.5007353628666078,-0.16677844471080402,,-2.7675772811704085,0.5568305381214071,-12.00000000000001,0.0006000000000000001,-0.25208741487242187,,-0.18020184143775486,4.999999999999982,real,ok,
2022-08-11,1.6521854552575737,-1.1978727085716505,3.3043709105151473,5,True,信任背离,黄,ok,-0.9646483880970992,-0.49873063675418416,-0.578320844472502,,-2.7497909649628167,3.3043709105151473,-12.00000000000001,0.0,-0.5039433014467698,,-0.18020184143775486,18.999999999999993,real,ok,
2022-08-12,-0.1191021179531894,-1.1928635198643969,-0.2382042359063788,5,True,信任背离,,ok,-0.9650933136607919,-0.49668099757438205,-0.5773883507314238,,-2.7322914174909894,-0.2382042359063788,-12.00000000000001,0.0,-0.5039433014467698,,-0.18020184143775486,0.9999999999999787,real,ok,
2022-08-15,-0.020959372037429196,-1.1485908799051732,-0.04191874407485839,5,False,,,ok,-0.8082346359875887,-0.4946014981623347,-0.5764566710302043,,-2.7150707144405652,-0.04191874407485839,-10.999999999999988,0.0006000000000000001,-0.5039433014467698,,-0.18020184143775486,2.0000000000000018,real,ok,
2022-08-16,-0.021222381955015836,-1.3203288898026073,-0.04244476391003167,5,False,,,ok,-0.8061032486799917,-0.49251658812447296,-0.5755258026183948,,-3.40716991978757,-0.04244476391003167,-10.999999999999988,0.0014,-0.5039433014467698,,-0.23247728507194543,2.0000000000000018,real,ok,
2022-08-17,-0.21808275935369256,-1.1702630422860096,-0.4361655187073851,5,False,,,ok,-0.8063695889125745,-0.4904515121239315,-0.0062464073382206475,,-3.3779846607693123,-0.4361655187073851,-10.999999999999988,0.0014,-0.1562110677891585,,-0.23247728507194543,0.0,real,ok,
2022-08-18,-0.21808275935369256,-1.4112118463552852,-0.4361655187073851,5,False,,,ok,-0.9667531539623364,-0.48838460712405074,-0.8402478409340285,,-3.3494617834007245,-0.4361655187073851,-12.00000000000001,0.0014,-0.6659949340165273,,-0.23247728507194543,0.0,real,ok,
2022-08-19,-0.21808275935369256,-1.4029480682990132,-0.4361655187073851,5,False,,,ok,-0.9645011804160495,-0.48635849717306084,-0.8393565725221845,,-3.321576023084758,-0.4361655187073851,-12.00000000000001,0.0014,-0.6659949340165273,,-0.23247728507194543,0.0,real,ok,
2022-08-22,-0.21808275935369256,-1.3947739560068526,-0.4361655187073851,5,False,,,ok,-0.9619798426182483,-0.48434618449172856,-0.8384663499566901,,-3.2943034469607437,-0.4361655187073851,-12.00000000000001,0.0008,-0.6659949340165273,,-0.23247728507194543,0.0,real,ok,
2022-08-23,-0.21808275935369256,-0.7324790212204815,-0.4361655187073851,5,True,基差平仓速度,,ok,-1.18058386726691,-0.4823359423092067,0.7760769172350835,,-2.0430731925408927,-0.4361655187073851,-12.99999999999999,0.0,0.31874387461790643,,-0.13922560675198525,0.0,real,ok,
2022-08-24,-0.21808275935369256,-0.3973262880629478,-0.4361655187073851,5,False,,,ok,-1.17920594027347,-0.48025332046607905,2.1051269039655613,,-2.0349727954778034,-0.4361655187073851,-12.99999999999999,0.0,1.1343905758308968,,-0.13922560675198525,0.0,real,ok,
2022-08-25,-0.21808275935369256,-0.9935120097503818,-0.4361655187073851,5,True,拍卖吸收度,,ok,-1.0074513706617831,-0.47818138432288904,-0.4614708632135903,,-2.0269444208032645,-0.4361655187073851,-12.00000000000001,0.0,-0.4342784060437713,,-0.13922560675198525,0.0,real,ok,
2022-08-26,-0.21808275935369256,-0.9904402623078825,-0.4361655187073851,5,False,,,ok,-1.0051358134899897,-0.4762648311218472,-0.461373475219107,,-2.018986929400586,-0.4361655187073851,-12.00000000000001,0.0,-0.4342784060437713,,-0.13922560675198525,0.0,real,ok,
2022-08-29,0.6659165978499644,-0.9873560260226691,1.3318331956999288,5,False,,,ok,-1.0025778526062274,-0.4744709465849439,-0.46127609766148053,,-2.0110992072380247,1.3318331956999288,-12.00000000000001,0.0,-0.4342784060437713,,-0.13922560675198525,9.00000000000003,real,ok,
2022-08-30,-0.2190241310115888,-0.7854714113316518,-0.4380482620231776,5,False,,,ok,-0.8301605594149509,-0.4727505778142578,-0.4611787305369464,,-1.377795777560452,-0.4380482620231776,-10.999999999999988,0.0,-0.4342784060437713,,-0.09135467964171617,0.0,real,ok,
2022-08-31,-0.2190241310115888,-0.7834614803951374,-0.4380482620231776,5,False,,,ok,-0.828155304147593,-0.4709355110423057,-0.45982620219007136,,-1.3749289042005792,-0.4380482620231776,-10.999999999999988,0.0,-0.4342784060437713,,-0.09135467964171617,0.0,real,ok,
2022-09-01,-0.2190241310115888,-0.7813759918126392,-0.4380482620231776,5,False,,,ok,-0.8261562204974412,-0.46914740892234463,-0.45812767003783444,,-1.3720726677929365,-0.4380482620231776,-10.999999999999988,0.0006000000000000001,-0.4342784060437713,,-0.09135467964171617,0.0,real,ok,
2022-09-02,-0.21795554408769025,-0.7794669000516455,-0.4359110881753805,5,False,,,ok,-0.8241633253747074,-0.46718195496269804,-0.45729532722115507,,-1.3692269926480216,-0.4359110881753805,-10.999999999999988,0.0006000000000000001,-0.4342784060437713,,-0.09135467964171617,0.0,real,ok,
2022-09-05,-0.2174778646348894,-0.7775378427522008,-0.4349557292697788,5,False,,,ok,-0.8221766370256041,-0.46511945074445926,-0.45646347941664495,,-1.366391803822095,-0.4349557292697788,-10.999999999999988,0.0006000000000000001,-0.4342784060437713,,-0.09135467964171617,0.0,real,ok,
2022-09-06,-0.21663662166022782,-0.6774011611427047,-0.43327324332045564,5,False,,,ok,-0.8201961750663218,-0.4631592898101934,-0.4556321247911515,,-0.9706170549031516,-0.43327324332045564,-10.999999999999988,0.0006000000000000001,-0.4342784060437713,,-0.06119943275115691,0.0,real,ok,
2022-09-07,-0.21608692391654277,-0.7210014211056812,-0.43217384783308554,5,False,,,ok,-0.9979403016728118,-0.46113167790450166,-0.45480126151563477,,-0.9701324433297767,-0.43217384783308554,-12.00000000000001,0.0016,-0.4342784060437713,,-0.06119943275115691,0.0,real,ok,
2022-09-08,-0.21504784920318426,-0.7227747657089226,-0.4300956984063685,5,True,央行回购使用量,,ok,-1.0088335346075945,-0.45864646926487496,-0.45397088776514594,,-0.969648171198075,-0.4300956984063685,-12.00000000000001,0.0132,-0.4342784060437713,,-0.06119943275115691,0.0,real,ok,
2022-09-09,-0.21408658394375257,-0.8124004566978353,-0.42817316788750515,4,False,,,ok,-1.0114912540877372,-0.45654587798743257,,,-0.9691642380183362,-0.42817316788750515,-12.00000000000001,0.0132,,,-0.06119943275115691,0.0,real,ok,
2022-09-12,1.5169699593862171,-0.44305779123279165,3.0339399187724343,5,True,信任背离,黄,ok,-1.0105205737861267,-0.45447438186822897,0.6614444340250106,,-0.9686806433018217,3.0339399187724343,-12.00000000000001,0.0132,0.24959262586488012,,-0.06119943275115691,16.999999999999993,real,ok,
2022-09-13,0.7003636584948405,-0.7240924833987589,1.400727316989681,5,False,,,ok,-1.0088878957002432,-0.4523563740727537,-0.3752332845798786,,-1.05989237924216,1.400727316989681,-12.00000000000001,0.0132,-0.3798988869386285,,-0.06823938138858998,8.999999999999986,real,ok,
2022-09-14,1.2028293664848553,-0.7680610317792997,2.4056587329697106,5,False,,黄,ok,-1.1881552806053504,-0.45027406400835995,-0.3746950651765216,,-1.0591197173269673,2.4056587329697106,-12.99999999999999,0.012199999999999999,-0.3798988869386285,,-0.06823938138858998,14.000000000000012,real,ok,
2022-09-15,-0.21613396105207658,-0.7214104118059618,-0.43226792210415316,5,True,信任背离,,ok,-1.0058268987957621,-0.4485822316996712,-0.3728846085010081,,-1.0583479082274057,-0.43226792210415316,-12.00000000000001,0.0,-0.3798988869386285,,-0.06823938138858998,0.0,real,ok,
2022-09-16,-0.21598070127838903,-0.7657152853566032,-0.43196140255677806,5,False,,,ok,-1.1858496622387806,-0.4464617689581607,-0.3729727601767584,,-1.0575769500527128,-0.43196140255677806,-12.99999999999999,0.0,-0.3798988869386285,,-0.06823938138858998,0.0,real,ok,
2022-09-19,-0.21543841875844053,-0.7644371476591418,-0.43087683751688105,5,False,,,ok,-1.1835229166054673,-0.44435791327368496,-0.37306091983949774,,-1.0568068409179177,-0.43087683751688105,-12.99999999999999,0.0,-0.3798988869386285,,-0.06823938138858998,0.0,real,ok,
2022-09-20,-0.21479017936135208,-1.07765417044244,-0.42958035872270417,5,False,,,ok,-1.3625410697652927,-0.4422801641695215,-1.70444135684816,,-0.8013540909867861,-0.42958035872270417,-14.000000000000012,0.0,-1.1908846243734783,,-0.04865705999573322,0.0,real,ok,
2022-09-21,-0.214047593046547,-1.1203962822319682,-0.428095186093094,5,False,,,ok,-1.5406269098628296,-0.4402092157537827,-1.6996760658798733,,-0.8010729374313874,-0.428095186093094,-14.999999999999991,0.0,-1.1908846243734783,,-0.04865705999573322,0.0,real,ok,
2022-09-22,-0.214047593046547,-0.8704055447133556,-0.428095186093094,5,False,,,ok,-1.7180770650272614,-0.438158408085941,-0.524594810090075,,-0.800791895650145,-0.428095186093094,-15.99999999999997,0.0,-0.4751872653098496,,-0.04865705999573322,0.0,real,ok,
2022-09-23,-0.214047593046547,-0.8740078802756623,-0.428095186093094,5,False,,,ok,-1.735072226649744,-0.43601764291537454,-0.5244306859937993,,-0.8005109655437318,-0.428095186093094,-15.99999999999997,0.0,-0.4751872653098496,,-0.04865705999573322,0.0,real,ok,
2022-09-26,-0.214047593046547,-0.652105215131339,-0.428095186093094,5,False,,,ok,-1.73062680389113,-0.43389804529051734,0.3563341356692295,,-0.8002301470129384,-0.428095186093094,-15.99999999999997,0.0,0.06202072953643098,,-0.04865705999573322,0.0,real,ok,
2022-09-27,-0.214047593046547,-0.538912113257603,-0.428095186093094,5,False,,,ok,-1.909244256283988,-0.43177663181589593,1.3118655951480314,,-1.1264931600785597,-0.428095186093094,-16.999999999999993,0.0,0.6463615114664983,,-0.07378443447245142,0.0,real,ok,
2022-09-28,-0.214047593046547,-0.5105225344331612,-0.428095186093094,5,False,,,ok,-1.9038143182797163,-0.42964889609205276,1.416576093030637,,-1.1252030163915132,-0.428095186093094,-16.999999999999993,0.0,0.7128066819160188,,-0.07378443447245142,0.0,real,ok,
2022-09-29,-0.21362398766316698,-0.6008865112755146,-0.42724797532633396,5,True,回购压力,,ok,-2.264551260254208,-0.4275215506283579,1.4124419472584038,,-1.123915181477896,-0.42724797532633396,-18.999999999999993,0.0,0.7128066819160188,,-0.07378443447245142,0.0,real,ok,
2022-09-30,-0.21362398766316698,-0.5071967968969209,-0.42724797532633396,5,True,回购压力,,ok,-1.8891418669989997,-0.4254816898979529,1.4084660164016907,,-1.1226296470924217,-0.42724797532633396,-16.999999999999993,0.0,0.7128066819160188,,-0.07378443447245142,0.0,real,ok,
2022-10-03,-0.21362398766316698,-0.4141127649586228,-0.42724797532633396,5,True,回购压力,,ok,-1.516273429333473,-0.4233404026428567,1.4045091771722769,,-1.1213464050304385,-0.42724797532633396,-14.999999999999991,0.0006000000000000001,0.7128066819160188,,-0.07378443447245142,0.0,real,ok,
2022-10-04,-0.21362398766316698,-0.4970193608908651,-0.42724797532633396,5,True,回购压力、基差平仓速度,,ok,-0.7768047283641424,-0.4211748863004339,1.4005712477491852,,-2.1906690766480694,-0.42724797532633396,-10.999999999999988,0.0006000000000000001,0.7128066819160188,,-0.15671611014118203,0.0,real,ok,
2022-10-05,0.1913676839002745,-0.49447950430745385,0.382735367800549,5,False,,,ok,-0.7746763595996075,-0.4189999756424717,1.396652048666176,,-2.1808937306539122,0.382735367800549,-10.999999999999988,0.0006000000000000001,0.7128066819160188,,-0.15671611014118203,3.999999999999959,real,ok,
2022-10-06,0.4943183310589465,-0.44579477687307295,0.988636662117893,5,False,,,ok,-0.5878929372513281,-0.41681848320605247,1.392751402772169,,-2.1712190898070802,0.988636662117893,-10.000000000000009,0.0006000000000000001,0.7128066819160188,,-0.15671611014118203,7.000000000000028,real,ok,
2022-10-07,0.3920723565146575,-0.44331756888540036,0.784144713029315,5,False,,,ok,-0.5858628535402717,-0.4146332314458082,1.388869135192475,,-2.1616433257479963,0.784144713029315,-10.000000000000009,0.0006000000000000001,0.7128066819160188,,-0.15671611014118203,6.000000000000005,real,ok,
2022-10-10,-0.2157335932975384,-0.4408725159232959,-0.4314671865950768,5,False,,,ok,-0.5838637547164852,-0.4124667259540177,1.3850050732908157,,-2.1521646563134964,-0.4314671865950768,-10.000000000000009,0.0,0.7128066819160188,,-0.15671611014118203,0.0,real,ok,
2022-10-11,-0.2157335932975384,-0.5783989999192921,-0.4314671865950768,5,False,,,ok,-0.5818526886203397,-0.41031196436974116,0.4534640842263434,,-1.774895430913431,-0.4314671865950768,-10.000000000000009,0.0,0.1389247266277637,,-0.1277098132291279,0.0,real,ok,
2022-10-12,-0.2157335932975384,-0.4308206419086596,-0.4314671865950768,5,False,,,ok,-0.7658158254112469,-0.4081392020887859,1.2192096392821405,,-1.7685371794167462,-0.4314671865950768,-10.999999999999988,0.0,0.6130995916439531,,-0.1277098132291279,0.0,real,ok,
2022-10-13,-0.2157335932975384,-0.7688655118494399,-0.4314671865950768,5,False,,,ok,-0.7637076514966052,-0.4059585018256004,-0.14357073472569867,,-1.7622251593498548,-0.4314671865950768,-10.999999999999988,0.0,-0.22812772486285546,,-0.1277098132291279,0.0,real,ok,
2022-10-14,-0.2157335932975384,-0.7660495418728588,-0.4314671865950768,5,False,,,ok,-0.761687819407572,-0.4037724680857996,-0.14277913088318425,,-1.7559587491148794,-0.4314671865950768,-10.999999999999988,0.0,-0.22812772486285546,,-0.1277098132291279,0.0,real,ok,
2022-10-17,-0.2157335932975384,-0.716505778657478,-0.4314671865950768,5,False,,,ok,-0.5726982098536745,-0.4016001513044898,-0.14198741480233656,,-1.7497373386694113,-0.4314671865950768,-10.000000000000009,0.0,-0.22812772486285546,,-0.1277098132291279,0.0,real,ok,
2022-10-18,-0.2157335932975384,-0.8215178347441496,-0.4314671865950768,5,False,,,ok,-0.7578972101137347,-0.39949723556991396,-0.14325196714852392,,-1.9854249261444261,-0.4314671865950768,-10.999999999999988,0.0,-0.22812772486285546,,-0.14695429805467097,0.0,real,ok,
2022-10-19,-0.2157335932975384,-0.6972172198631627,-0.4314671865950768,5,False,,,ok,-0.7557564437824422,-0.3972875724846559,0.34151193561038934,,-1.9773367987959418,-0.4314671865950768,-10.999999999999988,0.002,0.0689816091539079,,-0.14695429805467097,0.0,real,ok,
2022-10-20,-0.2157335932975384,-1.0288306243468535,-0.4314671865950768,5,False,,,ok,-0.9409304020959421,-0.3952477786660241,-0.8098238963336392,,-1.969320420291809,-0.4314671865950768,-12.00000000000001,0.0024000000000000002,-0.6398474609322363,,-0.14695429805467097,0.0,real,ok,
2022-10-21,1.890818703983807,-1.072275015123736,3.781637407967614,5,True,信任背离,黄,ok,-1.1257805681651347,-0.39298749424145024,-0.8089573534378236,,-1.961374644650535,3.781637407967614,-12.99999999999999,0.003,-0.6398474609322363,,-0.14695429805467097,20.999999999999996,real,ok,
2022-10-24,-0.21649177298684374,-1.1168442075368583,-0.4329835459736875,5,True,信任背离,,ok,-1.3150379496564892,-0.39074874502902057,-0.8080917841598393,,-1.9534983513020843,-0.4329835459736875,-14.000000000000012,0.003,-0.6398474609322363,,-0.14695429805467097,0.0,real,ok,
2022-10-25,0.6859484267700465,-0.6878138840705589,1.371896853540093,5,False,,,ok,-1.1260255213319066,-0.38849891500235595,0.6861223468708916,,-1.9228534468188647,1.371896853540093,-12.99999999999999,0.0032,0.2812955165266066,,-0.1451150502476588,8.999999999999986,real,ok,
2022-10-26,-0.21662227439866327,-0.7699423087116914,-0.43324454879732655,5,False,,,ok,-0.9338670152153246,-0.3863264485981205,0.15572050832983456,,-1.9152962793631554,-0.43324454879732655,-12.00000000000001,0.0014,-0.044994791471127796,,-0.1451150502476588,0.0,real,ok,
2022-10-27,-0.21662227439866327,-0.5224702650513238,-0.43324454879732655,5,False,,,ok,-0.7419041818795225,-0.38408386450513154,0.9439095151438525,,-1.9078025289644938,-0.43324454879732655,-10.999999999999988,0.001,0.4418386809911522,,-0.1451150502476588,0.0,real,ok,
2022-10-28,-0.21620157403924745,-0.47266923389200033,-0.4324031480784949,5,False,,,ok,-0.5500086056883376,-0.38199101636791594,0.9416939167021344,,-1.9003712302138822,-0.4324031480784949,-10.000000000000009,0.0004,0.4418386809911522,,-0.1451150502476588,0.0,real,ok,
2022-10-31,-0.2154641410498281,-0.46916628289001705,-0.4309282820996562,5,False,,,ok,-0.5480486279279089,-0.37982545027866116,0.9442103847294009,,-1.8930014380828992,-0.4309282820996562,-10.000000000000009,0.0004,0.4418386809911522,,-0.1451150502476588,0.0,real,ok,
2022-11-01,-0.2154641410498281,-0.5856183632426563,-0.4309282820996562,5,False,,,ok,-0.5460371406765416,-0.37762379401717655,0.9418616510592785,,-2.3606741693361855,-0.4309282820996562,-10.000000000000009,0.0002,0.4418386809911522,,-0.18385063743919883,0.0,real,ok,
2022-11-02,-0.21438810175200282,-0.5820309999249469,-0.42877620350400564,5,False,,,ok,-0.5440770264222051,-0.3753714085242082,0.9399815998622356,,-2.34865716461561,-0.42877620350400564,-10.000000000000009,0.0,0.4418386809911522,,-0.18385063743919883,0.0,real,ok,
2022-11-03,-0.21409600971107265,-0.5784863053717505,-0.4281920194221453,5,False,,,ok,-0.5421950893472853,-0.37307063425175757,0.9381057278962482,,-2.336785225784207,-0.4281920194221453,-10.000000000000009,0.0002,0.4418386809911522,,-0.18385063743919883,0.0,real,ok,
2022-11-04,1.2905745045642891,-0.5751611798259328,2.5811490091285783,5,True,信任背离,黄,ok,-0.540418085305382,-0.3707815061184252,0.9356101651910491,,-2.325055293070973,2.5811490091285783,-10.000000000000009,0.0002,0.4418386809911522,,-0.18385063743919883,15.000000000000036,real,ok,
2022-11-07,0.9856046724425054,-0.6672067304532184,1.9712093448850108,5,True,回购压力,,ok,-0.9199771040127098,-0.3685058102396858,0.9331203888701513,,-2.3134643964306294,1.9712093448850108,-12.00000000000001,0.0002,0.4418386809911522,,-0.18385063743919883,12.00000000000001,real,ok,
2022-11-08,0.4850131674559282,-0.8549548804288192,0.9700263349118564,5,False,,,ok,-0.9191507711499838,-0.3662074875341039,-0.06598718886004251,,-2.0684740741711463,0.9700263349118564,-12.00000000000001,0.0004,-0.1680462672816158,,-0.1644658282185183,6.99999999999994,real,ok,
2022-11-09,-0.014955368286177264,-0.3364872163118782,-0.02991073657235453,5,True,拍卖吸收度,,ok,-0.9167115635231297,-0.3639203760686733,1.9947883995262465,,-2.0601053251819565,-0.02991073657235453,-12.00000000000001,0.0006000000000000001,1.095426112006494,,-0.1644658282185183,2.000000000000046,real,ok,
2022-11-10,-0.21398975324071112,-1.0531447155031797,-0.42797950648142224,5,True,拍卖吸收度,,ok,-0.9142755118237058,-0.3616693685888061,-0.8848210579346342,,-2.0518129236655724,-0.42797950648142224,-12.00000000000001,0.0004,-0.6627217749329533,,-0.1644658282185183,0.0,real,ok,
2022-11-11,-0.21369846663446881,-1.051532427340909,-0.42739693326893763,5,False,,,ok,-0.9118448114850698,-0.35943172091555003,-0.891257544144074,,-2.043595632818942,-0.42739693326893763,-12.00000000000001,0.0004,-0.6627217749329533,,-0.1644658282185183,0.0,real,ok,
2022-11-14,-0.21369846663446881,-1.00207236220667,-0.42739693326893763,5,False,,,ok,-0.717776998368791,-0.357284428550863,-0.8977757781726878,,-2.0354522437343383,-0.42739693326893763,-10.999999999999988,0.0004,-0.6627217749329533,,-0.1644658282185183,0.0,real,ok,
2022-11-15,-0.21369846663446881,-0.9934018432622209,-0.42739693326893763,5,False,,,ok,-0.5240513615323548,-0.355305552811032,-0.8953718657399667,,-2.19887859296553,-0.42739693326893763,-10.000000000000009,0.0002,-0.6627217749329533,,-0.17889204335687237,0.0,real,ok,
2022-11-16,-0.21369846663446881,-1.0509634815277356,-0.42739693326893763,5,False,,,ok,-0.33051504913895696,-0.3534311839299329,-1.3307824716588263,,-2.189125221383226,-0.42739693326893763,-8.999999999999986,0.002,-0.9275849632695552,,-0.17889204335687237,0.0,real,ok,
2022-11-17,-0.21369846663446881,-0.7158681208830973,-0.42739693326893763,5,False,,,ok,-0.521082703436168,-0.35183335257254766,0.18891566427267797,,-2.1794720917963515,-0.42739693326893763,-10.000000000000009,0.002,-0.0089956882603614,,-0.17889204335687237,0.0,real,ok,
2022-11-18,-0.21369846663446881,-0.7129312994960054,-0.42739693326893763,5,False,,,ok,-0.5194439490069565,-0.35031564939005166,0.18795179137662463,,-2.1699173909636382,-0.42739693326893763,-10.000000000000009,0.002,-0.0089956882603614,,-0.17889204335687237,0.0,real,ok,
2022-11-21,-0.21369846663446881,-0.7560269787076873,-0.42739693326893763,5,False,,,ok,-0.51767356073604,-0.3488045244383276,0.002829521645085638,,-2.1604593513014674,-0.42739693326893763,-10.000000000000009,0.002,-0.12040242150627153,,-0.17889204335687237,0.0,real,ok,
2022-11-22,0.044489401468958134,0.044489401468958134,-0.42739693326893763,5,True,拍卖吸收度,,ok,-0.515796390403963,-0.34722891931412175,2.969108021941264,,-1.9281251063473472,-0.42739693326893763,-10.000000000000009,0.002,1.6847162620391087,,-0.15984924615374352,0.0,real,ok,
2022-11-23,-0.006169230829447592,-0.006169230829447592,-0.42681462729698505,5,False,,,ok,-0.7062566172820877,-0.34573319148486426,2.9478425780099626,,-1.920529692560801,-0.42681462729698505,-10.999999999999988,0.0,1.6847162620391087,,-0.15984924615374352,0.0,real,ok,
2022-11-24,-0.008584081939038202,-0.008584081939038202,-0.4262325879050874,5,False,,,ok,-0.7041549391658931,-0.34415027550935046,2.926967175122911,,-1.9129982882038203,-0.4262325879050874,-10.999999999999988,0.0,1.6847162620391087,,-0.15984924615374352,0.0,real,ok,
2022-11-25,0.0372787720148085,0.0372787720148085,-0.4262325879050874,5,False,,,ok,-0.5093306178844496,-0.3424940213108152,2.9064696427217975,,-1.9055299154672987,-0.4262325879050874,-10.000000000000009,0.0,1.6847162620391087,,-0.15984924615374352,0.0,real,ok,
2022-11-28,0.03504464542165314,0.03504464542165314,-0.4262325879050874,5,False,,,ok,-0.5073703190915564,-0.3406658185504372,2.8863383365879263,,-1.8981236172593199,-0.4262325879050874,-10.000000000000009,0.0,1.6847162620391087,,-0.15984924615374352,0.0,real,ok,
2022-11-29,0.45643606060307984,0.45643606060307984,-0.4262325879050874,5,True,基差平仓速度,,ok,-0.3121371184130276,-0.33872062317707696,2.866562109897231,,-0.38996012589480683,-0.4262325879050874,-8.999999999999986,0.0,1.6847162620391087,,-0.03087141180216979,0.0,real,ok,
2022-11-30,0.5015629184411418,0.5015629184411418,-0.4262325879050874,5,False,,,ok,-0.11645395224957857,-0.3364447162929504,2.8485471235896753,,-0.389396781282579,-0.4262325879050874,-8.000000000000007,0.0,1.6847162620391087,,-0.03087141180216979,0.0,real,ok,
2022-12-01,0.4986806802663953,0.4986806802663953,-0.4262325879050874,5,True,央行回购使用量,,ok,-0.11455742094630142,-0.3340468815677621,2.8321606843743177,,-0.3888336607946729,-0.4262325879050874,-8.000000000000007,0.0,1.6847162620391087,,-0.03087141180216979,0.0,real,ok,
2022-12-02,0.4470163692104704,0.4470163692104704,-0.4262325879050874,5,True,央行回购使用量,,ok,-0.30683068598471736,-0.3315188591516418,2.8146857858270047,,-0.38827076384876374,-0.4262325879050874,-8.999999999999986,0.002,1.6847162620391087,,-0.03087141180216979,0.0,real,ok,
2022-12-05,0.44395314197423474,0.44395314197423474,-0.4262325879050874,5,True,央行回购使用量,,ok,-0.3049185629479722,-0.32905131196869564,2.79749053267705,,-0.3877080898634433,-0.4262325879050874,-8.999999999999986,0.0026000000000000003,1.6847162620391087,,-0.03087141180216979,0.0,real,ok,
2022-12-06,0.43454722145938834,0.43454722145938834,-0.4262325879050874,5,True,央行回购使用量,,ok,-0.49773185800218156,-0.32659645269727383,2.7805673755481464,,-0.21805017901113746,-0.4262325879050874,-10.000000000000009,0.0032,1.6847162620391087,,-0.016372704367177526,0.0,real,ok,
2022-12-07,-0.2131162939525437,-0.3456875576411675,-0.4262325879050874,4,True,央行回购使用量,,ok,-0.49576613732543445,-0.3241925466485793,,,-0.21710398894948862,-0.4262325879050874,-10.000000000000009,0.0032,,,-0.016372704367177526,0.0,real,ok,
2022-12-08,-0.2131162939525437,-0.34389164616651896,-0.4262325879050874,4,True,央行回购使用量,,ok,-0.4937402228147627,-0.3217769871880458,,,-0.21615772849674847,-0.4262325879050874,-10.000000000000009,0.0032,,,-0.016372704367177526,0.0,real,ok,
2022-12-09,-0.2131162939525437,-0.3421492952872902,-0.4262325879050874,4,False,,,ok,-0.4917725624304575,-0.3194639285024972,,,-0.21521139492891578,-0.4262325879050874,-10.000000000000009,0.0012000000000000001,,,-0.016372704367177526,0.0,real,ok,
2022-12-12,-0.13701877560858683,-0.13701877560858683,-0.42593031395236514,5,True,央行回购使用量,,ok,-0.4898888754947067,-0.31704946424326846,0.4731282228225433,,-0.21426498551891535,-0.42593031395236514,-10.000000000000009,0.0006000000000000001,0.21501590878376278,,-0.016372704367177526,0.0,real,ok,
2022-12-13,-0.10370843809305992,-0.10370843809305992,-0.42593031395236514,5,False,,,ok,-0.4880048210776241,-0.31482925147935414,0.6337020163577886,,-0.24570169617305,-0.42593031395236514,-10.000000000000009,0.0,0.3186584276048853,,-0.019147004826861602,0.0,real,ok,
2022-12-14,0.4880440599527229,-0.10298779997393569,0.9760881199054458,5,False,,,ok,-0.48612037104089645,-0.312510522997846,0.6316811631982419,,-0.24500146905524217,0.9760881199054458,-10.000000000000009,0.0006000000000000001,0.3186584276048853,,-0.019147004826861602,7.000000000000028,real,ok,
2022-12-15,-0.004202417195261071,-0.004202417195261071,-0.42756903513249145,5,True,回购压力,,ok,-0.09197696615704873,-0.3101928881484898,0.6296615282748773,,-0.24430134275038307,-0.42756903513249145,-8.000000000000007,0.0008,0.3186584276048853,,-0.019147004826861602,0.0,real,ok,
2022-12-16,-0.0034397210428627686,-0.0034397210428627686,-0.42756903513249145,5,False,,,ok,-0.09025630048052075,-0.3078402281563884,0.6279389606916684,,-0.24360131622621037,-0.42756903513249145,-8.000000000000007,0.0016,0.3186584276048853,,-0.019147004826861602,0.0,real,ok,
2022-12-19,-0.10098683448845724,-0.10098683448845724,-0.42756903513249145,5,True,回购压力,,ok,-0.48175894873233976,-0.30550514963877046,0.6262181488680938,,-0.24290138845081255,-0.42756903513249145,-10.000000000000053,0.0016,0.3186584276048853,,-0.019147004826861602,0.0,real,ok,
2022-12-20,-0.049678527010077606,-0.049678527010077606,-0.42756903513249145,5,True,央行回购使用量,,ok,-0.4799834494036633,-0.30299930247827805,0.6258599879182394,,-0.041591344076608486,-0.42756903513249145,-10.000000000000053,0.0016,0.3186584276048853,,-0.001962849959855406,0.0,real,ok,
2022-12-21,-0.21378451756624572,-0.5833640187111704,-0.42756903513249145,5,True,央行回购使用量、拍卖吸收度,,ok,-0.47820795544459527,-0.300524767748155,-1.5130043458651457,,-0.041719005786786,-0.42756903513249145,-10.000000000000053,0.001,-1.0443608355316079,,-0.001962849959855406,0.0,real,ok,
2022-12-22,2.065643277944657,-0.018312966772770972,4.131286555889314,5,True,央行回购使用量、拍卖吸收度、信任背离,红,ok,-0.4764324458787565,-0.2980217028000702,0.7430489526858108,,-0.041846671098068056,4.131286555889314,-10.000000000000053,0.0008,0.39331796254180706,,-0.001962849959855406,23.0,real,ok,
2022-12-23,2.42041834476317,-0.017567739673693274,4.84083668952634,5,True,央行回购使用量,红,ok,-0.47465689965330216,-0.29551245264168646,0.7418727336170713,,-0.041974340016855766,4.84083668952634,-10.000000000000053,0.0,0.39331796254180706,,-0.001962849959855406,27.0,real,ok,
2022-12-26,1.5303648648379302,-0.016766167257926963,3.0607297296758604,5,True,央行回购使用量,黄,ok,-0.472681494920357,-0.2929792404745267,0.740698078912727,,-0.04210201254955118,3.0607297296758604,-10.000000000000053,0.0,0.39331796254180706,,-0.001962849959855406,18.000000000000014,real,ok,
2022-12-27,1.2326103159470074,-0.41651260358046316,2.465220631894015,5,True,央行回购使用量,黄,ok,-0.4707928251462082,-0.29040567128199435,-0.3672718044723673,,-0.5375801134212829,2.465220631894015,-10.000000000000053,0.0,-0.3135317606655241,,-0.044398687284866956,14.999999999999991,real,ok,
2022-12-28,1.700156255597375,-0.23196731224259068,3.40031251119475,5,True,央行回购使用量,黄,ok,-0.46881520160849527,-0.2877949700232132,0.3657325769567653,,-0.5369916542954196,3.40031251119475,-10.000000000000053,0.0,0.15416535472838166,,-0.044398687284866956,19.99999999999997,real,ok,
2022-12-29,1.3087708778981682,-0.19006427380618426,2.6175417557963363,5,True,央行回购使用量,黄,ok,-0.4669248556486491,-0.2851734925127962,0.5282448001572092,,-0.5364035472205009,2.6175417557963363,-10.000000000000053,0.0,0.25826306745032707,,-0.044398687284866956,16.000000000000014,real,ok,
2022-12-30,1.0180717379770534,-0.18896871798870135,2.036143475954107,5,True,央行回购使用量,黄,ok,-0.4650337865864828,-0.2825514053765222,0.527526111458998,,-0.5358157914507984,2.036143475954107,-10.000000000000053,0.0,0.25826306745032707,,-0.044398687284866956,12.99999999999999,real,ok,
2023-01-02,1.0137895244703385,-0.18789943470986678,2.027579048940677,5,True,央行回购使用量,黄,ok,-0.4632554310764545,-0.2799218295495204,0.5268079080286991,,-0.5352283862421914,2.027579048940677,-10.000000000000053,0.0,0.25826306745032707,,-0.044398687284866956,12.99999999999999,real,ok,
2023-01-03,-0.1507495468765216,-0.1507495468765216,-0.441389714903825,5,True,央行回购使用量、信任背离,,ok,-0.26308792229752254,-0.27734481324822385,0.5260901885723464,,-0.5886556405326864,-0.441389714903825,-9.000000000000075,0.0,0.25826306745032707,,-0.04903196276459787,0.0,real,ok,
2023-01-04,-0.19935096399812502,-0.19935096399812502,-0.441389714903825,5,True,央行回购使用量,,ok,-0.46000473273622444,-0.2748507445881855,0.5258211616286047,,-0.5883695402966949,-0.441389714903825,-10.000000000000053,0.0002,0.25826306745032707,,-0.04903196276459787,0.0,real,ok,
2023-01-05,-0.1489856577729631,-0.1489856577729631,-0.441389714903825,5,True,央行回购使用量,,ok,-0.259728993844603,-0.2723870032911719,0.5242569058316117,,-0.5880835397876891,-0.441389714903825,-9.000000000000075,0.0002,0.25826306745032707,,-0.04903196276459787,0.0,real,ok,
2023-01-06,-0.1483660669825802,-0.1483660669825802,-0.441389714903825,5,True,央行回购使用量,,ok,-0.2582881065936771,-0.26989278793856636,0.5225142655098448,,-0.5877976389079221,-0.441389714903825,-9.000000000000075,0.0004,0.25826306745032707,,-0.04903196276459787,0.0,real,ok,
2023-01-09,-0.14769173273872718,-0.14769173273872718,-0.441389714903825,5,True,央行回购使用量,,ok,-0.2566532300393986,-0.26737413583519537,0.5207722724794476,,-0.5875118375597623,-0.441389714903825,-9.000000000000075,0.0004,0.25826306745032707,,-0.04903196276459787,0.0,real,ok,
2023-01-10,-0.22029207629201605,-0.4296085134378939,-0.4405841525840321,5,True,拍卖吸收度,,ok,-0.25501673575263983,-0.2650460844113563,-1.1287752859668723,,-0.06959594762070741,-0.4405841525840321,-9.000000000000075,0.0004,-0.7938730362727837,,-0.004621948566487788,0.0,real,ok,
2023-01-11,-0.22029207629201605,-0.23238868559769735,-0.4405841525840321,5,True,央行回购使用量,,ok,-0.45240157275948345,-0.2626577548479478,-0.14421160530408586,,-0.07028380947927226,-0.4405841525840321,-10.000000000000053,0.0002,-0.16518716703441785,,-0.004621948566487788,0.0,real,ok,
2023-01-12,-0.22029207629201605,-0.3633756028490483,-0.4405841525840321,5,True,央行回购使用量,,ok,-0.4505044887417702,-0.26020406623411696,-0.6718218490679746,,-0.07097200735233136,-0.4405841525840321,-10.000000000000053,0.0002,-0.5011258977505897,,-0.004621948566487788,0.0,real,ok,
2023-01-13,-0.22029207629201605,-0.3624169462921577,-0.4405841525840321,5,True,央行回购使用量,,ok,-0.44814814814815856,-0.25782716457442595,-0.672031929927327,,-0.0716605425187193,-0.4405841525840321,-10.000000000000053,0.0,-0.5011258977505897,,-0.004621948566487788,0.0,real,ok,
2023-01-16,-0.22029207629201605,-0.3615478671887874,-0.4405841525840321,5,False,,,ok,-0.44603174603175655,-0.2555682321130069,-0.6722420743499967,,-0.07234941626038918,-0.4405841525840321,-10.000000000000053,0.0,-0.5011258977505897,,-0.004621948566487788,0.0,real,ok,
2023-01-17,-0.22029207629201605,-0.428359062445222,-0.4405841525840321,5,True,央行回购使用量,,ok,-0.24417989417990887,-0.2530249737152844,-0.6724522823810654,,-0.5437790995046294,-0.4405841525840321,-9.000000000000075,0.0006000000000000001,-0.5011258977505897,,-0.04496343353192178,0.0,real,ok,
2023-01-18,-0.22029207629201605,-0.6548671720453112,-0.4405841525840321,5,True,央行回购使用量,,ok,-0.44179894179895224,-0.2505123163118892,-1.3844939308456459,,-0.5426634992247578,-0.4405841525840321,-10.000000000000053,0.0008,-0.956846395807196,,-0.04496343353192178,0.0,real,ok,
2023-01-19,-0.22029207629201605,-0.6362882417108303,-0.4405841525840321,5,True,央行回购使用量,,ok,-0.23994708994710462,-0.2480288748193958,-1.5156281608442157,,-0.5415488412326049,-0.4405841525840321,-9.000000000000075,0.0014,-1.0426144502417438,,-0.04496343353192178,0.0,real,ok,
2023-01-20,-0.22029207629201605,-0.6837740968892657,-0.4405841525840321,5,True,央行回购使用量,,ok,-0.4378306878306983,-0.24559725607620367,-1.5112333224750036,,-0.540435121175157,-0.4405841525840321,-10.000000000000053,0.002,-1.0426144502417438,,-0.04496343353192178,0.0,real,ok,
2023-01-23,0.06418615376091301,-0.6811385057088974,0.12837230752182602,5,True,央行回购使用量,,ok,-0.43518518518519544,-0.24318460634893618,-1.506861896588851,,-0.5393223347126073,0.12837230752182602,-10.000000000000053,0.002,-1.0426144502417438,,-0.04496343353192178,2.9999999999999805,real,ok,
2023-01-24,-0.2206948574519125,-0.6341101527683716,-0.441389714903825,5,True,央行回购使用量,,ok,-0.43280423280424307,-0.24070452647359103,-1.346808164903573,,-0.5161236868920791,-0.441389714903825,-10.000000000000053,0.0016,-0.9426845261333514,,-0.04306853091110785,0.0,real,ok,
2023-01-25,0.6322280846745785,-0.2958550952089488,1.264456169349157,5,True,央行回购使用量,,ok,-0.22936507936509382,-0.23795689068031958,-0.20027837986610272,,-0.515820030924279,1.264456169349157,-9.000000000000075,0.0014,-0.21015937595213707,,-0.04306853091110785,8.999999999999986,real,ok,
2023-01-26,0.7249269781974226,-0.5471899038510832,1.4498539563948452,5,True,央行回购使用量,,ok,-0.42328042328043336,-0.2349827637308214,-1.014979951711292,,-0.5155164766817859,1.4498539563948452,-10.000000000000053,0.0008,-0.7322053776259791,,-0.04306853091110785,10.000000000000009,real,ok,
2023-01-27,0.15592488540846328,-0.5450152559347736,0.31184977081692655,5,True,央行回购使用量,,ok,-0.4201058201058302,-0.23188274323631358,-1.0128594363431225,,-0.515213024053828,0.31184977081692655,-10.000000000000053,0.0002,-0.7322053776259791,,-0.04306853091110785,4.0000000000000036,real,ok,
2023-01-30,0.0607980826051177,-0.54295846268185,0.1215961652102354,5,True,央行回购使用量,,ok,-0.4174603174603277,-0.22871951240401173,-1.0107443479332952,,-0.5149096729297654,0.1215961652102354,-10.000000000000053,0.0002,-0.7322053776259791,,-0.04306853091110785,2.9999999999999805,real,ok,
2023-01-31,0.3442926616662304,-0.5849776949121468,0.6885853233324608,5,True,央行回购使用量,,ok,-0.21534391534392974,-0.22563298666185463,-1.0086346543932672,,-0.8902992232495357,0.6885853233324608,-9.000000000000075,0.0006000000000000001,-0.7322053776259791,,-0.07533209556436571,6.000000000000005,real,ok,
2023-02-01,-0.22422263258860028,-0.5825361311031849,-0.44844526517720057,5,True,央行回购使用量,,ok,-0.2126984126984272,-0.2226400370577023,-1.0066224576862468,,-0.8881836169703636,-0.44844526517720057,-9.000000000000075,0.0027999999999999995,-0.7322053776259791,,-0.07533209556436571,0.0,real,ok,
2023-02-02,-0.22422263258860028,-0.579795770951304,-0.44844526517720057,5,True,央行回购使用量,,ok,-0.20899470899472342,-0.21997114421204225,-1.0041446606992614,,-0.8860725698991888,-0.44844526517720057,-9.000000000000075,0.003,-0.7322053776259791,,-0.07533209556436571,0.0,real,ok,
2023-02-03,-0.22422263258860028,-0.6273156033969003,-0.44844526517720057,5,False,,,ok,-0.40370370370371395,-0.2193208642591572,-1.0022717930112015,,-0.8839660526135286,-0.44844526517720057,-10.000000000000053,0.003,-0.7322053776259791,,-0.07533209556436571,0.0,real,ok,
2023-02-06,-0.22422263258860028,-0.6256455371601801,-0.44844526517720057,5,False,,,ok,-0.4010582010582112,-0.2192566022310909,-1.000403309460554,,-0.8818640358908643,-0.44844526517720057,-10.000000000000053,0.003,-0.7322053776259791,,-0.07533209556436571,0.0,real,ok,
2023-02-07,-0.22422263258860028,-0.3418203573645445,-0.44844526517720057,5,True,拍卖吸收度、基差平仓速度,,ok,-0.3941798941799043,-0.22142481959084193,0.8896497686810092,,-1.6413264843684412,-0.44844526517720057,-10.000000000000053,0.0026,0.48007750704867075,,-0.14100764231822893,0.0,real,ok,
2023-02-08,-0.22422263258860028,-0.7969775151381442,-0.44844526517720057,5,True,央行回购使用量、拍卖吸收度,,ok,-0.37989417989419005,-0.22678086873954645,-0.9452308176439111,,-1.6360041942749293,-0.44844526517720057,-10.000000000000053,0.0006000000000000001,-0.6974068063112053,,-0.14100764231822893,0.0,real,ok,
2023-02-09,-0.22422263258860028,-0.4647171105561797,-0.44844526517720057,5,True,央行回购使用量,,ok,-0.3772486772486875,-0.23454133755779752,0.38363720074992214,,-1.630715628168156,-0.44844526517720057,-10.000000000000053,0.0004,0.15551140115165957,,-0.14100764231822893,0.0,real,ok,
2023-02-10,-0.22422263258860028,-0.4639193166546236,-0.44844526517720057,5,True,央行回购使用量,,ok,-0.3756613756613859,-0.2380824325391849,0.3835269319339778,,-1.6254603903519014,-0.44844526517720057,-10.000000000000053,0.0004,0.15551140115165957,,-0.14100764231822893,0.0,real,ok,
2023-02-13,0.6268516077162224,-0.4635046159486929,1.2537032154324448,5,True,央行回购使用量,,ok,-0.37460317460318465,-0.2425938722066909,0.38341667464809787,,-1.620238091632994,1.2537032154324448,-10.000000000000053,0.0004,0.15551140115165957,,-0.14100764231822893,9.00000000000003,real,ok,
2023-02-14,0.719373135095113,-0.32114044205113434,1.438746270190226,5,False,,,ok,-0.374074074074084,-0.2438531510699005,0.3833064288871869,,-1.04994097194774,1.438746270190226,-10.000000000000053,0.0002,0.15551140115165957,,-0.09198813056379818,10.000000000000009,real,ok,
2023-02-15,-0.22611728585743435,-0.6203113245602525,-0.4522345717148687,5,False,,,ok,-0.3738095238095337,-0.24182622304815887,-0.8184455355348653,,-1.0471640158484523,-0.4522345717148687,-10.000000000000053,0.0,-0.6169890553783073,,-0.09198813056379818,0.0,real,ok,
2023-02-16,-0.22611728585743435,-0.5044125125148791,-0.4522345717148687,5,True,央行回购使用量,,ok,-0.37354497354498334,-0.23884691793385832,-0.36086305393356743,,-1.044395104647107,-0.4522345717148687,-10.000000000000053,0.0,-0.3245014364987382,,-0.09198813056379818,0.0,real,ok,
2023-02-17,-0.22611728585743435,-0.5027620664920621,-0.4522345717148687,5,True,央行回购使用量,,ok,-0.37328042328043337,-0.23576201461969606,-0.3603716535104018,,-1.0416341745577171,-0.4522345717148687,-10.000000000000053,0.0,-0.3245014364987382,,-0.09198813056379818,0.0,real,ok,
2023-02-20,-0.22611728585743435,-0.5011687035290223,-0.4522345717148687,5,True,央行回购使用量,,ok,-0.37301587301588307,-0.23289736153489513,-0.3598804172222171,,-1.038881162343094,-0.4522345717148687,-10.000000000000053,0.0,-0.3245014364987382,,-0.09198813056379818,0.0,real,ok,
2023-02-21,-0.22611728585743435,-0.2910682799773866,-0.4522345717148687,5,False,,,ok,-0.3727513227513327,-0.23036906661080944,-0.14961854176631562,,-0.4115341887810885,-0.4522345717148687,-10.000000000000053,0.0002,-0.18979349600659554,,-0.03788727513350154,0.0,real,ok,
2023-02-22,-0.22611728585743435,-0.40683945142787653,-0.4522345717148687,5,False,,,ok,-0.3724867724867824,-0.22874523536097843,-0.616742190004527,,-0.4093836078592184,-0.4522345717148687,-10.000000000000053,0.0002,-0.4899445595611588,,-0.03788727513350154,0.0,real,ok,
2023-02-23,-0.15780770616668105,-0.15780770616668105,-0.4522345717148687,5,False,,,ok,-0.3722222222222321,-0.2273561632029258,0.3755764132743335,,-0.40722885251589974,-0.4522345717148687,-10.000000000000053,0.0006000000000000001,0.1468804186980769,,-0.03788727513350154,0.0,real,ok,
2023-02-24,-0.1571835922932776,-0.1571835922932776,-0.4522345717148687,5,False,,,ok,-0.37195767195768176,-0.22672817631594844,0.3750213127449736,,-0.40506983364445387,-0.4522345717148687,-10.000000000000053,0.0006000000000000001,0.1468804186980769,,-0.03788727513350154,0.0,real,ok,
2023-02-27,-0.15661855377316353,-0.15661855377316353,-0.4522345717148687,5,False,,,ok,-0.3716931216931318,-0.22634105390990178,0.37446642103936,,-0.4029064605289805,-0.4522345717148687,-10.000000000000053,0.001,0.1468804186980769,,-0.03788727513350154,0.0,real,ok,
2023-02-28,-0.012813689465175436,-0.012813689465175436,-0.4522345717148687,5,False,,,ok,-0.3714285714285815,-0.22553500120820283,0.3760418391609055,,0.1696669756151771,-0.4522345717148687,-10.000000000000053,0.0008,0.1468804186980769,,0.010824655138797712,0.0,real,ok,
2023-03-01,0.5289533259566572,-0.01166362333762308,1.0579066519133145,5,False,,,ok,-0.37116402116403113,-0.2244074495273299,0.37639680989432767,,0.17252016744654108,1.0579066519133145,-10.000000000000053,0.0008,0.1468804186980769,,0.010824655138797712,7.999999999999963,real,ok,
2023-03-02,-0.01072394990896798,-0.01072394990896798,-0.4518509010308798,5,False,,,ok,-0.37089947089948083,-0.2230753298569827,0.3756884868384856,,0.17539051428210606,-0.4518509010308798,-10.000000000000053,0.0004,0.1468804186980769,,0.010824655138797712,0.0,real,ok,
2023-03-03,-0.009596273100003778,-0.009596273100003778,-0.07059734788246559,5,False,,,ok,-0.37063492063493053,-0.22100890684571442,0.37498045577353173,,0.17827827930709808,-0.07059734788246559,-10.000000000000053,0.0012000000000000001,0.1468804186980769,,0.010824655138797712,2.0000000000000018,real,ok,
2023-03-06,0.3457052121171782,-0.008494311896348826,0.6914104242343564,5,False,,,ok,-0.3703703703703802,-0.21906332409540197,0.3742727155946943,,0.18118373128569246,0.6914104242343564,-10.000000000000053,0.0012000000000000001,0.1468804186980769,,0.010824655138797712,6.000000000000005,real,ok,
2023-03-07,-0.11741604326022942,-0.11741604326022942,-0.44801909164073084,5,False,,,ok,-0.3698412698412799,-0.21659663097706233,-0.6464935103726394,,0.7632672381500638,-0.44801909164073084,-10.000000000000053,0.0012000000000000001,-0.5079836863177722,,0.0596547295823332,0.0,real,ok,
2023-03-08,0.19424430440491508,0.19424430440491508,-0.4477274347513044,5,True,央行回购使用量,,ok,-0.36825396825397794,-0.21259200714670848,0.5917527897906202,,0.7660704032297265,-0.4477274347513044,-10.000000000000053,0.0124,0.28665282379443185,,0.0596547295823332,0.0,real,ok,
2023-03-09,0.009754992163195697,0.009754992163195697,-0.4477274347513044,5,True,央行回购使用量,,ok,-0.367460317460327,-0.20953979532289418,-0.15286786332063354,,0.7688879447566375,-0.4477274347513044,-10.000000000000053,0.013000000000000001,-0.19090175975024734,,0.0596547295823332,0.0,real,ok,
2023-03-10,0.011428000215611134,0.011428000215611134,-0.4477274347513044,5,True,央行回购使用量,,ok,-0.36666666666667636,-0.2064995886506979,-0.15284175398794725,,0.7717200101677659,-0.4477274347513044,-10.000000000000053,0.012199999999999999,-0.19090175975024734,,0.0596547295823332,0.0,real,ok,
2023-03-13,0.013168840045144958,0.013168840045144958,-0.4477274347513044,5,True,央行回购使用量,,ok,-0.3658730158730254,-0.2032027280284043,-0.1528156449485985,,0.7745667490306081,-0.4477274347513044,-10.000000000000053,0.011800000000000001,-0.19090175975024734,,0.0596547295823332,0.0,real,ok,
2023-03-14,0.07699643376705259,0.07699643376705259,-0.4477274347513044,5,True,央行回购使用量,,ok,-0.36534391534392513,-0.20019130629424903,-0.15278953620253075,,1.0263104929089153,-0.4477274347513044,-10.000000000000053,0.011800000000000001,-0.19090175975024734,,0.08046905252396963,0.0,real,ok,
2023-03-15,0.22767767889256718,0.22767767889256718,-0.4477274347513044,5,True,回购压力,,ok,0.23412698412697958,-0.19890180442455338,-0.15276342774968726,,1.0282489636175298,-0.4477274347513044,-7.000000000000028,0.0006000000000000001,-0.19090175975024734,,0.08046905252396963,0.0,real,ok,
2023-03-16,0.1786051752342178,0.1786051752342178,-0.4477274347513044,5,True,回购压力,,ok,0.033862433862433504,-0.19689801185995123,-0.15273731959001152,,1.0301935985244004,-0.4477274347513044,-8.000000000000007,0.0,-0.19090175975024734,,0.08046905252396963,0.0,real,ok,
2023-03-17,0.07894118960363009,0.07894118960363009,-0.4477274347513044,5,True,回购压力,,ok,-0.3658730158730254,-0.1954997245317302,-0.15500693634631893,,1.0321444351655948,-0.4477274347513044,-10.000000000000053,0.0,-0.19090175975024734,,0.08046905252396963,0.0,real,ok,
2023-03-20,0.0793420492176064,0.0793420492176064,-0.4477274347513044,5,False,,,ok,-0.3650793650793748,-0.19436807052394536,-0.15728587892519702,,1.0341015113989427,-0.4477274347513044,-10.000000000000053,0.0002,-0.19090175975024734,,0.08046905252396963,0.0,real,ok,
2023-03-21,-0.20327034710787442,-0.20327034710787442,-0.4477274347513044,5,True,基差平仓速度,,ok,-0.3642857142857238,-0.19358089615481586,-0.4852748973848899,,0.23006011939393187,-0.4477274347513044,-10.000000000000053,0.0004,-0.39921166451520385,,0.013480447632343795,0.0,real,ok,
2023-03-22,-0.20259981576771827,-0.20259981576771827,-0.4466902240876347,5,False,,,ok,-0.36402116402117385,-0.19265581194118317,-0.4855254371830961,,0.23180315007457997,-0.4466902240876347,-10.000000000000053,0.0018000000000000002,-0.39921166451520385,,0.013480447632343795,0.0,real,ok,
2023-03-23,-0.00785561943110833,-0.00785561943110833,-0.4466902240876347,5,False,,,ok,-0.36375661375662355,-0.19175784982254557,0.29054091410169947,,0.23355107175303633,-0.4466902240876347,-10.000000000000053,0.0026000000000000003,0.09673762420100632,,0.013480447632343795,0.0,real,ok,
2023-03-24,-0.0072538030782937565,-0.0072538030782937565,-0.4458806097027474,5,False,,,ok,-0.36269841269842223,-0.19098978086940702,0.2893690581186378,,0.23530392313601647,-0.4458806097027474,-10.000000000000053,0.0026000000000000003,0.09673762420100632,,0.013480447632343795,0.0,real,ok,
2023-03-27,0.3477284632539541,0.2718670860932434,0.6954569265079082,5,True,回购压力,,ok,-0.16216931216932623,-0.1899513831989503,1.2025272964136509,,0.2370617433275991,0.6954569265079082,-9.000000000000075,0.0024000000000000002,0.6812699816143792,,0.013480447632343795,5.999999999999961,real,ok,
2023-03-28,0.08921820913030848,0.08921820913030848,-0.44627040560931375,5,True,回购压力,,ok,0.4380952380952291,-0.18824706311644313,0.25696218454634456,,-0.14993752300389665,-0.44627040560931375,-6.00000000000005,0.0036000000000000003,0.07847371132381975,,-0.018613061290557287,0.0,real,ok,
2023-03-29,0.6319022850729473,0.0750914760422791,1.2638045701458946,5,True,回购压力,,ok,0.238624338624334,-0.1865125757552426,0.39732679684916294,,-0.1490726555491379,1.2638045701458946,-7.000000000000028,0.0022,0.16888378600243156,,-0.018613061290557287,8.999999999999986,real,ok,
2023-03-30,1.3832696099816253,0.02572839842282547,2.7665392199632506,5,True,回购压力,黄,ok,0.039417989417988866,-0.18430654916369435,0.3960097752064843,,-0.14820762176947694,2.7665392199632506,-8.000000000000007,0.0014,0.16888378600243156,3.7916666666666665,-0.018613061290557287,16.999999999999993,real,ok,
2023-03-31,0.71907879018964,0.2761260754685134,1.43815758037928,5,True,回购压力,,ok,1.038888888888885,-0.18173524297329663,0.3946930754701339,,-0.14734241951166865,1.43815758037928,-3.000000000000025,0.0014,0.16888378600243156,3.7916666666666665,-0.018613061290557287,10.000000000000009,real,ok,
2023-04-03,0.12684092759130647,0.12684092759130647,-0.4498270143013011,5,True,回购压力、央行回购使用量,,ok,0.4394179894179803,-0.17895392293538814,0.39337669050173674,,-0.14647704661910313,-0.4498270143013011,-6.00000000000005,0.0016,0.16888378600243156,3.7916666666666665,-0.018613061290557287,0.0,real,ok,
2023-04-04,0.020845175957591375,0.020845175957591375,-0.4498270143013011,5,True,央行回购使用量,,ok,0.24021164021163557,-0.17586189709628075,0.39235607919059257,,-0.37332511847558186,-0.4498270143013011,-7.000000000000028,0.0002,0.16888378600243156,3.7916666666666665,-0.037397873496377576,0.0,real,ok,
2023-04-05,-0.07810781312096123,-0.07810781312096123,-0.4498270143013011,5,True,回购压力、央行回购使用量,,ok,-0.15846560846562205,-0.1722491786424866,0.39060570816999757,,-0.3723221735457338,-0.4498270143013011,-9.000000000000075,0.0002,0.16888378600243156,3.7916666666666665,-0.037397873496377576,0.0,real,ok,
2023-04-06,-0.07681683044213836,-0.07681683044213836,-0.4498270143013011,5,True,央行回购使用量,,ok,-0.15767195767197145,-0.16882502104418012,0.3905492468458098,,-0.3713195898982117,-0.4498270143013011,-9.000000000000075,0.0002,0.16888378600243156,3.7916666666666665,-0.037397873496377576,0.0,real,ok,
2023-04-07,-0.07571041289772286,-0.07571041289772286,-0.4498270143013011,5,True,央行回购使用量,,ok,-0.15740740740742112,-0.16560966835520513,0.39049278867688186,,-0.370317364505147,-0.4498270143013011,-9.000000000000075,0.0002,0.16888378600243156,3.7916666666666665,-0.037397873496377576,0.0,real,ok,
2023-04-10,-0.07445574489224564,-0.07445574489224564,-0.4498270143013011,5,True,央行回购使用量,,ok,-0.15634920634922017,-0.1625946125404977,0.39043633366251135,,-0.369315494341776,-0.4498270143013011,-9.000000000000075,0.0006000000000000001,0.16888378600243156,3.7916666666666665,-0.037397873496377576,0.0,real,ok,
2023-04-11,-0.22491350715065056,-0.4974628506953679,-0.4498270143013011,5,True,基差平仓速度,,ok,-0.35529100529101465,-0.160631890077173,0.040363346927620655,,-1.5142918543409045,-0.4498270143013011,-10.000000000000053,0.0006000000000000001,-0.05446124345805109,3.7916666666666665,-0.13210312243973643,0.0,real,ok,
2023-04-12,0.8115525705702182,-0.3781493921231116,1.6231051411404365,5,False,,,ok,-0.35423280423281367,-0.15974073731672667,0.5111149649195398,,-1.509738991862446,1.6231051411404365,-10.000000000000053,0.0006000000000000001,0.24565380547432913,3.7916666666666665,-0.13210312243973643,11.000000000000032,real,ok,
2023-04-13,1.1830470784205014,-0.47611008775929303,2.3660941568410028,5,False,,黄,ok,-0.35396825396826337,-0.1586761581294918,0.11341494541224156,,-1.5052108843516585,2.3660941568410028,-10.000000000000053,0.0006000000000000001,-0.007984013866124552,3.7916666666666665,-0.13210312243973643,15.000000000000036,real,ok,
2023-04-14,0.9916965605855944,-0.47398201066499634,1.9833931211711888,5,False,,,ok,-0.3534391534391627,-0.1575969168327449,0.11581529893505561,,-1.5007072713231333,1.9833931211711888,-10.000000000000053,0.0006000000000000001,-0.007984013866124552,3.7916666666666665,-0.13210312243973643,12.99999999999999,real,ok,
2023-04-17,1.5421364560807935,-0.471686651928911,3.084272912161587,5,False,,黄,ok,-0.3523809523809618,-0.15636416323470084,0.11822640394450548,,-1.4962278960444868,3.084272912161587,-10.000000000000053,0.0,-0.007984013866124552,3.7916666666666665,-0.13210312243973643,18.999999999999993,real,ok,
2023-04-18,1.1637087840115905,-0.4843820516756706,2.327417568023181,5,False,,黄,ok,-0.35132275132276086,-0.15514114901202428,0.12064839659862561,,-1.5517127029665228,2.327417568023181,-10.000000000000053,0.0,-0.007984013866124552,3.7916666666666665,-0.13710621054339245,14.999999999999991,real,ok,
2023-04-19,-0.22846946376680777,-0.5322504960216577,-0.45693892753361554,5,True,信任背离,,ok,-0.3497354497354593,-0.15289750846792746,-0.07959183211785949,,-1.546777193765385,-0.45693892753361554,-10.000000000000053,0.0,-0.13505178418000258,3.7916666666666665,-0.13710621054339245,0.0,real,ok,
2023-04-20,-0.22846946376680777,-0.41851976651779643,-0.45693892753361554,5,True,央行回购使用量,,ok,-0.3481481481481577,-0.15025045443938814,0.3661897596245962,,-1.541870223108236,-0.45693892753361554,-10.000000000000053,0.0,0.14750242964984342,3.7916666666666665,-0.13710621054339245,0.0,real,ok,
2023-04-21,-0.2281935158033512,-0.4161020793901406,-0.4563870316067024,5,True,央行回购使用量,,ok,-0.3465608465608561,-0.1468592748224692,0.3660032743930066,,-1.5369914705702437,-0.4563870316067024,-10.000000000000053,0.0,0.14750242964984342,,-0.13710621054339245,0.0,real,ok,
2023-04-24,-0.2281935158033512,-0.413668401512787,-0.4563870316067024,5,True,央行回购使用量,,ok,-0.34497354497355454,-0.14337625987569796,0.36581681942803074,,-1.5321406206299262,-0.4563870316067024,-10.000000000000053,0.0,0.14750242964984342,,-0.13710621054339245,0.0,real,ok,
2023-04-25,-0.2281935158033512,-0.5363439282609124,-0.4563870316067024,5,True,央行回购使用量,,ok,-0.34338624338625295,-0.13904798611566171,0.06209581313497909,,-1.725037296676714,-0.4563870316067024,-10.000000000000053,0.0,-0.04503186846290086,,-0.15372442797349994,0.0,real,ok,
2023-04-26,-0.2281935158033512,-0.5446600448812425,-0.4563870316067024,5,True,央行回购使用量,,ok,-0.341534391534401,-0.13444563331181478,0.01633865217794788,,-1.7189988068567021,-0.4563870316067024,-10.000000000000053,0.0,-0.0742039605490199,,-0.15372442797349994,0.0,real,ok,
2023-04-27,-0.22727987672917813,-0.3907916739110922,-0.45455975345835625,5,True,央行回购使用量,,ok,-0.1402116402116537,-0.12955049336416222,0.41959768261674374,,-1.7130022446852966,-0.45455975345835625,-9.000000000000075,0.0,0.18138122918046118,,-0.15372442797349994,0.0,real,ok,
2023-04-28,-0.22624789010800755,-0.3876935844069612,-0.4524957802160151,5,True,央行回购使用量,,ok,-0.1386243386243521,-0.12442836790268398,0.4193254352802041,,-1.707047066381013,-0.4524957802160151,-9.000000000000075,0.0,0.18138122918046118,,-0.15372442797349994,0.0,real,ok,
2023-05-01,-0.2259186046329012,-0.38449090174608175,-0.4518372092658024,5,True,央行回购使用量,,ok,-0.13703703703705053,-0.11884708959597283,0.41905325753552025,,-1.701132737886824,-0.4518372092658024,-9.000000000000075,0.0,0.18138122918046118,,-0.15372442797349994,0.0,real,ok,
2023-05-02,0.15475347132175205,-0.579261016457134,0.3095069426435041,5,True,央行回购使用量、基差平仓速度,,ok,-0.13544973544974895,-0.11343985072395736,0.4178458445322121,,-2.486000324187042,0.3095069426435041,-9.000000000000075,0.0002,0.18138122918046118,,-0.22098228420385646,4.0000000000000036,real,ok,
2023-05-03,-0.22467404115607,-0.5741578487977322,-0.44934808231214,5,True,央行回购使用量,,ok,-0.13359788359789704,-0.10836694993937451,0.4185617940540709,,-2.4732283557077284,-0.44934808231214,-9.000000000000075,0.0002,0.18138122918046118,,-0.22098228420385646,0.0,real,ok,
2023-05-04,-0.22467404115607,-0.5692812172445731,-0.44934808231214,5,True,央行回购使用量,,ok,-0.13201058201059546,-0.10377336608364802,0.41927844446174994,,-2.4606193653457993,-0.44934808231214,-9.000000000000075,0.0027999999999999995,0.18138122918046118,,-0.22098228420385646,0.0,real,ok,
2023-05-05,-0.22467404115607,-0.5607117848296309,-0.44934808231214,5,True,央行回购使用量,,ok,-0.13015873015874355,-0.08380693121693121,0.4192883223955708,,-2.4481698003384196,-0.44934808231214,-9.000000000000075,0.003,0.18138122918046118,,-0.22098228420385646,0.0,real,ok,
2023-05-08,-0.22467404115607,-0.5524904166673156,-0.44934808231214,5,True,央行回购使用量,,ok,-0.12830687830689164,-0.06507677248677249,0.4192982004343389,,-2.435876216309937,-0.44934808231214,-9.000000000000075,0.0036000000000000003,0.18138122918046118,,-0.22098228420385646,0.0,real,ok,
2023-05-09,0.6333747951860677,-0.9900574504924553,1.2667495903721353,5,True,央行回购使用量、拍卖吸收度,,ok,-0.1261904761904898,-0.04924730158730159,-1.240028227918573,,-2.5447637962734566,1.2667495903721353,-9.000000000000075,0.0073999999999999995,-0.8711444715719272,,-0.23147827833636492,8.999999999999986,real,ok,
2023-05-10,0.2509684480905898,-0.5804933467847516,0.5019368961811796,5,True,央行回购使用量、拍卖吸收度,,ok,-0.12407407407408755,-0.0360362962962963,0.3689615878659401,,-2.530824604634563,0.5019368961811796,-9.000000000000075,0.0124,0.148263328979024,,-0.23147827833636492,5.000000000000027,real,ok,
2023-05-11,-0.03560486606734994,-0.8140404053207901,-0.07120973213469987,5,True,央行回购使用量,,ok,-0.32169312169313075,-0.0272015873015873,-0.3901930034608905,,-2.5170739088275518,-0.07120973213469987,-10.000000000000053,0.0098,-0.3334127616282723,,-0.23147827833636492,2.0000000000000018,real,ok,
2023-05-12,-0.2265075522156956,-0.8080737035815213,-0.4530151044313912,5,True,央行回购使用量,,ok,-0.31931216931217854,-0.020365661375661374,-0.3891096584829362,,-2.5035073251553093,-0.4530151044313912,-10.000000000000053,0.009600000000000001,-0.3334127616282723,,-0.23147827833636492,0.0,real,ok,
2023-05-15,-0.2265075522156956,-0.7528590047998218,-0.4530151044313912,5,True,央行回购使用量,,ok,-0.11719576719578058,-0.01609291005291005,-0.38802673003507404,,-2.4901206119155224,-0.4530151044313912,-9.000000000000075,0.009600000000000001,-0.3334127616282723,,-0.23147827833636492,0.0,real,ok,
2023-05-16,-0.2265075522156956,-0.8009084668109457,-0.4530151044313912,5,False,,,ok,-0.31507936507937406,-0.015162222222222221,-0.3869442142979825,,-2.486448065644204,-0.4530151044313912,-10.000000000000053,0.007000000000000001,-0.3334127616282723,,-0.2323206134921345,0.0,real,ok,
2023-05-17,-0.2265075522156956,-0.7636701894732446,-0.4530151044313912,5,False,,,ok,-0.3132275132275222,-0.01562925925925926,-0.25301315940037816,,-2.472810826005819,-0.4530151044313912,-10.000000000000053,0.0032,-0.24938849353388726,,-0.2323206134921345,0.0,real,ok,
2023-05-18,-0.2265075522156956,-0.745309766197489,-0.4530151044313912,5,False,,,ok,-0.31111111111111994,-0.015471375661375663,-0.19530201904401437,,-2.459354558973446,-0.4530151044313912,-10.000000000000053,0.0032,-0.21374739342937768,,-0.2323206134921345,0.0,real,ok,
2023-05-19,-0.2265075522156956,-0.7411108194789653,-0.4530151044313912,5,False,,,ok,-0.30873015873016774,-0.014890211640211643,-0.19474781075114006,,-2.4460750967943414,-0.4530151044313912,-10.000000000000053,0.0032,-0.21374739342937768,,-0.2323206134921345,0.0,real,ok,
2023-05-22,-0.2265075522156956,-0.7368527635225471,-0.4530151044313912,5,False,,,ok,-0.30661375661376555,-0.013635238095238094,-0.19419365427744753,,-2.4329684051037375,-0.4530151044313912,-10.000000000000053,0.0026000000000000003,-0.21374739342937768,,-0.2323206134921345,0.0,real,ok,
2023-05-23,-0.2265075522156956,-0.8241506191695447,-0.4530151044313912,5,True,央行回购使用量,,ok,-0.3044973544973633,-0.008577989417989419,-0.771006072976195,,-2.212521059786631,-0.4530151044313912,-10.000000000000053,0.0164,-0.5798306996334761,,-0.21365972061556415,0.0,real,ok,
2023-05-24,-0.2265075522156956,-0.6790461254002284,-0.4530151044313912,5,False,,,ok,-0.3018518518518608,-0.005150582010582011,-0.20658046137899552,,-2.202601606359475,-0.4530151044313912,-10.000000000000053,0.0208,-0.22283762374340993,,-0.21365972061556415,0.0,real,ok,
2023-05-25,-0.2265075522156956,-0.7183760848180827,-0.4530151044313912,5,False,,,ok,-0.09920634920636254,-0.00233862433862434,-0.5791739201871617,,-2.1927854455401823,-0.4530151044313912,-9.000000000000075,0.0208,-0.4594867419141305,,-0.21365972061556415,0.0,real,ok,
2023-05-26,-0.2265075522156956,-0.7143337630393343,-0.4530151044313912,5,False,,,ok,-0.09656084656085966,0.0002881481481481478,-0.5779916680092957,,-2.1830706857353297,-0.4530151044313912,-9.000000000000075,0.0208,-0.4594867419141305,,-0.21365972061556415,0.0,real,ok,
2023-05-29,-0.22598635870303185,-0.7105150265147614,-0.4519727174060637,5,False,,,ok,-0.09391534391535714,0.002121269841269841,-0.5768105484152255,,-2.173455483569733,-0.4519727174060637,-9.000000000000075,0.0208,-0.4594867419141305,,-0.21365972061556415,0.0,real,ok,
2023-05-30,-0.22536248542727358,-0.4461992089650567,-0.45072497085454716,5,True,基差平仓速度,,ok,-0.09153439153440494,-7.513227513227666e-06,-0.5756305561736601,,-1.1176243749246486,-0.45072497085454716,-9.000000000000075,0.0056,-0.4594867419141305,,-0.11854471559963686,0.0,real,ok,
2023-05-31,-0.22536248542727358,-0.3452693180592851,-0.45072497085454716,5,True,回购压力,,ok,0.3103174603174562,-0.0004661375661375661,-0.575043645185191,,-1.1158849498032681,-0.45072497085454716,-7.000000000000028,0.0,-0.4594867419141305,,-0.11854471559963686,0.0,real,ok,
2023-06-01,-0.22536248542727358,-0.34442516292449266,-0.45072497085454716,5,False,,,ok,0.3121693121693081,-0.00017513227513227513,-0.5755452643067774,,-1.114149567285369,-0.45072497085454716,-7.000000000000028,0.0,-0.4594867419141305,,-0.11854471559963686,0.0,real,ok,
2023-06-02,-0.22536248542727358,-0.39370800484763746,-0.45072497085454716,5,False,,,ok,0.11428571428571459,-0.00017513227513227513,-0.576524393255516,,-1.1124182081456162,-0.45072497085454716,-8.000000000000007,0.0,-0.4594867419141305,,-0.11854471559963686,0.0,real,ok,
2023-06-05,-0.22536248542727358,-0.44433507603930805,-0.45072497085454716,5,False,,,ok,-0.08333333333334672,-0.00017513227513227513,-0.583140985265227,,-1.1106908532835262,-0.45072497085454716,-9.000000000000075,0.0,-0.4594867419141305,,-0.11854471559963686,0.0,real,ok,
2023-06-06,-0.13005278519977767,-0.28807852306203663,-0.26010557039955534,5,True,基差平仓速度,,ok,-0.2806878306878396,-0.00017513227513227513,-0.5898619838684881,,-0.28158914541668645,-0.26010557039955534,-10.000000000000053,0.0,-0.4594867419141305,,-0.043399574702019494,1.000000000000023,real,ok,
2023-06-07,1.1999929169857364,-0.28906718498756356,2.399985833971473,5,True,信任背离,黄,ok,-0.2777777777777867,-0.00017513227513227513,-0.5966906564297523,,-0.2816251734675831,2.399985833971473,-10.000000000000053,0.0,-0.4594867419141305,,-0.043399574702019494,14.999999999999991,real,ok,
2023-06-08,0.911282472808317,-0.28989142340524543,1.822564945616634,5,False,,,ok,-0.2743386243386329,6.455026455026457e-05,-0.6036304169830543,,-0.28166120256384486,1.822564945616634,-10.000000000000053,0.0012000000000000001,-0.4594867419141305,,-0.043399574702019494,12.00000000000001,real,ok,
2023-06-09,0.3410291679538653,-0.18426567368847993,0.6820583359077306,4,False,,,ok,-0.2711640211640297,6.423280423280424e-05,,,-0.28169723270564284,0.6820583359077306,-10.000000000000053,0.0012000000000000001,,,-0.043399574702019494,6.000000000000005,real,ok,
2023-06-12,0.1507574452044717,-0.0819255703419089,0.3015148904089434,5,False,,,ok,-0.26798941798942655,6.391534391534394e-05,0.22195648517102337,,-0.2817332638931478,0.3015148904089434,-10.000000000000053,0.0012000000000000001,0.0546251383036247,,-0.043399574702019494,4.0000000000000036,real,ok,
2023-06-13,1.0946379071033163,-0.23207301551357004,2.1892758142066326,5,False,,黄,ok,-0.2648148148148234,6.35978835978836e-05,-0.7789304197292123,,0.11538957460615762,2.1892758142066326,-10.000000000000053,0.0012000000000000001,-0.5518917237345469,,-0.0073674583420633155,13.999999999999968,real,ok,
2023-06-14,0.14805795188314286,-0.23350187156840013,0.2961159037662857,5,False,,,ok,-0.2619047619047706,6.32804232804233e-05,-0.7870356091056304,,0.11486960431351999,0.2961159037662857,-10.000000000000053,0.0012000000000000001,-0.5518917237345469,,-0.0073674583420633155,4.0000000000000036,real,ok,
2023-06-15,-0.18515872304443465,-0.18515872304443465,-0.4608194242043368,5,False,,,ok,-0.059523809523822635,-0.00017671957671957673,-0.7952839833251091,,0.11434962024791272,-0.4608194242043368,-9.000000000000075,0.0,-0.5518917237345469,,-0.0073674583420633155,0.0,real,ok,
2023-06-16,-0.04143183556105292,-0.23415704887979735,-0.08286367112210584,5,False,,,ok,-0.2568783068783155,-0.00017671957671957673,-0.7934027910422303,,0.113829621978076,-0.08286367112210584,-10.000000000000053,0.0,-0.5518917237345469,,-0.0073674583420633155,2.0000000000000018,real,ok,
2023-06-19,0.14733941760794395,-0.2331562080980922,0.2946788352158879,5,False,,,ok,-0.25423280423281297,-0.00017671957671957673,-0.7915249176554366,,0.1133096090726003,0.2946788352158879,-10.000000000000053,0.0,-0.5518917237345469,,-0.0073674583420633155,4.0000000000000036,real,ok,
2023-06-20,-0.2265393849421013,-0.2265393849421013,-0.4624229470210224,5,False,,,ok,-0.25158730158731046,-0.00017671957671957673,-0.7893576449576839,,0.13496412635330882,-0.4624229470210224,-10.000000000000053,0.0,-0.5518917237345469,,-0.005356143691465531,0.0,real,ok,
2023-06-21,-0.2312114735105112,-0.23453978631052064,-0.4624229470210224,5,False,,,ok,-0.2489417989418076,-9.682539682539682e-05,-0.8244435918370935,,0.13532307093364396,-0.4624229470210224,-10.000000000000053,0.0004,-0.5728854364137566,,-0.005356143691465531,0.0,real,ok,
2023-06-22,0.0204666133881342,0.0204666133881342,-0.4624229470210224,5,False,,,ok,-0.2465608465608554,-9.693121693121691e-05,0.19284213206134007,,0.13568209926898334,-0.4624229470210224,-10.000000000000053,0.0004,0.03722331529155132,,-0.005356143691465531,0.0,real,ok,
2023-06-23,0.020893658000337892,0.020893658000337892,-0.4624229470210224,5,False,,,ok,-0.24391534391535252,-9.703703703703705e-05,0.19154580142762387,,0.13604121152611726,-0.4624229470210224,-10.000000000000053,0.0004,0.03722331529155132,,-0.005356143691465531,0.0,real,ok,
2023-06-26,-0.2312114735105112,-0.27625707695736984,-0.4624229470210224,5,False,,,ok,-0.24126984126985002,-9.714285714285714e-05,-1.0000617315745086,,0.1364004078720223,-0.4624229470210224,-10.000000000000053,0.0004,-0.6761220486654911,,-0.005356143691465531,0.0,real,ok,
2023-06-27,0.05233318955859634,-0.048667602977133545,0.10466637911719268,5,False,,,ok,-0.23862433862434748,2.2592592592592608e-05,0.30050054523924663,,-0.25656921111602593,0.10466637911719268,-10.000000000000053,0.001,0.10317717738499707,,-0.04101610684160217,2.9999999999999805,real,ok,
2023-06-28,-0.03784760468990411,-0.03784760468990411,-0.4632363669062513,5,False,,,ok,-0.03650793650794952,-5.7566137566137556e-05,0.14140417836990105,,-0.25622909448400183,-0.4632363669062513,-9.000000000000075,0.0006000000000000001,0.008739313024984402,,-0.04101610684160217,0.0,real,ok,
2023-06-29,-0.03754730655974744,-0.03754730655974744,-0.4632363669062513,5,False,,,ok,-0.034391534391547296,-5.772486772486771e-05,0.14014906866752078,,-0.25588903564723836,-0.4632363669062513,-9.000000000000075,0.0006000000000000001,0.008739313024984402,,-0.04101610684160217,0.0,real,ok,
2023-06-30,0.11255433881407707,0.11255433881407707,-0.4632363669062513,5,True,回购压力,,ok,0.5669312169312093,-5.788359788359786e-05,0.13889305640507235,,-0.2555490344820897,-0.4632363669062513,-6.00000000000005,0.0006000000000000001,0.008739313024984402,,-0.04101610684160217,0.0,real,ok,
2023-07-03,-0.03024536140579596,-0.03024536140579596,-0.4632363669062513,5,True,回购压力,,ok,-0.03095238095239381,-5.8042328042328034e-05,0.13763613326666851,,-0.22760715560941622,-0.4632363669062513,-9.000000000000075,0.0006000000000000001,0.008739313024984402,,-0.03851301834134535,0.0,real,ok,
2023-07-04,-0.02998568717590872,-0.02998568717590872,-0.4624229470210224,5,False,,,ok,-0.028835978835991583,-0.00017804232804232806,0.1363782908982557,,-0.22730701843785667,-0.4624229470210224,-9.000000000000075,0.0,0.008739313024984402,,-0.03851301834134535,0.0,real,ok,
2023-07-05,-0.029432692370356242,-0.029432692370356242,-0.46035396580330085,5,False,,,ok,-0.026455026455039388,-0.00017804232804232806,0.13569169815683785,,-0.2267893988551811,-0.46035396580330085,-9.000000000000075,0.0,0.008739313024984402,,-0.03851301834134535,0.0,real,ok,
2023-07-06,-0.028700468163922965,-0.028700468163922965,-0.46035396580330085,5,False,,,ok,-0.02433862433863716,0.00022142857142857142,0.13558717974335885,,-0.22627185663184213,-0.46035396580330085,-9.000000000000075,0.002,0.008739313024984402,,-0.03851301834134535,0.0,real,ok,
2023-07-07,2.1122960341188075,-0.027598333020691417,4.224592068237615,5,True,信任背离,红,ok,-0.02222222222223493,0.0002208994708994709,0.13736238201875897,,-0.22575439135018918,4.224592068237615,-9.000000000000075,0.002,0.008739313024984402,,-0.03851301834134535,24.999999999999957,real,ok,
2023-07-10,1.1743689898686722,-0.026495013796101807,2.3487379797373444,5,False,,黄,ok,-0.020105820105832707,0.00022037037037037034,0.13914239714385174,,-0.22523700259279664,2.3487379797373444,-9.000000000000075,0.002,0.008739313024984402,,-0.03851301834134535,14.999999999999991,real,ok,
2023-07-11,0.9854323111152674,-0.3115961126082233,1.9708646222305348,5,False,,,ok,-0.01772486772488051,0.00025978835978835975,-0.9739285442033366,,-0.25499082686446434,1.9708646222305348,-9.000000000000075,0.0021999999999999997,-0.6555218629826868,,-0.041258481048234596,13.000000000000034,real,ok,
2023-07-12,-0.2302415618379021,-0.23320251280107432,-0.4604831236758042,5,True,信任背离,,ok,-0.2153439153439237,0.000379047619047619,-0.46396306928879916,,-0.253882114190622,-0.4604831236758042,-10.000000000000053,0.0028,-0.3531987390139489,,-0.041258481048234596,0.0,real,ok,
2023-07-13,-0.09358303566439842,-0.09358303566439842,-0.4604831236758042,5,False,,,ok,-0.013227513227526088,-2.1164021164021157e-05,-0.10831018840158091,,-0.25277327700732266,-0.4604831236758042,-9.000000000000075,0.0008,-0.1428715380004763,,-0.041258481048234596,0.0,real,ok,
2023-07-14,-0.1423855084026309,-0.1423855084026309,-0.4604831236758042,5,False,,,ok,-0.21137566137566993,-2.1375661375661375e-05,-0.10648068577957823,,-0.2516643107938997,-0.4604831236758042,-10.000000000000053,0.0008,-0.1428715380004763,,-0.041258481048234596,0.0,real,ok,
2023-07-17,-0.09125309701807505,-0.09125309701807505,-0.4604831236758042,5,False,,,ok,-0.009788359788372603,-2.158730158730159e-05,-0.1046472299600711,,-0.2505552110222692,-0.4604831236758042,-9.000000000000075,0.0008,-0.1428715380004763,,-0.041258481048234596,0.0,real,ok,
2023-07-18,-0.08124870958655037,-0.08124870958655037,-0.4604831236758042,5,False,,,ok,-0.007936507936520698,-6.174603174603176e-05,-0.10280977858755211,,-0.21418680579038266,-0.4604831236758042,-9.000000000000075,0.0006000000000000001,-0.1428715380004763,,-0.038064142774471454,0.0,real,ok,
2023-07-19,-0.11715331194971657,-0.11715331194971657,-0.4604831236758042,5,False,,,ok,-0.2058201058201142,0.000816931216931217,-0.05110339938584979,,-0.21250667380983346,-0.4604831236758042,-10.000000000000053,0.005,-0.11233057654901003,,-0.038064142774471454,0.0,real,ok,
2023-07-20,-0.2302415618379021,-0.2913188116668956,-0.4604831236758042,5,False,,,ok,-0.004232804232816889,0.0008555555555555556,-0.9510736722425684,,-0.21082432574775276,-0.4604831236758042,-9.000000000000075,0.005200000000000001,-0.6449090460540932,,-0.038064142774471454,0.0,real,ok,
2023-07-21,-0.22932372736169518,-0.34006708269621566,-0.45864745472339036,5,False,,,ok,-0.2023809523809607,0.0008541798941798942,-0.9496018227030193,,-0.2091397355950626,-0.45864745472339036,-10.000000000000053,0.005200000000000001,-0.6449090460540932,,-0.038064142774471454,0.0,real,ok,
2023-07-24,-0.19318391671414725,-0.19318391671414725,-0.4567134375490146,5,False,,,ok,-0.20052910052910883,0.0009326984126984126,-0.3656863876180087,,-0.20745287712216992,-0.4567134375490146,-10.000000000000053,0.0056,-0.29936268792010784,,-0.038064142774471454,0.0,real,ok,
2023-07-25,0.0034120304134916558,0.0034120304134916558,-0.45513622203575926,5,False,,,ok,0.0015873015872891472,0.0009312169312169312,0.06121628745016754,,-0.050086684314706996,-0.45513622203575926,-9.000000000000075,0.0056,-0.04640136182878299,,-0.024027981896868056,0.0,real,ok,
2023-07-26,0.8613606346430634,0.8613606346430634,-0.45513622203575926,5,True,拍卖吸收度,,ok,0.003703703703691019,-6.894179894179895e-05,3.489982385317161,,-0.04817460864965679,-0.45513622203575926,-9.000000000000075,0.0006000000000000001,2.0032317771286725,,-0.024027981896868056,0.0,real,ok,
2023-07-27,0.16330642454530958,0.16330642454530958,-0.45513622203575926,5,True,拍卖吸收度,,ok,0.005820105820093247,-6.910052910052908e-05,0.6937321833274127,,-0.046257490437167106,-0.45513622203575926,-9.000000000000075,0.0006000000000000001,0.33524488531371543,,-0.024027981896868056,0.0,real,ok,
2023-07-28,0.894230996714515,0.11408441299451329,1.78846199342903,5,True,信任背离,,ok,-0.1915343915343996,-6.925925925925925e-05,0.6922765785705498,,-0.04433527579883771,1.78846199342903,-10.000000000000053,0.0006000000000000001,0.33524488531371543,,-0.024027981896868056,12.00000000000001,real,ok,
2023-07-31,0.16471193186316158,0.16471193186316158,-0.4572026715381888,5,True,信任背离,,ok,0.01058201058199799,-0.00014931216931216932,0.6908229392337975,,-0.04240791019383692,-0.4572026715381888,-9.000000000000075,0.0002,0.33524488531371543,,-0.024027981896868056,0.0,real,ok,
2023-08-01,0.07669140005844746,0.07669140005844746,-0.4572026715381888,5,False,,,ok,0.012698412698400219,-6.947089947089947e-05,0.6893712554386203,,-0.39523459700375985,-0.4572026715381888,-9.000000000000075,0.0006000000000000001,0.33524488531371543,,-0.05579280998289815,0.0,real,ok,
2023-08-02,0.027765569066539916,0.027765569066539916,-0.4572026715381888,5,False,,,ok,-0.1849206349206433,-2.9682539682539666e-05,0.6894102253982486,,-0.39339763167176306,-0.4572026715381888,-10.000000000000053,0.0008,0.33524488531371543,,-0.05579280998289815,0.0,real,ok,
2023-08-03,0.028538453214308604,0.028538453214308604,-0.4572026715381888,5,False,,,ok,-0.18253968253969077,-2.9894179894179884e-05,0.6882827117564778,,-0.39155932217965844,-0.4572026715381888,-10.000000000000053,0.0008,0.33524488531371543,,-0.05579280998289815,0.0,real,ok,
2023-08-04,0.02932874520163299,0.02932874520163299,-0.4559713463157047,5,False,,,ok,-0.18015873015873857,-3.01058201058201e-05,0.6872234550966843,,-0.3897196383113079,-0.4559713463157047,-10.000000000000053,0.0008,0.33524488531371543,,-0.05579280998289815,0.0,real,ok,
2023-08-07,0.03011969359106048,0.03011969359106048,-0.4559713463157047,5,False,,,ok,-0.17777777777778603,-3.0317460317460318e-05,0.6861654192161509,,-0.3878785496138055,-0.4559713463157047,-10.000000000000053,0.0008,0.33524488531371543,,-0.05579280998289815,0.0,real,ok,
2023-08-08,-0.22798567315785234,-0.4150490425134439,-0.4559713463157047,5,True,拍卖吸收度,,ok,-0.1753968253968335,-0.00011042328042328042,-0.9511925226053713,,-0.5334963987711473,-0.4559713463157047,-10.000000000000053,0.0004,-0.6451021877223422,,-0.06893316014802076,0.0,real,ok,
2023-08-09,-0.16464522436646162,-0.16464522436646162,-0.4559713463157047,5,False,,,ok,-0.1727513227513306,-0.00015047619047619048,0.0463519772148276,,-0.5320310757388673,-0.4559713463157047,-10.000000000000053,0.0002,-0.048182379680220294,,-0.06893316014802076,0.0,real,ok,
2023-08-10,-0.14634275556290316,-0.14634275556290316,-0.4559713463157047,5,False,,,ok,-0.1701058201058281,4.9206349206349245e-05,0.1152523918511632,,-0.5305668003461541,-0.4559713463157047,-10.000000000000053,0.0012000000000000001,-0.006904885387104584,,-0.06893316014802076,0.0,real,ok,
2023-08-11,-0.14567510096677205,-0.14567510096677205,-0.45568288759867703,5,False,,,ok,-0.16746031746032558,0.00016873015873015878,0.11369474657565856,,-0.5291035631411514,-0.45568288759867703,-10.000000000000053,0.0018000000000000002,-0.006904885387104584,,-0.06893316014802076,0.0,real,ok,
2023-08-14,-0.14510439610888043,-0.14510439610888043,-0.4548812716461588,5,False,,,ok,-0.165079365079373,0.00016825396825396829,0.11213488136563907,,-0.5276413546900417,-0.4548812716461588,-10.000000000000053,0.0018000000000000002,-0.006904885387104584,,-0.06893316014802076,0.0,real,ok,
2023-08-15,-0.1416992476882476,-0.1416992476882476,-0.4548812716461588,5,False,,,ok,-0.16296296296297114,0.00020772486772486777,0.11057277545453209,,-0.5146145281122761,-0.4548812716461588,-10.000000000000053,0.002,-0.006904885387104584,,-0.06790266544067047,0.0,real,ok,
2023-08-16,-0.14055485138256973,-0.14055485138256973,-0.4548812716461588,5,False,,,ok,-0.16111111111111925,0.00024714285714285707,0.11240285995765859,,-0.5137582972339612,-0.4548812716461588,-10.000000000000053,0.0021999999999999997,-0.006904885387104584,,-0.06790266544067047,0.0,real,ok,
2023-08-17,-0.13915121704047131,-0.13915121704047131,-0.4548812716461588,5,False,,,ok,-0.15952380952381767,4.682539682539686e-05,0.11577479483722909,,-0.512902678872122,-0.4548812716461588,-10.000000000000053,0.0012000000000000001,-0.006904885387104584,,-0.06790266544067047,0.0,real,ok,
2023-08-18,-0.13836589640042998,-0.13836589640042998,-0.4548812716461588,5,False,,,ok,-0.15767195767196576,-7.333333333333332e-05,0.11632937636223777,,-0.5120476709586586,-0.4548812716461588,-10.000000000000053,0.0006000000000000001,-0.006904885387104584,,-0.06790266544067047,0.0,real,ok,
2023-08-21,-0.13748453407247183,-0.13748453407247183,-0.4548812716461588,5,False,,,ok,-0.15555555555556352,-7.34920634920635e-05,0.11688418276011081,,-0.5111932714309425,-0.4548812716461588,-10.000000000000053,0.0006000000000000001,-0.006904885387104584,,-0.06790266544067047,0.0,real,ok,
2023-08-22,-0.16378926680727607,-0.16378926680727607,-0.4548812716461588,5,False,,,ok,-0.1534391534391613,-0.00011359788359788359,0.11743921468934593,,-0.6190435305956911,-0.4548812716461588,-10.000000000000053,0.0004,-0.006904885387104584,,-0.07759741649687268,0.0,real,ok,
2023-08-23,0.37898427244718813,0.37898427244718813,-0.4548812716461588,5,True,拍卖吸收度,,ok,-0.15158730158730976,-0.00015365079365079365,2.2858302985099304,,-0.6181522563402173,-0.4548812716461588,-10.000000000000053,0.0002,1.2863756128496115,,-0.07759741649687268,0.0,real,ok,
2023-08-24,-0.22729654728971135,-0.3091879213036314,-0.4545930945794227,5,True,拍卖吸收度,,ok,-0.14947089947090753,-0.00019365079365079365,-0.469825332397372,,-0.6172618025525952,-0.4545930945794227,-10.000000000000053,0.0,-0.3558528861624474,,-0.07759741649687268,0.0,real,ok,
2023-08-25,-0.2271525002917888,-0.30811115593925564,-0.4543050005835776,5,False,,,ok,-0.1473544973545053,-0.00019365079365079365,-0.46852430888721636,,-0.6163721667216502,-0.4543050005835776,-10.000000000000053,0.0,-0.3558528861624474,,-0.07759741649687268,0.0,real,ok,
2023-08-28,-0.22663971853457046,-0.2726780847410696,-0.4532794370691409,5,False,,,ok,-0.14470899470900278,-0.00019365079365079365,-0.33032634711737396,,-0.6154833463442508,-0.4532794370691409,-10.000000000000053,0.0,-0.27419162876217534,,-0.07759741649687268,0.0,real,ok,
2023-08-29,-0.06396379780075405,-0.06396379780075405,-0.45126778402107176,5,True,基差平仓速度,,ok,-0.14232804232805024,-0.0001537037037037037,-0.5536415450186729,,0.4402680998474107,-0.45126778402107176,-10.000000000000053,0.0002,-0.40805275876409686,,0.016557040197545447,0.0,real,ok,
2023-08-30,-0.06323914257811777,-0.06323914257811777,-0.44933264697584285,5,False,,,ok,-0.1396825396825477,-0.00015375661375661377,-0.5528775618179481,,0.43975728780178136,-0.44933264697584285,-10.000000000000053,0.0002,-0.40805275876409686,,0.016557040197545447,0.0,real,ok,
2023-08-31,-0.012554440538453879,-0.012554440538453879,-0.44725972302766975,5,False,,,ok,0.062433862433850254,-0.00015068783068783069,-0.5517476358281093,,0.43924669907113134,-0.44725972302766975,-9.000000000000075,0.0002,-0.40805275876409686,,0.016557040197545447,0.0,real,ok,
2023-09-01,-0.011903270863144605,-0.011903270863144605,-0.445321277197968,5,False,,,ok,0.06428571428570215,-0.00014761904761904763,-0.5504875118853123,,0.4387363331946508,-0.445321277197968,-9.000000000000075,0.0002,-0.40805275876409686,,0.016557040197545447,0.0,real,ok,
2023-09-04,-0.011186184089530496,-0.011186184089530496,-0.44348171747083553,5,False,,,ok,0.06640211640210439,-0.00014455026455026455,-0.54922849220798,,0.43822618971230387,-0.44348171747083553,-9.000000000000075,0.0002,-0.40805275876409686,,0.016557040197545447,0.0,real,ok,
2023-09-05,-0.010432325101887685,-0.010432325101887685,-0.44319396448308446,5,False,,,ok,0.06851851851850661,0.00033788359788359786,-0.5479705706716022,,0.4373848681476612,-0.44319396448308446,-9.000000000000075,0.0026,-0.40805275876409686,,0.016527436832248554,0.0,real,ok,
2023-09-06,-0.05940583824507813,-0.05940583824507813,-0.44319396448308446,5,False,,,ok,-0.12910052910053693,0.0003802645502645502,-0.5467137411703427,,0.43781065274030256,-0.44319396448308446,-10.000000000000053,0.0027999999999999995,-0.40805275876409686,,0.016527436832248554,0.0,real,ok,
2023-09-07,-0.008316667965341848,-0.008316667965341848,-0.44319396448308446,5,False,,,ok,0.07301587301586103,0.0009387830687830688,-0.5454579976168875,,0.438236669670876,-0.44319396448308446,-9.000000000000075,0.0056,-0.40805275876409686,,0.016527436832248554,0.0,real,ok,
2023-09-08,-0.05723543434574958,-0.05723543434574958,-0.44319396448308446,5,False,,,ok,-0.12433862433863219,0.0009373015873015873,-0.5442033339422943,,0.43866291931062656,-0.44319396448308446,-10.000000000000053,0.0056,-0.40805275876409686,,0.016527436832248554,0.0,real,ok,
2023-09-11,0.3113153785961338,0.3113153785961338,-0.44319396448308446,5,False,,,ok,-0.12195767195767963,0.0009757671957671959,0.9271540171149306,,0.4390894020315169,-0.44319396448308446,-10.000000000000053,0.0058000000000000005,0.46996605796567914,,0.016527436832248554,0.0,real,ok,
2023-09-12,-0.02409336065686052,-0.02409336065686052,-0.44319396448308446,5,False,,,ok,-0.11957671957672744,0.000454920634920635,-0.6143390084183677,,0.6370873647327324,-0.44319396448308446,-10.000000000000053,0.0032,-0.45041868329322177,,0.03416256108743565,0.0,real,ok,
2023-09-13,0.22901299869677527,0.22901299869677527,-0.441617352451133,5,False,,,ok,-0.11746031746032522,0.00041412698412698424,0.39589804522242866,,0.6372001400408707,-0.441617352451133,-10.000000000000053,0.0030000000000000005,0.15237169515414828,,0.03416256108743565,0.0,real,ok,
2023-09-14,0.2294654595874545,0.2294654595874545,-0.06289004230005614,5,False,,,ok,-0.11560846560847331,0.0003334391534391535,0.39582393176292013,,0.637312933041932,-0.06289004230005614,-10.000000000000053,0.0026000000000000003,0.15237169515414828,,0.03416256108743565,2.000000000000046,real,ok,
2023-09-15,0.44193899801688985,0.2795148560743971,0.8838779960337797,5,False,,,ok,0.08597883597882401,0.0003327513227513228,0.3943220932533089,,0.637425743742704,0.8838779960337797,-9.000000000000075,0.0026000000000000003,0.15237169515414828,,0.03416256108743565,7.000000000000028,real,ok,
2023-09-18,0.2796204134811139,0.2796204134811139,0.1291902851355259,5,False,,,ok,0.08783068783067591,0.00029211640211640217,0.3928202775416866,,0.6375385721499768,0.1291902851355259,-9.000000000000075,0.0024000000000000002,0.15237169515414828,,0.03416256108743565,3.000000000000025,real,ok,
2023-09-19,0.7251889261803347,0.18953140773289562,1.4503778523606694,5,False,,,ok,0.08994708994707779,0.00029148148148148154,-0.018424817925442965,,0.6863118774284662,1.4503778523606694,-9.000000000000075,0.0024000000000000002,-0.09216437457215418,,0.038506079466385845,10.000000000000053,real,ok,
2023-09-20,0.7230270093989918,0.1405310254538391,1.4460540187979836,5,False,,,ok,-0.10767195767196505,0.0002908465608465609,-0.0171519041918967,,0.6866571171183716,1.4460540187979836,-10.000000000000053,0.0024000000000000002,-0.09216437457215418,,0.038506079466385845,9.999999999999964,real,ok,
2023-09-21,0.02863449319043601,0.02863449319043601,-0.44173192181896803,5,False,,,ok,-0.10555555555556317,-0.00010925925925925925,-0.46679974553387893,,0.6870025331104453,-0.44173192181896803,-10.000000000000053,0.0004,-0.36035098722204517,,0.038506079466385845,0.0,real,ok,
2023-09-22,0.02981007106456235,0.02981007106456235,-0.44173192181896803,5,False,,,ok,-0.10317460317461062,-0.00010936507936507938,-0.46482387309837153,,0.6873481256105967,-0.44173192181896803,-10.000000000000053,0.0004,-0.36035098722204517,,0.038506079466385845,0.0,real,ok,
2023-09-25,0.08091986427123628,0.08091986427123628,-0.44173192181896803,5,False,,,ok,0.09894179894178698,-0.00010947089947089946,-0.4628467657824281,,0.6876938948250572,-0.44173192181896803,-9.000000000000075,0.0004,-0.36035098722204517,,0.038506079466385845,0.0,real,ok,
2023-09-26,-0.057556545558632086,-0.057556545558632086,-0.44173192181896803,5,True,基差平仓速度,,ok,0.10158730158728986,-0.00010957671957671955,-0.16958823034932935,,-0.16211567675291214,-0.44173192181896803,-9.000000000000075,0.0004,-0.1872699234971658,,-0.03726737172976713,0.0,real,ok,
2023-09-27,0.03571745935348402,0.03571745935348402,-0.44173192181896803,5,False,,,ok,0.3037037037037056,-2.9788359788359753e-05,3.709871444724392e-05,,-0.1608411766444284,-0.44173192181896803,-8.000000000000007,0.0008,-0.0877996581636734,,-0.03726737172976713,0.0,real,ok,
2023-09-28,0.15739805198797568,0.15739805198797568,-0.44173192181896803,5,False,,,ok,0.10608465608464428,-6.994708994708992e-05,0.6831432986216326,,-0.15956579966442705,-0.44173192181896803,-9.000000000000075,0.0006000000000000001,0.31580321887119994,,-0.03726737172976713,0.0,real,ok,
2023-09-29,0.1588418693260047,0.1588418693260047,-0.44173192181896803,5,False,,,ok,0.1087301587301468,-7.010582010582008e-05,0.6849969615629435,,-0.15828953716896577,-0.44173192181896803,-9.000000000000075,0.0006000000000000001,0.31580321887119994,,-0.03726737172976713,0.0,real,ok,
2023-10-02,0.21015513124388177,0.21015513124388177,-0.44173192181896803,5,False,,,ok,0.31084656084656254,-7.026455026455025e-05,0.6868566091538726,,-0.15701238047464347,-0.44173192181896803,-8.000000000000007,0.0006000000000000001,0.31580321887119994,,-0.03726737172976713,0.0,real,ok,
2023-10-03,0.26669966843575954,0.26669966843575954,-0.43988951013546707,5,False,,,ok,0.5126984126984102,-3.047619047619047e-05,0.6894950780980627,,-0.1353643408629586,-0.43988951013546707,-7.000000000000028,0.0008,0.31580321887119994,,-0.03545652719505843,0.0,real,ok,
2023-10-04,0.21822992989072149,0.21822992989072149,-0.43816812747793504,5,False,,,ok,0.31481481481481666,-0.00011058201058201058,0.69236257458115,,-0.13414708782249885,-0.43816812747793504,-8.000000000000007,0.0004,0.31580321887119994,,-0.03545652719505843,0.0,real,ok,
2023-10-05,0.21977426360465624,0.21977426360465624,-0.43635793736269124,5,False,,,ok,0.3169312169312185,-0.00015063492063492061,0.6952454666284895,,-0.13292899422044818,-0.43635793736269124,-8.000000000000007,0.0002,0.31580321887119994,,-0.03545652719505843,0.0,real,ok,
2023-10-06,0.17040587951898145,0.17040587951898145,-0.4345068756144371,5,False,,,ok,0.11904761904760726,-0.00015068783068783069,0.6944366394066723,,-0.13171005254766602,-0.4345068756144371,-9.000000000000075,0.0002,0.31580321887119994,,-0.03545652719505843,0.0,real,ok,
2023-10-09,0.17103790336475116,0.17103790336475116,-0.4345068756144371,5,False,,,ok,0.12116402116400948,-0.00015074074074074073,0.6936285882978097,,-0.13049025526207383,-0.4345068756144371,-9.000000000000075,0.0002,0.31580321887119994,,-0.03545652719505843,0.0,real,ok,
2023-10-10,0.31538140639975387,0.31538140639975387,-0.4345068756144371,5,False,,,ok,0.12354497354496168,-0.00019074074074074073,1.69784734914347,,-0.5596759563486755,-0.4345068756144371,-9.000000000000075,0.0,0.9087303380344733,,-0.07364144418654806,0.0,real,ok,
2023-10-11,0.006405685079717449,0.006405685079717449,-0.4345068756144371,5,False,,,ok,0.1256613756613639,-0.00019074074074074073,0.45800568181623796,,-0.5578535764179913,-0.4345068756144371,-9.000000000000075,0.0,0.17926191477772005,,-0.07364144418654806,0.0,real,ok,
2023-10-12,0.14897389616530013,0.14897389616530013,-0.4345068756144371,5,False,,,ok,0.12724867724866548,-0.0001108465608465608,1.0247897457054471,,-0.5560319917320656,-0.4345068756144371,-9.000000000000075,0.0004,0.5138862501017591,,-0.07364144418654806,0.0,real,ok,
2023-10-13,0.14907737759307127,0.14907737759307127,-0.4345068756144371,5,False,,,ok,0.1285714285714171,-0.00011095238095238093,1.0220602160728318,,-0.5542111818910114,-0.4345068756144371,-9.000000000000075,0.0004,0.5138862501017591,,-0.07364144418654806,0.0,real,ok,
2023-10-16,0.14911643867562488,0.14911643867562488,-0.4345068756144371,5,False,,,ok,0.12962962962961805,-0.00011105820105820102,1.019338309743053,,-0.5523911264691134,-0.4345068756144371,-9.000000000000075,0.0004,0.5138862501017591,,-0.07364144418654806,0.0,real,ok,
2023-10-17,0.15031703068208657,0.15031703068208657,-0.4345068756144371,5,False,,,ok,0.13068783068781897,-0.00011116402116402116,1.0194436392919815,,-0.5487521832302902,-0.4345068756144371,-9.000000000000075,0.0004,0.5138862501017591,,-0.07348035899946082,0.0,real,ok,
2023-10-18,0.01985571802908634,0.01985571802908634,-0.4342175205147081,5,False,,,ok,-0.06746031746032485,-0.00011126984126984125,0.6939661214467054,,-0.5469716620287653,-0.4342175205147081,-10.000000000000053,0.0004,0.32291735372515756,,-0.07348035899946082,0.0,real,ok,
2023-10-19,-0.012810196482835198,-0.012810196482835198,-0.4342175205147081,5,False,,,ok,-0.06534391534392263,-0.00019126984126984127,0.559486320607864,,-0.5451919213540123,-0.4342175205147081,-10.000000000000053,0.0,0.24422983375200946,,-0.07348035899946082,0.0,real,ok,
2023-10-20,-0.012051271217965301,-0.012051271217965301,-0.4336599180605894,5,False,,,ok,-0.0632275132275204,-0.0001513227513227513,0.5585866935675606,,-0.5434129424605787,-0.4336599180605894,-10.000000000000053,0.0002,0.24422983375200946,,-0.07348035899946082,0.0,real,ok,
2023-10-23,1.206333903632154,-0.011252412516386895,2.412667807264308,5,True,信任背离,黄,ok,-0.061111111111118534,4.8359788359788396e-05,0.5576878078416879,,-0.5416347065844768,2.412667807264308,-10.000000000000053,0.0012000000000000001,0.24422983375200946,,-0.07348035899946082,15.000000000000036,real,ok,
2023-10-24,0.022378659743850088,0.022378659743850088,-0.43551592523384314,5,True,信任背离,,ok,-0.05873015873016598,4.8042328042328095e-05,0.5386280286693961,,-0.39043127329187205,-0.43551592523384314,-10.000000000000053,0.0012000000000000001,0.23350391910924262,,-0.060283640675222516,0.0,real,ok,
2023-10-25,0.16199986838283137,0.012686436379090948,0.32399973676566274,5,False,,,ok,-0.056613756613763756,8.767195767195768e-05,0.49586643754412724,,-0.3885946073716716,0.32399973676566274,-10.000000000000053,0.0014,0.20875580265959215,,-0.060283640675222516,4.0000000000000036,real,ok,
2023-10-26,-0.14869178550886306,-0.14869178550886306,-0.4339334792189896,5,False,,,ok,0.14523809523808354,0.00020714285714285713,-0.3534558383728444,,-0.38675654175783425,-0.4339334792189896,-9.000000000000075,0.002,-0.29231793270439727,,-0.060283640675222516,0.0,real,ok,
2023-10-27,-0.14763373734426155,-0.14763373734426155,-0.432905105778722,5,False,,,ok,0.14708994708993545,0.00028650793650793655,-0.35299435843524474,,-0.3849170459682449,-0.432905105778722,-9.000000000000075,0.0024000000000000002,-0.29231793270439727,,-0.060283640675222516,0.0,real,ok,
2023-10-30,-0.14657915644560035,-0.14657915644560035,-0.43077219269323686,5,False,,,ok,0.14920634920633766,8.613756613756614e-05,-0.3525330232765934,,-0.38307608927828324,-0.43077219269323686,-9.000000000000075,0.0014,-0.29231793270439727,,-0.060283640675222516,0.0,real,ok,
2023-10-31,0.020323216105994524,0.020323216105994524,-0.4288188486889428,5,True,回购压力,,ok,0.949999999999989,8.576719576719577e-05,-0.3520718325757866,,-0.5167210701959914,-0.4288188486889428,-5.000000000000071,0.0014,-0.29231793270439727,,-0.07218763213450163,0.0,real,ok,
2023-11-01,-0.12859408129635097,-0.12859408129635097,-0.4288188486889428,5,True,回购压力,,ok,0.35132275132275337,4.54497354497355e-05,-0.3507606051440268,,-0.5149839210995802,-0.4288188486889428,-8.000000000000007,0.0012000000000000001,-0.29231793270439727,,-0.07218763213450163,0.0,real,ok,
2023-11-02,-0.0779849467608483,-0.0779849467608483,-0.4288188486889428,5,False,,,ok,0.5526455026455004,-7.470899470899469e-05,-0.3512632759234522,,-0.5132473047707324,-0.4288188486889428,-7.000000000000028,0.0006000000000000001,-0.29231793270439727,,-0.07218763213450163,0.0,real,ok,
2023-11-03,-0.12732746957661237,-0.12732746957661237,-0.4288188486889428,5,False,,,ok,0.35423280423280623,-0.0001947089947089947,-0.3518367700847783,,-0.5115112034597684,-0.4288188486889428,-8.000000000000007,0.0,-0.29231793270439727,,-0.07218763213450163,0.0,real,ok,
2023-11-06,-0.12661025668845982,-0.12661025668845982,-0.4288188486889428,5,False,,,ok,0.3558201058201078,-7.486772486772484e-05,-0.35241066545985256,,-0.5097755993892269,-0.4288188486889428,-8.000000000000007,0.0006000000000000001,-0.29231793270439727,,-0.07218763213450163,0.0,real,ok,
2023-11-07,0.16131641975204572,0.16131641975204572,-0.4288188486889428,5,False,,,ok,0.3574074074074094,4.4814814814814824e-05,0.685361553988264,,-0.39754809720230544,-0.4288188486889428,-8.000000000000007,0.0012000000000000001,0.32030212237490446,,-0.06250190337812489,0.0,real,ok,
2023-11-08,0.2334230824351639,0.2334230824351639,-0.4288188486889428,5,False,,,ok,0.3592592592592613,4.4497354497354503e-05,0.9706688280413055,,-0.3962802549144085,-0.4288188486889428,-8.000000000000007,0.0012000000000000001,0.4899142833823176,,-0.06250190337812489,0.0,real,ok,
2023-11-09,0.4688963489291397,0.4688963489291397,-0.4288188486889428,5,False,,,ok,0.3611111111111132,0.00044365079365079365,1.9090434002539873,,-0.39501276644219274,-0.4288188486889428,-8.000000000000007,0.0032,1.0474535092206718,,-0.06250190337812489,0.0,real,ok,
2023-11-10,0.4678089751358423,0.4678089751358423,-0.42826289817684576,5,False,,,ok,0.36296296296296476,0.00044280423280423285,1.90157575884102,,-0.3937456254934196,-0.42826289817684576,-8.000000000000007,0.0032,1.0474535092206718,,-0.06250190337812489,0.0,real,ok,
2023-11-13,0.46670712246684226,0.46670712246684226,-0.4270282711062077,5,False,,,ok,0.36481481481481665,0.0003221164021164022,1.894170384426627,,-0.3924788257761908,-0.4270282711062077,-8.000000000000007,0.0026000000000000003,1.0474535092206718,,-0.06250190337812489,0.0,real,ok,
2023-11-14,0.49147792190737954,0.49147792190737954,-0.42579417090305244,5,False,,,ok,0.3666666666666686,0.0006010582010582011,1.886826335589765,,-0.2881823728279735,-0.42579417090305244,-8.000000000000007,0.004,1.0474535092206718,,-0.05349358268844595,0.0,real,ok,
2023-11-15,0.4926842241768339,0.4926842241768339,0.3360092214605008,5,False,,,ok,0.3679894179894198,0.0036359788359788363,1.8859864224078957,,-0.28687492252595886,0.3360092214605008,-8.000000000000007,0.019200000000000002,1.0474535092206718,,-0.05349358268844595,4.0000000000000036,real,ok,
2023-11-16,0.49240422766632574,0.49240422766632574,-0.4268225245579324,5,False,,,ok,0.3690476190476211,0.0032314285714285713,1.8829050360590405,,-0.28556717301278717,-0.4268225245579324,-8.000000000000007,0.0172,1.0474535092206718,,-0.05349358268844595,0.0,real,ok,
2023-11-17,0.4923594533297745,0.4923594533297745,-0.4268225245579324,5,False,,,ok,0.3706349206349227,0.0032268783068783074,1.879835130731823,,-0.2842591163545261,-0.4268225245579324,-8.000000000000007,0.0172,1.0474535092206718,,-0.05349358268844595,0.0,real,ok,
2023-11-20,-0.058945915306868005,-0.058945915306868005,-0.4268225245579324,5,True,拍卖吸收度,,ok,0.1724867724867611,0.0032223280423280425,-0.12854201716101402,,-0.28295074459554714,-0.4268225245579324,-9.000000000000075,0.0172,-0.15056628871225822,,-0.05349358268844595,0.0,real,ok,
2023-11-21,0.03583567485336192,0.03583567485336192,-0.4268225245579324,5,False,,,ok,0.17460317460316332,0.002818306878306878,0.11630316396484351,,-0.15038194603286603,-0.4268225245579324,-9.000000000000075,0.0152,-0.005540572425305451,,-0.042020663266769454,0.0,real,ok,
2023-11-22,0.035805400056793765,0.035805400056793765,-0.42653456811916063,5,False,,,ok,0.17698412698411553,-0.0002216931216931217,0.11721739768249428,,-0.15075823131774163,-0.42653456811916063,-9.000000000000075,0.0,-0.005540572425305451,,-0.042020663266769454,0.0,real,ok,
2023-11-23,0.0364691657140747,0.0364691657140747,-0.42653456811916063,5,False,,,ok,0.17910052910051774,-0.0002216931216931217,0.11813244279051541,,-0.15113461591304123,-0.42653456811916063,-9.000000000000075,0.0,-0.005540572425305451,,-0.042020663266769454,0.0,real,ok,
2023-11-24,0.08693469753201243,0.08693469753201243,0.14480010664210938,5,False,,,ok,0.3804232804232825,-0.0002216931216931217,0.11904830284208012,,-0.1515111000156198,0.14480010664210938,-8.000000000000007,0.0,-0.005540572425305451,,-0.042020663266769454,2.999999999999936,real,ok,
2023-11-27,0.23147374111818597,0.23147374111818597,-0.4273369000901632,5,False,,,ok,0.3817460317460338,-0.0002216931216931217,0.6962583096709797,,-0.15188768382257645,-0.4273369000901632,-8.000000000000007,0.0,0.3373732502782003,,-0.042020663266769454,0.0,real,ok,
2023-11-28,0.6167764573965455,0.6167764573965455,-0.4273369000901632,5,False,,,ok,0.383862433862436,-0.00018174603174603174,1.5638523514210676,,0.5195727903344246,-0.4273369000901632,-8.000000000000007,0.0002,0.8546836838362417,,0.01667411717934364,0.0,real,ok,
2023-11-29,0.5663262126689003,0.5663262126689003,-0.4267814090980799,5,False,,,ok,0.18650793650792535,-6.195767195767194e-05,1.5608582720207083,,0.5180005998189252,-0.4267814090980799,-9.000000000000075,0.0008,0.8546836838362417,,0.01667411717934364,0.0,real,ok,
2023-11-30,0.6656506532005467,0.6656506532005467,-0.42474310262807263,5,True,回购压力,,ok,0.5883597883597862,-6.216931216931215e-05,1.557875714558671,,0.5164292791958989,-0.42474310262807263,-7.000000000000028,0.0008,0.8546836838362417,,0.01667411717934364,0.0,real,ok,
2023-12-01,0.9645913297134593,0.9645913297134593,-0.4225755746291526,5,True,回购压力,,ok,1.7886243386243286,-2.2433862433862434e-05,1.5549045976301483,,0.5148588164617939,-0.4225755746291526,-1.0000000000000675,0.001,0.8546836838362417,,0.01667411717934364,0.0,real,ok,
2023-12-04,0.8635911952489177,0.8635911952489177,-0.42071526012979543,5,True,回购压力,,ok,1.389153439153438,-2.2698412698412674e-05,1.5519448406337197,,0.5132891996212112,-0.42071526012979543,-3.000000000000025,0.001,0.8546836838362417,,0.01667411717934364,0.0,real,ok,
2023-12-05,0.7113618967910348,0.7113618967910348,-0.42071526012979543,5,True,回购压力、央行回购使用量,,ok,0.5907407407407387,0.008046349206349206,1.547002614149093,,0.6996578830679585,-0.42071526012979543,-7.000000000000028,0.041400000000000006,0.8546836838362417,,0.03308715098478199,0.0,real,ok,
2023-12-06,0.6603722893147905,0.6603722893147905,-0.42071526012979543,5,False,,,ok,0.3923280423280445,0.008155238095238096,1.5425355457502068,,0.6984703310856728,-0.42071526012979543,-8.000000000000007,0.042,0.8546836838362417,,0.03308715098478199,0.0,real,ok,
2023-12-07,0.6594736042590843,0.6594736042590843,-0.42071526012979543,5,False,,,ok,0.3939153439153461,0.008943068783068784,1.5377517403508407,,0.6972842639870813,-0.42071526012979543,-8.000000000000007,0.046,0.8546836838362417,,0.03308715098478199,0.0,real,ok,
2023-12-08,0.658372198464311,0.658372198464311,-0.4191187089830483,5,False,,,ok,0.3955026455026477,0.008890952380952381,1.5329955199885432,,0.696099675985101,-0.4191187089830483,-8.000000000000007,0.0458,0.8546836838362417,,0.03308715098478199,0.0,real,ok,
2023-12-11,0.5082330847187027,0.5082330847187027,-0.4191187089830483,5,False,,,ok,0.39708994708994927,0.00887883597883598,0.9320469944890211,,0.6949165613170042,-0.4191187089830483,-8.000000000000007,0.0458,0.4951595878702113,,0.03308715098478199,0.0,real,ok,
2023-12-12,0.36606870978535544,0.36606870978535544,-0.03299119797145594,5,True,央行回购使用量,,ok,0.1989417989417877,0.0009571957671957673,0.2509092084019597,,1.0134666360304787,-0.03299119797145594,-9.000000000000075,0.006200000000000001,0.08693985997753426,,0.06107554469724519,2.000000000000046,real,ok,
2023-12-13,0.36563016008597204,0.36563016008597204,-0.4196787276835186,5,False,,,ok,0.2005291005290893,0.0009955026455026456,0.2493601601368446,,1.0116358770324516,-0.4196787276835186,-9.000000000000075,0.0064,0.08693985997753426,,0.06107554469724519,0.0,real,ok,
2023-12-14,0.36497640352888466,0.36497640352888466,-0.4196787276835186,5,False,,,ok,0.20185185185184054,0.00043455026455026463,0.24780986062712757,,1.0098093513720203,-0.4196787276835186,-9.000000000000075,0.0036000000000000003,0.08693985997753426,,0.06107554469724519,0.0,real,ok,
2023-12-15,0.41428352982604877,0.41428352982604877,-0.4196787276835186,5,False,,,ok,0.40238095238095467,0.00043359788359788375,0.24633253172187622,,1.0079870373177664,-0.4196787276835186,-8.000000000000007,0.0036000000000000003,0.08693985997753426,,0.06107554469724519,0.0,real,ok,
2023-12-18,0.4136875513814908,0.4136875513814908,-0.4196787276835186,5,False,,,ok,0.4031746031746053,0.0005524867724867726,0.24485420229354138,,1.0061689132853298,-0.4196787276835186,-8.000000000000007,0.004200000000000001,0.08693985997753426,,0.06107554469724519,0.0,real,ok,
2023-12-19,0.3441987217287051,0.3441987217287051,-0.4196787276835186,5,False,,,ok,0.20449735449734305,0.0003516402116402117,0.24392698726091708,,0.92801890494492,-0.4196787276835186,-9.000000000000075,0.0032000000000000006,0.08693985997753426,,0.05436844667404139,0.0,real,ok,
2023-12-20,0.5089708504404498,0.5089708504404498,-0.4196787276835186,5,False,,,ok,0.20502645502644407,7.116402116402135e-05,0.9039556330082007,,0.9268301497059903,-0.4196787276835186,-9.000000000000075,0.0018000000000000008,0.4819295775083965,,0.05436844667404139,0.0,real,ok,
2023-12-21,0.2661387857088712,0.2661387857088712,-0.4196787276835186,5,False,,,ok,0.20555555555554433,-4.9153439153439005e-05,-0.0665945207071302,,0.9256432614262239,-0.4196787276835186,-9.000000000000075,0.0012000000000000008,-0.09973635677148436,,0.05436844667404139,0.0,real,ok,
2023-12-22,0.3161487396919819,0.3161487396919819,-0.4196787276835186,5,False,,,ok,0.4060846560846585,7.037037037037055e-05,-0.06601830128132058,,0.9244582335942192,-0.4196787276835186,-8.000000000000007,0.0018000000000000008,-0.09973635677148436,,0.05436844667404139,0.0,real,ok,
2023-12-25,0.316231491776655,0.316231491776655,-0.4196787276835186,5,False,,,ok,0.4071428571428594,-4.99470899470898e-05,-0.06544200267506974,,0.9232750597287774,-0.4196787276835186,-8.000000000000007,0.0012000000000000008,-0.09973635677148436,,0.05436844667404139,0.0,real,ok,
2023-12-26,0.4153518249047108,0.4153518249047108,-0.4196787276835186,5,True,回购压力,,ok,1.0076719576719473,-5.026455026455011e-05,0.0567292230776255,,0.5970563834195348,-0.4196787276835186,-5.000000000000071,0.0012000000000000008,-0.026901955462429156,,0.025760928778573278,0.0,real,ok,
2023-12-27,0.8189750683814208,0.8189750683814208,-0.4196787276835186,5,True,回购压力,,ok,1.8071428571428474,-5.058201058201046e-05,0.8723960975691255,,0.5964119008242925,-0.4196787276835186,-1.0000000000000675,0.0012000000000000008,0.46164306580292613,,0.025760928778573278,0.0,real,ok,
2023-12-28,0.8441479530816922,0.8441479530816922,-0.4196787276835186,5,False,,,ok,2.0063492063492103,-0.00017074074074074056,0.7746454728189338,,0.5957678738993653,-0.4196787276835186,0.0,0.0006000000000000007,0.40361246631083636,,0.025760928778573278,0.0,real,ok,
2023-12-29,0.7435635381339505,0.7435635381339505,-0.4196787276835186,5,True,回购压力,,ok,1.60555555555555,-0.0002907407407407407,0.7738650360839309,,0.5951243016370618,-0.4196787276835186,-2.000000000000046,0.0,0.40361246631083636,,0.025760928778573278,0.0,real,ok,
2024-01-01,0.7428110196922746,0.7428110196922746,-0.4196787276835186,5,False,,,ok,1.6039682539682485,-0.0002907407407407407,0.7730853825094295,,0.594481183032161,-0.4196787276835186,-2.000000000000046,0.0,0.40361246631083636,,0.025760928778573278,0.0,real,ok,
2024-01-02,0.7959401367950415,0.7959401367950415,-0.41770821170946576,5,True,回购压力,,ok,2.001851851851856,-0.0002907407407407407,0.7723065101838255,,0.4098929258852255,-0.41770821170946576,0.0,0.0,0.40361246631083636,,0.00956513858773278,0.0,real,ok,
2024-01-03,0.7452815253036732,0.7452815253036732,-0.416276576164453,5,False,,,ok,1.800793650793641,-0.0002907407407407407,0.7707128681969155,,0.4099103229648765,-0.416276576164453,-1.0000000000000675,0.0,0.40361246631083636,,0.00956513858773278,0.0,real,ok,
2024-01-04,0.3953807569293429,0.3953807569293429,-0.416276576164453,5,True,回购压力,,ok,0.4018518518518544,-0.0002907407407407407,0.7700341962402236,,0.4099277203660343,-0.416276576164453,-8.000000000000007,0.0,0.40361246631083636,,0.00956513858773278,0.0,real,ok,
2024-01-05,0.34567065546155473,0.34567065546155473,-0.4159863349054667,5,False,,,ok,0.20317460317459216,-0.0002907407407407407,0.7698536413236469,,0.4099451180887206,-0.4159863349054667,-9.000000000000075,0.0,0.40361246631083636,,0.00956513858773278,0.0,real,ok,
2024-01-08,0.34589442805194837,0.34589442805194837,-0.4156961712768845,5,False,,,ok,0.20423280423279308,-0.0002907407407407407,0.7696731325827842,,0.40996251613295687,-0.4156961712768845,-9.000000000000075,0.0,0.40361246631083636,,0.00956513858773278,0.0,real,ok,
2024-01-09,0.15952640878930913,0.15952640878930913,-0.4154060851892591,5,False,,,ok,0.20529100529099437,-0.0002907407407407407,0.29502757666270635,,0.13807779394427655,-0.4154060851892591,-9.000000000000075,0.0,0.11862495917995769,,-0.014365926268131268,0.0,real,ok,
2024-01-10,0.07805944232285428,0.07805944232285428,-0.4154060851892591,5,False,,,ok,0.20661375661374565,-0.0002907407407407407,-0.032342701414051704,,0.13825745483246388,-0.4154060851892591,-9.000000000000075,0.0,-0.0782076672173447,,-0.014365926268131268,0.0,real,ok,
2024-01-11,0.22160787917956207,0.22160787917956207,-0.4154060851892591,5,False,,,ok,0.2079365079364969,-0.0002907407407407407,0.5403486165541053,,0.13843713296838678,-0.4154060851892591,-9.000000000000075,0.0,0.26418495653307067,,-0.014365926268131268,0.0,real,ok,
2024-01-12,0.22151189379615668,0.22151189379615668,-0.4154060851892591,5,False,,,ok,0.20846560846559753,-0.00025079365079365065,0.5392159319982853,,0.13861682837153758,-0.4154060851892591,-9.000000000000075,0.0002000000000000007,0.26418495653307067,,-0.014365926268131268,0.0,real,ok,
2024-01-15,0.22134001397281466,0.22134001397281466,-0.4154060851892591,5,False,,,ok,0.20873015873014786,-0.0002508465608465607,0.5380842026605396,,0.13879654106141784,-0.4154060851892591,-9.000000000000075,0.0002000000000000007,0.26418495653307067,,-0.014365926268131268,0.0,real,ok,
2024-01-16,0.2283783990435902,0.2283783990435902,-0.4154060851892591,5,False,,,ok,0.4089947089947117,-0.00025089947089947074,0.5369534240021478,,-0.032183637351599306,-0.4154060851892591,-8.000000000000007,0.0002000000000000007,0.26418495653307067,,-0.029425339181554655,0.0,real,ok,
2024-01-17,0.3869257727354738,0.3869257727354738,-0.4154060851892591,5,False,,,ok,0.4087301587301614,-0.0002509523809523808,1.170598369205533,,-0.03137448461284675,-0.4154060851892591,-8.000000000000007,0.0002000000000000007,0.644876085035425,,-0.029425339181554655,0.0,real,ok,
2024-01-18,-0.07626546208239424,-0.07626546208239424,-0.41353755678680193,5,True,拍卖吸收度,,ok,0.2089947089946982,-0.00013116402116402102,-0.4833604057385786,,-0.03056498756453253,-0.41353755678680193,-9.000000000000075,0.0008000000000000007,-0.34725964628131173,,-0.029425339181554655,0.0,real,ok,
2024-01-19,-0.07548738594511638,-0.07548738594511638,-0.41249057120132376,5,False,,,ok,0.20952380952379884,-0.00017132275132275115,-0.4815468863127327,,-0.029755144240208895,-0.41249057120132376,-9.000000000000075,0.0006000000000000007,-0.34725964628131173,,-0.029425339181554655,0.0,real,ok,
2024-01-22,-0.07482303714840753,-0.07482303714840753,-0.41249057120132376,5,False,,,ok,0.20952380952379884,-0.00013153439153439143,-0.4797394710572813,,-0.02894495266861324,-0.41249057120132376,-9.000000000000075,0.0008000000000000007,-0.34725964628131173,,-0.029425339181554655,0.0,real,ok,
2024-01-23,0.2048048153510314,0.2048048153510314,-0.41249057120132376,5,False,,,ok,0.2097883597883488,-9.179894179894167e-05,0.5572715297591228,,0.05225117079845297,-0.41249057120132376,-9.000000000000075,0.0010000000000000007,0.2632371446766776,,-0.022360771789589506,0.0,real,ok,
2024-01-24,0.5777671004566242,-0.1285397794266898,1.1555342009132483,5,False,,,ok,0.21058201058199977,-9.206349206349195e-05,-0.7789881238412442,,0.05433905904454872,1.1555342009132483,-9.000000000000075,0.0010000000000000007,-0.5240747309594678,,-0.022360771789589506,8.000000000000007,real,ok,
2024-01-25,0.1353502188381145,0.1353502188381145,-0.41424810976135257,5,False,,,ok,0.4111111111111139,-5.238095238095223e-05,0.07390802759403055,,0.05643411759969443,-0.41424810976135257,-8.000000000000007,0.0012000000000000008,-0.027371669595351,,-0.022360771789589506,0.0,real,ok,
2024-01-26,0.13701969827556368,0.13701969827556368,-0.41424810976135257,5,False,,,ok,0.4111111111111139,-5.2698412698412576e-05,0.0784839547839711,,0.058536425619868056,-0.41424810976135257,-8.000000000000007,0.0012000000000000008,-0.027371669595351,,-0.022360771789589506,0.0,real,ok,
2024-01-29,0.08880349197725652,0.08880349197725652,-0.41424810976135257,5,False,,,ok,0.2113756613756504,6.682539682539698e-05,0.08312541776525957,,0.06064606337129076,-0.41424810976135257,-9.000000000000075,0.0018000000000000008,-0.027371669595351,,-0.022360771789589506,0.0,real,ok,
2024-01-30,0.10947690980697192,0.10947690980697192,-0.41424810976135257,5,False,,,ok,0.2116402116402007,2.6402116402116572e-05,0.08783469565669869,,0.13840632981458617,-0.41424810976135257,-9.000000000000075,0.0016000000000000007,-0.027371669595351,,-0.015767200343421717,0.0,real,ok,
2024-01-31,0.15932546963383923,0.15932546963383923,-0.41424810976135257,5,False,,,ok,0.4116402116402142,2.5978835978836138e-05,0.08650280969081654,,0.13913287836834734,-0.41424810976135257,-8.000000000000007,0.0016000000000000007,-0.027371669595351,,-0.015767200343421717,0.0,real,ok,
2024-02-01,0.15944616286296298,0.15944616286296298,-0.41424810976135257,5,False,,,ok,0.4116402116402142,-0.00013423280423280413,0.08641876890019283,,0.13985990371567764,-0.41424810976135257,-8.000000000000007,0.0008000000000000007,-0.027371669595351,,-0.015767200343421717,0.0,real,ok,
2024-02-02,0.15963335705348872,0.15963335705348872,-0.41424810976135257,5,False,,,ok,0.4113756613756639,-0.0001344444444444443,0.0867048037664616,,0.14058740751627383,-0.41424810976135257,-8.000000000000007,0.0008000000000000007,-0.027371669595351,,-0.015767200343421717,0.0,real,ok,
2024-02-05,0.10985685804379478,0.10985685804379478,-0.41249057120132376,5,False,,,ok,0.2113756613756504,-0.00025449735449735434,0.08699087671925215,,0.1413153914347739,-0.41249057120132376,-9.000000000000075,0.0002000000000000007,-0.027371669595351,,-0.015767200343421717,0.0,real,ok,
2024-02-06,0.18934672082889928,0.18934672082889928,-0.4116735518706562,5,False,,,ok,0.2113756613756504,-0.0002545502645502644,0.19842580924377815,,0.34783996296071884,-0.4116735518706562,-9.000000000000075,0.0002000000000000007,0.03604677011430529,,0.0021484841543472077,0.0,real,ok,
2024-02-07,0.3078877510588619,0.3078877510588619,-0.4100618899024214,5,False,,,ok,0.2113756613756504,-0.0002546031746031744,0.6715073464715263,,0.34892259956287397,-0.4100618899024214,-9.000000000000075,0.0002000000000000007,0.30633736458944116,,0.0021484841543472077,0.0,real,ok,
2024-02-08,0.18739075427623755,0.18739075427623755,-0.40807270227598325,5,False,,,ok,0.2113756613756504,-0.0002147089947089946,0.1883951452462975,,0.35000691947771134,-0.40807270227598325,-9.000000000000075,0.0004000000000000007,0.031231501612464463,,0.0021484841543472077,0.0,real,ok,
2024-02-09,0.1874477686181557,0.1874477686181557,-0.4059324692765877,5,False,,,ok,0.21137566137565073,-0.0001349206349206348,0.1874574036464403,,0.35109293008545234,-0.4059324692765877,-9.000000000000075,0.0008000000000000007,0.031231501612464463,,0.0021484841543472077,0.0,real,ok,
2024-02-12,0.18750514651336203,0.18750514651336203,-0.40393466009724144,5,False,,,ok,0.21137566137565073,-5.5238095238095136e-05,0.18651952396583824,,0.35218063880719724,-0.40393466009724144,-9.000000000000075,0.0012000000000000008,0.031231501612464463,,0.0021484841543472077,0.0,real,ok,
2024-02-13,0.2922388344589102,0.2922388344589102,-0.4023146210735396,5,False,,,ok,0.21137566137565073,-5.5555555555555396e-05,0.18558150349346347,,0.772053728522082,-0.4023146210735396,-9.000000000000075,0.0012000000000000008,0.031231501612464463,,0.03851629665210865,0.0,real,ok,
2024-02-14,0.24245159958488233,0.24245159958488233,-0.4023146210735396,5,False,,,ok,0.011640211640205322,-5.587301587301574e-05,0.1858209431950877,,0.7724011165201092,-0.4023146210735396,-10.000000000000053,0.0012000000000000008,0.031231501612464463,,0.03851629665210865,0.0,real,ok,
2024-02-15,0.2921768505420639,0.2921768505420639,-0.4023146210735396,5,False,,,ok,0.21164021164020105,-9.613756613756599e-05,0.1844146408334575,,0.7727486872607344,-0.4023146210735396,-9.000000000000075,0.0010000000000000007,0.031231501612464463,,0.03851629665210865,0.0,real,ok,
2024-02-16,0.24239292794441397,0.24239292794441397,-0.4023146210735396,5,False,,,ok,0.011904761904755645,-0.0001762962962962962,0.1847468052166596,,0.7730964409525369,-0.4023146210735396,-10.000000000000053,0.0006000000000000007,0.031231501612464463,,0.03851629665210865,0.0,real,ok,
2024-02-19,0.2425991116479463,0.2425991116479463,-0.4023146210735396,5,False,,,ok,0.012169312169305968,-0.00029629629629629635,0.1850790529143536,,0.7734443778044219,-0.4023146210735396,-10.000000000000053,0.0,0.031231501612464463,,0.03851629665210865,0.0,real,ok,
2024-02-20,0.2984438327735199,0.2984438327735199,-0.4023146210735396,5,False,,,ok,0.012433862433855936,-0.00029629629629629635,0.18541138406397814,,0.9962263808925417,-0.4023146210735396,-10.000000000000053,0.0,0.031231501612464463,,0.05783303225179626,0.0,real,ok,
2024-02-21,0.3079505861566119,0.3079505861566119,0.5876644923289991,5,False,,,ok,0.012698412698406259,-0.00025634920634920623,0.2254860439471242,,0.9938742371872664,0.5876644923289991,-10.000000000000053,0.0002000000000000007,0.0538803478945184,,0.05783303225179626,5.000000000000071,real,ok,
2024-02-22,0.688356369194496,0.10550004894460446,1.376712738388992,5,True,央行回购使用量,,ok,0.01296296296295658,0.003977989417989418,-0.58646901774927,,0.9915282611467419,1.376712738388992,-10.000000000000053,0.0214,-0.40901016983754734,,0.05783303225179626,8.999999999999986,real,ok,
2024-02-23,0.1552765183638794,0.1552765183638794,-0.404019022479452,5,False,,,ok,0.2129629629629523,0.004012275132275133,-0.5850575763416553,,0.9891884117019455,-0.404019022479452,-9.000000000000075,0.0216,-0.40901016983754734,,0.05783303225179626,0.0,real,ok,
2024-02-26,0.4911615862672495,0.4911615862672495,-0.40275749563992325,5,False,,,ok,0.2129629629629523,0.004006560846560847,0.760822173148687,,0.9868546481107977,-0.40275749563992325,-9.000000000000075,0.0216,0.3574762281387949,,0.05783303225179626,0.0,real,ok,
2024-02-27,0.4744913907011473,0.4744913907011473,0.38861015054163484,5,False,,,ok,0.2129629629629523,0.0042005820105820105,0.2728875125902529,,1.4079145052408022,0.38861015054163484,-9.000000000000075,0.022600000000000002,0.07952978875705541,,0.09475434646290126,4.0000000000000036,real,ok,
2024-02-28,0.4740306766774408,0.4740306766774408,-0.403808659463694,5,False,,,ok,0.2129629629629523,0.0043144444444444445,0.2731079827515666,,1.4057373165507998,-0.403808659463694,-9.000000000000075,0.0232,0.07952978875705541,,0.09475434646290126,0.0,real,ok,
2024-02-29,0.5224268064613691,0.5224268064613691,-0.403808659463694,5,True,央行回购使用量,,ok,0.41269841269841584,0.00011386243386243382,0.2733284963213863,,1.4035664543918116,-0.403808659463694,-8.000000000000007,0.0021999999999999997,0.07952978875705541,,0.09475434646290126,0.0,real,ok,
2024-03-01,0.4719406576912545,0.4719406576912545,-0.403808659463694,5,False,,,ok,0.21269841269840234,0.00011328042328042319,0.27354905334160284,,1.4014018843017322,-0.403808659463694,-9.000000000000075,0.0021999999999999997,0.07952978875705541,,0.09475434646290126,0.0,real,ok,
2024-03-04,0.47135197472670165,0.47135197472670165,-0.403808659463694,5,False,,,ok,0.21269841269840234,0.0001126984126984126,0.2733532157154266,,1.3992435720802792,-0.403808659463694,-9.000000000000075,0.0021999999999999997,0.07952978875705541,,0.09475434646290126,0.0,real,ok,
2024-03-05,0.4436342394279466,0.4436342394279466,-0.403808659463694,5,False,,,ok,0.21269841269840234,7.216931216931215e-05,0.27420713586122925,,1.2875592398399855,-0.403808659463694,-9.000000000000075,0.002,0.07952978875705541,,0.0851511432916251,0.0,real,ok,
2024-03-06,0.44288382198329856,0.44288382198329856,-0.403808659463694,5,False,,,ok,0.21269841269840234,0.0001115873015873015,0.27347532360310756,,1.2852499643300972,-0.403808659463694,-9.000000000000075,0.0021999999999999997,0.07952978875705541,,0.0851511432916251,0.0,real,ok,
2024-03-07,0.44321376330242485,0.44321376330242485,-0.403808659463694,5,True,央行回购使用量,,ok,0.21269841269840234,0.004465238095238095,0.2727436569764773,,1.2829477454395817,-0.403808659463694,-9.000000000000075,0.024,0.07952978875705541,,0.0851511432916251,0.0,real,ok,
2024-03-08,0.4424455076274748,0.4424455076274748,-0.403808659463694,5,False,,,ok,0.21269841269840234,0.004418941798941799,0.2720121348046999,,1.280652541207855,-0.403808659463694,-9.000000000000075,0.023799999999999998,0.07952978875705541,,0.0851511432916251,0.0,real,ok,
2024-03-11,0.3066999499567812,0.3066999499567812,-0.403808659463694,5,False,,,ok,0.21269841269840234,0.004412645502645502,-0.2686755683931902,,1.278364310019267,-0.403808659463694,-9.000000000000075,0.023799999999999998,-0.2279173764350956,,0.0851511432916251,0.0,real,ok,
2024-03-12,0.29927684416248435,0.29927684416248435,0.18973530650592696,5,False,,,ok,0.21269841269840234,0.0042865079365079365,-0.20994759339028282,,1.19007004940531,0.18973530650592696,-9.000000000000075,0.0232,-0.1944692206954108,,0.07757833986269813,3.000000000000025,real,ok,
2024-03-13,0.5886450837261231,0.3926038762237295,1.1772901674522462,5,False,,,ok,0.21269841269840234,0.00424042328042328,0.16376970150025796,,1.1897069674158343,1.1772901674522462,-9.000000000000075,0.023,0.01836575132855625,,0.07757833986269813,8.000000000000007,real,ok,
2024-03-14,0.391343779931212,0.391343779931212,-0.40639553823084607,5,True,央行回购使用量,,ok,0.21269841269840234,-0.00011989417989417988,0.16345252365710147,,1.1893440775492383,-0.40639553823084607,-9.000000000000075,0.0012000000000000001,0.01836575132855625,,0.07757833986269813,0.0,real,ok,
2024-03-15,0.3907688472938597,0.3907688472938597,-0.4061009672737856,5,False,,,ok,0.21269841269840234,-3.7037037037036814e-07,0.16139596723630398,,1.1889813796111028,-0.4061009672737856,-9.000000000000075,0.0018000000000000002,0.01836575132855625,,0.07757833986269813,0.0,real,ok,
2024-03-18,0.3901625861719412,0.3901625861719412,-0.4061009672737856,5,False,,,ok,0.21269841269840234,-8.465608465608229e-07,0.15933390514292717,,1.188618873407282,-0.4061009672737856,-9.000000000000075,0.0018000000000000002,0.01836575132855625,,0.07757833986269813,0.0,real,ok,
2024-03-19,0.27312558897909506,0.27312558897909506,-0.4061009672737856,5,False,,,ok,0.2126984126984027,0.00011851851851851853,-0.2150689488600091,,1.094754373559468,-0.4061009672737856,-9.000000000000075,0.0024000000000000002,-0.19462235762492427,,0.0693425034973627,0.0,real,ok,
2024-03-20,0.27335248542776014,0.27335248542776014,-0.40483926443987855,5,False,,,ok,0.2126984126984027,7.793650793650784e-05,-0.2155218727395474,,1.0961554652442487,-0.40483926443987855,-9.000000000000075,0.0021999999999999997,-0.19462235762492427,,0.0693425034973627,0.0,real,ok,
2024-03-21,0.42565229539455607,0.42565229539455607,-0.4033885933412996,5,False,,,ok,0.2126984126984027,3.74074074074074e-05,0.3923136972209792,,1.097559664251435,-0.4033885933412996,-9.000000000000075,0.002,0.15028921995104355,,0.0693425034973627,0.0,real,ok,
2024-03-22,0.42567462469484674,0.42567462469484674,-0.4016216688071723,5,False,,,ok,0.2126984126984027,-8.296296296296299e-05,0.3911160653498589,,1.0989669836940883,-0.4016216688071723,-9.000000000000075,0.0014,0.15028921995104355,,0.0693425034973627,0.0,real,ok,
2024-03-25,0.4499229417442159,0.4499229417442159,-0.4000019682362726,5,False,,,ok,0.2126984126984027,-8.33333333333333e-05,0.4866992508487202,,1.100377436763074,-0.4000019682362726,-9.000000000000075,0.0014,0.20517309579509516,,0.0693425034973627,0.0,real,ok,
2024-03-26,0.2132761058666522,0.2132761058666522,-0.4000019682362726,5,False,,,ok,0.41243386243386587,-0.0002035449735449736,-0.14581015095129451,,0.5866842569575823,-0.4000019682362726,-8.000000000000007,0.0008,-0.15265291101466766,,0.02419421587243975,0.0,real,ok,
2024-03-27,0.3778069836699518,0.3778069836699518,-0.4000019682362726,5,False,,,ok,0.611904761904761,-0.0003235978835978836,0.31341363923778237,,0.5862331314208618,-0.4000019682362726,-7.000000000000028,0.0002,0.10793756239941185,,0.02419421587243975,0.0,real,ok,
2024-03-28,0.4272526379601333,0.4272526379601333,-0.4000019682362726,5,False,,,ok,0.8111111111111061,-0.0002038095238095238,0.31232100914701144,,0.585782241106225,-0.4000019682362726,-6.00000000000005,0.0008,0.10793756239941185,,0.02419421587243975,0.0,real,ok,
2024-03-29,0.4266683829159629,0.4266683829159629,-0.4000019682362726,5,False,,,ok,0.8103174603174551,-0.00020402116402116398,0.3112285068609484,,0.5853315856494691,-0.4000019682362726,-6.00000000000005,0.0008,0.10793756239941185,,0.02419421587243975,0.0,real,ok,
2024-04-01,0.4760180798658546,0.4760180798658546,-0.4000019682362726,5,False,,,ok,1.00925925925925,-0.00020423280423280426,0.31013612832135734,,0.584881164687044,-0.4000019682362726,-5.000000000000071,0.0008,0.10793756239941185,,0.02419421587243975,0.0,real,ok,
2024-04-02,0.32710213135989086,0.32710213135989086,-0.4000019682362726,5,False,,,ok,0.8084656084656032,-0.0002443915343915344,0.30904386946834606,,0.19114343904000555,-0.4000019682362726,-6.00000000000005,0.0006000000000000001,0.10793756239941185,,-0.010265377894819405,0.0,real,ok,
2024-04-03,0.2269464988605147,0.2269464988605147,-0.39918294675793864,5,True,回购压力,,ok,0.40820105820106145,-0.00016465608465608466,0.30852911853197684,,0.1912204747936766,-0.39918294675793864,-8.000000000000007,0.001,0.10793756239941185,4.39,-0.010265377894819405,0.0,real,ok,
2024-04-04,0.8904245348217399,0.22677395439223288,1.7808490696434798,5,True,信任背离,,ok,0.4079365079365115,-0.00028476190476190474,0.3081465573928629,,0.19129751414431903,1.7808490696434798,-8.000000000000007,0.0004,0.10793756239941185,4.39,-0.010265377894819405,10.999999999999943,real,ok,
2024-04-05,1.6708131976254084,0.22672445565085844,3.3416263952508167,5,False,,黄,ok,0.4076719576719611,-0.0002848677248677249,0.30813617556285305,,0.19137455709348736,3.3416263952508167,-8.000000000000007,0.0004,0.10793756239941185,4.39,-0.010265377894819405,18.99999999999995,real,ok,
2024-04-08,0.6843453906785509,0.17674109539825456,1.3686907813571019,5,False,,,ok,0.20767195767194763,-0.00028497354497354497,0.3081257938233077,,0.1914516036427365,1.3686907813571019,-9.000000000000075,0.0004,0.10793756239941185,4.39,-0.010265377894819405,8.999999999999986,real,ok,
2024-04-09,0.2266373905336938,0.2266373905336938,-0.4014236600710915,5,False,,,ok,0.20767195767194763,-0.00020518518518518515,0.5529255683713431,,0.14615722127666972,-0.4014236600710915,-9.000000000000075,0.0008,0.246686147700985,4.39,-0.014239405275474848,0.0,real,ok,
2024-04-10,0.4951846520702584,0.4951846520702584,-0.4014236600710915,5,False,,,ok,0.20767195767194763,-0.00024534391534391533,1.6274854264095173,,0.14582656811491268,-0.4014236600710915,-9.000000000000075,0.0006000000000000001,0.8573675918573994,11.89,-0.014239405275474848,0.0,real,ok,
2024-04-11,0.27683592174710453,0.27683592174710453,-0.4014236600710915,5,False,,,ok,0.20767195767194763,-0.00024550264550264546,0.7544212965029373,,0.1454959354590358,-0.4014236600710915,-9.000000000000075,0.0006000000000000001,0.3630051347020962,11.89,-0.014239405275474848,0.0,real,ok,
2024-04-12,0.2764496464370589,0.2764496464370589,-0.4014236600710915,5,False,,,ok,0.20767195767194763,-0.0002456613756613757,0.7532069662516271,,0.14516532320032208,-0.4014236600710915,-9.000000000000075,0.0006000000000000001,0.3630051347020962,11.89,-0.014239405275474848,0.0,real,ok,
2024-04-15,0.32601763042500276,0.32601763042500276,-0.4014236600710915,5,False,,,ok,0.40740740740741116,-0.00016592592592592592,0.7519943089884467,,0.14483473123007898,-0.4014236600710915,-8.000000000000007,0.001,0.3630051347020962,11.89,-0.014239405275474848,0.0,real,ok,
2024-04-16,0.26434464402108626,0.26434464402108626,-0.4014236600710915,5,False,,,ok,0.20740740740739766,-0.00020613756613756606,0.750783318312023,,0.09939398793106188,-0.4014236600710915,-9.000000000000075,0.0008,0.3630051347020962,11.89,-0.01819057838569549,0.0,real,ok,
2024-04-17,-0.11493456065973472,-0.11493456065973472,-0.4014236600710915,5,True,拍卖吸收度,,ok,0.20740740740739766,-0.00020634920634920632,-0.7659929583371899,,0.09905365749720256,-0.4014236600710915,-9.000000000000075,0.0008,-0.49748173168051146,11.89,-0.01819057838569549,0.0,real,ok,
2024-04-18,-0.20071183003554574,-0.37938473551582835,-0.4014236600710915,5,True,央行回购使用量,,ok,0.007671957671951901,0.00430989417989418,-1.6282341255721304,,0.09871333165697108,-0.4014236600710915,-10.000000000000053,0.0234,-0.9887835589110097,11.89,-0.01819057838569549,0.0,real,ok,
2024-04-19,-0.20071183003554574,-0.328632061539846,-0.4014236600710915,5,False,,,ok,0.20767195767194763,0.004346084656084657,-1.6249192987790542,,0.09837301029163813,-0.4014236600710915,-9.000000000000075,0.023600000000000003,-0.9887835589110097,11.89,-0.01819057838569549,0.0,real,ok,
2024-04-22,-0.20071183003554574,-0.32791283638327784,-0.4014236600710915,5,False,,,ok,0.20767195767194763,0.004262380952380953,-1.6216183774399116,,0.09803269328247165,-0.4014236600710915,-9.000000000000075,0.023200000000000002,-0.9887835589110097,11.89,-0.01819057838569549,0.0,real,ok,
2024-04-23,0.1879057978188137,0.1879057978188137,-0.4014236600710915,5,True,拍卖吸收度,,ok,0.20767195767194763,0.004218730158730159,0.41553213784858284,,0.12420036559599414,-0.4014236600710915,-9.000000000000075,0.023,0.1727112323046789,11.89,-0.015868892526769374,0.0,real,ok,
2024-04-24,0.38932631710719123,0.1948511642199974,0.7786526342143825,5,False,,,ok,0.20767195767194763,0.004294973544973545,0.44371957814174146,,0.12371814752132707,0.7786526342143825,-9.000000000000075,0.0234,0.18963054229403065,11.89,-0.015868892526769374,6.00000000000005,real,ok,
2024-04-25,0.3885310605617449,0.17783007424284503,0.7770621211234898,5,True,央行回购使用量,,ok,0.20767195767194763,-6.544973544973546e-05,0.3804778583578308,,0.12323593067705142,0.7770621211234898,-9.000000000000075,0.0016,0.1544397113421924,11.89,-0.015868892526769374,6.00000000000005,real,ok,
2024-04-26,0.289544585539949,0.22727337077511134,0.579089171079898,5,False,,,ok,0.40740740740741116,-0.00010582010582010581,0.3790381810761694,,0.12275371472268487,0.579089171079898,-8.000000000000007,0.0014,0.1544397113421924,11.89,-0.015868892526769374,4.999999999999982,real,ok,
2024-04-29,0.2267266760584514,0.2267266760584514,-0.20752130292046647,5,False,,,ok,0.40714285714286086,-0.00010619047619047617,0.37759853824944795,,0.12227149931768733,-0.20752130292046647,-8.000000000000007,0.0014,0.1544397113421924,11.89,-0.015868892526769374,0.9999999999999787,real,ok,
2024-04-30,0.3719489126356075,0.3719489126356075,-0.4041204320030055,5,True,回购压力,,ok,0.8063492063492014,-6.661375661375659e-05,0.37615891983183364,,0.30535413811800877,-0.4041204320030055,-6.00000000000005,0.0016,0.1544397113421924,11.89,0.00020731183527322727,0.0,real,ok,
2024-05-01,0.2713530689243566,0.2713530689243566,-0.4041204320030055,5,True,回购压力,,ok,0.40608465608465955,-0.00018687830687830683,0.375063705088016,,0.30445079283162935,-0.4041204320030055,-8.000000000000007,0.001,0.1544397113421924,11.89,0.00020731183527322727,0.0,real,ok,
2024-05-02,0.22059792798198752,0.22059792798198752,-0.4041204320030055,5,False,,,ok,0.20608465608464605,-0.0002270899470899471,0.37298651110019193,,0.303547634690202,-0.4041204320030055,-9.000000000000075,0.0008,0.1544397113421924,,0.00020731183527322727,0.0,real,ok,
2024-05-03,0.22033008821020236,0.22033008821020236,-0.4041204320030055,5,False,,,ok,0.20608465608464605,-0.00022730158730158728,0.372818336873471,,0.302644661469994,-0.4041204320030055,-9.000000000000075,0.0008,0.1544397113421924,,0.00020731183527322727,0.0,real,ok,
2024-05-06,0.22006230044226022,0.22006230044226022,-0.4041204320030055,5,False,,,ok,0.2060846560846464,-0.00022751322751322746,0.3726501879637537,,0.301741870948154,-0.4041204320030055,-9.000000000000075,0.0008,0.1544397113421924,,0.00020731183527322727,0.0,real,ok,
2024-05-07,-0.07051424947870513,-0.07051424947870513,-0.4041204320030055,5,False,,,ok,0.2060846560846464,-0.00026767195767195766,-0.32759781957985007,,-0.1602761624619449,-0.4041204320030055,-9.000000000000075,0.0006000000000000001,-0.24351662313807793,,-0.04016626297700521,0.0,real,ok,
2024-05-08,0.2521758218162175,0.2521758218162175,-0.4041204320030055,5,False,,,ok,0.2060846560846464,-0.00026783068783068785,0.9642937272470163,,-0.16140726537896205,-0.4041204320030055,-9.000000000000075,0.0006000000000000001,0.49101672624780573,,-0.04016626297700521,0.0,real,ok,
2024-05-09,0.08497864816655284,0.08497864816655284,-0.4041204320030055,5,True,央行回购使用量,,ok,0.2060846560846464,0.0033671957671957673,0.29300264190183756,,-0.16253990108746827,-0.4041204320030055,-9.000000000000075,0.0188,0.11002105622956608,,-0.04016626297700521,0.0,real,ok,
2024-05-10,0.08448976520173476,0.08448976520173476,-0.4041204320030055,5,False,,,ok,0.20582010582009608,0.003362222222222222,0.2924508102162003,,-0.16367407745157958,-0.4041204320030055,-9.000000000000075,0.0188,0.11002105622956608,,-0.04016626297700521,0.0,real,ok,
2024-05-13,0.08403049023254416,0.08403049023254416,-0.4041204320030055,5,False,,,ok,0.20555555555554578,0.0034770899470899473,0.2918991178073155,,-0.16480980237977458,-0.4041204320030055,-9.000000000000075,0.0194,0.11002105622956608,,-0.04016626297700521,0.0,real,ok,
2024-05-14,-0.004447895411979347,-0.004447895411979347,-0.4041204320030055,5,False,,,ok,0.2052910052909958,0.003471957671957672,0.2913475641597397,,-0.5179021087706106,-0.4041204320030055,-9.000000000000075,0.0194,0.11002105622956608,,-0.07089942749972122,0.0,real,ok,
2024-05-15,-0.004182611026270863,-0.004182611026270863,-0.4041204320030055,5,False,,,ok,0.20502645502644548,0.0034668253968253974,0.2910993479833724,,-0.5163230725117267,-0.4041204320030055,-9.000000000000075,0.0194,0.11002105622956608,,-0.07089942749972122,0.0,real,ok,
2024-05-16,-0.004091557817192754,-0.004091557817192754,-0.4041204320030055,5,False,,,ok,0.20476190476189515,0.0037013756613756615,0.289915372441892,,-0.5147448841339338,-0.4041204320030055,-9.000000000000075,0.0206,0.11002105622956608,,-0.07089942749972122,0.0,real,ok,
2024-05-17,-0.004081315544444963,-0.004081315544444963,-0.4041204320030055,5,False,,,ok,0.20449735449734482,0.0036959259259259263,0.28864898883029916,,-0.5131675314313497,-0.4041204320030055,-9.000000000000075,0.0206,0.11002105622956608,,-0.07089942749972122,0.0,real,ok,
2024-05-20,-0.00408131465745519,-0.00408131465745519,-0.4022343466732443,5,False,,,ok,0.2042328042327945,0.0036505291005291007,0.28738241024177,,-0.5115910022049144,-0.4022343466732443,-9.000000000000075,0.0204,0.11002105622956608,,-0.07089942749972122,0.0,real,ok,
2024-05-21,-0.016053678852691378,-0.016053678852691378,-0.4022343466732443,5,False,,,ok,0.2039682539682442,0.0038448677248677254,0.28611562970282733,,-0.5581434668067048,-0.4022343466732443,-9.000000000000075,0.021400000000000002,0.11002105622956608,,-0.07509905525597294,0.0,real,ok,
2024-05-22,-0.0469785258543797,-0.0469785258543797,-0.4019421802945174,5,False,,,ok,0.20370370370369423,0.00383920634920635,0.16067217961927183,,-0.5561291930896912,-0.4019421802945174,-9.000000000000075,0.021400000000000002,0.03947029068457088,,-0.07509905525597294,0.0,real,ok,
2024-05-23,0.01062846553174962,0.01062846553174962,-0.4019421802945174,5,True,央行回购使用量,,ok,0.2034391534391439,-0.0001611640211640212,0.39335060118065135,,-0.5541147284716328,-0.4019421802945174,-9.000000000000075,0.0014,0.17227315748020827,,-0.07509905525597294,0.0,real,ok,
2024-05-24,0.060649833880383947,0.060649833880383947,-0.4019421802945174,5,False,,,ok,0.4029100529100571,-0.00016153439153439157,0.39195085292752224,,-0.5521000359245092,-0.4019421802945174,-8.000000000000007,0.0014,0.17227315748020827,,-0.07509905525597294,0.0,real,ok,
2024-05-27,0.06065134290098176,0.06065134290098176,-0.4019421802945174,5,False,,,ok,0.40238095238095645,-0.0002417989417989418,0.3905512963200675,,-0.5500850781552981,-0.4019421802945174,-8.000000000000007,0.001,0.17227315748020827,,-0.07509905525597294,0.0,real,ok,
2024-05-28,0.4287943949340243,0.4287943949340243,-0.4019421802945174,5,False,,,ok,0.4018518518518558,-0.0004417989417989418,1.3846711355392816,,-0.07090360871324099,-0.4019421802945174,-8.000000000000007,0.0,0.7381787734820309,,-0.033765473189021566,0.0,real,ok,
2024-05-29,-0.06278359341874101,-0.06278359341874101,-0.4019421802945174,5,True,拍卖吸收度,,ok,0.601058201058201,-0.00024206349206349205,-0.7834302613000051,,-0.06852024994109643,-0.4019421802945174,-7.000000000000028,0.001,-0.49212924884444265,8.262,-0.033765473189021566,0.0,real,ok,
2024-05-30,-0.062358931449113364,-0.062358931449113364,-0.4019421802945174,5,False,,,ok,0.60026455026455,-0.00024232804232804226,-0.7833311282227633,,-0.06612681979591206,-0.4019421802945174,-7.000000000000028,0.001,-0.49212924884444265,8.262,-0.033765473189021566,0.0,real,ok,
2024-05-31,-0.011997855681478983,-0.011997855681478983,-0.4019421802945174,5,False,,,ok,0.7992063492063448,-0.0002425925925925926,-0.7832320092906726,,-0.06372317004899551,-0.4019421802945174,-6.00000000000005,0.001,-0.49212924884444265,8.262,-0.033765473189021566,0.0,real,ok,
2024-06-03,0.03848510686003079,0.03848510686003079,-0.4019421802945174,5,False,,,ok,0.9978835978835893,-0.00024285714285714283,-0.7823911636227414,,-0.0613091496778676,-0.4019421802945174,-5.000000000000071,0.001,-0.49212924884444265,8.262,-0.033765473189021566,0.0,real,ok,
2024-06-04,-0.04817405276791409,-0.04817405276791409,-0.4019421802945174,5,True,回购压力,,ok,0.5970899470899468,-8.33333333333333e-05,-0.7806769790504616,,-0.009025845777808178,-0.4019421802945174,-7.000000000000028,0.0018000000000000002,-0.49212924884444265,8.262,-0.029496926077319685,0.0,real,ok,
2024-06-05,-0.04603302772576263,-0.04603302772576263,-0.4019421802945174,5,True,央行回购使用量,,ok,0.5962962962962962,0.00395084656084656,-0.7784727357355088,,-0.005906518024684487,-0.4019421802945174,-7.000000000000028,0.022,-0.49212924884444265,1.9255,-0.029496926077319685,0.0,real,ok,
2024-06-06,-0.04487700326425879,-0.04487700326425879,-0.40089761478150865,5,False,,,ok,0.5955026455026452,0.004024920634920635,-0.7762716940177573,,-0.0027638851768436866,-0.40089761478150865,-7.000000000000028,0.0224,-0.49212924884444265,1.9255,-0.029496926077319685,0.0,real,ok,
2024-06-07,-0.04370586120361142,-0.04370586120361142,-0.4006057183829981,5,False,,,ok,0.5947089947089946,0.004138835978835979,-0.7740738207356095,,0.00040254523333315697,-0.4006057183829981,-7.000000000000028,0.023,-0.49212924884444265,1.9255,-0.029496926077319685,0.0,real,ok,
2024-06-10,0.3117922450384959,0.3117922450384959,-0.4006057183829981,5,True,拍卖吸收度,,ok,0.39417989417989824,0.0041726984126984135,0.8452231073817459,,0.003593280179641054,-0.4006057183829981,-8.000000000000007,0.023200000000000002,0.4239087605665586,1.9255,-0.029496926077319685,0.0,real,ok,
2024-06-11,-0.17553650071497476,-0.17553650071497476,-0.4006057183829981,5,True,拍卖吸收度,,ok,0.3936507936507979,0.004086666666666666,-1.2040408463651375,,0.10415738318777387,-0.4006057183829981,-8.000000000000007,0.022799999999999997,-0.7371838695869415,1.9255,-0.021319569829411744,0.0,real,ok,
2024-06-12,-0.20030285919149904,-0.22549171786627567,-0.4006057183829981,5,True,央行回购使用量,,ok,0.1933862433862341,-0.00015375661375661374,-1.20095945264495,,0.10576009440736987,-0.4006057183829981,-9.000000000000075,0.0016,-0.7371838695869415,1.9255,-0.021319569829411744,0.0,real,ok,
2024-06-13,0.08151805882738807,0.08151805882738807,-0.4006057183829981,5,True,央行回购使用量,,ok,0.19312169312168379,0.0037606349206349213,0.021823522311920963,,0.1073663849553126,-0.4006057183829981,-9.000000000000075,0.021200000000000004,-0.04597558760718852,1.9255,-0.021319569829411744,0.0,real,ok,
2024-06-14,0.08155796690067521,0.08155796690067521,-0.4006057183829981,5,False,,,ok,0.19285714285713346,0.003635185185185185,0.02076325703215943,,0.10897628252822276,-0.4006057183829981,-9.000000000000075,0.0206,-0.04597558760718852,1.9255,-0.021319569829411744,0.0,real,ok,
2024-06-17,0.18148631246670674,0.18148631246670674,-0.4006057183829981,5,True,回购压力,,ok,0.5920634920634917,0.00358978835978836,0.01970215436551624,,0.1105898150780306,-0.4006057183829981,-7.000000000000028,0.0204,-0.04597558760718852,1.9255,-0.021319569829411744,0.0,real,ok,
2024-06-18,0.07072466127300225,0.07072466127300225,-0.39861057771362346,5,False,,,ok,0.5912698412698412,0.0035044973544973547,-0.3751343967059163,,0.06325870317358682,-0.39861057771362346,-7.000000000000028,0.02,-0.26931516217244533,1.9255,-0.025410494820205187,0.0,real,ok,
2024-06-19,0.07110542684675487,0.07110542684675487,-0.3980473542009273,5,False,,,ok,0.5904761904761902,0.003499206349206349,-0.37410770861568426,,0.0645540191773073,-0.3980473542009273,-7.000000000000028,0.02,-0.26931516217244533,1.9255,-0.025410494820205187,0.0,real,ok,
2024-06-20,0.0688733635317909,0.0688733635317909,-0.3980473542009273,5,True,央行回购使用量,,ok,0.38994708994709415,-0.0003809523809523809,-0.17992389921201618,,0.06585121577303799,-0.3980473542009273,-8.000000000000007,0.0006000000000000001,-0.15822585053913435,3.4007510729613735,-0.025410494820205187,0.0,real,ok,
2024-06-21,0.2930676172797034,0.01925428971883945,0.5861352345594067,5,False,,,ok,0.1896825396825303,-0.0003411640211640212,-0.17947452174044334,,0.06715030495443487,0.5861352345594067,-9.000000000000075,0.0008,-0.15822585053913435,3.4007510729613735,-0.025410494820205187,4.999999999999982,real,ok,
2024-06-24,0.019985205725255934,0.019985205725255934,-0.3990098017387536,5,False,,,ok,0.18941798941798033,0.0010967195767195765,-0.1790251848875133,,0.06845129879383711,-0.3990098017387536,-9.000000000000075,0.007999999999999998,-0.15822585053913435,3.4007510729613735,-0.025410494820205187,0.0,real,ok,
2024-06-25,-0.008773148243998774,-0.008773148243998774,-0.2022572831588464,5,True,回购压力、基差平仓速度,,ok,0.5886243386243386,0.0010946031746031748,0.02543087923850604,,-0.650242414013443,-0.2022572831588464,-7.000000000000028,0.008,-0.043041973430127556,3.4007510729613735,-0.08539563206818768,1.0000000000000675,real,ok,
2024-06-26,0.22167620111209344,0.22167620111209344,-0.3993017497414601,5,False,,,ok,0.7875661375661334,0.0011324338624338626,0.7464947412802593,,-0.6484885082604527,-0.3993017497414601,-6.00000000000005,0.0082,0.3641193291636321,4.3615,-0.08539563206818768,0.0,real,ok,
2024-06-27,-0.03664861349748799,-0.03664861349748799,-0.3993017497414601,5,False,,,ok,0.7865079365079325,0.0010104232804232804,-0.28737630501435596,,-0.6467365087639518,-0.3993017497414601,-6.00000000000005,0.0076,-0.21937255801335306,4.3615,-0.08539563206818768,0.0,real,ok,
2024-06-28,-0.08625909608969597,-0.08625909608969597,-0.3993017497414601,5,False,,,ok,0.5857142857142857,0.0010084126984126987,-0.2867726834214213,,-0.644986399350061,-0.3993017497414601,-7.000000000000028,0.007600000000000001,-0.21937255801335306,4.3615,-0.08539563206818768,0.0,real,ok,
2024-07-01,0.26330742923540873,0.26330742923540873,-0.3993017497414601,5,True,回购压力,,ok,1.983068783068789,-0.00043169312169312165,-0.2861692091110734,,-0.6432381638943873,-0.3993017497414601,0.0,0.0004,-0.21937255801335306,4.3615,-0.08539563206818768,0.0,real,ok,
2024-07-02,0.06971583897941713,0.06971583897941713,-0.3993017497414601,5,True,回购压力,,ok,0.9817460317460235,-3.232804232804224e-05,-0.285565881415831,,-0.417284466370196,-0.3993017497414601,-5.000000000000071,0.0024000000000000002,-0.21937255801335306,3.6175,-0.06671488496313671,0.0,real,ok,
2024-07-03,0.19391793744832697,-0.030214521749006393,0.38783587489665394,5,True,回购压力,,ok,0.580952380952381,-7.291005291005297e-05,-0.28602723953139003,,-0.41571031836410643,0.38783587489665394,-7.000000000000028,0.0021999999999999997,-0.21937255801335306,3.6175,-0.06671488496313671,4.0000000000000036,real,ok,
2024-07-04,0.4883169399865811,-0.030553241282271548,0.9766338799731622,5,False,,,ok,0.5801587301587304,-7.349206349206361e-05,-0.28816204248650057,,-0.414136160737824,0.9766338799731622,-7.000000000000028,0.0021999999999999997,-0.21937255801335306,3.6175,-0.06671488496313671,7.000000000000028,real,ok,
2024-07-05,-0.08021550857072868,-0.08021550857072868,-0.40195947633997886,5,False,,,ok,0.37962962962963404,-0.00011402116402116401,-0.2878156629714882,,-0.4125619797770394,-0.40195947633997886,-8.000000000000007,0.002,-0.21937255801335306,3.6175,-0.06671488496313671,0.0,real,ok,
2024-07-08,-0.07986778406535104,-0.07986778406535104,-0.40195947633997886,5,False,,,ok,0.3791005291005334,-0.00011455026455026458,-0.28746935336519497,,-0.4109877617321923,-0.40195947633997886,-8.000000000000007,0.002,-0.21937255801335306,3.6175,-0.06671488496313671,0.0,real,ok,
2024-07-09,-0.04489051758593174,-0.04489051758593174,-0.40195947633997886,5,True,回购压力,,ok,0.7780423280423239,0.0033603174603174606,-0.3632681930899291,,-0.5976965227564393,-0.40195947633997886,-6.00000000000005,0.0194,-0.2623248492189189,3.6175,-0.08236712943139102,0.0,real,ok,
2024-07-10,-0.09216193065000705,-0.09216193065000705,-0.40195947633997886,5,False,,,ok,0.776984126984123,0.0033551851851851854,-0.5531432172222419,,-0.5958438175470945,-0.40195947633997886,-6.00000000000005,0.0194,-0.36972435590365027,3.6175,-0.08236712943139102,0.0,real,ok,
2024-07-11,0.2318800875852864,0.2318800875852864,-0.40195947633997886,5,True,央行回购使用量,,ok,0.7759259259259217,0.007424656084656085,0.7381620729348478,,-0.5939923046042799,-0.40195947633997886,-6.00000000000005,0.0398,0.35893539105934175,3.6175,-0.08236712943139102,0.0,real,ok,
2024-07-12,0.23155849828799954,0.23155849828799954,-0.40195947633997886,5,False,,,ok,0.7748677248677207,0.007414126984126984,0.7360941046284566,,-0.5921419633283062,-0.40195947633997886,-6.00000000000005,0.0398,0.35893539105934175,3.6175,-0.08236712943139102,0.0,real,ok,
2024-07-15,0.23125728616080998,0.23125728616080998,-0.40195947633997886,5,False,,,ok,0.7738095238095195,0.007483492063492063,0.7340289018877841,,-0.5902927731175558,-0.40195947633997886,-6.00000000000005,0.0402,0.35893539105934175,3.6175,-0.08236712943139102,0.0,real,ok,
2024-07-16,0.228999889322336,0.228999889322336,-0.40195947633997886,5,True,央行回购使用量,,ok,0.972486772486764,0.003597989417989418,0.7319664378609136,,-0.7920516424763229,-0.40195947633997886,-5.000000000000071,0.0208,0.35893539105934175,3.6175,-0.09926508221445962,0.0,real,ok,
2024-07-17,0.026929155493656987,0.026929155493656987,-0.40195947633997886,5,False,,,ok,0.9711640211640127,0.0035924867724867722,-0.07666137197775058,,-0.790378513984121,-0.40195947633997886,-5.000000000000071,0.0208,-0.09551061006394065,3.6175,-0.09926508221445962,0.0,real,ok,
2024-07-18,0.1284776591264946,0.1284776591264946,-0.40019863768981373,5,True,央行回购使用量,,ok,0.770105820105816,-0.0004476719576719577,0.5329607289229245,,-0.7887082405650901,-0.40019863768981373,-6.00000000000005,0.0006000000000000001,0.24848659584922944,5.883807169344871,-0.09926508221445962,0.0,real,ok,
2024-07-19,0.12827870201040156,0.12827870201040156,-0.39820175871932284,5,False,,,ok,0.7690476190476148,-0.00044783068783068783,0.5315558267339833,,-0.787040807052161,-0.39820175871932284,-6.00000000000005,0.0006000000000000001,0.24848659584922944,5.883807169344871,-0.09926508221445962,0.0,real,ok,
2024-07-22,0.07812546929288736,0.07812546929288736,-0.39694597897150913,5,False,,,ok,0.5682539682539683,-0.0005278835978835978,0.5301519908783089,,-0.7853761983628441,-0.39694597897150913,-7.000000000000028,0.0002,0.24848659584922944,5.883807169344871,-0.09926508221445962,0.0,real,ok,
2024-07-23,-0.19795036771748714,-0.22350764801103915,-0.3959007354349743,5,True,拍卖吸收度,,ok,0.7671957671957632,-0.00036814814814814815,-1.0741230811626543,,-0.5867351299291174,-0.3959007354349743,-6.00000000000005,0.001,-0.6539322908263625,5.883807169344871,-0.08288710632376795,0.0,real,ok,
2024-07-24,-0.016759605786100862,-0.016759605786100862,-0.39560885810933194,5,False,,,ok,0.7661375661375622,-0.0003684126984126984,-0.2473864148667583,,-0.5854211617167947,-0.39560885810933194,-6.00000000000005,0.001,-0.18878481223274818,5.883807169344871,-0.08288710632376795,0.0,real,ok,
2024-07-25,-0.07394480226114372,-0.07394480226114372,-0.39560885810933194,5,False,,,ok,0.9648148148148067,-0.0003287301587301587,-0.6761568128049613,,-0.5841084808956901,-0.39560885810933194,-5.000000000000071,0.0012000000000000001,-0.4300382453172979,5.883807169344871,-0.08288710632376795,0.0,real,ok,
2024-07-26,-0.07387486472642493,-0.07387486472642493,-0.39560885810933194,5,False,,,ok,0.9634920634920554,-0.000329047619047619,-0.6758653942960928,,-0.5827970804826147,-0.39560885810933194,-5.000000000000071,0.0012000000000000001,-0.4300382453172979,5.883807169344871,-0.08288710632376795,0.0,real,ok,
2024-07-29,-0.1736729984005658,-0.1736729984005658,-0.3950457132679318,5,True,回购压力,,ok,0.562698412698413,-0.00032936507936507937,-0.6755740877031968,,-0.5814869535181143,-0.3950457132679318,-7.000000000000028,0.0012000000000000001,-0.4300382453172979,5.883807169344871,-0.08288710632376795,0.0,real,ok,
2024-07-30,-0.1970007085580276,-0.2696478050658777,-0.3940014171160552,5,False,,,ok,0.5619047619047624,-0.0004894708994708994,-0.6752828929187674,,-0.964723618350035,-0.3940014171160552,-7.000000000000028,0.0004,-0.4300382453172979,5.883807169344871,-0.11489285459163656,0.0,real,ok,
2024-07-31,-0.019595348593968248,-0.019595348593968248,-0.3922381231245036,5,True,回购压力,,ok,1.5597883597883566,-0.0002898412698412698,-0.674646597459476,,-0.9632333154349123,-0.3922381231245036,-2.000000000000046,0.0014,-0.4300382453172979,5.883807169344871,-0.11489285459163656,0.0,real,ok,
2024-08-01,-0.17028622226741805,-0.17028622226741805,-0.3922381231245036,5,True,回购压力,,ok,0.9584656084656004,-0.00025026455026455033,-0.6776143542406251,,-0.9617458787443829,-0.3922381231245036,-5.000000000000071,0.0016,-0.4300382453172979,5.883807169344871,-0.11489285459163656,0.0,real,ok,
2024-08-02,-0.17044657859011006,-0.17044657859011006,-0.3922381231245036,5,False,,,ok,0.9571428571428491,-0.0002506878306878307,-0.6784171876679006,,-0.9602612960047009,-0.3922381231245036,-5.000000000000071,0.0016,-0.4300382453172979,5.883807169344871,-0.11489285459163656,0.0,real,ok,
2024-08-05,-0.1961190615622518,-0.32040948519317214,-0.3922381231245036,5,True,回购压力,,ok,0.35661375661376127,-0.000251111111111111,-0.679221031263691,,-0.9587795550116478,-0.3922381231245036,-8.000000000000007,0.0016,-0.4300382453172979,5.883807169344871,-0.11489285459163656,0.0,real,ok,
2024-08-06,-0.04249568208035043,-0.04249568208035043,-0.3922381231245036,5,False,,,ok,0.555820105820106,-0.00021158730158730158,0.13413289350838017,,-0.8597241403483006,-0.3922381231245036,-7.000000000000028,0.0018000000000000002,0.02713724902882062,5.883807169344871,-0.10674480084052318,0.0,real,ok,
2024-08-07,0.3098568405943879,0.3098568405943879,-0.3922381231245036,5,False,,,ok,0.5550264550264554,-0.000212063492063492,1.5444611867170137,,-0.8598482158738538,-0.3922381231245036,-7.000000000000028,0.0018000000000000002,0.8205085561134009,9.23875,-0.10674480084052318,0.0,real,ok,
2024-08-08,0.20544595430246293,0.20544595430246293,-0.3922381231245036,5,True,央行回购使用量,,ok,0.7539682539682498,0.0037022751322751324,0.924085602630748,,-0.8599723145214213,-0.3922381231245036,-6.00000000000005,0.021400000000000002,0.47379616623430165,9.23875,-0.10674480084052318,0.0,real,ok,
2024-08-09,1.1806767581500377,0.20453067150517815,2.3613535163000754,5,True,信任背离,黄,ok,0.752910052910049,0.003696613756613757,0.9216124556541153,,-0.8600964363000655,2.3613535163000754,-6.00000000000005,0.021400000000000002,0.47379616623430165,9.23875,-0.10674480084052318,14.000000000000012,real,ok,
2024-08-12,0.9798662415793341,0.2036167710635727,1.9597324831586682,5,False,,,ok,0.751851851851848,0.0036909523809523816,0.9191448612403438,,-0.8602205812188534,1.9597324831586682,-6.00000000000005,0.021400000000000002,0.47379616623430165,9.23875,-0.10674480084052318,12.00000000000001,real,ok,
2024-08-13,0.16739887204799586,0.16739887204799586,-0.39662180275457687,5,True,信任背离,,ok,0.7507936507936467,0.003685291005291006,0.9166827742000399,,-1.0015662278069941,-0.39662180275457687,-6.00000000000005,0.021400000000000002,0.47379616623430165,9.23875,-0.1185346936947349,0.0,real,ok,
2024-08-14,0.11724796205906729,0.11724796205906729,-0.39662180275457687,5,False,,,ok,0.5500000000000004,0.00347989417989418,0.9149366481046959,,-0.9994246940483213,-0.39662180275457687,-7.000000000000028,0.0204,0.47379616623430165,9.23875,-0.1185346936947349,0.0,real,ok,
2024-08-15,0.21617322131516953,0.21617322131516953,-0.39662180275457687,5,True,回购压力、央行回购使用量,,ok,0.9486772486772406,-0.0005601587301587302,0.9138643803913428,,-0.9972885850777466,-0.39662180275457687,-5.000000000000071,0.0002,0.47379616623430165,3.226,-0.1185346936947349,0.0,real,ok,
2024-08-16,0.06597852053529932,0.06597852053529932,-0.39662180275457687,5,True,回购压力,,ok,0.3481481481481527,-0.0005601587301587302,0.9114839610431937,,-0.9951578683199903,-0.39662180275457687,-8.000000000000007,0.0002,0.47379616623430165,3.226,-0.1185346936947349,0.0,real,ok,
2024-08-19,0.06578381695300176,0.06578381695300176,-0.39662180275457687,5,False,,,ok,0.34761904761905205,-0.0005601587301587302,0.9091088903699449,,-0.9930325114468311,-0.39662180275457687,-8.000000000000007,0.0002,0.47379616623430165,3.226,-0.1185346936947349,0.0,real,ok,
2024-08-20,0.08145563159456251,0.08145563159456251,-0.3944355136667518,5,False,,,ok,0.3470899470899518,-0.0005601587301587302,0.9106566321043289,,-0.9313638940858718,-0.3944355136667518,-8.000000000000007,0.0002,0.47379616623430165,3.226,-0.11354655307704853,0.0,real,ok,
2024-08-21,-0.1972177568333759,-0.2172617449914822,-0.3944355136667518,5,False,,,ok,0.14682539682538795,-0.0005601587301587302,-0.08606342758951877,,-0.9292487904716393,-0.3944355136667518,-9.000000000000075,0.0002,-0.08550299080004586,3.226,-0.11354655307704853,0.0,real,ok,
2024-08-22,-0.1972177568333759,-0.3953396898466897,-0.3944355136667518,5,False,,,ok,0.14656084656083798,-0.0005601587301587302,-0.8002208703481298,,-0.9271385768693083,-0.3944355136667518,-9.000000000000075,0.0002,-0.48701231385186466,3.226,-0.11354655307704853,0.0,real,ok,
2024-08-23,-0.1972177568333759,-0.294602738564679,-0.3944355136667518,5,True,回购压力,,ok,0.5457671957671962,-0.0005601587301587302,-0.7985847682574502,,-0.9250332230383034,-0.3944355136667518,-7.000000000000028,0.0002,-0.48701231385186466,3.226,-0.11354655307704853,0.0,real,ok,
2024-08-26,-0.1972177568333759,-0.2439338378504186,-0.3944355136667518,5,False,,,ok,0.7447089947089911,-0.0005601587301587302,-0.7969514884255636,,-0.9229326989549432,-0.3944355136667518,-6.00000000000005,0.0002,-0.48701231385186466,3.226,-0.11354655307704853,0.0,real,ok,
2024-08-27,0.364926010000495,0.364926010000495,-0.3944355136667518,5,True,基差平仓速度,,ok,0.9433862433862356,-0.0005201587301587302,0.08672817033903761,,0.43010978500686564,-0.3944355136667518,-5.000000000000071,0.0004,0.009188338105741323,3.226,-0.00025755117569170594,0.0,real,ok,
2024-08-28,0.5224616316948119,0.5224616316948119,-0.3944355136667518,5,False,,,ok,0.9420634920634843,-0.0005201058201058201,0.7153830591035719,,0.43292008143229704,-0.3944355136667518,-5.000000000000071,0.0004,0.3627586257603542,3.2955,-0.00025755117569170594,0.0,real,ok,
2024-08-29,0.3413409278822071,0.3413409278822071,-0.1972330186983064,5,True,回购压力,,ok,0.5412698412698418,-0.00052005291005291,0.3888678200462193,,0.4357461031228203,-0.1972330186983064,-7.000000000000028,0.0004,0.17949805917190928,3.2955,-0.00025755117569170594,1.000000000000023,real,ok,
2024-08-30,0.2918449815063774,0.2918449815063774,-0.39328242650662965,5,False,,,ok,0.34074074074074545,-0.00052005291005291,0.38857119210006175,,0.4385880460947553,-0.39328242650662965,-8.000000000000007,0.0004,0.17949805917190928,3.2955,-0.00025755117569170594,0.0,real,ok,
2024-09-02,0.29235308422353407,0.29235308422353407,-0.39328242650662965,5,False,,,ok,0.3402116402116452,-0.00052005291005291,0.3882746398125641,,0.44144610977997983,-0.39328242650662965,-8.000000000000007,0.0004,0.17949805917190928,3.2955,-0.00025755117569170594,0.0,real,ok,
2024-09-03,0.3536633055253452,0.3536633055253452,-0.39328242650662965,5,True,回购压力,,ok,0.7391534391534353,-0.00048015873015873014,0.3879781630907335,,0.28800177858737064,-0.39328242650662965,-6.00000000000005,0.0006000000000000001,0.17949805917190928,3.2955,-0.013222179623906705,0.0,real,ok,
2024-09-04,0.4045028888451038,0.4045028888451038,-0.39328242650662965,5,False,,,ok,0.9378306878306798,-0.00048031746031746027,0.38759277668826175,,0.2930684083217911,-0.39328242650662965,-5.000000000000071,0.0006000000000000001,0.17949805917190928,3.592156862745098,-0.013222179623906705,0.0,real,ok,
2024-09-05,0.4051711354082589,0.4051711354082589,-0.3924687283704333,5,False,,,ok,0.9365079365079285,-0.00048047619047619056,0.38645257524886023,,0.2982045060667228,-0.3924687283704333,-5.000000000000071,0.0006000000000000001,0.17949805917190928,2.63,-0.013222179623906705,0.0,real,ok,
2024-09-06,0.355923529455424,0.355923529455424,-0.3924687283704333,5,False,,,ok,0.7354497354497319,-0.0004805291005291005,0.3853127651888055,,0.3034121462836876,-0.3924687283704333,-6.00000000000005,0.0006000000000000001,0.17949805917190928,2.63,-0.013222179623906705,0.0,real,ok,
2024-09-09,0.35670443348153996,0.35670443348153996,-0.3924687283704333,5,False,,,ok,0.7343915343915306,-0.00044063492063492064,0.3841733420299402,,0.3086934924253239,-0.3924687283704333,-6.00000000000005,0.0008,0.17949805917190928,2.63,-0.013222179623906705,0.0,real,ok,
2024-09-10,0.1429655137331272,0.1429655137331272,-0.3924687283704333,5,True,央行回购使用量,,ok,0.5335978835978843,0.0035539682539682538,-0.7614580339820787,,0.7961682370627349,-0.3924687283704333,-7.000000000000028,0.0208,-0.4645299377453677,6.830734966592428,0.025656860476843013,0.0,real,ok,
2024-09-11,0.05877824678046148,0.05877824678046148,-0.39102430968682633,5,False,,,ok,0.33253968253968724,0.0037083597883597885,-0.9042996161320056,,0.8031645609258045,-0.39102430968682633,-8.000000000000007,0.0216,-0.5453188910293383,6.830734966592428,0.025656860476843013,0.0,real,ok,
2024-09-12,0.514839342716549,0.514839342716549,-0.38912988383675473,5,True,拍卖吸收度,,ok,0.5312169312169317,0.003862539682539682,0.7140140940807365,,0.810263805885988,-0.38912988383675473,-7.000000000000028,0.022399999999999996,0.36494459728805684,4.492,0.025656860476843013,0.0,real,ok,
2024-09-13,0.515807025284648,0.515807025284648,-0.3868871638074669,5,False,,,ok,0.5298941798941804,0.003896560846560846,0.7119684979919021,,0.8174688624059484,-0.3868871638074669,-7.000000000000028,0.0226,0.36494459728805684,4.492,0.025656860476843013,0.0,real,ok,
2024-09-16,0.7667839773411078,0.7667839773411078,-0.38526630330787504,5,True,回购压力,,ok,1.5277777777777746,0.004649576719576719,0.7099258178737976,,0.8247827369932824,-0.38526630330787504,-2.000000000000046,0.0264,0.36494459728805684,4.492,0.025656860476843013,0.0,real,ok,
2024-09-17,0.9736984233205773,0.9736984233205773,-0.3840075599181546,5,True,央行回购使用量,,ok,1.5253968253968224,0.000687989417989418,1.7307400898596215,,0.6379687886078762,-0.3840075599181546,-2.000000000000046,0.0066,0.9393786509769563,4.492,0.010401640056098893,0.0,real,ok,
2024-09-18,0.7229971814144083,0.7229971814144083,0.6094786601509878,5,True,回购压力,,ok,0.5246031746031751,0.0005266137566137567,1.724673417186138,,0.6421855201117059,0.6094786601509878,-7.000000000000028,0.0058000000000000005,0.9393786509769563,4.492,0.010401640056098893,5.000000000000027,real,ok,
2024-09-19,0.3040367891213751,0.09519233374600428,0.6080735782427502,5,True,拍卖吸收度,,ok,0.324074074074079,0.0004053968253968255,-0.5901491274000576,,0.6464389914845989,0.6080735782427502,-8.000000000000007,0.005200000000000001,-0.35956933413399655,5.2474,0.010401640056098893,4.999999999999982,real,ok,
2024-09-20,0.5017500014395351,0.14628494273259895,1.0035000028790702,5,False,,,ok,0.5232804232804238,0.00036423280423280425,-0.5892347315219291,,0.6507298463676683,1.0035000028790702,-7.000000000000028,0.005,-0.35956933413399655,5.2474,0.010401640056098893,6.999999999999984,real,ok,
2024-09-23,0.9946676919716647,0.14734692579072195,1.9893353839433294,5,False,,,ok,0.5224867724867732,0.0001633333333333333,-0.5883211470631292,,0.6550587444059105,1.9893353839433294,-7.000000000000028,0.004,-0.35956933413399655,5.2474,0.010401640056098893,12.00000000000001,real,ok,
2024-09-24,0.6952086589910254,0.2094492576879302,1.3904173179820507,5,True,基差平仓速度,,ok,0.721428571428568,0.002359365079365079,0.5228760855966512,,-0.4088669913528636,1.3904173179820507,-6.00000000000005,0.015,0.2647032724868297,4.851,-0.07207969429448413,9.00000000000003,real,ok,
2024-09-25,0.6932151744547941,0.34710202679202606,1.3864303489095882,5,False,,,ok,0.720370370370367,0.0025151851851851854,1.0722721468877598,,-0.40674959527520776,1.3864303489095882,-6.00000000000005,0.0158,0.5744594831476804,2.6012,-0.07207969429448413,8.999999999999986,real,ok,
2024-09-26,0.3955508442887895,-0.11124773487478616,0.791101688577579,5,True,拍卖吸收度,,ok,0.5195767195767204,0.0025110052910052912,-0.5624501879947994,,-0.40462847637207094,0.791101688577579,-7.000000000000028,0.0158,-0.34462697816856647,2.6012,-0.07207969429448413,6.000000000000005,real,ok,
2024-09-27,-0.0002616348481268805,-0.06076725268415989,-0.000523269696253761,5,False,,,ok,0.7185185185185151,0.002506825396825397,-0.5615907972864917,,-0.4025035573654884,-0.000523269696253761,-6.00000000000005,0.0158,-0.34462697816856647,2.6012,-0.07207969429448413,2.0000000000000018,real,ok,
2024-09-30,0.5647361815551823,0.5647361815551823,0.7888470987507785,5,True,回购压力、央行回购使用量,,ok,3.114285714285713,0.10576587301587304,-0.5607321013583343,,-0.40037475972252184,0.7888470987507785,5.999999999999961,0.5328,-0.34462697816856647,2.6012,-0.07207969429448413,6.000000000000005,real,ok,
2024-10-01,1.085558751609006,1.085558751609006,-0.3975621983094104,5,True,回购压力,黄,ok,4.907671957671954,0.10326804232804235,-0.5598240965314658,,-0.1088808970325061,-0.3975621983094104,14.999999999999947,0.521,-0.34462697816856647,2.6012,-0.049992995195336176,0.0,real,ok,
2024-10-02,0.4353278551471744,0.4353278551471744,-0.3975621983094104,5,True,回购压力,,ok,2.3044973544973524,0.10305031746031745,-0.5586313503808741,,-0.10760490098809819,-0.3975621983094104,1.9999999999999574,0.5206,-0.34462697816856647,2.6012,-0.049992995195336176,0.0,real,ok,
2024-10-03,0.08667959289233669,0.08667959289233669,-0.3975621983094104,5,True,回购压力,,ok,0.9031746031745953,0.1069472486772487,-0.5570757052001124,,-0.10632777508238483,-0.3975621983094104,-5.000000000000071,0.5408000000000001,-0.34462697816856647,2.6012,-0.049992995195336176,0.0,real,ok,
2024-10-04,-0.012846413035612802,-0.012846413035612802,-0.39674618798921385,5,False,,,ok,0.5023809523809533,0.1068041798941799,-0.5555212744613597,,-0.10504950995622468,-0.39674618798921385,-7.000000000000028,0.5408000000000001,-0.34462697816856647,2.6012,-0.049992995195336176,0.0,real,ok,
2024-10-07,-0.038338041051869665,-0.038338041051869665,-0.39674618798921385,5,True,央行回购使用量,,ok,0.5015873015873022,0.0027986772486772483,-0.5539680468417899,,-0.10377009620166822,-0.39674618798921385,-7.000000000000028,0.0208,-0.34462697816856647,2.6012,-0.049992995195336176,0.0,real,ok,
2024-10-08,0.4723868125823766,0.4723868125823766,-0.39674618798921385,5,False,,,ok,0.7005291005290971,0.002793174603174603,0.9157267604798904,,0.27049821471734414,-0.39674618798921385,-6.00000000000005,0.0208,0.4822598470766595,2.6012,-0.02160185076380139,0.0,real,ok,
2024-10-09,0.1997090187241759,0.1997090187241759,-0.39674618798921385,5,False,,,ok,0.49973544973545037,0.0027477248677248677,0.025898170003682927,,0.27045473028984546,-0.39674618798921385,-7.000000000000028,0.0206,-0.018773672408152118,2.6012,-0.02160185076380139,0.0,real,ok,
2024-10-10,0.004763802456796223,0.004763802456796223,-0.39674618798921385,5,False,,,ok,0.29920634920635436,-0.0013323280423280424,-0.549230058579898,,0.2704112472430566,-0.39674618798921385,-8.000000000000007,0.0002,-0.3424375805469676,2.01012555690563,-0.02160185076380139,0.0,real,ok,
2024-10-11,-0.04511228275802252,-0.04511228275802252,-0.39674618798921385,5,False,,,ok,0.09894179894179053,-0.0013323809523809525,-0.5484263145981891,,0.27036776557668946,-0.39674618798921385,-9.000000000000075,0.0002,-0.3424375805469676,2.01012555690563,-0.02160185076380139,0.0,real,ok,
2024-10-14,-0.0449885195374812,-0.0449885195374812,-0.39674618798921385,5,False,,,ok,0.09867724867724022,-0.0013324338624338627,-0.5476231782551872,,0.2703242852904561,-0.39674618798921385,-9.000000000000075,0.0002,-0.3424375805469676,2.01012555690563,-0.02160185076380139,0.0,real,ok,
2024-10-15,0.276106003467654,0.276106003467654,-0.39674618798921385,5,True,回购压力,,ok,1.0970899470899529,-0.001252592592592593,-0.5455728450808497,,0.5541595044541056,-0.39674618798921385,-4.0000000000000036,0.0006000000000000001,-0.3424375805469676,2.01012555690563,1.4394511263615684e-05,0.0,real,ok,
2024-10-16,0.27550254494399906,0.27550254494399906,-0.39674618798921385,5,False,,,ok,1.0955026455026513,-0.0012527513227513227,-0.5460575887884546,,0.5538178743845509,-0.39674618798921385,-4.0000000000000036,0.0006000000000000001,-0.3424375805469676,2.56425,1.4394511263615684e-05,0.0,real,ok,
2024-10-17,0.22516490968069292,0.22516490968069292,-0.39674618798921385,5,False,,,ok,0.8941798941798865,-0.000453968253968254,-0.5465426655702906,,0.553476378367144,-0.39674618798921385,-5.000000000000071,0.0046,-0.3424375805469676,2.56425,1.4394511263615684e-05,0.0,real,ok,
2024-10-18,0.17469336204318908,0.17469336204318908,-0.39674618798921385,5,False,,,ok,0.6931216931216898,-0.0004551851851851852,-0.5470280760055279,,0.5531350162417796,-0.39674618798921385,-6.00000000000005,0.0046,-0.3424375805469676,2.56425,1.4394511263615684e-05,0.0,real,ok,
2024-10-21,0.07435403941253098,0.07435403941253098,-0.39674618798921385,5,False,,,ok,0.29259259259259773,-0.0004564021164021164,-0.5475138206746429,,0.5527937878485712,-0.39674618798921385,-8.000000000000007,0.0046,-0.3424375805469676,2.56425,1.4394511263615684e-05,0.0,real,ok,
2024-10-22,0.11514442179411752,0.11514442179411752,-0.39674618798921385,5,False,,,ok,0.49179894179894246,-0.0004975661375661378,-0.547999900159422,,0.5172762116745158,-0.39674618798921385,-7.000000000000028,0.004399999999999999,-0.3424375805469676,2.56425,-0.00266639319044204,0.0,real,ok,
2024-10-23,0.4287876802400906,0.4287876802400906,-0.39674618798921385,5,False,,,ok,0.4910052910052919,-0.0005386772486772487,0.7088322733969237,,0.5158518338068241,-0.39674618798921385,-7.000000000000028,0.004200000000000001,0.36373450233066607,2.56425,-0.00266639319044204,0.0,real,ok,
2024-10-24,0.10326758246439395,0.10326758246439395,-0.39674618798921385,5,False,,,ok,0.4902116402116409,-0.001258835978835979,-0.5903108844779057,,0.5144284101026766,-0.39674618798921385,-7.000000000000028,0.0006000000000000001,-0.3647604944461432,2.56425,-0.00266639319044204,0.0,real,ok,
2024-10-25,0.1008721542788769,0.1008721542788769,-0.39674618798921385,5,False,,,ok,0.4894179894179903,-0.0012190476190476192,-0.5977162565621329,,0.5130059318786978,-0.39674618798921385,-7.000000000000028,0.0008,-0.3647604944461432,2.56425,-0.00266639319044204,0.0,real,ok,
2024-10-28,0.40719562628939077,0.40719562628939077,-0.39674618798921385,5,False,,,ok,0.2888888888888939,-0.0004203174603174603,0.8287295432620688,,0.5115843904669178,-0.39674618798921385,-8.000000000000007,0.0048000000000000004,0.3950482743579877,2.56425,-0.00266639319044204,0.0,real,ok,
2024-10-29,0.11435853609649554,0.11435853609649554,-0.39674618798921385,5,False,,,ok,0.2883597883597936,-0.00026179894179894183,-0.3047239556160517,,0.47406011058403924,-0.39674618798921385,-8.000000000000007,0.0056,-0.20429113012531064,2.56425,-0.005416949128183246,0.0,real,ok,
2024-10-30,0.06458657503275382,0.06458657503275382,-0.39548938040149556,5,False,,,ok,0.08809523809522979,0.0009750793650793649,-0.3038040044763577,,0.47307998714706384,-0.39548938040149556,-9.000000000000075,0.0118,-0.20429113012531064,2.56425,-0.005416949128183246,0.0,real,ok,
2024-10-31,0.5134300196583589,0.5134300196583589,-0.39359530234586554,5,True,回购压力,,ok,1.8854497354497421,0.0008921164021164019,-0.3047222727869602,,0.4721004995685368,-0.39359530234586554,0.0,0.011399999999999999,-0.20429113012531064,3.216,-0.005416949128183246,0.0,real,ok,
2024-11-01,0.3131567183150169,0.3131567183150169,-0.39233840830244215,5,True,回购压力,,ok,1.0838624338624399,0.0008891534391534388,-0.30324635897352165,,0.47112164493199604,-0.39233840830244215,-4.0000000000000036,0.011399999999999999,-0.20429113012531064,3.216,-0.005416949128183246,0.0,real,ok,
2024-11-04,0.31806665513832527,0.31806665513832527,0.20493052512839524,5,True,回购压力,,ok,0.28333333333333854,0.00020724867724867708,0.5185826182148106,,0.4701434203279033,0.20493052512839524,-8.000000000000007,0.008,0.21561684121283772,3.216,-0.005416949128183246,2.999999999999936,real,ok,
2024-11-05,0.17577959296137133,0.17577959296137133,-0.3909443863988089,5,False,,,ok,0.2828042328042383,0.00020534391534391528,0.08597832408208478,,0.3341304710438183,-0.3909443863988089,-8.000000000000007,0.008,-0.006125763024055597,3.216,-0.015708819415376496,0.0,real,ok,
2024-11-06,-0.19547219319940445,-0.2529612984706044,-0.3909443863988089,5,True,拍卖吸收度,,ok,0.08253968253967443,0.0029997354497354493,-1.430723344233397,,0.3333387323615698,-0.3909443863988089,-9.000000000000075,0.022,-0.7832228477177849,3.216,-0.015708819415376496,0.0,real,ok,
2024-11-07,0.10207869047669225,-0.2022272800389317,0.2041573809533845,5,False,,,ok,0.28201058201058726,0.002994074074074074,-1.4264610210878765,,0.3325472448474884,0.2041573809533845,-8.000000000000007,0.022,-0.7832228477177849,3.216,-0.015708819415376496,2.999999999999936,real,ok,
2024-11-08,-0.051706990280824136,-0.051706990280824136,-0.39176146074841095,5,True,回购压力,,ok,0.8806878306878232,0.0029484656084656086,-1.4222202644262019,,0.3317560070066165,-0.39176146074841095,-5.000000000000071,0.0218,-0.7832228477177849,3.216,-0.015708819415376496,0.0,real,ok,
2024-11-11,-0.05121197572820979,-0.05121197572820979,-0.39176146074841095,5,False,,,ok,0.879365079365072,0.002822857142857143,-1.418000856766402,,0.33096501734563366,-0.39176146074841095,-5.000000000000071,0.0212,-0.7832228477177849,3.216,-0.015708819415376496,0.0,real,ok,
2024-11-12,-0.07574537985671514,-0.07574537985671514,-0.39176146074841095,5,False,,,ok,0.8777777777777704,0.002737354497354498,-1.4138025836056003,,0.2303059319036148,-0.39176146074841095,-5.000000000000071,0.020800000000000003,-0.7832228477177849,3.216,-0.023320238110483782,0.0,real,ok,
2024-11-13,-0.1282532804390475,-0.1282532804390475,-0.3907129424063675,5,False,,,ok,0.6767195767195734,-0.001103068783068783,-1.4182513033343498,,0.22962167364165517,-0.3907129424063675,-6.00000000000005,0.0016,-0.7832228477177849,7.89275,-0.023320238110483782,0.0,real,ok,
2024-11-14,-0.17783993049264782,-0.17783993049264782,-0.3907129424063675,5,False,,,ok,0.47592592592592703,-0.0009037566137566136,-1.4153193868108336,,0.228937495528072,-0.3907129424063675,-7.000000000000028,0.0026000000000000003,-0.7832228477177849,7.89275,-0.023320238110483782,0.0,real,ok,
2024-11-15,-0.1946315160715671,-0.22741614648513378,-0.3892630321431342,5,False,,,ok,0.27539682539683064,-0.0009044444444444442,-1.4124103634910323,,0.22825339659811095,-0.3892630321431342,-8.000000000000007,0.0026000000000000003,-0.7832228477177849,7.89275,-0.023320238110483782,0.0,real,ok,
2024-11-18,-0.19368106424275913,-0.22698807581460403,-0.38736212848551826,5,False,,,ok,0.27486772486773037,-0.0008651851851851852,-1.4095242188281925,,0.22756937588723117,-0.38736212848551826,-8.000000000000007,0.0028,-0.7832228477177849,7.89275,-0.023320238110483782,0.0,real,ok,
2024-11-19,-0.043713502424870154,-0.043713502424870154,-0.3861026546304586,5,True,基差平仓速度,,ok,0.2743386243386297,-0.0009458201058201056,-1.4055255752084093,,0.9572787612761191,-0.3861026546304586,-8.000000000000007,0.0024000000000000002,-0.7832228477177849,7.89275,0.03237526350510367,0.0,real,ok,
2024-11-20,0.7729734968577933,0.7729734968577933,-0.3858103349438703,5,True,拍卖吸收度,,ok,0.07407407407406588,-0.0010261904761904761,2.064065915061108,,0.9547801887721892,-0.3858103349438703,-9.000000000000075,0.002,0.9931941423550926,2.5325,0.03237526350510367,0.0,real,ok,
2024-11-21,0.38475469825677217,0.38475469825677217,-0.3839070505246118,5,True,拍卖吸收度,,ok,0.27354497354497875,-0.0011064550264550262,0.3142925768787711,,0.9522876976297938,-0.3839070505246118,-8.000000000000007,0.0016,0.09812350481432248,2.5325,0.03237526350510367,0.0,real,ok,
2024-11-22,0.38341735443163966,0.38341735443163966,-0.383342759603825,5,False,,,ok,0.27301587301587843,-0.0011065608465608465,0.3119588643325172,,0.9498012412247239,-0.383342759603825,-8.000000000000007,0.0016,0.09812350481432248,2.5325,0.03237526350510367,0.0,real,ok,
2024-11-25,0.23210825001485974,0.23210825001485974,-0.38277868852386837,5,False,,,ok,0.4722222222222232,-0.0011466137566137566,-0.48996338168212733,,0.9473207732759569,-0.38277868852386837,-7.000000000000028,0.0014,-0.3083230525479114,3.39,0.03237526350510367,0.0,real,ok,
2024-11-26,0.44384974378481057,0.44384974378481057,-0.3805063798565259,5,True,基差平仓速度,,ok,0.4714285714285726,-0.0009467724867724868,-0.4604193935147436,,1.7653365697121857,-0.3805063798565259,-7.000000000000028,0.0024000000000000002,-0.29147740402868894,3.39,0.09517999746176375,0.0,real,ok,
2024-11-27,0.4107580309361261,0.4107580309361261,-0.3782674459832037,5,False,,,ok,0.2708994708994762,-0.0010666137566137566,-0.38580935555371715,,1.7590086221553591,-0.3782674459832037,-8.000000000000007,0.0018000000000000002,-0.25191469277283907,3.39,0.09517999746176375,0.0,real,ok,
2024-11-28,0.4081300770212071,0.4081300770212071,-0.37599199582878573,5,False,,,ok,0.2703703703703756,-0.0011862962962962964,-0.38939018786564017,,1.7527264218763894,-0.37599199582878573,-8.000000000000007,0.0012000000000000001,-0.25191469277283907,3.39,0.09517999746176375,0.0,real,ok,
2024-11-29,0.5054140454248629,0.5054140454248629,-0.37599199582878573,5,False,,,ok,0.6693121693121661,-0.0011461904761904762,-0.3929991524116348,,1.7464893552751108,-0.37599199582878573,-6.00000000000005,0.0014,-0.25191469277283907,3.39,0.09517999746176375,0.0,real,ok,
2024-12-02,0.7523812778752761,0.7523812778752761,-0.37455253825266327,5,True,回购压力,,ok,1.66693121693121,-0.0010661904761904762,-0.3966367350703285,,1.740296820116413,-0.37455253825266327,-1.0000000000000675,0.0018000000000000002,-0.25191469277283907,3.39,0.09517999746176375,0.0,real,ok,
2024-12-03,0.7528436344236116,0.7528436344236116,-0.37225557373986085,5,False,,,ok,1.664550264550258,-0.001186190476190476,-0.40030343357151554,,1.7483138971918948,-0.37225557373986085,-1.0000000000000675,0.0012000000000000001,-0.25191469277283907,3.39,0.09627659111505893,0.0,real,ok,
2024-12-04,0.5011317983600808,0.5011317983600808,-0.37030899127377387,5,True,回购压力,,ok,0.6634920634920605,-0.0009068253968253969,-0.4006141593196023,,1.7425561146646906,-0.37030899127377387,-6.00000000000005,0.0026000000000000003,-0.25191469277283907,2.8910666666666667,0.09627659111505893,0.0,real,ok,
2024-12-05,0.4996141226106374,0.4996141226106374,-0.3694720206545745,5,False,,,ok,0.6624338624338595,-0.0008675132275132276,-0.3999470175087705,,1.7368371587449738,-0.3694720206545745,-6.00000000000005,0.0028,-0.25191469277283907,3.250992501102779,0.09627659111505893,0.0,real,ok,
2024-12-06,0.5481483726549957,0.5481483726549957,-0.3694720206545745,5,False,,,ok,0.8611111111111039,-0.0007483597883597883,-0.3989258094817915,,1.7311565487790301,-0.3694720206545745,-5.000000000000071,0.0034000000000000002,-0.25191469277283907,3.250992501102779,0.09627659111505893,0.0,real,ok,
2024-12-09,0.6966433281713776,0.6966433281713776,-0.16290338741045599,5,True,回购压力,,ok,1.4589947089947066,-3.01587301587301e-05,-0.3979050499535036,,1.7255138123744662,-0.16290338741045599,-2.000000000000046,0.007000000000000001,-0.25191469277283907,17.73846153846154,0.09627659111505893,0.9999999999999787,real,ok,
2024-12-10,0.8603315142819512,0.8603315142819512,-0.3691931041312246,5,False,,,ok,1.6566137566137502,0.003842910052910053,-0.0191122603634883,,1.799981650824633,-0.3691931041312246,-1.0000000000000675,0.0264,-0.06338583519164602,2.8912,0.10253843429313036,0.0,real,ok,
2024-12-11,0.549227557761823,0.549227557761823,-0.3669671686098846,5,False,,,ok,1.254761904761907,0.003795978835978836,-0.8573952506639182,,1.7957475981133242,-0.3669671686098846,-3.000000000000025,0.0262,-0.48211490661984957,2.8912,0.10253843429313036,0.0,real,ok,
2024-12-12,0.9017380709517233,0.9017380709517233,-0.3669671686098846,5,True,拍卖吸收度,,ok,1.252910052910055,0.003908888888888889,0.5585980785013279,,1.7915352635066217,-0.3669671686098846,-3.000000000000025,0.0268,0.22465015885595008,2.8912,0.10253843429313036,0.0,real,ok,
2024-12-13,0.8003993774137492,0.8003993774137492,-0.3669671686098846,5,False,,,ok,0.8513227513227442,0.0037819576719576717,0.5591483532082016,,1.7873444474520936,-0.3669671686098846,-5.000000000000071,0.0262,0.22465015885595008,2.8912,0.10253843429313036,0.0,real,ok,
2024-12-16,1.0486917587219708,1.0486917587219708,-0.3669671686098846,5,True,回购压力,黄,ok,1.8486772486772556,0.0032157671957671954,0.559699066053659,,1.7831749529612018,-0.3669671686098846,0.0,0.0234,0.22465015885595008,2.8912,0.10253843429313036,0.0,real,ok,
2024-12-17,1.1215958491035063,1.1215958491035063,-0.3669671686098846,5,True,回购压力,黄,ok,1.2465608465608486,-0.0007052380952380955,1.8051999116533783,,1.4353278762950368,-0.3669671686098846,-3.000000000000025,0.0038,0.8483282897199977,2.8912,0.0754645910509415,0.0,real,ok,
2024-12-18,0.869265103258593,0.869265103258593,-0.3669671686098846,5,True,回购压力,,ok,0.24603174603175154,-0.0009459259259259261,1.7985388501722535,,1.433435742756293,-0.3669671686098846,-8.000000000000007,0.0026000000000000003,0.8483282897199977,2.8912,0.0754645910509415,0.0,real,ok,
2024-12-19,1.2967140941196222,1.2967140941196222,-0.3669671686098846,5,True,拍卖吸收度,黄,ok,-0.154232804232808,-0.0010664550264550265,3.9106072140910295,,1.4315484216467225,-0.3669671686098846,-10.000000000000053,0.002,1.9168185342829536,4.113435237329043,0.0754645910509415,0.0,real,ok,
2024-12-20,1.2851285803255768,1.2851285803255768,-0.3669671686098846,5,False,,黄,ok,-0.15449735449735832,-0.0011069312169312171,3.866452716778905,,1.4296658902376917,-0.3669671686098846,-10.000000000000053,0.0018000000000000002,1.9168185342829536,4.113435237329043,0.0754645910509415,0.0,real,ok,
2024-12-23,0.3251015882699498,0.3251015882699498,-0.3669671686098846,5,True,拍卖吸收度,,ok,0.04523809523808744,0.0006502645502645503,-0.1732701326591681,,1.4277881259506153,-0.3669671686098846,-9.000000000000075,0.010600000000000002,-0.13049449101747215,4.113435237329043,0.0754645910509415,0.0,real,ok,
2024-12-24,0.666806942093875,0.666806942093875,-0.3669671686098846,5,True,回购压力、基差平仓速度,,ok,1.8425925925925994,0.0006075132275132275,0.0367014036612418,,0.7873262588941456,-0.3669671686098846,0.0,0.010400000000000001,-0.023635838090139978,4.113435237329043,0.02508767439075188,0.0,real,ok,
2024-12-25,0.6655230939272204,0.6655230939272204,-0.3669671686098846,5,False,,,ok,1.8399470899470969,0.0006047619047619048,0.035801677250339,,0.7857388466066839,-0.3669671686098846,0.0,0.010400000000000001,-0.023635838090139978,4.113435237329043,0.02508767439075188,0.0,real,ok,
2024-12-26,1.2103846820061153,1.2103846820061153,-0.16037158748159475,5,True,回购压力,黄,ok,4.433862433862439,0.0007218518518518517,-0.37719962935000595,,0.7841540716601765,-0.16037158748159475,12.99999999999999,0.011,-0.23258983092529406,4.113435237329043,0.02508767439075188,0.9999999999999787,real,ok,
2024-12-27,0.8588225704591973,0.8588225704591973,-0.3669671686098846,5,True,回购压力,,ok,3.029629629629629,0.0007189417989417986,-0.3776302104415697,,0.7825719208497883,-0.3669671686098846,5.999999999999961,0.011,-0.23258983092529406,4.113435237329043,0.02508767439075188,0.0,real,ok,
2024-12-30,0.40735695568412356,0.40735695568412356,-0.36464532751542195,5,True,回购压力,,ok,1.2277777777777796,-0.0012813227513227515,-0.3780610133323065,,0.7809923810423439,-0.36464532751542195,-3.000000000000025,0.001,-0.23258983092529406,4.113435237329043,0.02508767439075188,0.0,real,ok,
2024-12-31,0.9399248487995323,0.9399248487995323,-0.36235481796237773,5,True,回购压力,,ok,3.622751322751327,-0.0013215343915343918,-0.37849203839315665,,0.5167616452314934,-0.36235481796237773,8.999999999999986,0.0008,-0.23258983092529406,4.113435237329043,0.004361941714961959,0.0,real,ok,
2025-01-01,0.9382220403777489,0.9382220403777489,-0.36001718007478134,5,False,,,ok,3.617724867724872,-0.001321746031746032,-0.37896076220922964,,0.5154458020270997,-0.36001718007478134,8.999999999999986,0.0008,-0.23258983092529406,4.113435237329043,0.004361941714961959,0.0,real,ok,
2025-01-02,0.48658510039122543,0.48658510039122543,-0.3576831205584137,5,True,回购压力,,ok,1.8148148148148215,-0.0013219576719576721,-0.3812833694110659,,0.5141309138331038,-0.3576831205584137,0.0,0.0008,-0.23258983092529406,4.113435237329043,0.004361941714961959,0.0,real,ok,
2025-01-03,0.03603048867271397,0.03603048867271397,-0.35572722182691385,5,True,回购压力,,ok,0.014550264550256741,-0.0013221693121693123,-0.3819231143592017,,0.5128169738119701,-0.35572722182691385,-9.000000000000075,0.0008,-0.23258983092529406,4.113435237329043,0.004361941714961959,0.0,real,ok,
2025-01-06,0.5671469248760113,0.04622705949020986,1.1342938497520225,5,True,回购压力,,ok,-0.7846560846560934,-0.0013223809523809525,0.45938272842749384,,0.5115039751418199,1.1342938497520225,-13.000000000000078,0.0008,0.19302164914839434,4.113435237329043,0.004361941714961959,7.000000000000028,real,ok,
2025-01-07,0.7777962470562317,0.0032897754394698997,1.5555924941124635,5,False,,,ok,-0.7838624338624424,-0.0012426984126984128,0.11948712291901475,,0.6787771111140056,1.5555924941124635,-13.000000000000078,0.0012000000000000001,0.0220065998900357,5.1505,0.01766497216107621,8.999999999999986,real,ok,
2025-01-08,0.7777962470562317,-0.0656822168141965,1.5555924941124635,5,False,,,ok,-0.38359788359788316,-0.0012430158730158732,-0.5547068075833963,,0.6768188397975093,1.5555924941124635,-11.000000000000032,0.0012000000000000001,-0.3180166559937909,5.1505,0.01766497216107621,8.999999999999986,real,ok,
2025-01-09,0.9893080614559868,-0.016556454189605774,1.9786161229119736,5,False,,,ok,-0.1835978835978871,-0.001403121693121693,-0.5560874191453747,,0.6748626076779605,1.9786161229119736,-10.000000000000053,0.0004,-0.3180166559937909,5.1505,0.01766497216107621,10.999999999999943,real,ok,
2025-01-10,-0.016683851647643827,-0.016683851647643827,-0.35962057996368196,5,True,信任背离,,ok,-0.1835978835978871,-0.0014032275132275132,-0.5546426870079166,,0.6729083915284559,-0.35962057996368196,-10.000000000000053,0.0004,-0.3180166559937909,5.1505,0.01766497216107621,0.0,real,ok,
2025-01-13,-0.06674491563691531,-0.06674491563691531,-0.35962057996368196,5,False,,,ok,-0.3833333333333325,-0.0014033333333333335,-0.5531991640473749,,0.6709561681663795,-0.35962057996368196,-11.000000000000032,0.0004,-0.3180166559937909,5.1505,0.01766497216107621,0.0,real,ok,
2025-01-14,-0.10227472555102063,-0.10227472555102063,-0.35962057996368196,5,False,,,ok,-0.5828042328042276,-0.0013634920634920636,-0.5517568412224857,,0.7268256638861228,-0.35962057996368196,-12.00000000000001,0.0006000000000000001,-0.3180166559937909,5.1505,0.02222159372343746,0.0,real,ok,
2025-01-15,-0.10266219798792248,-0.10266219798792248,-0.35962057996368196,5,False,,,ok,-0.5822751322751273,-0.001363650793650794,-0.5517591962885134,,0.7247491874056016,-0.35962057996368196,-12.00000000000001,0.0006000000000000001,-0.3180166559937909,3.5470319634703196,0.02222159372343746,0.0,real,ok,
2025-01-16,-0.05344806273827918,-0.05344806273827918,-0.35962057996368196,5,False,,,ok,-0.38201058201058125,-0.001283915343915344,-0.5531729756898233,,0.7226752220912032,-0.35962057996368196,-11.000000000000032,0.001,-0.3180166559937909,3.5470319634703196,0.02222159372343746,0.0,real,ok,
2025-01-17,-0.053943491006847255,-0.053943491006847255,-0.35962057996368196,5,False,,,ok,-0.38174603174603094,-0.0012442328042328043,-0.5533874395988477,,0.7206037401217225,-0.35962057996368196,-11.000000000000032,0.0012000000000000001,-0.3180166559937909,3.5470319634703196,0.02222159372343746,0.0,real,ok,
2025-01-20,-0.05444832081282566,-0.05444832081282566,-0.35962057996368196,5,False,,,ok,-0.3814814814814806,-0.0012445502645502648,-0.5536019652439524,,0.7185347137386807,-0.35962057996368196,-11.000000000000032,0.0012000000000000001,-0.3180166559937909,3.5470319634703196,0.02222159372343746,0.0,real,ok,
2025-01-21,-0.00020183150985858545,-0.00020183150985858545,-0.35962057996368196,5,False,,,ok,-0.3812169312169303,-0.001364708994708995,-0.553816552671873,,0.935590866844078,-0.35962057996368196,-11.000000000000032,0.0006000000000000001,-0.3180166559937909,3.5470319634703196,0.039461478830985164,0.0,real,ok,
2025-01-22,0.10037094274236641,0.10037094274236641,-0.35962057996368196,5,False,,,ok,-0.18121693121693455,-0.0013648677248677252,-0.3512628120802029,,0.9353283819914708,-0.35962057996368196,-10.000000000000053,0.0006000000000000001,-0.21575777528834883,3.51625,0.039461478830985164,0.0,real,ok,
2025-01-23,0.4423158548915298,0.4423158548915298,0.4894868159712836,5,True,回购压力,,ok,0.8174603174603103,-0.001444920634920635,0.018182024610889785,,0.9350659981298398,0.4894868159712836,-5.000000000000071,0.0002,-0.029289761948629797,3.51625,0.039461478830985164,4.0000000000000036,real,ok,
2025-01-24,0.3925649694562225,0.3925649694562225,0.06382699351111196,5,False,,,ok,0.6164021164021136,0.0017907936507936511,0.01726325259324776,,0.934803715178735,0.06382699351111196,-6.00000000000005,0.0164,-0.029289761948629797,3.51625,0.039461478830985164,1.9999999999999574,real,ok,
2025-01-27,0.43721133483703856,0.43721133483703856,-0.36131139498586134,5,False,,,ok,0.6153439153439126,0.0017865079365079369,0.19717338300993892,,0.9345415330577946,-0.36131139498586134,-6.00000000000005,0.0164,0.06179372840248822,3.51625,0.039461478830985164,0.0,real,ok,
2025-01-28,0.3236715504414339,0.3236715504414339,-0.36131139498586134,5,False,,,ok,0.8140211640211572,0.0017822222222222226,-0.0016389090666013336,,0.4805217245889575,-0.36131139498586134,-5.000000000000071,0.0164,-0.03776005485863751,3.51625,0.0037505601440055436,0.0,real,ok,
2025-01-29,0.3235062945534422,0.3235062945534422,-0.36131139498586134,5,False,,,ok,0.8126984126984056,0.0018977777777777782,-0.0012789816522117323,,0.48070796938979726,-0.36131139498586134,-5.000000000000071,0.017,-0.03776005485863751,3.51625,0.0037505601440055436,0.0,real,ok,
2025-01-30,0.37295902231526457,0.37295902231526457,-0.36131139498586134,5,False,,,ok,1.0111111111111175,0.0018933333333333332,-0.002062612596695343,,0.48089425741330283,-0.36131139498586134,-4.0000000000000036,0.017,-0.03776005485863751,3.51625,0.0037505601440055436,0.0,real,ok,
2025-01-31,0.4713419468368669,0.4713419468368669,-0.36131139498586134,5,False,,,ok,1.408994708994707,-0.001386825396825397,-0.0033206849392542793,,0.48108058868884024,-0.36131139498586134,-2.000000000000046,0.0006000000000000001,-0.03776005485863751,3.51625,0.0037505601440055436,0.0,real,ok,
2025-02-03,0.32074291679610206,0.32074291679610206,-0.36131139498586134,5,False,,,ok,0.8076719576719509,-0.0013869841269841272,-0.004580269606357901,,0.48126696324579943,-0.36131139498586134,-5.000000000000071,0.0006000000000000001,-0.03776005485863751,3.51625,0.0037505601440055436,0.0,real,ok,
2025-02-04,0.08345028388017992,0.08345028388017992,-0.364233062437214,5,True,基差平仓速度,,ok,0.4068783068783084,-0.0013871428571428572,-0.005841376677526713,,-0.06584865182291914,-0.364233062437214,-7.000000000000028,0.0006000000000000001,-0.03776005485863751,3.51625,-0.03926667118561711,0.0,real,ok,
2025-02-05,0.08336708782795872,0.08336708782795872,-0.36464334260591325,5,False,,,ok,0.40608465608465777,-0.0015071428571428573,-0.007104016292065957,,-0.06400514562361403,-0.36464334260591325,-7.000000000000028,0.0,-0.03776005485863751,3.51625,-0.03926667118561711,0.0,real,ok,
2025-02-06,0.23312617842833872,0.23312617842833872,-0.36464334260591325,5,False,,,ok,1.0044973544973612,-0.0014671957671957675,-0.008368198649622906,,-0.0621572463671878,-0.36464334260591325,-4.0000000000000036,0.0002,-0.03776005485863751,10.1815,-0.03926667118561711,0.0,real,ok,
2025-02-07,0.1829421280006651,0.1829421280006651,-0.36318340226507684,5,False,,,ok,0.8031746031745961,-0.0014672486772486773,-0.009633934010750245,,-0.060304908483936735,-0.36318340226507684,-5.000000000000071,0.0002,-0.03776005485863751,10.1815,-0.03926667118561711,0.0,real,ok,
2025-02-10,0.18275880792139085,0.18275880792139085,-0.36085084875863166,5,False,,,ok,0.8018518518518452,-0.0014673015873015874,-0.010901232697475262,,-0.058448085881504956,-0.36085084875863166,-5.000000000000071,0.0002,-0.03776005485863751,10.1815,-0.03926667118561711,0.0,real,ok,
2025-02-11,-0.17938098001941025,-0.24929066066309435,-0.3587619600388205,5,False,,,ok,0.6005291005290981,0.0025273544973544977,-1.3450976977094513,,-0.25512139996937877,-0.3587619600388205,-6.00000000000005,0.020200000000000003,-0.7063327748772934,10.1815,-0.05476938176105839,0.0,real,ok,
2025-02-12,0.06680057706177495,0.06680057706177495,-0.3576129113583773,5,True,拍卖吸收度,,ok,0.1994708994709054,0.006516719576719576,0.313850560363944,,-0.2526358711644692,-0.3576129113583773,-8.000000000000007,0.0402,0.1254118520438823,6.945,-0.05476938176105839,0.0,real,ok,
2025-02-13,0.6524601195745807,0.17656405485813237,1.3049202391491614,5,True,信任背离,,ok,0.39788359788359956,0.006466137566137567,0.5520456435030502,,-0.25013915952025784,1.3049202391491614,-7.000000000000028,0.04,0.24500514927077757,6.945,-0.05476938176105839,6.99999999999994,real,ok,
2025-02-14,0.17649867957195348,0.17649867957195348,-0.35473698515082996,5,True,信任背离,,ok,0.396296296296298,0.006455555555555556,0.5508739028223244,,-0.24763103638636413,-0.35473698515082996,-7.000000000000028,0.04,0.24500514927077757,6.945,-0.05476938176105839,0.0,real,ok,
2025-02-17,0.17650261038692922,0.17650261038692922,-0.35860350744718694,5,False,,,ok,0.3949735449735467,0.006444973544973545,0.5497031902101388,,-0.24511126718094214,-0.35860350744718694,-7.000000000000028,0.04,0.24500514927077757,6.945,-0.05476938176105839,0.0,real,ok,
2025-02-18,0.4500872178074253,0.4500872178074253,-0.10999341192980576,5,True,回购压力,,ok,1.1925925925925953,0.0024396825396825394,0.5495011441683155,,0.05581545192910758,-0.10999341192980576,-3.000000000000025,0.02,0.24500514927077757,6.945,-0.031868335044692886,0.9999999999999787,real,ok,
2025-02-19,0.40550296415125386,0.40550296415125386,-0.3579778776503533,5,False,,,ok,0.7907407407407341,-0.0015603174603174604,0.775730065234158,,0.057101368090440786,-0.3579778776503533,-5.000000000000071,0.0,0.3583632620229173,6.945,-0.031868335044692886,0.0,real,ok,
2025-02-20,-0.10021287257733826,-0.10021287257733826,-0.3569955392434236,5,True,拍卖吸收度,,ok,0.389153439153441,-0.0015602645502645503,-0.8468337668919517,,0.05838910197942217,-0.3569955392434236,-7.000000000000028,0.0,-0.4463811008137252,6.945,-0.031868335044692886,0.0,real,ok,
2025-02-21,-0.05035109712481033,-0.05035109712481033,-0.3569955392434236,5,False,,,ok,0.5878306878306855,-0.0015602116402116404,-0.8473535298811956,,0.0596786651914805,-0.3569955392434236,-6.00000000000005,0.0,-0.4463811008137252,6.945,-0.031868335044692886,0.0,real,ok,
2025-02-24,0.1426525484685218,0.1426525484685218,-0.3569955392434236,5,False,,,ok,0.5867724867724842,-0.0015601587301587302,-0.07557220356513807,,0.060970069396899786,-0.3569955392434236,-6.00000000000005,0.0,-0.06300660044451573,6.945,-0.031868335044692886,0.0,real,ok,
2025-02-25,0.3743086227661798,0.3743086227661798,-0.3569955392434236,5,True,基差平仓速度,,ok,0.38597883597883786,-0.0014402645502645504,-0.003695613206255846,,1.116391532842402,-0.3569955392434236,-7.000000000000028,0.0006000000000000001,-0.026690181527542073,6.945,0.04883250524123761,0.0,real,ok,
2025-02-26,0.38604577831910175,0.38604577831910175,-0.3569955392434236,5,False,,,ok,0.3851851851851869,0.0024344973544973545,0.03872432329337384,,1.117839107443349,-0.3569955392434236,-7.000000000000028,0.02,-0.004972056217122243,4.175,0.04883250524123761,0.0,real,ok,
2025-02-27,0.5356485023540243,0.5356485023540243,-0.3569955392434236,5,False,,,ok,0.9835978835978902,0.002429259259259259,0.037276879480090015,,1.1192899870788577,-0.3569955392434236,-4.0000000000000036,0.02,-0.004972056217122243,4.175,0.04883250524123761,0.0,real,ok,
2025-02-28,0.6850531284054138,0.6850531284054138,-0.3569955392434236,5,False,,,ok,1.5812169312169253,0.002424074074074074,0.03582732228580135,,1.1207441860448542,-0.3569955392434236,-1.0000000000000675,0.02,-0.004972056217122243,4.175,0.04883250524123761,0.0,real,ok,
2025-03-03,0.38485488075875784,0.38485488075875784,-0.3569955392434236,5,True,回购压力,,ok,0.38042328042328216,0.002418888888888889,0.034375634998616365,,1.122201718724244,-0.3569955392434236,-7.000000000000028,0.02,-0.004972056217122243,4.175,0.04883250524123761,0.0,real,ok,
2025-03-04,0.4182437474969145,0.4182437474969145,-0.3569955392434236,5,False,,,ok,0.37962962962963154,0.0022970899470899473,0.03450024304859309,,1.2565480273623435,-0.3569955392434236,-7.000000000000028,0.0194,-0.004972056217122243,4.175,0.05898587728008409,0.0,real,ok,
2025-03-05,0.46723705088519085,0.46723705088519085,0.38893456624201833,5,False,,,ok,0.5783068783068757,0.0017759788359788364,0.03532951122647998,,1.253535835171429,0.38893456624201833,-6.00000000000005,0.016800000000000002,-0.004972056217122243,9.1195,0.05898587728008409,3.000000000000025,real,ok,
2025-03-06,0.5161288288249588,0.5161288288249588,-0.3579778776503533,5,False,,,ok,0.7767195767195698,0.0017748148148148152,0.03548603188846148,,1.2505348918769892,-0.3579778776503533,-5.000000000000071,0.016800000000000002,-0.004972056217122243,9.1195,0.05898587728008409,0.0,real,ok,
2025-03-07,0.8142107875940923,0.4650895231513642,1.6284215751881845,5,True,信任背离,,ok,0.5753968253968228,0.0017735978835978841,0.03564255802273057,,1.2475451113023057,1.6284215751881845,-6.00000000000005,0.016800000000000002,-0.004972056217122243,9.1195,0.05898587728008409,8.000000000000007,real,ok,
2025-03-10,0.5642421577835607,0.41412911254598717,1.1284843155671214,5,False,,,ok,0.37433862433862614,0.0018123280423280427,0.03579908964111244,,1.244566408161882,1.1284843155671214,-7.000000000000028,0.017,-0.004972056217122243,9.1195,0.05898587728008409,5.999999999999961,real,ok,
2025-03-11,0.5628319315295973,0.17573368707367093,1.1256638630591946,5,False,,,ok,0.17354497354497944,0.005802539682539682,-0.6384087257607163,,1.161995960827881,1.1256638630591946,-8.000000000000007,0.037,-0.33824875507533847,2.66625,0.05287171771962618,6.00000000000005,real,ok,
2025-03-12,0.3195359000267175,0.3195359000267175,0.6278858228271761,5,False,,,ok,-0.027248677248684672,0.0024771428571428574,0.14402991202673474,,1.158885222471677,0.6278858228271761,-9.000000000000075,0.0204,0.047923192388789,4.608235294117647,0.05287171771962618,4.0000000000000036,real,ok,
2025-03-13,0.40227110429454926,0.40227110429454926,-0.3646529791745905,5,False,,,ok,-0.22804232804233102,0.0025116931216931215,0.6788296931511301,,1.155785358947705,-0.3646529791745905,-10.000000000000053,0.0206,0.312444061528529,4.608235294117647,0.05287171771962618,0.0,real,ok,
2025-03-14,0.4007827589594715,0.4007827589594715,-0.3646529791745905,5,False,,,ok,-0.22910052910053197,0.0025062433862433862,0.6770290407972889,,1.1526962807548857,-0.3646529791745905,-10.000000000000053,0.0206,0.312444061528529,4.608235294117647,0.05287171771962618,0.0,real,ok,
2025-03-17,0.9307388752023268,0.49922244190356374,1.8614777504046536,5,True,信任背离,,ok,0.16957671957672601,0.002460846560846561,0.6752343021776921,,1.1496178992989903,1.8614777504046536,-8.000000000000007,0.0204,0.312444061528529,4.608235294117647,0.05287171771962618,8.999999999999986,real,ok,
2025-03-18,-0.05977248101717843,-0.07735608273512184,-0.11954496203435686,5,True,拍卖吸收度、基差平仓速度、信任背离,,ok,-0.03148148148148877,-0.001539259259259259,-0.8080777934513693,,0.53167420325163,-0.11954496203435686,-9.000000000000075,0.0004,-0.4089779274078251,4.973604060913706,0.005572049169688453,0.9999999999999787,real,ok,
2025-03-19,-0.1781119076258736,-0.1781119076258736,-0.3671504176452277,5,False,,,ok,-0.4320105820105805,-0.0015393650793650794,-0.8095295838246289,,0.5306319004110802,-0.3671504176452277,-11.000000000000032,0.0004,-0.4089779274078251,4.973604060913706,0.005572049169688453,0.0,real,ok,
2025-03-20,0.031755363276929044,0.031755363276929044,-0.3671504176452277,5,False,,,ok,-0.43227513227513087,-0.0015794179894179894,0.031285568691177795,,0.5295904346810872,-0.3671504176452277,-11.000000000000032,0.0002,-0.002068502978752468,3.8716470588235294,0.005572049169688453,0.0,real,ok,
2025-03-21,0.0813040351358051,0.0813040351358051,-0.3671504176452277,5,False,,,ok,-0.23280423280423576,-0.0015793650793650793,0.031049935951562944,,0.5285498024752583,-0.3671504176452277,-10.000000000000053,0.0002,-0.002068502978752468,3.8716470588235294,0.005572049169688453,0.0,real,ok,
2025-03-24,0.13078677574636202,0.13078677574636202,-0.3671504176452277,5,False,,,ok,-0.03359788359789064,-0.0015793121693121691,0.030814298534984987,,0.5275100002176659,-0.3671504176452277,-9.000000000000075,0.0002,-0.002068502978752468,3.8716470588235294,0.005572049169688453,0.0,real,ok,
2025-03-25,0.07748439143078116,0.07748439143078116,-0.3671504176452277,6,False,,,ok,0.3656084656084676,-0.000380846560846561,0.20651007111239575,-0.3632730765706858,0.17895734356457488,-0.3671504176452277,-7.000000000000028,0.0062,0.08317759347769957,3.8716470588235294,-0.021150202325133316,0.0,real,ok,
2025-03-26,0.24911792394714777,0.24911792394714777,-0.3671504176452277,6,False,,,ok,0.7642857142857078,-0.0004223280423280424,0.6663587153048405,-0.36246239317681256,0.17782991136433107,-0.3671504176452277,-5.000000000000071,0.006,0.3063114665905485,3.8716470588235294,-0.021150202325133316,0.0,real,ok,
2025-03-27,0.30844554320052575,0.30844554320052575,-0.3671504176452277,6,False,,,ok,0.9626984126984197,-0.00026396825396825393,1.1854446424053244,-0.7823533959540337,0.17670202510688648,-0.3671504176452277,-4.0000000000000036,0.0068000000000000005,0.5589568554959341,2.708705882352941,-0.021150202325133316,0.0,real,ok,
2025-03-28,0.22789155292115876,0.22789155292115876,-0.3657020210891604,6,False,,,ok,0.5613756613756593,-0.00018582010582010624,1.1825790446807674,-0.7798848008500575,0.17557367950524475,-0.3657020210891604,-6.00000000000005,0.0072,0.5589568554959341,2.708705882352941,-0.021150202325133316,0.0,real,ok,
2025-03-31,0.5069035241292188,0.5069035241292188,-0.3657020210891604,6,True,回购压力,,ok,1.9579365079365114,-0.00014772486772486794,1.1797234237511312,-0.7774394554302191,0.1744448692563957,-0.3657020210891604,0.9999999999999787,0.0073999999999999995,0.5589568554959341,2.708705882352941,-0.021150202325133316,0.0,real,ok,
2025-04-01,0.37956311293335954,0.37956311293335954,-0.3657020210891604,6,False,,,ok,1.5550264550264494,-0.0013480423280423284,1.176877705199994,-0.7750169967806189,-0.05772355645098448,-0.3657020210891604,-1.0000000000000675,0.0014,0.5589568554959341,2.708705882352941,-0.0388829991563342,0.0,real,ok,
2025-04-02,0.5684160761216529,0.5684160761216529,-0.3657020210891604,6,False,,,ok,1.1526455026455054,-0.0013483597883597882,1.1737275024161933,0.5741591157744474,-0.05710338043952179,-0.3657020210891604,-3.000000000000025,0.0014,0.5589568554959341,6.416,-0.0388829991563342,0.0,real,ok,
2025-04-03,0.3841926719384218,0.3841926719384218,-0.3657020210891604,6,False,,,ok,1.549735449735444,-0.001468571428571429,1.1709669281569637,-0.7417873591027558,-0.05648308766897113,-0.3657020210891604,-1.0000000000000675,0.0008,0.5589568554959341,2.8025882352941176,-0.0388829991563342,0.0,real,ok,
2025-04-04,0.22379342707414143,0.22379342707414143,-0.3657020210891604,6,True,回购压力,,ok,0.7481481481481417,-0.0015486772486772488,1.1678101131908303,-0.739579771367791,-0.05586267735179682,-0.3657020210891604,-5.000000000000071,0.0004,0.5589568554959341,2.8025882352941176,-0.0388829991563342,0.0,real,ok,
2025-04-07,0.1435063790012423,0.1435063790012423,-0.3657020210891604,6,False,,,ok,0.34708994708994895,-0.0015887301587301586,1.1646646262430127,-0.7373917994685111,-0.05524214869950894,-0.3657020210891604,-7.000000000000028,0.0002,0.5589568554959341,2.8025882352941176,-0.0388829991563342,0.0,real,ok,
2025-04-08,0.4694110470064848,0.4694110470064848,-0.3657020210891604,6,True,回购压力,,ok,1.744444444444452,0.0024059259259259264,1.295422491440384,-0.7352231544236202,0.04000552764528178,-0.3657020210891604,0.0,0.020200000000000003,0.6243205268162877,2.8025882352941176,-0.03162437019224851,0.0,real,ok,
2025-04-09,0.08203988905452082,0.08203988905452082,-0.3657020210891604,6,True,拍卖吸收度,,ok,2.1412698412698403,0.002400582010582011,-1.0411121185280519,-0.7330735531793251,0.04071469369955862,-0.3657020210891604,1.9999999999999574,0.020200000000000003,-0.5126005579687826,2.8025882352941176,-0.03162437019224851,0.0,real,ok,
2025-04-10,-0.020088693591818536,-0.020088693591818536,-0.3657020210891604,6,True,回购压力,,ok,1.1391534391534417,0.0023952380952380957,-0.3102295308990771,-0.9731868000292565,0.04142418572056114,-0.3657020210891604,-3.000000000000025,0.020200000000000003,-0.1558422071278166,2.1374117647058823,-0.03162437019224851,0.0,real,ok,
2025-04-11,5.272931674107247,-0.17902746021051164,10.545863348214494,6,True,回购压力、信任背离,红,ok,0.3380952380952401,0.00243,-0.3081784193635192,-0.9696181248615381,0.042134005077259076,10.545863348214494,-7.000000000000028,0.0204,-0.1558422071278166,2.1374117647058823,-0.03162437019224851,47.000000000000064,real,ok,
2025-04-14,2.4473179332525987,-0.1780340655108433,4.894635866505197,6,True,信任背离,红,ok,0.33677248677248883,0.002424761904761905,-0.3061232578114676,-0.9660884715618897,0.04284415314188999,4.894635866505197,-7.000000000000028,0.0204,-0.1558422071278166,2.1374117647058823,-0.03162437019224851,22.999999999999954,real,ok,
2025-04-15,0.984010230644081,0.984010230644081,1.6943487525406635,6,True,信任背离,,ok,0.9346560846560916,-0.0015751851851851853,-0.3040639812792099,4.153264544024164,0.1377696910045453,1.6943487525406635,-4.0000000000000036,0.0004,-0.1558422071278166,16.51467268623025,-0.024404999619524137,8.999999999999986,real,ok,
2025-04-16,-0.0250954338325871,-0.0250954338325871,-0.35549991607361076,6,True,回购压力、信任背离,,ok,-0.06613756613757324,-0.0014552910052910055,0.8412483489397355,-1.0368447140902801,0.1377120531304733,-0.35549991607361076,-9.000000000000075,0.001,0.39856791113785145,1.8856470588235295,-0.024404999619524137,0.0,real,ok,
2025-04-17,0.10209336357614078,0.10209336357614078,-0.35549991607361076,6,False,,,ok,0.1328042328042393,-0.0014953439153439154,1.2743568825196585,-1.0328533699953286,0.13765441646747864,-0.35549991607361076,-8.000000000000007,0.0008,0.6096908297489315,1.8856470588235295,-0.024404999619524137,0.0,real,ok,
2025-04-18,0.10225946939186455,0.10225946939186455,-0.35549991607361076,6,False,,,ok,0.13174603174603838,-0.001535502645502646,1.2723978610260238,-1.0289078241822003,0.13759678101496345,-0.35549991607361076,-8.000000000000007,0.0006000000000000001,0.6096908297489315,1.8856470588235295,-0.024404999619524137,0.0,real,ok,
2025-04-21,0.27713618073858215,0.10246140328817192,0.5542723614771643,6,False,,,ok,0.1306878306878371,-0.0013758730158730157,1.2704631190443203,-1.0250072070477552,0.1375391467723304,0.5542723614771643,-8.000000000000007,0.0014,0.6096908297489315,1.8856470588235295,-0.024404999619524137,4.0000000000000036,real,ok,
2025-04-22,0.5036693771536279,-0.003958589669094426,1.0073387543072558,6,True,基差平仓速度,,ok,-0.26984126984127244,-0.0013362962962962964,1.1495913980658126,-0.450044660284905,-0.448162119988811,1.0073387543072558,-10.000000000000053,0.0016,0.5523164156601064,3.503,-0.0692862135533241,6.00000000000005,real,ok,
2025-04-23,1.0711296367694265,0.1526198166160034,2.142259273538853,6,False,,黄,ok,-0.6695767195767139,-0.0014565079365079366,2.1039671236047974,-0.22303772644956826,-0.44679708656199013,2.142259273538853,-12.00000000000001,0.001,1.0135400700368726,4.140523987750936,-0.0692862135533241,11.000000000000032,real,ok,
2025-04-24,0.02085225703107375,0.02085225703107375,-0.35643109477858287,6,True,信任背离,,ok,-0.4693121693121679,-0.0014167724867724866,1.2430344028531213,-0.22261156347076214,-0.44543261242804993,-0.35643109477858287,-11.000000000000032,0.0012000000000000001,0.6007129296166408,4.140523987750936,-0.0692862135533241,0.0,real,ok,
2025-04-25,0.1806348987606101,0.1806348987606101,-0.35420681514415936,6,True,回购压力,,ok,0.3296296296296319,-0.0014170370370370372,1.2412184255333283,-0.22218783452768529,-0.44406868979518743,-0.35420681514415936,-7.000000000000028,0.0012000000000000001,0.6007129296166408,4.140523987750936,-0.0692862135533241,0.0,real,ok,
2025-04-28,0.30017827184004064,0.30017827184004064,-0.3527367342530356,6,False,,,ok,0.9275132275132346,-0.001577089947089947,1.2394270490434005,-0.22176651653370977,-0.4427053108756324,-0.3527367342530356,-4.0000000000000036,0.0004,0.6007129296166408,4.140523987750936,-0.0692862135533241,0.0,real,ok,
2025-04-29,0.34438529342625446,0.34438529342625446,-0.3527367342530356,6,False,,,ok,0.9253968253968328,-0.0016170899470899472,1.2376605243776553,-0.22134758670767155,-0.21816620598845426,-0.3527367342530356,-4.0000000000000036,0.0002,0.6007129296166408,4.140523987750936,-0.052192169912731234,0.0,real,ok,
2025-04-30,0.5444374987959736,0.5444374987959736,-0.3527367342530356,6,True,回购压力,,ok,1.9216931216931255,0.002777037037037037,1.2350407520856128,-0.22093102256868913,-0.21639239426721815,-0.3527367342530356,0.9999999999999787,0.0222,0.6007129296166408,4.140523987750936,-0.052192169912731234,0.0,real,ok,
2025-05-01,0.4636872521672187,0.4636872521672187,-0.3506327087033442,6,False,,,ok,1.5182539682539626,0.0027312169312169307,1.232583703365378,-0.22051680193109502,-0.21461582578336913,-0.3506327087033442,-1.0000000000000675,0.022,0.6007129296166408,4.140523987750936,-0.052192169912731234,0.0,real,ok,
2025-05-02,0.3429314165962657,0.3429314165962657,0.590532866365407,6,False,,,ok,0.9153439153439227,0.002725396825396825,1.2295291407507807,-0.22010490289946752,-0.212836467039304,0.590532866365407,-4.0000000000000036,0.022,0.6007129296166408,4.140523987750936,-0.052192169912731234,4.0000000000000036,real,ok,
2025-05-05,1.3469768702012188,-0.003111957190794784,2.6939537404024376,6,True,信任背离,黄,ok,0.3132275132275154,0.0027195767195767194,0.09924271217326273,-0.21969530386376815,-0.21105428421056066,2.6939537404024376,-7.000000000000028,0.022,0.061017634235455864,4.140523987750936,-0.052192169912731234,12.99999999999999,real,ok,
2025-05-06,1.1072722217236681,0.19555087688284348,2.2145444434473363,6,False,,黄,ok,0.1108465608465675,0.006708465608465608,-1.0290332913434992,2.263961127058618,-0.37472847775593454,2.2145444434473363,-8.000000000000007,0.042,-0.47877331267887124,11.0905,-0.06479487165038522,10.999999999999943,real,ok,
2025-05-07,0.870471388888582,0.11009564090606791,1.740942777777164,6,False,,,ok,-0.2920634920634949,0.0025428571428571436,-1.027140309037711,2.239709234662761,-0.37257008617407283,1.740942777777164,-10.000000000000053,0.021200000000000004,-0.47877331267887124,11.0905,-0.06479487165038522,8.999999999999986,real,ok,
2025-05-08,1.2138681157589648,0.4116845762615363,2.4277362315179296,6,True,拍卖吸收度,黄,ok,-0.49444444444444285,0.002657089947089947,0.7043963689579751,2.2162208621350805,-0.37040699528802085,2.4277362315179296,-11.000000000000032,0.0218,0.3500315522103934,11.0905,-0.06479487165038522,12.00000000000001,real,ok,
2025-05-09,0.3668712565024129,0.3668712565024129,-0.36087140235528575,6,True,信任背离,,ok,-0.6965608465608408,0.0026513227513227508,0.7030481507174542,2.193456769315903,-0.36823911371177437,-0.36087140235528575,-12.00000000000001,0.0218,0.3500315522103934,11.0905,-0.06479487165038522,0.0,real,ok,
2025-05-12,0.3621968373098101,0.3621968373098101,-0.36087140235528575,6,False,,,ok,-0.6986772486772427,0.002645555555555555,0.7017017455942306,2.171380482518601,-0.366066348442094,-0.36087140235528575,-12.00000000000001,0.0218,0.3500315522103934,11.0905,-0.06479487165038522,0.0,real,ok,
2025-05-13,0.52654328224532,0.52654328224532,-0.36087140235528575,6,True,基差平仓速度,,ok,-0.3013227513227541,-0.001155185185185185,0.7003571454489074,2.149958048715973,0.08487915356965887,-0.36087140235528575,-10.000000000000053,0.0028,0.3500315522103934,11.0905,-0.031024957122296692,0.0,real,ok,
2025-05-14,0.4825187582581794,0.4825187582581794,-0.36087140235528575,6,False,,,ok,-0.503703703703702,-0.001355661375661376,0.6990143421791012,2.1291578159052844,0.08948099828587497,-0.36087140235528575,-11.000000000000032,0.0018000000000000002,0.3500315522103934,11.0905,-0.031024957122296692,0.0,real,ok,
2025-05-15,0.31516660766217464,0.31516660766217464,-0.36087140235528575,6,False,,,ok,-0.10661375661376375,-0.0013960846560846563,0.6970008314751583,0.8926930436411037,0.09414900446445951,-0.36087140235528575,-9.000000000000075,0.0016,0.3500315522103934,7.5055,-0.031024957122296692,0.0,real,ok,
2025-05-16,0.274793646143077,0.274793646143077,-0.36087140235528575,6,False,,,ok,-0.3095238095238123,-0.0013964550264550265,0.6960712478382514,0.8899317856714427,0.09888546175595854,-0.36087140235528575,-10.000000000000053,0.0016,0.3500315522103934,7.5055,-0.031024957122296692,0.0,real,ok,
2025-05-19,0.234606872517707,0.234606872517707,-0.1288045258861254,6,False,,,ok,-0.5116402116402099,-0.0013568783068783068,0.6951426558303562,0.8871960220910007,0.10369277461426665,-0.1288045258861254,-11.000000000000032,0.0018000000000000002,0.3500315522103934,7.5055,-0.031024957122296692,0.9999999999999787,real,ok,
2025-05-20,0.2255410722299053,0.2255410722299053,-0.3612060093465192,6,False,,,ok,-0.9121693121693198,-0.001557037037037037,0.6970899223334809,0.8844853627824213,0.45985642523998116,-0.3612060093465192,-13.000000000000078,0.0008,0.3500315522103934,7.5055,-0.005461927694821123,0.0,real,ok,
2025-05-21,0.3994975310258259,0.10994835879878662,0.7989950620516518,6,False,,,ok,-1.1119047619047653,-0.0015571957671957671,0.3173929937807148,0.8817994259368975,0.46401133194828187,0.7989950620516518,-14.000000000000057,0.0008,0.16861750517848725,7.5055,-0.005461927694821123,4.999999999999982,real,ok,
2025-05-22,0.861137389242791,-0.004792985298654418,1.722274778485582,6,False,,,ok,-1.1119047619047653,-0.0015173544973544973,-0.25788554394723623,0.8791378378280161,0.4682048960280679,1.722274778485582,-14.000000000000057,0.001,-0.10660073700291436,7.5055,-0.005461927694821123,8.999999999999986,real,ok,
2025-05-23,0.7429429869370674,-0.004372326180357322,1.4858859738741348,6,False,,,ok,-1.1121693121693152,-0.0015175661375661374,-0.25711286085691165,0.8765002325930819,0.4724378756689247,1.4858859738741348,-14.000000000000057,0.001,-0.10660073700291436,7.5055,-0.005461927694821123,8.000000000000007,real,ok,
2025-05-26,0.394699255456495,-0.003841095202959599,0.78939851091299,6,False,,,ok,-1.1119047619047653,-0.0015577248677248676,-0.25634029144498516,0.8738862520216304,0.4767110501810469,0.78939851091299,-14.000000000000057,0.0008,-0.10660073700291436,7.5055,-0.005461927694821123,4.999999999999982,real,ok,
2025-05-27,0.29338674950711396,0.29338674950711396,-0.3680593522565626,6,True,回购压力、基差平仓速度,,ok,-0.11296296296296973,-0.001557883597883598,-0.4951923995698145,0.8712955453508515,1.2053514483153862,-0.3680593522565626,-9.000000000000075,0.0008,-0.22125373445408544,7.5055,0.046370386656982565,0.0,real,ok,
2025-05-28,0.4396137040760532,0.4396137040760532,-0.3680593522565626,6,False,,,ok,0.28597883597883855,-0.001558042328042328,-0.15953600646372823,0.8687277690676574,1.2044559641255406,-0.3680593522565626,-7.000000000000028,0.0008,-0.06119466859204089,7.5055,0.046370386656982565,0.0,real,ok,
2025-05-29,0.40082102383488855,0.40082102383488855,-0.3680593522565626,6,False,,,ok,0.2849206349206373,-0.0016381481481481483,-0.8386025231539813,1.3558635352873936,1.2035616202685413,-0.3680593522565626,-7.000000000000028,0.0004,-0.3865189779865732,8.9345,0.046370386656982565,0.0,real,ok,
2025-05-30,0.479423430428108,0.479423430428108,-0.3680593522565626,6,False,,,ok,0.6833333333333271,-0.0016382010582010585,-0.8367136324820453,1.349467238397265,1.2026684139501942,-0.3680593522565626,-5.000000000000071,0.0004,-0.3865189779865732,8.9345,0.046370386656982565,0.0,real,ok,
2025-06-02,0.4780303255455779,0.4780303255455779,-0.3680593522565626,6,False,,,ok,0.6814814814814756,-0.0014385185185185184,-0.8348283872712324,1.3431607096503189,1.201776342385846,-0.3680593522565626,-5.000000000000071,0.0014,-0.3865189779865732,8.9345,0.046370386656982565,0.0,real,ok,
2025-06-03,0.16275156008306887,-0.10053479169732386,0.32550312016613775,6,False,,,ok,0.08042328042328713,-0.001358941798941799,-0.8335689216692125,-0.9406022254929347,1.1924328500511825,0.32550312016613775,-8.000000000000007,0.0018000000000000002,-0.3865189779865732,2.287,0.045763447373541766,3.000000000000025,real,ok,
2025-06-04,0.3602979459097077,0.3602979459097077,-0.36898519266245444,6,True,回购压力,,ok,-0.7193121693121632,-0.0013992063492063492,-0.8312902538706063,2.1635347900634176,1.1899565690170968,-0.36898519266245444,-12.00000000000001,0.0016,-0.3865189779865732,11.369,0.045763447373541766,0.0,real,ok,
2025-06-05,0.39570737903453335,0.39570737903453335,-0.36898519266245444,6,False,,,ok,-0.5195767195767178,-0.0012795238095238098,-0.831586608580901,2.1434916329002562,1.187488114239553,-0.36898519266245444,-11.000000000000032,0.0021999999999999997,-0.3865189779865732,11.369,0.045763447373541766,0.0,real,ok,
2025-06-06,0.9691212211823025,0.39168841880863897,1.938242442364605,6,True,信任背离,,ok,-0.5198412698412682,-0.0012798941798941798,-0.8294599141159772,2.123995737278322,1.1850274349020125,1.938242442364605,-11.000000000000032,0.0021999999999999997,-0.3865189779865732,11.369,0.045763447373541766,9.999999999999964,real,ok,
2025-06-09,0.38782767269830004,0.38782767269830004,0.3207567582928119,6,False,,,ok,-0.5198412698412682,-0.0012802645502645504,-0.8273372264147685,2.1050226436625907,1.1825744806352108,0.3207567582928119,-11.000000000000032,0.0021999999999999997,-0.3865189779865732,11.369,0.045763447373541766,3.000000000000025,real,ok,
2025-06-10,-0.07072478301268138,-0.12208649324913819,-0.14144956602536277,6,True,拍卖吸收度、基差平仓速度,,ok,-0.7195767195767135,0.002833915343915343,0.5051564546559357,-1.1024103009182074,0.7035641842493788,-0.14144956602536277,-12.00000000000001,0.022799999999999997,0.2506071291546772,1.8108,0.011421509464721868,0.9999999999999787,real,ok,
2025-06-11,0.27592879299854095,-0.23579024914815427,0.5518575859970819,6,False,,,ok,-0.7193121693121632,0.0028279894179894178,-0.0656267980314974,-1.0984529815448836,0.7016127137297834,0.5518575859970819,-12.00000000000001,0.022799999999999997,-0.02278967985194774,1.8108,0.011421509464721868,4.0000000000000036,real,ok,
2025-06-12,-0.08673407387284537,-0.08673407387284537,-0.3698789176893191,6,False,,,ok,-0.7193121693121632,0.0027420634920634914,-0.3338433047825192,-0.08292057977465486,0.6996636210130468,-0.3698789176893191,-12.00000000000001,0.022399999999999996,-0.14945983884981504,4.835058214747736,0.011421509464721868,0.0,real,ok,
2025-06-13,-0.08666939354847707,-0.08666939354847707,-0.3698789176893191,6,False,,,ok,-0.7193121693121632,0.0027361375661375652,-0.3317015783151624,-0.08278624132245439,0.6977168836412573,-0.3698789176893191,-12.00000000000001,0.022399999999999996,-0.14945983884981504,4.835058214747736,0.011421509464721868,0.0,real,ok,
2025-06-16,0.1594096910095783,0.1594096910095783,-0.3698789176893191,6,True,回购压力,,ok,0.07936507936508619,0.0025704232804232806,0.1019930268685111,-0.08265255369134408,0.6957724792252151,-0.3698789176893191,-8.000000000000007,0.0216,0.055682904756007776,4.835058214747736,0.011421509464721868,0.0,real,ok,
2025-06-17,-0.07404976434386279,-0.07404976434386279,-0.3698789176893191,6,False,,,ok,-0.12142857142857828,-0.0016297354497354498,-0.37972557752621494,-0.45843783463385473,0.5909728973190694,-0.3698789176893191,-9.000000000000075,0.0006000000000000001,-0.17293333838757308,3.7185741088180113,0.0040229229402408695,0.0,real,ok,
2025-06-18,-0.18493945884465954,-0.1941029667576933,-0.3698789176893191,6,False,,,ok,-0.7214285714285655,-0.0016298941798941799,-0.37886948041921126,-0.45755318988954197,0.5889663021287463,-0.3698789176893191,-12.00000000000001,0.0006000000000000001,-0.17293333838757308,3.7185741088180113,0.0040229229402408695,0.0,real,ok,
2025-06-19,-0.18493945884465954,-0.19469741821866132,-0.3698789176893191,6,False,,,ok,-0.7214285714285655,-0.0017098941798941798,-0.3806351296290576,-0.45667364981849706,0.5869601539627078,-0.3698789176893191,-12.00000000000001,0.0002,-0.17293333838757308,3.7185741088180113,0.0040229229402408695,0.0,real,ok,
2025-06-20,-0.15508769359186636,-0.15508769359186636,-0.3698789176893191,6,False,,,ok,-0.5216931216931201,-0.00170984126984127,-0.3811907600014074,-0.455799165492913,0.58495442049795,-0.3698789176893191,-11.000000000000032,0.0002,-0.17293333838757308,3.7185741088180113,0.0040229229402408695,0.0,real,ok,
2025-06-23,-0.15553987103557793,-0.15553987103557793,-0.3698789176893191,6,False,,,ok,-0.5222222222222204,-0.0017497354497354501,-0.3817467781256742,-0.454929688639276,0.5829490692590164,-0.3698789176893191,-11.000000000000032,0.0,-0.17293333838757308,3.7185741088180113,0.0040229229402408695,0.0,real,ok,
2025-06-24,-0.18493945884465954,-0.26689079134434496,-0.3698789176893191,6,True,基差平仓速度,,ok,-0.3227513227513253,-0.0017494179894179895,-0.19991736474199606,-0.4540651716271573,-0.3559706796118282,-0.3698789176893191,-10.000000000000053,0.0,-0.08639717646613035,3.7185741088180113,-0.06294969270481299,0.0,real,ok,
2025-06-25,0.29449075164126726,0.29449075164126726,-0.3698789176893191,6,True,回购压力、拍卖吸收度,,ok,0.8756613756613831,-0.0011099470899470902,1.409483211728396,-0.4532055674582361,-0.35837531463525946,-0.3698789176893191,-4.0000000000000036,0.0032,0.6780829914665535,3.7185741088180113,-0.06294969270481299,0.0,real,ok,
2025-06-26,0.31185977484241584,0.31185977484241584,-0.3698789176893191,6,True,回购压力,,ok,1.6727513227513309,-0.0009906878306878309,0.7006800185554383,-0.45235082975555324,-0.360790949508449,-0.3698789176893191,0.0,0.0038,0.3428442650667174,3.7185741088180113,-0.06294969270481299,0.0,real,ok,
2025-06-27,0.2706381465889268,0.2706381465889268,-0.3698789176893191,6,False,,,ok,1.470105820105815,-0.0009913227513227512,0.6987948516198504,-0.4515009127529831,-0.36321770327672537,-0.3698789176893191,-1.0000000000000675,0.0038,0.3428442650667174,3.7185741088180113,-0.06294969270481299,0.0,real,ok,
2025-06-30,0.5975262333615892,0.5975262333615892,-0.3698789176893191,6,True,回购压力、央行回购使用量,,ok,2.66560846560847,0.4414220634920635,0.6969121057540998,-0.4506557712849274,-0.3656556967617605,-0.3698789176893191,4.999999999999982,2.2188,0.3428442650667174,3.7185741088180113,-0.06294969270481299,0.0,real,ok,
2025-07-01,0.5363654007326684,0.5363654007326684,-0.3698789176893191,6,False,,,ok,2.46137566137567,0.44083523809523806,0.6950317608996154,-0.4498153607762188,-0.46560029593096325,-0.3698789176893191,4.0000000000000036,2.2188,0.3428442650667174,3.7185741088180113,-0.06985681827101753,0.0,real,ok,
2025-07-02,0.7596532581403336,0.7596532581403336,-0.13664922092231505,6,True,回购压力,,ok,1.6584656084656166,0.4396092592592592,0.6933312594814676,1.4757330349847924,-0.46887287148946727,-0.13664922092231505,0.0,2.2156,0.3428442650667174,9.369,-0.06985681827101753,0.9999999999999787,real,ok,
2025-07-03,0.8583372315415491,0.5566907014638705,1.7166744630830981,6,True,回购压力、信任背离,,ok,0.6566137566137507,0.4389034391534391,0.6915853455949947,1.468518586886272,-0.47216762092910414,1.7166744630830981,-5.000000000000071,2.215,0.3428442650667174,9.369,-0.06985681827101753,8.999999999999986,real,ok,
2025-07-04,0.5537087309156193,0.5537087309156193,1.035795075441171,6,False,,,ok,0.6547619047618991,0.43831746031746033,0.6895401426659623,1.4614090151699357,-0.47548486833716047,1.035795075441171,-5.000000000000071,2.215,0.3428442650667174,9.369,-0.06985681827101753,5.999999999999961,real,ok,
2025-07-07,0.38238207838972327,0.38238207838972327,-0.3688802433296617,6,True,央行回购使用量,,ok,0.25343915343915635,-0.004602645502645502,0.68749702564492,1.4544018028395285,-0.478824944472343,-0.3688802433296617,-7.000000000000028,0.0004,0.3428442650667174,9.369,-0.06985681827101753,0.0,real,ok,
2025-07-08,0.4622934414284461,0.4622934414284461,-0.36823009674919993,6,False,,,ok,0.4521164021164005,-0.0006078835978835982,0.6466003066107894,1.4474945166649014,-0.23413613465197733,-0.36823009674919993,-6.00000000000005,0.0204,0.32440728555586973,9.369,-0.052513527117485914,0.0,real,ok,
2025-07-09,0.17513534740115044,0.17513534740115044,-0.3675802022990823,6,False,,,ok,0.05132275132275836,-0.0006129100529100526,-0.37692531174630045,1.440684803631582,-0.23879259614937762,-0.3675802022990823,-8.000000000000007,0.0204,-0.1597261409884552,9.369,-0.052513527117485914,0.0,real,ok,
2025-07-10,-0.18379010114954114,-0.1992177289407709,-0.3675802022990823,6,False,,,ok,-0.14920634920635578,-0.0006179365079365083,0.06384353430827161,-0.6666000374624881,-0.24350785583534573,-0.3675802022990823,-9.000000000000075,0.0204,0.049133610974547395,3.1392,-0.052513527117485914,0.0,real,ok,
2025-07-11,-0.18379010114954114,-0.20042643355829726,-0.3675802022990823,6,False,,,ok,-0.1500000000000064,-0.0006229629629629626,0.06191768882345064,-0.665143313525119,-0.24828358012684867,-0.3675802022990823,-9.000000000000075,0.0204,0.049133610974547395,3.1392,-0.052513527117485914,0.0,real,ok,
2025-07-14,-0.12159651971909136,-0.12159651971909136,-0.3675802022990823,6,False,,,ok,0.24867724867725158,0.00017095238095238066,0.05998680985571332,-0.6636961063209098,-0.25312150318846427,-0.3675802022990823,-7.000000000000028,0.024399999999999998,0.049133610974547395,3.1392,-0.052513527117485914,0.0,real,ok,
2025-07-15,0.10508305147223736,0.10508305147223736,-0.3675802022990823,6,True,回购压力,,ok,1.0462962962962998,-0.0037900529100529093,0.058050842575268546,-0.6622583126226954,0.08711648402236671,-0.3675802022990823,-3.000000000000025,0.0046,0.049133610974547395,3.1392,-0.029027138198179037,0.0,real,ok,
2025-07-16,-0.015248874551741778,-0.015248874551741778,-0.3675802022990823,6,False,,,ok,0.44444444444444287,-0.003791269841269841,0.058828185819679,-0.6608298307646344,0.08510409758307345,-0.3675802022990823,-6.00000000000005,0.0046,0.049133610974547395,3.1392,-0.029027138198179037,0.0,real,ok,
2025-07-17,-0.015079380779094573,-0.015079380779094573,-0.3675802022990823,6,False,,,ok,0.442592592592591,-0.0037924867724867723,0.06212754123472073,-0.6594105606119728,0.08308600966167497,-0.3675802022990823,-6.00000000000005,0.0046,0.049133610974547395,3.1392,-0.029027138198179037,0.0,real,ok,
2025-07-18,-0.1755749135316144,-0.1755749135316144,-0.3675802022990823,6,True,回购压力,,ok,-0.35793650793651005,-0.003793703703703703,0.060793894357347104,-0.6580004035315175,0.08106215315631211,-0.3675802022990823,-10.000000000000053,0.0046,0.049133610974547395,3.1392,-0.029027138198179037,0.0,real,ok,
2025-07-21,-0.18379010114954114,-0.2561436696068785,-0.3675802022990823,6,False,,,ok,-0.7579365079365015,-0.0046737566137566135,0.05945871882606693,-0.6565992623628057,0.07903246005260413,-0.3675802022990823,-12.00000000000001,0.0002,0.049133610974547395,3.1392,-0.029027138198179037,0.0,real,ok,
2025-07-22,-0.10923688768806154,-0.10923688768806154,-0.3654948937367761,6,True,基差平仓速度,,ok,-0.7579365079365015,-0.004673809523809523,0.058122002888044054,-0.6552070413899447,0.8135109175219039,-0.3654948937367761,-12.00000000000001,0.0002,0.049133610974547395,3.1392,0.020720335936614598,0.0,real,ok,
2025-07-23,-0.18274744686838806,-0.21808751571994894,-0.3654948937367761,6,False,,,ok,-0.7576719576719515,-0.004554021164021164,-0.6756995288340052,-0.4638579597415513,0.8113458888117847,-0.3654948937367761,-12.00000000000001,0.0008,-0.2943300759225819,3.69775,0.020720335936614598,0.0,real,ok,
2025-07-24,-0.10699665454635451,-0.10699665454635451,-0.3654948937367761,6,False,,,ok,-0.35793650793651005,-0.004554232804232804,-0.5186491627365997,-0.46302797017997044,0.8091846009255402,-0.3654948937367761,-10.000000000000053,0.0008,-0.22038975856645038,3.69775,0.020720335936614598,0.0,real,ok,
2025-07-25,0.13219754207304216,0.13219754207304216,-0.3654948937367761,6,True,回购压力,,ok,0.840211640211648,-0.004554285714285715,-0.5194942450601991,-0.46220242259469313,0.8070270235227408,-0.3654948937367761,-4.0000000000000036,0.0008,-0.22038975856645038,3.69775,0.020720335936614598,0.0,real,ok,
2025-07-28,0.1777227733963666,0.1777227733963666,-0.3654948937367761,6,False,,,ok,0.8383597883597961,-0.004514391534391534,-0.28872337877182724,-0.461381277487676,0.8048731264159316,-0.3654948937367761,-4.0000000000000036,0.001,-0.11191269347717381,3.69775,0.020720335936614598,0.0,real,ok,
2025-07-29,0.22455445933084076,0.22455445933084076,-0.3654948937367761,6,False,,,ok,0.8365079365079442,-0.0043547089947089945,0.17086412719471147,-0.46056449585100734,0.5803194377972645,-0.3654948937367761,-4.0000000000000036,0.0018000000000000002,0.10365336846050355,3.69775,0.005694654660689746,0.0,real,ok,
2025-07-30,0.0639735248153149,0.0639735248153149,-0.3654948937367761,6,True,回购压力,,ok,0.03571428571429287,-0.004474867724867724,0.16943679359817884,-0.45975203915911284,0.5789434516480834,-0.3654948937367761,-8.000000000000007,0.0012000000000000001,0.10365336846050355,3.69775,0.005694654660689746,0.0,real,ok,
2025-07-31,0.7628861873246342,0.7628861873246342,-0.3654948937367761,6,True,回购压力,,ok,1.4328042328042276,-0.004474761904761905,0.1680081421704269,1.640524553240081,0.5775687703131973,-0.3654948937367761,-1.0000000000000675,0.0012000000000000001,0.10365336846050355,9.8385,0.005694654660689746,0.0,real,ok,
2025-08-01,0.5602600483148692,0.5602600483148692,-0.3654948937367761,6,True,回购压力,,ok,0.43121693121692956,-0.004471587301587301,0.16657815951413443,1.631781352257972,0.5761953858868971,-0.3654948937367761,-6.00000000000005,0.0012000000000000001,0.10365336846050355,9.8385,0.005694654660689746,0.0,real,ok,
2025-08-04,0.5179780138410386,0.5179780138410386,-0.3654948937367761,6,False,,,ok,0.22989417989418257,-0.004468412698412698,0.16646443821306256,1.6231765733075754,0.5748232904887854,-0.3654948937367761,-7.000000000000028,0.0012000000000000001,0.10365336846050355,9.8385,0.005694654660689746,0.0,real,ok,
2025-08-05,0.5526265365436613,0.5526265365436613,-0.3633638741641597,6,True,基差平仓速度,,ok,0.42830687830687675,-0.004625026455026455,0.7065772526794799,1.6147066016852722,0.018166976501704908,-0.3633638741641597,-6.00000000000005,0.0004,0.3556127106437426,9.8385,-0.03181327735648898,0.0,real,ok,
2025-08-06,0.6276359395523522,0.6276359395523522,-0.36126391170381406,6,False,,,ok,0.42671957671957517,-0.004421904761904762,1.0920583708247187,1.6063679534703699,0.017455701509001862,-0.36126391170381406,-6.00000000000005,0.0014,0.5366930712659318,9.8385,-0.03181327735648898,0.0,real,ok,
2025-08-07,0.6671158081388688,0.6671158081388688,-0.3589315240607251,6,False,,,ok,0.624603174603169,-0.0026613756613756614,1.0987357934343565,1.5981572695036628,0.016744178814531094,-0.3589315240607251,-5.000000000000071,0.010199999999999999,0.5411838808889309,9.8385,-0.03181327735648898,0.0,real,ok,
2025-08-08,0.6643967456387331,0.6643967456387331,0.5935052938057949,6,False,,,ok,0.6227513227513171,-0.002664074074074074,1.095792762688069,1.5900713097014019,0.016032407126951528,0.5935052938057949,-5.000000000000071,0.010199999999999999,0.5411838808889309,9.8385,-0.03181327735648898,3.9999999999999147,real,ok,
2025-08-11,0.621703818823168,0.621703818823168,0.8300317187585124,6,False,,,ok,0.42089947089946944,-0.0026667724867724864,1.0928590628679842,1.5821069476828127,0.015320385152346414,0.8300317187585124,-6.00000000000005,0.010199999999999999,0.5411838808889309,9.8385,-0.03181327735648898,4.999999999999982,real,ok,
2025-08-12,0.6515569504078925,0.6514363509978256,1.303113900815785,6,False,,,ok,0.8185185185185265,0.0013252380952380946,1.0899346182188605,1.5742611656909347,-0.2268577855344322,1.303113900815785,-4.0000000000000036,0.030199999999999998,0.5411838808889309,9.8385,-0.04810564931138428,7.000000000000028,real,ok,
2025-08-13,0.5293248798336291,0.5293248798336291,0.11211824906171096,6,False,,,ok,0.21666666666666962,0.0011574603174603175,1.089138400111687,1.5665310497880414,-0.22686917771571316,0.11211824906171096,-7.000000000000028,0.0294,0.5411838808889309,9.8385,-0.04810564931138428,2.000000000000046,real,ok,
2025-08-14,0.5668259705843617,0.5668259705843617,-0.36406937054866595,6,False,,,ok,0.41428571428571315,-0.0005680423280423272,1.0883789656379417,1.558913785308264,-0.2268805699820687,-0.36406937054866595,-6.00000000000005,0.020800000000000003,0.5411838808889309,9.8385,-0.04810564931138428,0.0,real,ok,
2025-08-15,0.6441091112832312,0.6441091112832312,-0.36406937054866595,6,False,,,ok,0.8111111111111189,-0.0005735449735449726,1.0854933000607743,1.5514066525513117,-0.22689196233350364,-0.36406937054866595,-4.0000000000000036,0.020800000000000003,0.5411838808889309,9.8385,-0.04810564931138428,0.0,real,ok,
2025-08-18,0.6495204609990821,0.5615133951784792,1.2990409219981642,6,False,,,ok,0.40846560846560714,-0.0006189947089947085,1.0826166942034872,1.5440070227023195,-0.22690335477002327,1.2990409219981642,-6.00000000000005,0.0206,0.5411838808889309,9.8385,-0.04810564931138428,7.000000000000028,real,ok,
2025-08-19,0.303324119414616,0.303324119414616,-0.3658960020062622,6,False,,,ok,0.2060846560846592,-0.004659100529100528,1.0804012743718263,0.6542018159024309,-0.41940804875673576,-0.3658960020062622,-7.000000000000028,0.0004,0.5411838808889309,7.176,-0.061095904019348835,0.0,real,ok,
2025-08-20,-0.14603493232507772,-0.14603493232507772,-0.3658960020062622,6,True,拍卖吸收度,,ok,-0.19603174603175227,0.003330211640211641,-0.7706610563006484,0.6528988091336676,-0.41971088006686713,-0.3658960020062622,-9.000000000000075,0.040400000000000005,-0.31805944984021,7.176,-0.061095904019348835,0.0,real,ok,
2025-08-21,-0.16815244177958003,-0.16815244177958003,-0.3658960020062622,6,False,,,ok,0.001587301587308687,0.005756296296296297,-1.9256589215699633,1.4975669367785203,-0.420013821990062,-0.3658960020062622,-8.000000000000007,0.0526,-0.8562022967833072,9.7235,-0.061095904019348835,0.0,real,ok,
2025-08-22,-0.009054012985777038,-0.009054012985777038,-0.3658960020062622,6,False,,,ok,0.7976190476190557,0.005742380952380952,-1.919156456534589,1.490841837687263,-0.4203168746529956,-0.3658960020062622,-4.0000000000000036,0.0526,-0.8562022967833072,9.7235,-0.061095904019348835,0.0,real,ok,
2025-08-25,0.030288187930963197,0.030288187930963197,-0.3658960020062622,6,False,,,ok,0.9939153439153475,0.00664724867724868,-1.9127082184257282,1.4842066036704584,-0.4206200381825105,-0.3658960020062622,-3.000000000000025,0.05720000000000001,-0.8562022967833072,9.7235,-0.061095904019348835,0.0,real,ok,
2025-08-26,-0.1065238829470406,-0.1065238829470406,-0.3658960020062622,6,True,基差平仓速度,,ok,1.19047619047619,0.0066722222222222235,-1.7629114654335512,-0.16301133310575652,0.1961549711056925,-0.3658960020062622,-2.000000000000046,0.05740000000000001,-0.7891117497436266,4.769120800571837,-0.019484847524796844,0.0,real,ok,
2025-08-27,-0.1431396273611919,-0.1431396273611919,-0.3658960020062622,6,False,,,ok,0.7886243386243466,-0.0005332804232804231,-1.5348990221894903,-0.16278129142096381,0.19389111860342836,-0.3658960020062622,-4.0000000000000036,0.0214,-0.685031484487878,4.769120800571837,-0.019484847524796844,0.0,real,ok,
2025-08-28,0.2087039190217308,0.2087039190217308,-0.36468829790011664,6,True,拍卖吸收度,,ok,0.3873015873015861,-0.003015502645502646,0.6301662281988455,-0.16255222098124836,0.1916195032349734,-0.36468829790011664,-6.00000000000005,0.009,0.3211003737802546,4.769120800571837,-0.019484847524796844,0.0,real,ok,
2025-08-29,0.20845523607243974,0.20845523607243974,-0.36286122590032044,6,False,,,ok,0.386243386243385,-0.0030177248677248675,0.6320346299413516,-0.16232411497084834,0.18934000401603537,-0.36286122590032044,-6.00000000000005,0.009,0.3211003737802546,4.769120800571837,-0.019484847524796844,0.0,real,ok,
2025-09-01,0.20802222753045113,0.20802222753045113,-0.36121233633080074,6,False,,,ok,0.38518518518518385,-0.003938730158730159,0.6339091515252734,-0.16209696664078174,0.1870524977413102,-0.36121233633080074,-6.00000000000005,0.0044,0.3211003737802546,4.769120800571837,-0.019484847524796844,0.0,real,ok,
2025-09-02,0.37392360775125066,0.37392360775125066,-0.36121233633080074,6,True,回购压力,,ok,1.382804232804228,-0.00397984126984127,0.6357898358682389,-0.1618707693080067,0.01687458066163447,-0.36121233633080074,-1.0000000000000675,0.004200000000000001,0.3211003737802546,4.769120800571837,-0.030677411833399004,0.0,real,ok,
2025-09-03,0.8214874998260362,0.8214874998260362,-0.36121233633080074,6,False,,,ok,1.3804232804232757,-0.0047,0.6351204991017965,2.081626303551055,0.014967416054052758,-0.36121233633080074,-1.0000000000000675,0.0006000000000000001,0.3211003737802546,11.5075,-0.030677411833399004,0.0,real,ok,
2025-09-04,0.8977501133479645,0.8977501133479645,-0.36121233633080074,6,False,,,ok,1.7772486772486815,-0.00470015873015873,0.6364675225980789,2.0666794667397257,0.013055058883495434,-0.36121233633080074,0.9999999999999787,0.0006000000000000001,0.3211003737802546,11.5075,-0.030677411833399004,0.0,real,ok,
2025-09-05,0.9334287012815901,0.9334287012815901,-0.36121233633080074,6,False,,,ok,1.9738095238095241,-0.00470031746031746,0.6348466263781232,2.052050218342664,0.01113745533795625,-0.36121233633080074,1.9999999999999574,0.0006000000000000001,0.3211003737802546,11.5075,-0.030677411833399004,0.0,real,ok,
2025-09-08,0.8492816979212326,0.8492816979212326,-0.36121233633080074,6,False,,,ok,1.5708994708994797,-0.004660529100529101,0.6332275284663833,2.0377274683928652,0.009214550947963663,-0.36121233633080074,0.0,0.0008,0.3211003737802546,11.5075,-0.030677411833399004,0.0,real,ok,
2025-09-09,0.6196820883790279,0.6196820883790279,-0.36121233633080074,6,True,拍卖吸收度、基差平仓速度,,ok,1.568253968253977,-0.0006260846560846557,-1.603170537069123,2.0237006616022133,1.1102524337641573,-0.36121233633080074,0.0,0.021,-0.7154735163221313,11.5075,0.04240433657218545,0.0,real,ok,
2025-09-10,0.6165987257328847,0.6165987257328847,-0.36121233633080074,6,False,,,ok,1.3656084656084606,-0.000272116402116402,-1.0556428421246655,1.6654781069742568,1.1078220146084878,-0.36121233633080074,-1.0000000000000675,0.0228,-0.4623197068281546,10.441,0.04240433657218545,0.0,real,ok,
2025-09-11,0.8457871682091602,0.8457871682091602,-0.36121233633080074,6,False,,,ok,1.762433862433867,-0.0002776190476190474,-0.29572948476114647,1.6571058474918283,1.105403234928871,-0.36121233633080074,0.9999999999999787,0.0228,-0.11022339812530281,10.441,0.04240433657218545,0.0,real,ok,
2025-09-12,0.8825321052048103,0.8825321052048103,-0.36121233633080074,6,False,,,ok,1.9587301587301589,-0.00028301587301587244,-0.2976413832692544,1.648858678372993,1.1029960880631704,-0.36121233633080074,1.9999999999999574,0.0228,-0.11022339812530281,10.441,0.04240433657218545,0.0,real,ok,
2025-09-15,1.2507495811096043,1.2507495811096043,-0.35974233940373773,6,True,回购压力、央行回购使用量,黄,ok,3.7523809523809497,0.05959243386243386,-0.2995595648329391,1.6407335151022813,1.100600569035296,-0.35974233940373773,10.999999999999943,0.3226,-0.11022339812530281,10.441,0.04240433657218545,0.0,real,ok,
2025-09-16,0.6553156080532321,0.6553156080532321,-0.35974233940373773,6,True,回购压力,,ok,1.3489417989417942,0.05559306878306878,-0.8172659111346091,1.6327273786055423,1.0565817050703643,-0.35974233940373773,-1.0000000000000675,0.303,-0.34889614252633117,10.441,0.03965881169078722,0.0,real,ok,
2025-09-17,0.6129861092091579,0.6129861092091579,0.12626485487206643,6,False,,,ok,1.1460317460317457,0.05507433862433862,-0.8152531670814871,1.6248373906605886,1.0542402378106035,0.12626485487206643,-2.000000000000046,0.3008,-0.34889614252633117,10.441,0.03965881169078722,1.9999999999999574,real,ok,
2025-09-18,1.3417092829381154,1.3417092829381154,2.0556486000021907,6,True,拍卖吸收度、信任背离,黄,ok,1.3431216931216885,0.05499513227513227,2.1485538166676,2.1099666982936482,1.0519090743325084,2.0556486000021907,-1.0000000000000675,0.3008,1.025254065976045,11.9885,0.03965881169078722,10.000000000000053,real,ok,
2025-09-19,1.3362691386082897,1.3362691386082897,1.5674363637469633,6,False,,黄,ok,1.340476190476186,0.054915820105820114,2.1414378346292113,2.0949276363075624,1.0495882115226687,1.5674363637469633,-1.0000000000000675,0.3008,1.025254065976045,11.9885,0.03965881169078722,8.000000000000007,real,ok,
2025-09-22,1.319214045161075,1.319214045161075,-0.3625015694659096,6,True,央行回购使用量、信任背离,黄,ok,1.3380952380952336,-0.0038858730158730153,2.1343774123575923,2.080205800599797,1.0472776477686259,-0.3625015694659096,-1.0000000000000675,0.0068000000000000005,1.025254065976045,11.9885,0.03965881169078722,0.0,real,ok,
2025-09-23,0.4909194758448884,0.4909194758448884,-0.3625015694659096,6,True,拍卖吸收度、基差平仓速度,,ok,0.9362433862433901,-0.0040074074074074074,-0.6163840962675736,2.0657901932538216,0.07295530340221114,-0.3625015694659096,-3.000000000000025,0.0062,-0.25719622894342936,11.9885,-0.023914305253508017,0.0,real,ok,
2025-09-24,0.46019478681411663,0.46019478681411663,-0.3625015694659096,6,False,,,ok,1.1341269841269839,-0.004008994708994709,-0.9507908310767373,2.0516703428453673,0.06997643288396374,-0.3625015694659096,-2.000000000000046,0.0062,-0.41413130416108646,11.9885,-0.023914305253508017,0.0,real,ok,
2025-09-25,1.074310140947033,1.074310140947033,-0.3625015694659096,6,True,回购压力、拍卖吸收度,黄,ok,2.130687830687827,-0.003970687830687831,1.1400205792366807,2.037836272474411,0.06697671016693463,-0.3625015694659096,2.999999999999936,0.0064,0.5601505646858838,11.9885,-0.023914305253508017,0.0,real,ok,
2025-09-26,0.9902664959939665,0.9902664959939665,-0.3625015694659096,6,False,,,ok,1.7277777777777825,-0.003972328042328043,1.1392928710909875,2.0242784701379852,0.0639556890054057,-0.3625015694659096,0.9999999999999787,0.0064,0.5601505646858838,11.9885,-0.023914305253508017,0.0,real,ok,
2025-09-29,0.8661911379780918,0.8661911379780918,-0.36022586047108907,6,False,,,ok,1.1256613756613754,-0.005172380952380952,1.1385659239909864,2.0109878612439096,0.06091290994656803,-0.36022586047108907,-2.000000000000046,0.0004,0.5601505646858838,11.9885,-0.023914305253508017,0.0,real,ok,
2025-09-30,1.5348252300601184,1.5348252300601184,-0.357892125768944,6,True,回购压力、央行回购使用量、基差平仓速度,黄,ok,3.3201058201058258,0.23451010582010579,1.1378397363830723,1.9979557830849701,0.9837147049066174,-0.357892125768944,8.999999999999986,1.2004,0.5601505646858838,11.9885,0.035483145503509506,0.0,real,ok,
2025-10-01,0.8801582812176779,0.8801582812176779,-0.3560337135825725,6,False,,,ok,2.5156084656084707,0.2341526984126984,1.134923648619495,-0.46583222058387747,0.981938814031603,-0.3560337135825725,4.999999999999982,1.2002,0.5601505646858838,4.071083505866115,0.035483145503509506,0.0,real,ok,
2025-10-02,1.2996002853049777,1.2996002853049777,-0.3553619273654838,6,False,,黄,ok,2.5111111111111164,0.23391523809523812,1.1394256786416257,1.6333724568409445,0.9801769418359645,-0.3553619273654838,4.999999999999982,1.2006000000000001,0.5601505646858838,10.833,0.035483145503509506,0.0,real,ok,
2025-10-03,1.217142493188922,1.217142493188922,-0.3553619273654838,6,False,,黄,ok,2.107142857142853,0.23779216931216932,1.1366311644568383,1.6257170411937045,0.9784292338390452,-0.3553619273654838,2.999999999999936,1.2216,0.5601505646858838,10.833,0.035483145503509506,0.0,real,ok,
2025-10-06,1.0941896003207234,1.0941896003207234,-0.3553619273654838,6,False,,黄,ok,1.5039682539682628,0.23826804232804233,1.133847526301888,1.6181683380096488,0.9766958409957756,-0.3553619273654838,0.0,1.2256,0.5601505646858838,10.833,0.035483145503509506,0.0,real,ok,
2025-10-07,0.602734267523429,0.602734267523429,-0.3553619273654838,6,True,央行回购使用量、拍卖吸收度、基差平仓速度,,ok,1.3013227513227466,-0.0016587301587301581,-0.9562730807536347,2.8684459752333247,-0.19816557802656146,-0.3553619273654838,-1.0000000000000675,0.026000000000000002,-0.4110404964280225,14.9825,-0.038848429850188326,0.0,real,ok,
2025-10-08,0.6152564410104,0.6152564410104,-0.3553619273654838,6,False,,,ok,0.8994708994709034,0.002249259259259259,-0.4587710412266239,2.8352027790968224,-0.20186969154836137,-0.3553619273654838,-3.000000000000025,0.0456,-0.17897097046416033,14.9825,-0.038848429850188326,0.0,real,ok,
2025-10-09,0.6525245063295978,0.6525245063295978,-0.3553619273654838,6,False,,,ok,1.0976190476190473,0.0021977777777777777,-0.4346765312268927,2.8030895821551547,-0.20560734467709813,-0.3553619273654838,-2.000000000000046,0.0454,-0.16622665560383154,14.9825,-0.038848429850188326,0.0,real,ok,
2025-10-10,0.7242914494776803,0.7242914494776803,-0.3553619273654838,6,False,,,ok,1.4949735449735537,-0.002008148148148147,-0.43417267854772784,2.772043785005333,-0.20937925589460943,-0.3553619273654838,0.0,0.0244,-0.16622665560383154,14.9825,-0.038848429850188326,0.0,real,ok,
2025-10-13,0.71693347153973,0.71693347153973,-0.3553619273654838,6,False,,,ok,1.4923280423280514,-0.0028130158730158726,-0.4336690412971241,2.7420075380245144,-0.21318616548377572,-0.3553619273654838,0.0,0.0204,-0.16622665560383154,14.9825,-0.038848429850188326,0.0,real,ok,
2025-10-14,0.8569925797756147,0.8569925797756147,-0.3553619273654838,6,False,,,ok,2.288624338624348,-0.0028977777777777778,-0.4335154202124514,2.71292728783333,-0.2801755295893755,-0.3553619273654838,4.0000000000000036,0.02,-0.16622665560383154,14.9825,-0.04277009308133084,0.0,real,ok,
2025-10-15,1.3028982724057763,1.3028982724057763,-0.3553619273654838,6,True,回购压力、央行回购使用量,黄,ok,4.282275132275134,0.26282550264550264,-0.4318198851330287,2.6847533755901747,-0.28354276334890144,-0.3553619273654838,13.999999999999968,1.3504,-0.16622665560383154,14.9825,-0.04277009308133084,0.0,real,ok,
2025-10-16,3.1775771023488417,3.1775771023488417,-0.3553619273654838,6,True,央行回购使用量,红,ok,4.475396825396824,0.5959465608465608,-0.430139333346866,11.533616798394474,-0.2869353395467827,-0.3553619273654838,14.999999999999947,3.02,-0.16622665560383154,54.359375,-0.04277009308133084,0.0,real,ok,
2025-10-17,2.384743918537595,2.384743918537595,-0.3553619273654838,6,True,回购压力,红,ok,2.071693121693118,0.595147619047619,-0.42847479056111554,9.975707342379915,-0.2903536998715612,-0.3553619273654838,2.999999999999936,3.02,-0.16622665560383154,54.359375,-0.04277009308133084,0.0,real,ok,
2025-10-20,2.1076403269840145,2.1076403269840145,-0.3553619273654838,6,True,央行回购使用量,红,ok,1.6687830687830736,0.6742828042328042,-0.42682736642126473,8.91576142516718,-0.29379829684172065,-0.3553619273654838,0.9999999999999787,3.4202,-0.16622665560383154,54.359375,-0.04277009308133084,0.0,real,ok,
2025-10-21,2.4095345306613587,2.4095345306613587,-0.3553619273654838,6,True,回购压力、央行回购使用量、基差平仓速度,红,ok,3.0640211640211747,0.7932192592592593,-0.4251982627150684,8.134827961580028,0.4808025311614012,-0.3553619273654838,8.000000000000007,4.0202,-0.16622665560383154,54.359375,0.00480160265362195,0.0,real,ok,
2025-10-22,0.6311566245070758,0.6311566245070758,-0.3553619273654838,6,True,央行回购使用量,,ok,2.6600529100529116,0.5225528042328043,-0.21415077739845217,-0.2926316477198728,0.4799598333679882,-0.3553619273654838,5.999999999999961,2.6704,-0.07419269778988369,4.522082018927445,0.00480160265362195,0.0,real,ok,
2025-10-23,0.7109096913401384,0.7109096913401384,-0.3553619273654838,6,True,央行回购使用量,,ok,3.255555555555562,0.3082492592592592,-0.19613492784618516,-0.2922391078279858,0.4791176775600415,-0.3553619273654838,8.999999999999986,1.6009999999999998,-0.06779044611513396,4.522082018927445,0.00480160265362195,0.0,real,ok,
2025-10-24,0.7105288725524941,0.7105288725524941,-0.3553619273654838,6,False,,,ok,3.251058201058207,0.30782571428571426,-0.19266747063912346,-0.2918481437521226,0.478276061809795,-0.3553619273654838,8.999999999999986,1.6009999999999998,-0.06779044611513396,4.522082018927445,0.00480160265362195,0.0,real,ok,
2025-10-27,0.8772574930867834,0.8772574930867834,-0.3553619273654838,6,True,央行回购使用量,,ok,3.845502645502639,0.563024126984127,-0.20821554627206793,-0.29145874497491253,0.47743498419413044,-0.3553619273654838,11.999999999999922,2.8808000000000002,-0.07592034231810539,4.522082018927445,0.00480160265362195,0.0,real,ok,
2025-10-28,1.500385930891138,1.500385930891138,-0.11146283886532955,6,True,央行回购使用量、拍卖吸收度、基差平仓速度,黄,ok,4.638888888888883,0.7521312169312171,1.1008019434135892,1.0962449032100703,-0.08613729798807074,-0.11146283886532955,15.999999999999925,3.831400000000001,0.4755747818824889,12.7085,-0.029629410631389907,1.000000000000023,real,ok,
2025-10-29,1.159675219347998,0.8288342855483583,2.319350438695996,6,True,央行回购使用量、拍卖吸收度、信任背离,黄,ok,3.8330687830687764,1.162972962962963,-1.8593105141556678,1.093291040941847,-0.08585084507612703,2.319350438695996,11.999999999999922,5.8934,-0.770046817081069,12.7085,-0.029629410631389907,10.999999999999988,real,ok,
2025-10-30,0.9333641562501288,0.9333641562501288,-0.358011894479449,6,True,央行回购使用量、信任背离,,ok,4.226719576719589,1.2891255555555554,-1.8538209031484139,1.0903609476456229,-0.08556439552170914,-0.358011894479449,14.000000000000012,6.5328,-0.770046817081069,12.7085,-0.029629410631389907,0.0,real,ok,
2025-10-31,2.0536278607411567,2.0536278607411567,-0.358011894479449,6,True,回购压力、央行回购使用量,红,ok,7.815608465608472,3.2987341269841273,-1.8483796457951067,1.0874543061623931,-0.08527794925410162,-0.358011894479449,31.999999999999986,16.602800000000002,-0.770046817081069,12.7085,-0.029629410631389907,0.0,real,ok,
2025-11-03,1.800218832424094,1.800218832424094,-0.358011894479449,6,True,回购压力、央行回购使用量,黄,ok,6.006878306878316,3.837622592592593,-1.8429860363748003,1.0845708052269507,-0.08499150620258883,-0.358011894479449,23.0,19.3228,-0.770046817081069,12.7085,-0.029629410631389907,0.0,real,ok,
2025-11-04,1.298591093481993,1.298591093481993,-0.358011894479449,6,True,回购压力,黄,ok,3.4015873015873126,3.7146270370370376,-1.8360644301014248,1.0817101393278121,0.13109541955922888,-0.358011894479449,10.000000000000009,18.7326,-0.770046817081069,12.7085,-0.01642756765434128,0.0,real,ok,
2025-11-05,0.8338400244669615,0.8338400244669615,-0.358011894479449,6,True,回购压力、央行回购使用量,,ok,1.5986772486772625,3.3018514814814823,-1.829245152595051,0.9668808432216478,0.13103570154946642,-0.358011894479449,1.000000000000023,16.690800000000003,-0.770046817081069,12.045,-0.01642756765434128,0.0,real,ok,
2025-11-06,0.823685647447074,0.823685647447074,-0.35615628999188426,6,True,央行回购使用量,,ok,1.7955026455026548,3.049804074074074,-1.822478563495782,0.9646240963885402,0.13097598476588285,-0.35615628999188426,2.0000000000000018,15.450999999999999,-0.770046817081069,12.045,-0.01642756765434128,0.0,real,ok,
2025-11-07,0.4768805910564867,0.4768805910564867,-0.35615628999188426,6,True,央行回购使用量,,ok,1.9925925925926067,1.1142749206349207,-1.8157639179594331,0.9623830908065228,0.1309162692078165,-0.35615628999188426,3.000000000000025,5.781000000000001,-0.770046817081069,12.045,-0.01642756765434128,0.0,real,ok,
2025-11-10,0.41556702594758016,0.41556702594758016,-0.35615628999188426,6,True,央行回购使用量,,ok,2.3891534391534535,0.23402984126984125,-1.5853538534053435,0.9601576442640565,0.0798480584558928,-0.35615628999188426,5.000000000000027,1.3816,-0.6746222598883604,12.045,-0.019548194055597934,0.0,real,ok,
2025-11-11,0.37692030260052584,0.37692030260052584,0.37388031754064865,6,False,,,ok,2.3851851851851995,0.04183883597883599,-1.580226887671073,0.9579475774892187,0.07985680202044787,0.37388031754064865,5.000000000000027,0.4212000000000001,-0.6746222598883604,12.045,-0.019548194055597934,3.000000000000025,real,ok,
2025-11-12,0.9026652353386962,0.9026652353386962,-0.35712016537502744,6,True,央行回购使用量、拍卖吸收度,,ok,2.980423280423291,0.2794130158730159,0.21749278631058808,0.955752714089006,0.08024437999758036,-0.35712016537502744,8.000000000000007,1.6112000000000002,0.08858058475715626,12.045,-0.019548194055597934,0.0,real,ok,
2025-11-13,1.0988564795771991,1.0988564795771991,-0.35712016537502744,6,False,,黄,ok,3.375132275132286,0.43474074074074076,0.6502044650549745,0.953572880490161,0.08063203646783292,-0.35712016537502744,10.000000000000009,2.391,0.2730192279861437,12.045,-0.019548194055597934,0.0,real,ok,
2025-11-14,0.881876119535737,0.881876119535737,0.3874281625087449,6,True,回购压力,,ok,2.3711640211640357,0.3550131746031745,0.6507757243981167,0.9514079058814805,0.08101977163187729,0.3874281625087449,5.000000000000027,1.9949999999999997,0.2730192279861437,12.045,-0.019548194055597934,2.999999999999936,real,ok,
2025-11-17,1.1249752776109785,1.1249752776109785,-0.35801526932222133,6,True,回购压力,黄,ok,3.3658730158730266,0.576990687830688,0.6513474765030263,0.9492576221575578,0.08140758569059384,-0.35801526932222133,10.000000000000009,3.1090000000000004,0.2730192279861437,12.045,-0.019548194055597934,0.0,real,ok,
2025-11-18,0.6074735152810553,0.6074735152810553,-0.356170938886147,6,True,回购压力,,ok,2.162169312169322,0.5764877777777778,0.651919722345861,-0.6717390476499313,0.31852981176224643,-0.356170938886147,4.0000000000000036,3.1106000000000003,0.2730192279861437,2.4909949808089755,-0.00507038442099339,0.0,real,ok,
2025-11-19,0.2948888875573644,0.2948888875573644,-0.35393341192869204,6,True,央行回购使用量,,ok,1.5592592592592731,0.33414476190476194,-0.06605064917738696,-0.6705880166573894,0.31767908245756354,-0.35393341192869204,1.000000000000023,1.9014000000000002,-0.030024077607682373,2.4909949808089755,-0.00507038442099339,0.0,real,ok,
2025-11-20,1.299140109118,1.299140109118,-0.3525660993885615,6,False,,黄,ok,1.5563492063492201,0.17788804232804237,0.1333779200606533,4.311256799134331,0.3168285777177531,-0.3525660993885615,1.000000000000023,1.1216000000000002,0.05409138370266872,32.402547770700636,-0.00507038442099339,0.0,real,ok,
2025-11-21,1.3589065523297252,1.3589065523297252,-0.3504545530836405,6,False,,黄,ok,1.9529100529100671,0.17679238095238095,0.13405033613921077,4.214801695952369,0.31597829569459834,-0.3504545530836405,3.000000000000025,1.1176,0.05409138370266872,32.402547770700636,-0.00507038442099339,0.0,real,ok,
2025-11-24,1.3085169401487724,1.3085169401487724,-0.3480906972808533,6,False,,黄,ok,2.548677248677259,-0.04608846560846561,-0.39967695442627504,4.124544637560055,0.3151282345412894,-0.3480906972808533,6.000000000000005,0.0032,-0.17186484006458472,32.402547770700636,-0.00507038442099339,0.0,real,ok,
2025-11-25,1.7092121874609318,1.7092121874609318,-0.3457182143527205,6,True,回购压力、央行回购使用量,黄,ok,3.5431216931216993,0.3770302645502645,0.05973780829667359,4.039849066270611,0.5263221050654119,-0.3457182143527205,10.999999999999988,2.1216,0.02181369831642951,32.402547770700636,0.007900652678426101,0.0,real,ok,
2025-11-26,2.172200101780807,2.172200101780807,-0.3457182143527205,6,True,央行回购使用量,红,ok,4.336772486772494,0.9354885714285712,1.1035226059527485,3.9601663448102187,0.5250504999400006,-0.3457182143527205,14.999999999999991,4.920399999999999,0.46299327127849293,32.402547770700636,0.007900652678426101,0.0,real,ok,
2025-11-27,2.1548734037718393,2.1548734037718393,-0.3457182143527205,6,False,,红,ok,4.329148576821087,0.9341469841269839,1.102270840759569,3.885020735191103,0.5237798819604534,-0.3457182143527205,14.999999999999991,4.9201999999999995,0.46299327127849293,32.402547770700636,0.007900652678426101,0.0,real,ok,
2025-11-28,2.589249469873254,2.589249469873254,-0.3457182143527205,6,True,回购压力、央行回购使用量,红,ok,5.601164064626338,1.9075543915343913,1.1010212486211575,3.8139973996645002,0.5225102449198858,-0.3457182143527205,22.00000000000002,9.8002,0.46299327127849293,32.402547770700636,0.007900652678426101,0.0,real,ok,
2025-12-01,2.758531296690525,2.758531296690525,1.0047092280039729,6,True,央行回购使用量,红,ok,5.481362104968539,2.943546243386243,1.099773821950351,3.7467327305199545,0.5212415826275403,1.0047092280039729,22.00000000000002,15.0,0.46299327127849293,32.402547770700636,0.007900652678426101,4.999999999999982,real,ok,
2025-12-02,2.270490904514376,2.270490904514376,1.8092596941137118,6,True,回购压力,红,ok,3.3412386311749986,2.9258762433862437,1.0985285531964724,3.6829064927365467,0.30390460207761855,1.8092596941137118,10.999999999999988,14.931400000000002,0.46299327127849293,32.402547770700636,-0.005321179066014814,8.000000000000007,real,ok,
2025-12-03,1.0685255651788004,1.0685255651788004,1.2661997885004028,6,True,回购压力、央行回购使用量,黄,ok,2.1882453947109584,2.3627069312169313,1.096271987247536,-0.6085176549373584,0.3039211676559341,1.2661997885004028,5.000000000000027,12.1316,0.46299327127849293,2.76864,-0.005321179066014814,5.999999999999961,real,ok,
2025-12-04,1.2993155438864077,1.283410062008063,2.5986310877728154,6,False,,黄,ok,1.6132397027388456,2.3595774603174604,1.0935446692245945,1.0467507442932031,0.3039377334662115,2.5986310877728154,2.0000000000000018,12.132,0.46299327127849293,14.2055,-0.005321179066014814,11.000000000000032,real,ok,
2025-12-05,1.4237778080520491,1.1233741997550453,2.8475556161040982,6,True,央行回购使用量,黄,ok,1.7962627165388056,1.3817388888888888,1.0906827515879294,1.044232342251134,0.3039542995084675,2.8475556161040982,3.000000000000025,7.2524,0.46299327127849293,14.2055,-0.005321179066014814,12.00000000000001,real,ok,
2025-12-08,0.8866684810542765,0.6826989807535163,1.773336962108553,6,True,央行回购使用量、拍卖吸收度,,ok,2.1649123014362117,0.34119592592592596,-0.43831623357153326,1.0417320441942584,0.30397086578271887,1.773336962108553,5.000000000000027,2.0524,-0.1830760630424978,14.2055,-0.005321179066014814,8.000000000000007,real,ok,
2025-12-09,1.0155909460976265,0.7104892891689996,2.031181892195253,6,True,央行回购使用量,黄,ok,1.780972515190947,-0.06481,0.3526972102082198,1.0392496341894772,0.4443370862563541,2.031181892195253,3.000000000000025,0.0224,0.15192298102807858,14.2055,0.0032664270623185,8.999999999999986,real,ok,
2025-12-10,0.7475983070474745,0.5957511964492948,1.495196614094949,6,False,,,ok,1.2125644241209097,-0.06481576719576719,0.3509522785518862,1.0367848998926255,0.44327014687682,1.495196614094949,0.0,0.0224,0.15192298102807858,14.2055,0.0032664270623185,7.000000000000028,real,ok,
2025-12-11,0.22843712961008023,0.22843712961008023,0.43274855968188225,6,False,,,ok,1.3966653026047862,-0.06486142857142858,-0.0012054851530105442,-0.6306165417387395,0.44220380090879363,0.43274855968188225,1.000000000000023,0.0222,0.004641908757096358,2.68968,0.0032664270623185,2.999999999999936,real,ok,
2025-12-12,0.4805791319412397,0.2643384379949888,0.9611582638824794,6,False,,,ok,1.5796007902403688,-0.06490687830687832,-0.004523720290568398,-0.6296160463579392,0.44113804468996076,0.9611582638824794,2.0000000000000018,0.022,0.004641908757096358,2.68968,0.0032664270623185,5.000000000000071,real,ok,
2025-12-15,0.6936681875810801,0.6936681875810801,-0.09998265286110378,6,True,回购压力、央行回购使用量,,ok,3.0585193134256334,0.6062388888888888,-0.00786983818090171,-0.6286203007931234,0.44007287456490357,-0.09998265286110378,10.000000000000009,3.3821999999999997,0.004641908757096358,2.68968,0.0032664270623185,0.9999999999999787,real,ok,
2025-12-16,0.48110726495770406,0.48110726495770406,-0.36416006914781823,6,True,回购压力,,ok,1.930944969218962,0.7608586772486772,-0.01124448223792111,-0.6276292675650924,0.35260642812389487,-0.36416006914781823,4.0000000000000036,4.1608,0.004641908757096358,2.68968,-0.0020217438042027247,0.0,real,ok,
2025-12-17,0.5239673496744679,0.5239673496744679,0.4304516317914715,6,False,,,ok,1.9233456315322335,0.7597583597883598,0.13550193380340367,-0.5504820152314394,0.35171283847978213,0.4304516317914715,4.0000000000000036,4.1608,0.06670338075751632,3.2151319332256327,-0.0020217438042027247,3.000000000000025,real,ok,
2025-12-18,0.4354225386906777,0.4354225386906777,-0.36299606231574433,6,False,,,ok,1.361894443525865,0.7586180423280423,-1.065335183273264,0.7711158387340185,0.3508195521387266,-0.36299606231574433,1.000000000000023,4.1606,-0.4306180319139813,12.3145,-0.0020217438042027247,0.0,real,ok,
2025-12-19,0.43346197329624586,0.43346197329624586,-0.360710989565391,6,False,,,ok,1.3579468868763436,0.757477619047619,-1.0677768311538023,0.7697356247529303,0.3499265669581387,-0.360710989565391,1.000000000000023,4.1604,-0.4306180319139813,12.3145,-0.0020217438042027247,0.0,real,ok,
2025-12-22,0.6726596244754587,0.6726596244754587,-0.35938743828825176,6,True,央行回购使用量、拍卖吸收度,,ok,1.7228407127234953,0.08522597883597885,0.4378347492277366,0.76836280079234,0.3490338807977426,-0.35938743828825176,3.000000000000025,0.8002,0.19259540280723259,12.3145,-0.0020217438042027247,0.0,real,ok,
2025-12-23,0.22064552940093188,-0.044231537450308674,0.44129105880186376,6,True,拍卖吸收度,,ok,1.3486016079371868,-0.07453433862433863,-2.3370595207055045,0.7669973011146944,0.0748372630264186,0.44129105880186376,1.000000000000023,0.0014,-0.9538234163752802,12.3145,-0.01874673309840902,2.999999999999936,real,ok,
2025-12-24,0.4231735293022193,0.4231735293022193,-0.3576049129220258,6,True,拍卖吸收度,,ok,1.3447634468261274,-0.05448111111111111,-0.013701295077000866,0.7656390607983781,0.07364754507470311,-0.3576049129220258,1.000000000000023,0.1018,0.007016613706846617,12.3145,-0.01874673309840902,0.0,real,ok,
2025-12-25,0.4214137678844018,0.4214137678844018,0.442745755466444,6,False,,,ok,1.3409426463268723,-0.05450730158730159,-0.016111337846243776,0.7642880157247353,0.0724568168039469,0.442745755466444,1.000000000000023,0.1018,0.007016613706846617,12.3145,-0.01874673309840902,3.000000000000025,real,ok,
2025-12-26,0.9223816037601729,0.9223816037601729,-0.35864879632756086,6,True,回购压力、央行回购使用量,,ok,3.161637115715221,0.6345938095238096,-0.018532079748957497,0.7629441025653468,0.07126507074544462,-0.35864879632756086,10.999999999999988,3.5520000000000005,0.007016613706846617,12.3145,-0.01874673309840902,0.0,real,ok,
2025-12-29,1.1594645450496484,1.1594645450496484,-0.35864879632756086,6,True,央行回购使用量,黄,ok,3.316324931046526,1.6702819047619049,-0.02096366872435226,0.7616072587695493,0.07007229939461383,-0.35864879632756086,12.00000000000001,8.742,0.007016613706846617,12.3145,-0.01874673309840902,0.0,real,ok,
2025-12-30,0.9717410224501327,0.9717410224501327,-0.35864879632756086,6,True,回购压力,,ok,2.2131162160196567,1.7875715873015872,-0.02340625539669782,0.7602774225521964,0.12114614177392145,-0.35864879632756086,6.000000000000005,9.3408,0.007016613706846617,12.3145,-0.015556133866697852,0.0,real,ok,
2025-12-31,2.125434828465946,2.125434828465946,-0.35864879632756086,6,True,回购压力、央行回购使用量,红,ok,5.02633189617462,4.745060687830687,-0.021891633044883427,0.7589545328816537,0.11871865848765384,-0.35864879632756086,22.00000000000002,24.160199999999996,0.007016613706846617,12.3145,-0.015556133866697852,0.0,real,ok,
2026-01-01,2.105370616351116,2.105370616351116,-0.35864879632756086,6,False,,红,ok,4.938490598505745,4.738669259259259,-0.024225969382590064,0.7576385294680241,0.11628066390514229,-0.35864879632756086,22.00000000000002,24.160199999999996,0.007016613706846617,12.3145,-0.015556133866697852,0.0,real,ok,
2026-01-02,1.7222819401052216,1.7222819401052216,-0.35864879632756086,6,True,回购压力,黄,ok,2.811049258786259,4.9539441798941795,-0.023745080934106544,0.7563293527515954,0.11383199002818069,-0.35864879632756086,10.000000000000009,25.269999999999996,0.007016613706846617,12.3145,-0.015556133866697852,0.0,real,ok,
2026-01-05,1.336727846985552,1.336727846985552,-0.35864879632756086,6,True,央行回购使用量,黄,ok,1.9290728918764277,3.9114310582010576,-0.02326412447785191,0.755026943891509,0.11137246543661712,-0.35864879632756086,5.000000000000027,20.083999999999996,0.007016613706846617,12.3145,-0.015556133866697852,0.0,real,ok,
2026-01-06,1.1824532001040344,1.1824532001040344,-0.3564290611291787,6,False,,黄,ok,1.227735088072699,3.7862766666666667,-0.02278309965421088,0.7537312447546417,0.16730610068037546,-0.3564290611291787,1.000000000000023,19.483999999999998,0.007016613706846617,12.3145,-0.012035579243040884,0.0,real,ok,
2026-01-07,0.5495051350504713,0.5495051350504713,-0.3541251989973918,6,True,央行回购使用量,,ok,1.0506217704321976,0.8010693121693115,-0.022302006103257607,0.7524421979046966,0.16569440084940792,-0.3541251989973918,0.0,4.563999999999997,0.007016613706846617,12.3145,-0.012035579243040884,0.0,real,ok,
2026-01-08,0.720520133687513,0.720520133687513,-0.3541251989973918,5,False,,,ok,0.8740849478859526,0.7998619047619042,,1.0440531739859258,0.1640805081162698,-0.3541251989973918,-0.9999999999999787,4.563999999999997,,14.3225,-0.012035579243040884,0.0,real,ok,
2026-01-09,0.49096467788595677,0.49096467788595677,-0.3541251989973918,5,True,央行回购使用量,,ok,0.871849457786823,-0.11213915343915401,,1.0416840076114773,0.16246439958468079,-0.3541251989973918,-0.9999999999999787,0.003999999999997158,,14.3225,-0.012035579243040884,0.0,real,ok,
2026-01-12,0.3150760784321446,0.3150760784321446,-0.3541251989973918,6,False,,,ok,0.8696185671125233,-0.11289920634920689,-0.38151592906414966,1.0393309082890716,0.1608460521724846,-0.3541251989973918,-0.9999999999999787,0.00019999999999715783,-0.13758772250447704,14.3225,-0.012035579243040884,0.0,real,ok,
2026-01-13,0.5219259096344403,0.5219259096344403,-0.3541251989973918,6,True,基差平仓速度,,ok,1.041102273013253,-0.10882465608465663,0.024523422859474304,1.03699369518315,0.6158348132009809,-0.3541251989973918,0.0,0.020599999999997155,0.028083818250778568,14.3225,0.015374978007407947,0.0,real,ok,
2026-01-14,0.4341145451561862,0.4341145451561862,-0.3541251989973918,6,False,,,ok,0.8647502225996527,-0.10883005291005347,0.02381608501888098,0.7763005737028416,0.614535897369609,-0.3541251989973918,-0.9999999999999787,0.020599999999997155,0.028083818250778568,12.5505,0.015374978007407947,0.0,real,ok,
2026-01-15,0.5022303782323643,0.5022303782323643,-0.3541251989973918,6,False,,,ok,1.2096405156851229,-0.1088354497354503,0.022147233051691032,0.7749612158345492,0.6132383763259083,-0.3541251989973918,1.000000000000023,0.020599999999997155,0.028083818250778568,12.5505,0.015374978007407947,0.0,real,ok,
2026-01-16,0.9205768961098808,0.9205768961098808,1.255295211826115,6,True,信任背离,,ok,1.0329580429759828,-0.10884074074074128,0.02253710969496496,3.0442878254418644,0.6119422431773337,1.255295211826115,0.0,0.020599999999997155,0.028083818250778568,28.276190476190475,0.015374978007407947,6.00000000000005,real,ok,
2026-01-19,0.9132257411533017,0.9132257411533017,-0.3559156203309998,6,True,信任背离,,ok,1.0302726039197498,-0.10888597883597936,0.0229270410306787,3.0111675485948703,0.6106474910571885,-0.3559156203309998,0.0,0.020399999999997157,0.028083818250778568,28.276190476190475,0.015374978007407947,0.0,real,ok,
2026-01-20,1.4235281061115,0.9269831154782928,2.847056212223,6,True,信任背离,黄,ok,0.8542151040104148,-0.11296571428571427,0.02331702725212246,2.979105528097741,0.8912436323168996,2.847056212223,-0.9999999999999787,0.0,0.028083818250778568,28.276190476190475,0.03232742170615255,12.00000000000001,real,ok,
2026-01-21,1.28250699401292,-0.12122225560263764,2.56501398802584,6,True,拍卖吸收度,黄,ok,0.6785632412351629,-0.1129255555555561,-1.4559767533752148,-0.6062412372441334,0.890469026926553,2.56501398802584,-2.0000000000000018,0.00019999999999715783,-0.574429234114391,3.139626704953338,0.03232742170615255,10.999999999999943,real,ok,
2026-01-22,1.0156865630370735,0.5677368287217563,2.031373126074147,6,True,拍卖吸收度,黄,ok,0.850209298494662,-0.11292539682539737,0.6329689203279866,0.5787360760957386,0.8896952455157923,2.031373126074147,-0.9999999999999787,0.00019999999999715783,0.27528089837823655,11.4455,0.03232742170615255,8.999999999999986,real,ok,
2026-01-23,0.6015393228215327,0.6015393228215327,-0.36071111584494253,6,True,信任背离,,ok,1.0213609918348268,-0.11292534391534445,0.6324236168693739,0.5779150631568636,0.8889222861619436,-0.36071111584494253,0.0,0.00019999999999715783,0.27528089837823655,11.4455,0.03232742170615255,0.0,real,ok,
2026-01-26,0.33027887429033725,0.33027887429033725,-0.35998400625267246,6,True,拍卖吸收度,,ok,1.1918652226472632,-0.11288513227513283,-0.8928334021926971,0.5770975363238917,0.8881501469483613,-0.35998400625267246,1.000000000000023,0.00039999999999715784,-0.34604909763180147,11.4455,0.03232742170615255,0.0,real,ok,
2026-01-27,0.6754656844407101,0.6754656844407101,-0.358206538234851,6,True,基差平仓速度,,ok,1.188630503239358,-0.1128449735449741,0.379030226423891,0.5762834709867358,1.34622919509854,-0.358206538234851,1.000000000000023,0.0005999999999971578,0.1716493389954467,11.4455,0.0600069847974668,0.0,real,ok,
2026-01-28,0.7345816351868125,0.7345816351868125,-0.358206538234851,6,False,,,ok,0.8393754694349412,-0.1126450793650799,1.02449751579892,0.575472842777914,1.3462074272873668,-0.358206538234851,-0.9999999999999787,0.001599999999997158,0.43544987211062736,11.4455,0.0600069847974668,0.0,real,ok,
2026-01-29,0.6657621243452656,0.6657621243452656,-0.358206538234851,6,False,,,ok,1.010267011182912,-0.11264222222222278,0.5103345450395509,0.5746656275694827,1.3461856601566051,-0.358206538234851,0.0,0.001599999999997158,0.22615619126472541,11.4455,0.0600069847974668,0.0,real,ok,
2026-01-30,0.7684416559320545,0.7684416559320545,0.17313272186956283,6,False,,,ok,1.5258466871260765,-0.1126392063492069,0.5089751037071686,0.5738618014700183,1.346163893706216,0.17313272186956283,3.000000000000025,0.001599999999997158,0.22615619126472541,11.4455,0.0600069847974668,1.9999999999999574,real,ok,
2026-02-02,0.8016804326093869,0.8016804326093869,-0.3589336916808242,6,False,,,ok,1.6932597725747203,-0.1116776719576725,0.5076165936720844,0.5730613408216423,1.34614212793616,-0.3589336916808242,4.0000000000000036,0.006399999999997158,0.22615619126472541,11.4455,0.0600069847974668,0.0,real,ok,
2026-02-03,0.7873658068413726,0.7873658068413726,-0.3589336916808242,6,False,,,ok,1.6874560846510052,-0.11163629629629686,0.5062590074023714,0.572264222197095,1.282486016252688,-0.3589336916808242,4.0000000000000036,0.0065999999999971585,0.22615619126472541,11.4455,0.056164580357398686,0.0,real,ok,
2026-02-04,0.8145962362056807,0.8145962362056807,-0.3589336916808242,6,False,,,ok,0.9939879723889362,-0.11183465608465663,0.5049023373812273,1.4018846008706358,1.2840409264722605,-0.3589336916808242,0.0,0.005599999999997158,0.22615619126472541,17.25,0.056164580357398686,0.0,real,ok,
2026-02-05,0.6852899745281332,0.6852899745281332,-0.3589336916808242,6,False,,,ok,0.9917719932676061,-0.11171613756613812,0.5035465761067672,0.7572479451287522,1.285599495703679,-0.3589336916808242,0.0,0.0061999999999971574,0.22615619126472541,12.7675,0.056164580357398686,0.0,real,ok,
2026-02-06,0.6502031940482242,0.6502031940482242,-0.3589336916808242,6,False,,,ok,0.8173323484790682,-0.11167783068783124,0.5021917160918161,0.756007996510685,1.2871617398473827,-0.3589336916808242,-0.9999999999999787,0.006399999999997158,0.22615619126472541,12.7675,0.056164580357398686,0.0,real,ok,
2026-02-09,0.6151118074276031,0.6151118074276031,-0.3589336916808242,6,False,,,ok,0.6430588016123401,-0.11183931216931271,0.5008377498637019,0.7547741229301412,1.2887276749011454,-0.3589336916808242,-2.0000000000000018,0.005599999999997158,0.22615619126472541,12.7675,0.056164580357398686,0.0,real,ok,
2026-02-10,0.46392925464627216,0.46392925464627216,-0.3589336916808242,6,True,基差平仓速度,,ok,0.9855304855674404,-0.1079259259259265,0.25429860591807163,0.41787322269777316,0.7698698849740018,-0.3589336916808242,0.0,0.02519999999999716,0.12627576731565213,10.427,0.024905573189160535,0.0,real,ok,
2026-02-11,0.5341621272027356,0.5341621272027356,-0.3589336916808242,6,False,,,ok,0.9829751443659701,-0.10765285714285769,0.6086362531636078,0.41736572128727834,0.7694863743396796,-0.3589336916808242,0.0,0.02659999999999716,0.27116675833396897,10.427,0.024905573189160535,0.0,real,ok,
2026-02-12,-0.030959375420445422,-0.030959375420445422,-0.3589336916808242,6,True,拍卖吸收度,,ok,0.9804264067968451,-0.10777925925925982,-2.213407155441099,0.41686006509559664,0.7691030657056895,-0.3589336916808242,0.0,0.025999999999997157,-0.8790184244875404,10.427,0.024905573189160535,0.0,real,ok,
2026-02-13,0.004766538451624602,0.004766538451624602,-0.3589336916808242,6,False,,,ok,1.1497035686080888,-0.10782539682539738,-2.2031216813153,0.41635624296491064,0.7687199588258212,-0.3589336916808242,1.000000000000023,0.02579999999999716,-0.8790184244875404,10.427,0.024905573189160535,0.0,real,ok,
2026-02-16,0.005838611682853623,0.005838611682853623,-0.3589336916808242,6,False,,,ok,1.1466187538724324,-0.10867042328042383,-2.1929465694636554,0.4158542438316544,0.7683370534542606,-0.3589336916808242,1.000000000000023,0.02159999999999716,-0.8790184244875404,10.427,0.024905573189160535,0.0,real,ok,
2026-02-17,0.35558005054793773,0.35558005054793773,-0.35715487727396833,6,True,央行回购使用量,,ok,1.9993105792218842,1.1057160317460313,-2.1847090189211498,0.41535405672549325,0.4422286039674297,-0.35715487727396833,6.000000000000005,6.101599999999997,-0.8790184244875404,10.427,0.005352077003987765,0.0,real,ok,
2026-02-18,1.0302378383473578,1.0302378383473578,-0.35715487727396833,6,True,拍卖吸收度,黄,ok,2.3312451285632205,1.1061800529100523,0.8572654357437332,0.41485567076831514,0.44164290375146764,-0.35715487727396833,8.000000000000007,6.1119999999999965,0.37114737244217133,10.427,0.005352077003987765,0.0,real,ok,
2026-02-19,-0.10932353598059677,-0.10932353598059677,-0.3549355517121254,6,True,拍卖吸收度,,ok,1.3008411873770447,1.104563703703703,-2.9317884117299418,-0.46129164371667053,0.44105748446288073,-0.3549355517121254,2.0000000000000018,6.1119999999999965,-1.1947527391264106,4.3634615384615385,0.005352077003987765,0.0,real,ok,
2026-02-20,-0.14043561347224456,-0.14043561347224456,-0.35302503833893994,6,False,,,ok,1.127007543048734,1.1029471428571422,-2.9111049076525632,-0.46150019103755696,0.440472345423021,-0.35302503833893994,1.000000000000023,6.1119999999999965,-1.1947527391264106,4.3634615384615385,0.005352077003987765,0.0,real,ok,
2026-02-23,-0.13717198887879936,-0.13717198887879936,-0.35070819753734567,6,False,,,ok,1.1253044329185262,1.1014504232804225,-2.8907934960202977,-0.46170879052714137,0.43988748595449345,-0.35070819753734567,1.000000000000023,6.112599999999997,-1.1947527391264106,4.3634615384615385,0.005352077003987765,0.0,real,ok,
2026-02-24,0.45612006924437204,0.45612006924437204,-0.35070819753734567,6,True,央行回购使用量、拍卖吸收度,,ok,1.2927932977268892,-0.11855248677248731,0.10076319808987154,0.7105646942394331,0.2950316429381536,-0.35070819753734567,2.0000000000000018,0.012599999999997159,0.05534933887652849,12.482,-0.0033100350006183277,0.0,real,ok,
2026-02-25,0.6010959432550737,0.6010959432550737,-0.35070819753734567,6,False,,,ok,1.2893893702946198,-0.12083275132275184,0.8347996231228791,0.707846268794606,0.2942772053860152,-0.35070819753734567,2.0000000000000018,0.0011999999999971578,0.36248463918985496,12.482,-0.0033100350006183277,0.0,real,ok,
2026-02-26,0.3930078882914952,0.3930078882914952,-0.35070819753734567,6,False,,,ok,1.2857903588739943,-0.1208330158730164,-0.19857451744417173,0.7051336700262457,0.293522945874424,-0.35070819753734567,2.0000000000000018,0.0011999999999971578,-0.06982701530631663,12.482,-0.0033100350006183277,0.0,real,ok,
2026-02-27,0.425625753903031,0.425625753903031,-0.35070819753734567,6,False,,,ok,1.4515956196529862,-0.12083328042328094,-0.19782927021669094,0.7024268373881025,0.2927688631140381,-0.35070819753734567,3.000000000000025,0.0011999999999971578,-0.06982701530631663,12.482,-0.0033100350006183277,0.0,real,ok,
2026-03-02,0.31991194569489084,0.31991194569489084,-0.35070819753734567,6,False,,,ok,1.9537343207570783,0.23857042328042274,-0.1970840385239757,-0.6876759328555413,0.2920149558164703,-0.35070819753734567,6.000000000000005,1.800599999999997,-0.06982701530631663,2.8666666666666667,-0.0033100350006183277,0.0,real,ok,
2026-03-03,0.34878898473703823,0.34878898473703823,-0.35070819753734567,6,False,,,ok,1.7776515903631789,0.23825402116402059,-0.1963388210942529,-0.6872855296713386,0.611663662923583,-0.35070819753734567,5.000000000000027,1.801399999999997,-0.06982701530631663,2.8666666666666667,0.015930644657319082,0.0,real,ok,
2026-03-04,0.28526117006119955,0.28526117006119955,-0.35070819753734567,6,False,,,ok,1.2662034481170124,0.23789746031745979,-0.19628828780864463,-0.4911507759754788,0.6096440056556492,-0.35070819753734567,2.0000000000000018,1.8019999999999972,-0.06982701530631663,4.224522939504669,0.015930644657319082,0.0,real,ok,
2026-03-05,0.38607726313629626,0.38607726313629626,-0.3483388578639854,6,False,,,ok,1.094110940958617,0.23746084656084596,-0.1953214505969415,0.18651081884065573,0.6076251599183043,-0.3483388578639854,1.000000000000023,1.802199999999997,-0.06982701530631663,8.922,0.015930644657319082,0.0,real,ok,
2026-03-06,0.35103052128437734,0.35103052128437734,-0.3461279426416271,6,False,,,ok,0.9225958558747159,0.23702417989417937,-0.1951202512429864,0.18504572555808868,0.6056070963378892,-0.3461279426416271,0.0,1.8023999999999973,-0.06982701530631663,8.922,0.015930644657319082,0.0,real,ok,
2026-03-09,0.27789544455883597,0.27789544455883597,-0.3437569210933136,6,False,,,ok,0.9202025575811806,-0.12297629629629683,-0.19491906913861737,0.18358024515068672,0.6035897854972266,-0.3437569210933136,0.0,0.002399999999997158,-0.06982701530631663,8.922,0.015930644657319082,0.0,real,ok,
2026-03-10,1.0895872604825698,0.570383172633075,2.1791745209651396,6,True,拍卖吸收度、信任背离,黄,ok,0.7491481307979667,-0.11898222222222274,1.9652248310356866,-0.7034132956782714,0.9599384192322161,2.1791745209651396,-0.9999999999999787,0.022399999999997155,0.8361023118420221,2.7889365176566647,0.03724538219283047,9.000000000000075,real,ok,
2026-03-11,0.4327049335715941,0.4327049335715941,-0.342400456430601,6,True,信任背离,,ok,0.747154519154782,-0.1191878835978841,1.2805849827871612,-0.7029848528125536,0.9579579023264649,-0.342400456430601,-0.9999999999999787,0.021399999999997157,0.5505917995682205,2.7889365176566647,0.03724538219283047,0.0,real,ok,
2026-03-12,1.6793934422806842,1.6793934422806842,-0.342400456430601,6,True,拍卖吸收度、回购卖压,黄,ok,0.9138412236714458,-0.11899380952381004,-0.7118870566744712,7.358019001957386,0.9559878519728704,-0.342400456430601,0.0,0.02239999999999716,-0.2853655478112946,61.70909090909091,0.03724538219283047,0.0,real,ok,
2026-03-13,1.6008937498217708,1.6008937498217708,-0.342400456430601,6,False,,黄,ok,0.9114674615011071,-0.11903968253968307,-0.7103264823892896,6.968339123468352,0.954028329068367,-0.342400456430601,0.0,0.02219999999999716,-0.2853655478112946,61.70909090909091,0.03724538219283047,0.0,real,ok,
2026-03-16,1.7027960371528763,1.7027960371528763,-0.342400456430601,6,False,,黄,ok,1.7503217269891431,-0.1190455555555561,-0.7087681258644285,6.63939274290058,0.9520793972946436,-0.342400456430601,5.000000000000027,0.02219999999999716,-0.2853655478112946,61.70909090909091,0.03724538219283047,0.0,real,ok,
2026-03-17,0.05785416214499615,0.05785416214499615,-0.342400456430601,6,True,回购卖压,,ok,0.9042749101581592,-0.12320592592592643,-0.927334725903233,-0.7110578629401889,1.1465944153361698,-0.342400456430601,0.0,0.0013999999999971579,-0.3780028795302983,2.2345333333333333,0.04882282210011091,0.0,real,ok,
2026-03-18,-0.043397671495301715,-0.043397671495301715,-0.342400456430601,6,False,,,ok,0.39668860718095583,-0.12300656084656136,-0.9257642507090653,-0.709970897976404,1.145064744874566,-0.342400456430601,-2.9999999999999805,0.002399999999997158,-0.3780028795302983,2.2345333333333333,0.04882282210011091,0.0,real,ok,
2026-03-19,3.2548026424311245,3.2548026424311245,-0.342400456430601,6,True,回购卖压,红,ok,0.39524643717237,-0.12204846560846612,-0.2782215426828072,15.135477712069234,1.1435590712052905,-0.342400456430601,-2.9999999999999805,0.0071999999999971575,-0.10595276056025477,175.62439024390244,0.04882282210011091,0.0,real,ok,
2026-03-20,2.726047659995719,2.726047659995719,2.7550411513371493,6,True,信任背离,红,ok,0.3939657536978113,-0.12205037037037088,-0.2773296241376669,12.493574819642234,1.1420777211465856,2.7550411513371493,-2.9999999999999805,0.0071999999999971575,-0.10595276056025477,175.62439024390244,0.04882282210011091,10.999999999999943,real,ok,
2026-03-23,2.4031045453398887,2.4031045453398887,2.737452400496077,6,False,,红,ok,0.39268540076795544,-0.12125333333333384,-0.27643783081343226,10.879907456612433,1.1406210334658213,2.737452400496077,-2.9999999999999805,0.011199999999997157,-0.10595276056025477,175.62439024390244,0.04882282210011091,10.999999999999943,real,ok,
2026-03-24,2.844288061690102,2.844288061690102,-0.34718908494096773,6,True,拍卖吸收度、信任背离,红,ok,0.5600164700028374,-0.12117640211640264,2.9377011573623584,9.76400890926532,1.0808901739363972,-0.34718908494096773,-2.0000000000000018,0.011599999999997158,1.2529302917080543,175.62439024390244,0.04543260499608215,0.0,real,ok,
2026-03-25,2.5458119338832144,2.5458119338832144,-0.34581553923887015,6,False,,红,ok,0.7270372576560553,-0.12137915343915395,2.1071517070647103,8.933369089930093,1.0828807682043677,-0.34581553923887015,-0.9999999999999787,0.010599999999997157,0.9054947032957364,175.62439024390244,0.04543260499608215,0.0,real,ok,
2026-03-26,0.5366603723905452,0.5366603723905452,-0.34581553923887015,6,True,拍卖吸收度、回购卖压,,ok,0.8936444367948145,-0.1225004232804238,0.3774676927021273,0.44968523612184486,1.0850049196143632,-0.34581553923887015,0.0,0.004999999999997158,0.17251947417124325,18.0235,0.04543260499608215,0.0,real,ok,
2026-03-27,0.4691789807187744,0.4691789807187744,-0.34581553923887015,6,False,,,ok,0.5544834686171672,-0.12250100529100583,0.37749953781060624,0.449144149077167,1.0872687533799372,-0.34581553923887015,-2.0000000000000018,0.004999999999997158,0.17251947417124325,18.0235,0.04543260499608215,0.0,real,ok,
2026-03-30,0.4691174050918544,0.4691174050918544,-0.34581553923887015,6,False,,,ok,0.5529524671319012,-0.12318063492063544,0.3775313839417516,0.4486050112669196,1.0896787980393354,-0.34581553923887015,-2.0000000000000018,0.001599999999997158,0.17251947417124325,18.0235,0.04543260499608215,0.0,real,ok,
2026-03-31,0.6628722575334676,0.6628722575334676,-0.34581553923887015,6,False,,,ok,1.3930105917944984,-0.12322005291005342,0.3775632310956923,0.4480678110123484,1.218939706674852,-0.34581553923887015,3.000000000000025,0.0013999999999971579,0.17251947417124325,18.0235,0.052520114483091906,0.0,real,ok,
2026-04-01,0.404100704503551,0.404100704503551,-0.34353244480749673,6,False,,,ok,0.8847953172997111,-0.09329809523809575,0.3753455952383761,-0.3695694564735464,1.2232301616913097,-0.34353244480749673,0.0,0.15119999999999717,0.17251947417124325,2.8742,0.052520114483091906,0.0,real,ok,
2026-04-02,0.43822890211940724,0.43822890211940724,-0.3419014593195861,6,False,,,ok,1.050691527660885,-0.09341470899470952,0.37525943212504864,-0.36915242564140965,1.2277606854472218,-0.3419014593195861,1.000000000000023,0.15079999999999716,0.17251947417124325,2.8742,0.052520114483091906,0.0,real,ok,
2026-04-03,0.43841650995010806,0.43841650995010806,-0.3411413188700947,6,False,,,ok,1.0479240677119885,-0.0934520105820111,0.3738028342041134,-0.3687368037824514,1.2325444621989006,-0.3411413188700947,1.000000000000023,0.15079999999999716,0.17251947417124325,2.8742,0.052520114483091906,0.0,real,ok,
2026-04-06,0.40502945195951395,0.40502945195951395,-0.3411413188700947,6,False,,,ok,0.8771371526811116,-0.09360920634920687,0.37234618701456823,-0.368322582978738,1.2375957094298349,-0.3411413188700947,0.0,0.15019999999999717,0.17251947417124325,2.8742,0.052520114483091906,0.0,real,ok,
2026-04-07,0.2517988234546852,0.2517988234546852,0.5023560396935567,6,False,,,ok,0.3704431655286918,-0.09368634920634973,0.1439897628588676,-0.3679097553745036,1.20615729346672,0.5023560396935567,-2.9999999999999805,0.14999999999999716,0.07661242579781938,2.8742,0.05055793044577006,3.000000000000025,real,ok,
2026-04-08,0.21022487378352633,0.21022487378352633,-0.34222772459479023,6,False,,,ok,-0.1360202861318277,-0.1196498412698418,0.46267073322882146,-0.3674983131755232,1.211622076266003,-0.34222772459479023,-6.000000000000005,0.020199999999997158,0.21178083104289322,2.8742,0.05055793044577006,0.0,real,ok,
2026-04-09,0.2769307685565764,0.2769307685565764,-0.34222772459479023,6,False,,,ok,-0.47375401090389985,-0.11965433862433913,0.29490214715528984,0.46576001274825596,1.217400032407575,-0.34222772459479023,-8.000000000000007,0.020199999999997158,0.14148636215357582,18.236,0.05055793044577006,0.0,real,ok,
2026-04-10,0.41247358954670404,0.41247358954670404,-0.34222772459479023,6,False,,,ok,0.1994867010102531,-0.11965883597883649,0.2938255305138808,0.46520384645839036,1.2235107057298322,-0.34222772459479023,-4.0000000000000036,0.020199999999997158,0.14148636215357582,18.236,0.05055793044577006,0.0,real,ok,
2026-04-13,0.4805863958267677,0.4805863958267677,-0.34222772459479023,6,False,,,ok,0.5352212880018141,-0.11966333333333386,0.29274898097611457,0.4646496685415285,1.2299753749477154,-0.34222772459479023,-2.0000000000000018,0.020199999999997158,0.14148636215357582,18.236,0.05055793044577006,0.0,real,ok,
2026-04-14,0.6221031969831601,0.6221031969831601,-0.34222772459479023,6,False,,,ok,1.0386857505160352,-0.11958809523809574,0.29167249461804023,0.46409746717444605,1.4356483678453746,-0.34222772459479023,1.000000000000023,0.02059999999999716,0.14148636215357582,18.236,0.060608094940382995,0.0,real,ok,
2026-04-15,0.8062141552886093,0.8062141552886093,-0.34222772459479023,6,False,,,ok,2.0422597902162036,0.2943425396825392,0.2897732702482807,-0.03723465509531632,1.4419298313913391,-0.34222772459479023,7.000000000000028,2.0929999999999973,0.14148636215357582,9.0275,0.060608094940382995,0.0,real,ok,
2026-04-16,0.5690397707715317,0.5690397707715317,0.5011942915530235,6,False,,,ok,1.1975005470789322,0.29383428571428516,0.28867198968726077,-0.3833486904514531,1.4485407218286332,0.5011942915530235,2.0000000000000018,2.093199999999997,0.14148636215357582,2.6688666666666667,0.060608094940382995,3.000000000000025,real,ok,
2026-04-17,0.5023543781778865,0.5023543781778865,-0.3433143661306695,6,False,,,ok,0.8588988854266307,0.2932860317460312,0.28700862412173433,-0.3829214862772897,1.455499835872326,-0.3433143661306695,0.0,2.093199999999997,0.14148636215357582,2.6688666666666667,0.060608094940382995,0.0,real,ok,
2026-04-20,0.43589147193100636,0.43589147193100636,-0.3433143661306695,6,False,,,ok,0.5210440014986367,0.2927377777777772,0.2853437808961667,-0.38249570756577606,1.462827507048227,-0.3433143661306695,-2.0000000000000018,2.093199999999997,0.14148636215357582,2.6688666666666667,0.060608094940382995,0.0,real,ok,
2026-04-21,0.38613817545400564,0.38613817545400564,-0.3433143661306695,6,False,,,ok,0.5195420829125013,0.29218952380952323,0.28367743803715373,-0.3820713464052949,1.217353178916145,-0.3433143661306695,-2.0000000000000018,2.093199999999997,0.14148636215357582,2.6688666666666667,0.048427555406907574,0.0,real,ok,
2026-04-22,0.28731864065338447,0.28731864065338447,-0.3433143661306695,6,False,,,ok,0.6859564128556468,-0.12616936507936558,0.05072839896060034,-0.3896279627308618,1.2157057192609027,-0.3433143661306695,-0.9999999999999787,0.0013999999999971579,0.044291033894449015,2.5227333333333335,0.048427555406907574,0.0,real,ok,
2026-04-23,0.16465662622169305,0.16465662622169305,-0.3433143661306695,6,False,,,ok,0.8522545268417702,-0.12620968253968304,-1.314616237200589,0.19777097382285855,1.2140835501841085,-0.3433143661306695,0.0,0.0011999999999971578,-0.5289356242349107,13.259776536312849,0.048427555406907574,0.0,real,ok,
2026-04-24,0.1975587799473813,0.1975587799473813,-0.3433143661306695,6,False,,,ok,1.0179841389104685,-0.1262100000000005,-1.3140404740046827,0.19757326022048344,1.2124869746106377,-0.3433143661306695,1.000000000000023,0.0011999999999971578,-0.5289356242349107,13.259776536312849,0.048427555406907574,0.0,real,ok,
2026-04-27,0.4766255285788411,0.4766255285788411,-0.3433143661306695,6,False,,,ok,1.0154533400349204,-0.12617037037037088,0.0855522280240663,0.19737613845621121,1.2109163067493784,-0.3433143661306695,1.000000000000023,0.0013999999999971579,0.05939801492887813,13.259776536312849,0.048427555406907574,0.0,real,ok,
2026-04-28,0.16443200124806462,0.16443200124806462,-0.3433143661306695,6,True,基差平仓速度,,ok,0.6777751416325999,-0.1260109523809529,-0.6942730637791764,0.4449836736666576,0.5196852071011949,-0.3433143661306695,-0.9999999999999787,0.002199999999997158,-0.2673383137947237,17.781,0.01572793947980755,0.0,real,ok,
2026-04-29,0.12987849273222435,0.12987849273222435,-0.3429161335500089,6,False,,,ok,0.5082009540646854,-0.12613137566137617,-0.6952731514469557,0.44447360338226555,0.5181224333225026,-0.3429161335500089,-2.0000000000000018,0.001599999999997158,-0.2673383137947237,17.781,0.01572793947980755,0.0,real,ok,
2026-04-30,0.6806595986494826,0.22952795289386435,1.3613191972989651,6,True,信任背离,,ok,1.0095205855859872,-0.12613179894179943,-0.6962748467071026,0.4439652837287162,0.5165605408035203,1.3613191972989651,1.000000000000023,0.001599999999997158,-0.2673383137947237,17.781,0.01572793947980755,6.00000000000005,real,ok,
2026-05-01,0.9690435831045414,0.16137731656713913,1.9380871662090828,6,False,,,ok,0.6717185789958333,-0.12601206349206398,-0.6972781551712289,0.44345870471206356,0.5149995177910917,1.9380871662090828,-0.9999999999999787,0.002199999999997158,-0.2673383137947237,17.781,0.01572793947980755,8.000000000000007,real,ok,
2026-05-04,0.1273310819900748,0.1273310819900748,-0.34050456338149393,6,True,信任背离,,ok,0.5021069129368724,-0.12525333333333383,-0.696591378612396,0.44295385641807156,0.5134393525411599,-0.34050456338149393,-2.0000000000000018,0.005999999999997158,-0.2673383137947237,17.781,0.01572793947980755,0.0,real,ok,
2026-05-05,0.8268939617193105,0.09731603113343634,1.653787923438621,6,True,信任背离,,ok,0.3326473386598087,-0.12541439153439202,-0.6953496978980248,0.4424507290113989,0.5322461774283909,1.653787923438621,-2.9999999999999805,0.005199999999997158,-0.2673383137947237,17.781,0.016691684447726507,6.99999999999994,real,ok,
2026-05-06,-0.02454291854831705,-0.02454291854831705,-0.338863820517411,6,True,信任背离,,ok,0.1632849359218297,-0.12545539682539736,-0.6969032759104321,0.004886008073397725,0.5314731359990169,-0.338863820517411,-4.0000000000000036,0.004999999999997158,-0.2673383137947237,9.8445,0.016691684447726507,0.0,real,ok,
2026-05-07,-0.025111942743659525,-0.046456073211123175,-0.05022388548731905,6,False,,,ok,-0.00600924527195678,-0.12541645502645554,-0.6984609503664982,0.0669056414916262,0.5307006431176684,-0.05022388548731905,-4.999999999999982,0.005199999999997157,-0.2673383137947237,10.9695,0.016691684447726507,0.9999999999999787,real,ok,
2026-05-08,-0.047138224565029765,-0.047138224565029765,-0.33786977509646937,6,False,,,ok,-0.006901614241043621,-0.12553767195767246,-0.7000227440964186,0.06684221027038537,0.5299286971996005,-0.33786977509646937,-4.999999999999982,0.004599999999997158,-0.2673383137947237,10.9695,0.016691684447726507,0.0,real,ok,
2026-05-11,0.3334437587926534,0.3334437587926534,-0.3370960046503751,6,True,拍卖吸收度,,ok,-0.008018606230780293,-0.1263378306878312,1.2056389750971142,0.06677895912058238,0.5291572966641821,-0.3370960046503751,-4.999999999999982,0.0005999999999971578,0.5293509463000343,10.9695,0.016691684447726507,0.0,real,ok,
2026-05-12,0.2631618436597039,0.1573849588097132,0.5263236873194078,6,False,,,ok,-0.009136679277949833,-0.12238322751322801,0.3151632249572446,0.06671588719182951,0.5365655886906698,0.5263236873194078,-4.999999999999982,0.02039999999999716,0.1585692504781267,10.9695,0.017079098923729275,3.000000000000025,real,ok,
2026-05-13,0.258248779407847,0.258248779407847,-0.3368014918855166,6,False,,,ok,-0.1785816217226516,-0.12222883597883649,0.9895640465672517,0.06665299363935066,0.5358373145341209,-0.3368014918855166,-6.000000000000005,0.02119999999999716,0.4406874716724538,10.9695,0.017079098923729275,0.0,real,ok,
2026-05-14,0.1563846830852545,0.1563846830852545,-0.3368014918855166,6,False,,,ok,-0.6845688831734582,-0.12227428571428622,0.9870667629739559,0.06659027762393395,0.5351095437161271,-0.3368014918855166,-8.999999999999986,0.02099999999999716,0.4406874716724538,10.9695,0.017079098923729275,0.0,real,ok,
2026-05-15,0.12212569137805367,0.12212569137805367,-0.3368014918855166,6,False,,,ok,-0.8531467579875144,-0.12227973544973596,0.9851449371280957,0.06652773831188485,0.5343822748875381,-0.3368014918855166,-10.000000000000009,0.02099999999999716,0.4406874716724538,10.9695,0.017079098923729275,0.0,real,ok,
2026-05-18,0.05435782638270479,0.05435782638270479,-0.3368014918855166,6,False,,,ok,-1.189314133693224,-0.1222452380952386,0.983227622124409,0.06646537487497962,0.533655506702598,-0.3368014918855166,-12.00000000000001,0.02119999999999716,0.4406874716724538,10.9695,0.017079098923729275,0.0,real,ok,
2026-05-19,-0.06937121342974677,-0.06937121342974677,-0.3368014918855166,6,False,,,ok,-1.5238082476459442,-0.12616555555555606,0.9809257929113856,-0.23794296422281824,0.5601349073641991,-0.3368014918855166,-14.000000000000012,0.001599999999997158,0.4406874716724538,5.490442054958184,0.018368973218507945,0.0,real,ok,
2026-05-20,-0.16784818982826144,-0.5939405322273709,-0.3356963796565229,6,True,拍卖吸收度,,ok,-1.6886271509188675,-0.1260458730158735,-1.475858898199318,-0.237709172185152,0.5585384331823567,-0.3356963796565229,-14.999999999999991,0.002199999999997158,-0.5835973732970058,5.490442054958184,0.018368973218507945,0.0,real,ok,
2026-05-21,-0.16784818982826144,-0.3745143619773788,-0.3356963796565229,6,False,,,ok,-1.5175742455952104,-0.12592645502645552,-0.9387739953396967,0.15275974429691452,0.5569431417775543,-0.3356963796565229,-14.000000000000012,0.002799999999997158,-0.3604651196058899,12.503333333333334,0.018368973218507945,0.0,real,ok,
2026-05-22,-0.16784818982826144,-0.2377450645556321,-0.3356963796565229,6,False,,,ok,-0.8456922927489334,-0.11394291005291053,-0.9370540665447933,0.15261492574056498,0.555349020827912,-0.3356963796565229,-10.000000000000009,0.06279999999999716,-0.3604651196058899,12.503333333333334,0.018368973218507945,0.0,real,ok,
2026-05-25,-0.16784818982826144,-0.23750642586056517,-0.3356963796565229,6,False,,,ok,-0.8444216497914278,-0.11399931216931267,-0.9353377436705319,0.15247051829631483,0.5537560580321316,-0.3356963796565229,-10.000000000000009,0.06259999999999716,-0.3604651196058899,12.503333333333334,0.018368973218507945,0.0,real,ok,
2026-05-26,0.4388756070313791,0.4388756070313791,-0.3356963796565229,6,True,回购压力、基差平仓速度,,ok,0.4962921999627702,-0.11289719576719626,-0.01435394422761195,0.15232652002262753,1.6730104551663063,-0.3356963796565229,-2.0000000000000018,0.06819999999999715,0.02408145178794352,12.503333333333334,0.07159035076812514,0.0,real,ok,
2026-05-27,0.17473944337318081,0.17473944337318081,-0.3356963796565229,6,False,,,ok,0.49480916829781774,-0.10876074074074123,-1.3318577747306448,0.1521829289907803,1.667323635048692,-0.3356963796565229,-2.0000000000000018,0.08899999999999716,-0.5273647110674434,12.503333333333334,0.07159035076812514,0.0,real,ok,
2026-05-28,0.356319578123184,0.356319578123184,-0.3356963796565229,6,False,,,ok,0.3257319901185421,-0.1088641798941804,-0.2489839252769916,0.15203974328475528,1.6616742623837946,-0.3356963796565229,-2.9999999999999805,0.08859999999999715,-0.07482896302508109,12.503333333333334,0.07159035076812514,0.0,real,ok,
2026-05-29,0.38613810514827873,0.38613810514827873,-0.3356963796565229,6,False,,,ok,0.49211213305270696,-0.12067148148148196,-0.2487089587386876,0.15189696100113156,1.656061871907725,-0.3356963796565229,-2.0000000000000018,0.029599999999997156,-0.07482896302508109,12.503333333333334,0.07159035076812514,0.0,real,ok,
2026-06-01,0.451779306639717,0.451779306639717,-0.33683032494614384,6,False,,,ok,0.8257687615217665,-0.12067878306878355,-0.24843403180965956,0.15175458024897936,1.650486006306282,-0.33683032494614384,0.0,0.029599999999997156,-0.07482896302508109,12.503333333333334,0.07159035076812514,0.0,real,ok,
2026-06-02,0.2427485276796218,0.2427485276796218,-0.33469944982930827,6,True,基差平仓速度,,ok,0.488563898580802,-0.12144507936507984,-0.24815914442377301,0.15161259914975497,0.9431703644564049,-0.33469944982930827,-2.0000000000000018,0.02579999999999716,-0.07482896302508109,12.503333333333334,0.037982238880089114,0.0,real,ok,
2026-06-03,0.15253508503849875,0.15253508503849875,-0.33233156673628256,6,False,,,ok,0.1517220127365457,-0.12572566137566185,-0.2504375402759732,0.04637444521155108,0.940742168896032,-0.33233156673628256,-4.0000000000000036,0.004399999999997158,-0.07482896302508109,10.63,0.037982238880089114,0.0,real,ok,
2026-06-04,0.1032149245055423,0.1032149245055423,-0.33233156673628256,6,False,,,ok,0.31823857490652313,-0.12564619047619097,-0.2514523494073795,-0.3633851648387028,0.9383197523434617,-0.33233156673628256,-2.9999999999999805,0.004799999999997158,-0.07482896302508109,3.33296,0.037982238880089114,0.0,real,ok,
2026-06-05,0.13605742303481255,0.13605742303481255,-0.33233156673628256,6,False,,,ok,0.4847690247346743,-0.12568719576719625,-0.2516868529666657,-0.3630109326311449,0.9359030718043954,-0.33233156673628256,-2.0000000000000018,0.0045999999999971584,-0.07482896302508109,3.33296,0.037982238880089114,0.0,real,ok,
2026-06-08,0.13527949559381,0.13527949559381,-0.33233156673628256,6,False,,,ok,0.48315285247057016,-0.12568820105820153,-0.2519214034992573,-0.3626378545416055,0.9334920845975442,-0.33233156673628256,-2.0000000000000018,0.004599999999997158,-0.07482896302508109,3.33296,0.037982238880089114,0.0,real,ok,
2026-06-09,0.2275585104533259,0.2275585104533259,-0.33233156673628256,6,False,,,ok,-0.022019042252336023,-0.12205402116402164,0.1230883867106732,-0.032344074234072095,1.191121303206386,-0.33233156673628256,-4.999999999999982,0.022799999999997156,0.08186912582091856,9.195,0.05043563168274412,0.0,real,ok,
2026-06-10,0.18050668328883396,0.18050668328883396,-0.33233156673628256,6,False,,,ok,-0.19088817084843512,-0.12205989417989467,0.059893644379439524,-0.03231478632714619,1.1879026234202064,-0.33233156673628256,-6.000000000000005,0.022799999999997156,0.055775885163063144,9.195,0.05043563168274412,0.0,real,ok,
2026-06-11,0.2657704320168045,0.2657704320168045,-0.33233156673628256,6,False,,,ok,-0.02381717623440715,-0.12214449735449781,0.7106075362453416,-0.4204894026426993,1.1846957000702854,-0.33233156673628256,-4.999999999999982,0.022399999999997155,0.32777031590992245,2.3096539162112935,0.05043563168274412,0.0,real,ok,
2026-06-12,0.4326281398794466,0.4326281398794466,-0.33233156673628256,6,False,,,ok,0.815474311871227,-0.12230883597883646,0.7085180588076739,-0.42004326972911676,1.1815004344262852,-0.33233156673628256,0.0,0.021599999999997156,0.32777031590992245,2.3096539162112935,0.05043563168274412,0.0,real,ok,
2026-06-15,0.5653673983715534,0.5653673983715534,-0.33233156673628256,6,False,,,ok,1.483961168365612,-0.122273227513228,0.7064308764721867,-0.4195985542614097,1.178316728794606,-0.33233156673628256,4.0000000000000036,0.02179999999999716,0.32777031590992245,2.3096539162112935,0.05043563168274412,0.0,real,ok,
2026-06-16,0.05882337596495522,0.05882337596495522,-0.33233156673628256,6,True,基差平仓速度,,ok,0.4737716499921511,-0.12555317460317508,-0.6460630150739278,-0.047247954018594475,0.6392093735283224,-0.33233156673628256,-2.0000000000000018,0.005399999999997159,-0.23460679113630367,8.891228070175439,0.024701637368813922,0.0,real,ok,
2026-06-17,0.058382590216388475,0.058382590216388475,-0.33233156673628256,6,False,,,ok,0.47229974703183836,-0.12563301587301637,-0.6453000861108117,-0.04720550366449086,0.6377518096984229,-0.33233156673628256,-2.0000000000000018,0.004999999999997158,-0.23460679113630367,8.891228070175439,0.024701637368813922,0.0,real,ok,
2026-06-18,-0.08799594975659904,-0.08799594975659904,-0.33233156673628256,6,False,,,ok,0.30286048531056475,-0.1256341798941804,-1.2063388150792467,-0.04716316752500721,0.6362959284048745,-0.33233156673628256,-2.9999999999999805,0.004999999999997158,-0.4641824351589777,8.891228070175439,0.024701637368813922,0.0,real,ok,
2026-06-19,-0.087868759905589,-0.087868759905589,-0.33233156673628256,6,False,,,ok,0.30160698298123356,-0.12563534391534442,-1.2030362136222452,-0.047120945088894,0.6348417201173051,-0.33233156673628256,-2.9999999999999805,0.004999999999997158,-0.4641824351589777,8.891228070175439,0.024701637368813922,0.0,real,ok,
2026-06-22,-0.12141031282081997,-0.12141031282081997,-0.32989484236920225,6,False,,,ok,0.13206053306601936,-0.1256764550264555,-1.1997459816383793,-0.047078835848099555,0.6333891753428151,-0.32989484236920225,-4.0000000000000036,0.004799999999997158,-0.4641824351589777,8.891228070175439,0.024701637368813922,0.0,real,ok,
2026-06-23,-0.09318183983685878,-0.09318183983685878,-0.32989484236920225,6,True,基差平仓速度,,ok,0.29916701513958205,-0.12651656084656132,-0.4966856146077343,-0.04703683929774504,-0.09483719957183528,-0.32989484236920225,-2.9999999999999805,0.0005999999999971586,-0.17615629304934516,8.891228070175439,-0.010175235312788633,0.0,real,ok,
2026-06-24,0.008507477555933462,0.008507477555933462,-0.32989484236920225,6,False,,,ok,0.29791288621226275,-0.12643666666666714,0.014221999687752609,-0.04699495493609804,-0.09616587651758288,-0.32989484236920225,-2.9999999999999805,0.0009999999999971585,0.033165524302063244,8.891228070175439,-0.010175235312788633,0.0,real,ok,
2026-06-25,0.14693803107630948,0.14693803107630948,-0.32989484236920225,6,False,,,ok,0.6329721211452695,-0.12639677248677295,0.27196915350087036,0.05364233131821263,-0.09749667809603206,-0.32989484236920225,-0.9999999999999787,0.0011999999999971586,0.13863271126294105,10.66,-0.010175235312788633,0.0,real,ok,
2026-06-26,0.07912373189088934,0.07912373189088934,-0.32989484236920225,6,False,,,ok,0.29455675042703466,-0.1263968783068788,0.2726937026175073,0.05359470254272775,-0.09882961782594424,-0.32989484236920225,-2.9999999999999805,0.0011999999999971586,0.13863271126294105,10.66,-0.010175235312788633,0.0,real,ok,
2026-06-29,0.07870720151923837,0.07870720151923837,-0.32989484236920225,6,False,,,ok,0.29313163645839085,-0.12639698412698458,0.27341886417376365,0.05354720041079847,-0.10016470931977656,-0.32989484236920225,-2.9999999999999805,0.0011999999999971586,0.13863271126294105,10.66,-0.010175235312788633,0.0,real,ok,
2026-06-30,0.32468729041719646,0.32468729041719646,-0.32989484236920225,6,False,,,ok,1.301354652326891,-0.12639708994709042,0.27414464002060135,0.0534998243621802,0.12083442532340008,-0.32989484236920225,3.000000000000025,0.0011999999999971586,0.13863271126294105,10.66,0.0004532942440634846,0.0,real,ok,
2026-07-01,0.9001864799138374,0.2240179169224957,1.8003729598276748,6,True,信任背离,,ok,0.9617179442328792,-0.12651714285714333,0.2720808520451734,-0.10624315518644187,0.11905108637801107,1.8003729598276748,1.000000000000023,0.0005999999999971586,0.13863271126294105,7.862,0.0004532942440634846,7.000000000000028,real,ok,
2026-07-02,1.1984974613160158,0.15575943328337788,2.3969949226320315,6,False,,黄,ok,0.6228107873156402,-0.12659714285714332,0.27146805482778436,-0.10614869859236138,0.11726416572296955,2.3969949226320315,-0.9999999999999787,0.00019999999999715853,0.13863271126294105,7.862,0.0004532942440634846,8.999999999999986,real,ok,
2026-07-03,1.4910180624586955,0.15495623255629795,2.982036124917391,6,False,,黄,ok,0.6209746184558584,-0.12659687830687877,0.2709842906656641,-0.10605449348953759,0.11547362545638351,2.982036124917391,-0.9999999999999787,0.00019999999999715853,0.13863271126294105,7.862,0.0004532942440634846,11.000000000000032,real,ok,
2026-07-06,1.3319529279416442,0.12049721219249168,2.6639058558832884,6,False,,黄,ok,0.4507431562237204,-0.12647661375661423,0.27050062998374724,-0.1059605387639287,0.11367942727553368,2.6639058558832884,-2.0000000000000018,0.0007999999999971586,0.13863271126294105,7.862,0.0004532942440634846,10.000000000000053,real,ok,
2026-07-07,1.4715132422261066,-0.21599653089576418,2.943026484452213,6,False,,黄,ok,0.28062292770027725,-0.1263565079365084,-0.8635416498689785,-0.10586683330838954,-0.2648405910652217,2.943026484452213,-2.9999999999999805,0.0013999999999971585,-0.325947012451738,7.862,-0.017449802044373408,10.999999999999943,real,ok,
2026-07-08,1.0192798882071659,-0.35776813983071715,2.0385597764143317,6,False,,黄,ok,-0.3953210557513985,-0.12639629629629676,-0.8948039428843092,-0.10577337602261723,-0.26654602819896406,2.0385597764143317,-6.999999999999984,0.0011999999999971586,-0.3393783485185573,7.862,-0.017449802044373408,7.999999999999918,real,ok,
2026-07-09,-0.17194808548886303,-0.42403301704877955,-0.34389617097772607,6,True,信任背离,,ok,-1.2385264515679069,-0.1263960317460322,-0.24183646227968114,-0.2451499623899472,-0.2682561772603305,-0.34389617097772607,-12.00000000000001,0.0011999999999971586,-0.07204006457863747,5.430936819172113,-0.017449802044373408,0.0,real,ok,
2026-07-10,0.8673299602704626,-0.35677965366203424,1.7346599205409252,6,True,信任背离,,ok,-0.900990042993523,-0.1263960317460322,-0.2416172665955203,-0.24492385305009418,-0.26997107392500136,1.7346599205409252,-10.000000000000009,0.0011999999999971586,-0.07204006457863747,5.430936819172113,-0.017449802044373408,6.99999999999994,real,ok,
2026-07-13,1.8869746497432975,-0.1885199447405824,3.773949299486595,6,True,信任背离,黄,ok,-0.05829647249441623,-0.1265160317460322,-0.241398096964159,-0.24469836827660912,-0.27169075422169553,3.773949299486595,-4.999999999999982,0.0005999999999971586,-0.07204006457863747,5.430936819172113,-0.017449802044373408,13.999999999999968,real,ok,
2026-07-14,0.2669516144676376,0.05600674610277399,0.5339032289352752,6,True,基差平仓速度、信任背离,,ok,0.44667520111992276,-0.1226012169312174,-0.2411789533517365,-0.2444735051991252,0.44161220487602626,0.5339032289352752,-2.0000000000000018,0.020199999999997158,-0.07204006457863747,5.430936819172113,0.01634085468683466,3.000000000000025,real,ok,
2026-07-15,0.08993077258897242,0.08993077258897242,-0.3493152416885012,6,False,,,ok,0.6137718006326117,-0.1185318518518523,-0.24095983572440943,-0.24424926096571167,0.4396230108542238,-0.3493152416885012,-0.9999999999999787,0.04059999999999716,-0.07204006457863747,5.430936819172113,0.01634085468683466,0.0,real,ok,
2026-07-16,0.26633890275002725,0.13565004695333688,0.5326778055000545,6,False,,,ok,0.2743887719395232,-0.11854253968254014,-0.23805438427139824,0.32282641228229836,0.43763197449880115,0.5326778055000545,-2.9999999999999805,0.04059999999999716,-0.07204006457863747,15.271,0.01634085468683466,3.000000000000025,real,ok,
2026-07-17,0.03333740057831277,0.03333740057831277,-0.35044592467108354,6,False,,,ok,-0.2338085742185384,-0.11855328042328088,-0.23910911356099862,0.3225189204256797,0.435639050668702,-0.35044592467108354,-6.000000000000005,0.04059999999999716,-0.07204006457863747,15.271,0.01634085468683466,0.0,real,ok,
2026-07-20,-0.03512288764239772,-0.03512288764239772,-0.35044592467108354,6,False,,,ok,-0.5727416480575316,-0.11856402116402161,-0.24016526845739739,0.32221230572572324,0.4336441937412388,-0.35044592467108354,-8.000000000000007,0.04059999999999716,-0.07204006457863747,15.271,0.01634085468683466,0.0,real,ok,
2026-07-21,0.10761306435603495,0.10761306435603495,-0.35044592467108354,6,False,,,ok,0.10278679949346844,-0.12260941798941845,-0.2409024263699957,0.3219065640193078,0.47688380262681274,-0.35044592467108354,-4.0000000000000036,0.020399999999997157,-0.07204006457863747,15.271,0.018463463442417116,0.0,real,ok,
2026-07-22,0.4073952844767409,0.4073952844767409,-0.35044592467108354,6,False,,,ok,0.2706516531079103,-0.12668936507936496,1.0945942001353375,0.3216016911709258,0.47681824304889575,-0.35044592467108354,-2.9999999999999805,0.0,0.47200383115063976,15.271,0.018463463442417116,0.0,real,ok,
2026-07-23,0.2273123484831972,0.2273123484831972,-0.35044592467108354,6,False,,,ok,0.6075865951692839,-0.126409682539683,0.2690308692042673,-0.09039872778652697,0.47675268836864493,-0.35044592467108354,-0.9999999999999787,0.0013999999999971579,0.13705650496592653,8.152,0.018463463442417116,0.0,real,ok,
2026-07-24,0.22666207780643027,0.22666207780643027,-0.35044592467108354,6,False,,,ok,0.6058709271472129,-0.12637005291005338,0.2674431745199435,-0.09032079830983761,0.476687138584886,-0.35044592467108354,-0.9999999999999787,0.001599999999997158,0.13705650496592653,8.152,0.018463463442417116,0.0,real,ok,
2026-07-27,0.17706191889660264,0.17706191889660264,-0.35044592467108354,6,False,,,ok,0.604156776889952,-0.12557148148148195,0.020345775407870723,-0.09024307002977248,0.47662159369644486,-0.35044592467108354,-0.9999999999999787,0.005599999999997158,0.0373393499471444,8.152,0.018463463442417116,0.0,real,ok,
2026-07-28,0.2989576668633046,0.2989576668633046,-0.35044592467108354,6,False,,,ok,0.7716013792692492,-0.12521338624338668,0.25878213041034515,0.07308437706719774,0.5165338338131176,-0.35044592467108354,0.0,0.007399999999997157,0.1346941450593576,10.9675,0.020339703348530858,0.0,real,ok,
2026-07-29,0.23589551436646863,0.23589551436646863,-0.35044592467108354,6,False,,,ok,0.7695714552836062,-0.12509481481481527,-0.054420674161756395,0.07302187161124102,0.5163997339140675,-0.35044592467108354,0.0,0.007999999999997159,0.00831876414443844,10.9675,0.020339703348530858,0.0,real,ok,
2026-07-30,0.23516141437858967,0.23516141437858967,-0.35044592467108354,6,False,,,ok,0.7674657130154321,-0.12505624338624383,-0.0558275791008783,0.07295952625624692,0.5162656551083916,-0.35044592467108354,0.0,0.008199999999997157,0.00831876414443844,10.9675,0.020339703348530858,0.0,real,ok,
2026-07-31,0.7058554891292358,0.268247035508492,1.4117109782584716,6,True,信任背离,,ok,0.9345399345275514,-0.12509687830687877,-0.05723681638411604,0.07289734031990608,0.5161315973859976,1.4117109782584716,1.000000000000023,0.007999999999997159,0.00831876414443844,10.9675,0.020339703348530858,5.999999999999961,real,ok,
2026-08-03,0.5574644609580167,0.23345222207960142,1.1149289219160334,6,False,,,ok,0.7629730938508575,-0.12589645502645547,-0.05864840228716547,0.07283531312397305,0.5159975607367974,1.1149289219160334,0.0,0.003999999999997158,0.00831876414443844,10.9675,0.020339703348530858,4.999999999999982,real,ok,
2026-08-04,0.2560345846789721,0.2560345846789721,0.23278979979409584,6,False,,,ok,0.9300088976496146,-0.12621555555555602,-0.05717764168603327,0.07277344399423571,0.46078377899259926,0.23278979979409584,1.000000000000023,0.002399999999997158,0.00831876414443844,10.9675,0.017754073521613845,1.9999999999999574,real,ok,
2026-08-05,0.18765115783622308,0.18765115783622308,-0.3548198450951932,6,False,,,ok,0.5891963825326325,-0.12629523809523854,-0.05874009873280622,0.07271173226048389,0.46138301121604375,-0.3548198450951932,-0.9999999999999787,0.001999999999997158,0.00831876414443844,10.9675,0.017754073521613845,0.0,real,ok,
2026-08-06,0.1977068054457667,0.1977068054457667,-0.06140862679267056,6,False,,,ok,0.7566661356938129,-0.1266145502645507,-0.05826975916906972,-0.045230535829364586,0.46198273679800556,-0.06140862679267056,0.0,0.00039999999999715816,0.00831876414443844,8.9465,0.017754073521613845,1.0000000000000675,real,ok,
2026-08-07,0.09588523168223027,0.09588523168223027,-0.3544430878189565,6,False,,,ok,0.24644898227973275,-0.1266139682539687,-0.057799379205219215,-0.045192433253112056,0.4625829568437186,-0.3544430878189565,-2.9999999999999805,0.00039999999999715816,0.00831876414443844,8.9465,0.017754073521613845,0.0,real,ok,
2026-08-10,0.12975348046191842,0.12975348046191842,0.23557390812480092,6,False,,,ok,0.4146805014150818,-0.1266133862433867,-0.05732895851488554,-0.04515442680875684,0.4631836724615395,0.23557390812480092,-2.0000000000000018,0.00039999999999715816,0.00831876414443844,8.9465,0.017754073521613845,1.9999999999999574,real,ok,
2026-08-11,0.851450122476281,-0.07292342050508191,1.702900244952562,6,False,,,ok,0.5827182563619827,-0.1226580952380957,-0.7367354650950795,-0.3519030127084552,0.2639612141542381,1.702900244952562,-0.9999999999999787,0.020199999999997158,-0.2663201373435896,3.6995,0.008389478451228505,7.000000000000028,real,ok,
2026-08-12,0.5605864930511104,-0.23044665977475773,1.1211729861022208,6,False,,,ok,0.2419320056056967,-0.12270275132275177,-1.1848354280703512,-0.35157213527088477,0.26494501018450245,1.1211729861022208,-2.9999999999999805,0.01999999999999716,-0.4479754023240932,3.6995,0.008389478451228505,4.999999999999982,real,ok,
2026-08-13,0.07195069804382327,0.07195069804382327,-0.35108123681235803,6,True,拍卖吸收度,,ok,0.24049335575116979,-0.12262751322751367,0.3271997866223645,-0.35124218960750564,0.2659300506806014,-0.35108123681235803,-2.9999999999999805,0.02039999999999716,0.16286053953136295,3.6995,0.008389478451228505,0.0,real,ok,
2026-08-14,0.2681795741526269,0.07161711479906999,0.5363591483052538,6,False,,,ok,0.23905377069837694,-0.12263280423280468,0.3256614380838976,-0.3509131713524562,0.2669163407983363,0.5363591483052538,-2.9999999999999805,0.02039999999999716,0.16286053953136295,3.6995,0.008389478451228505,2.999999999999936,real,ok,
2026-08-17,0.20710346498771237,0.20710346498771237,-0.3522183157972534,6,False,,,ok,0.9166742187323556,-0.1225981481481486,0.3241224448042332,-0.3505850761684648,0.2679038857185865,-0.3522183157972534,1.000000000000023,0.02059999999999716,0.16286053953136295,3.6995,0.008389478451228505,0.0,real,ok,
2026-08-18,0.18410246693526325,0.18410246693526325,-0.05642213949780056,6,False,,,ok,0.7446584913900247,-0.12655825396825443,0.3225827923594014,0.01561857601604857,-0.03578927112090406,-0.05642213949780056,0.0,0.0007999999999971578,0.16286053953136295,9.934,-0.005850133570453497,0.9999999999999787,real,ok,
2026-08-19,-0.08838917124723442,-0.08838917124723442,-0.3526383718612151,6,False,,,ok,0.23331295438822974,-0.12651841269841316,-0.5276541403947789,0.015605616820539483,-0.03669187435174925,-0.3526383718612151,-2.9999999999999805,0.000999999999997158,-0.17984676735786728,9.934,-0.005850133570453497,0.0,real,ok,
2026-08-20,0.7102603796380739,-0.5026893301372178,1.4205207592761477,6,True,拍卖吸收度、信任背离,,ok,0.4021127018098569,-0.12659835978836026,-2.5040540861091807,-0.2473117944390744,-0.037595112159330785,1.4205207592761477,-2.0000000000000018,0.0005999999999971578,-0.9818584598329664,5.461827956989247,-0.005850133570453497,6.00000000000005,real,ok,
2026-08-21,0.7082014571546746,-0.43242513122939047,1.4164029143093493,6,False,,,ok,0.7403557299605348,-0.12659835978836023,-2.490289248828343,-0.24709478982225208,-0.038498987668531895,1.4164029143093493,0.0,0.0005999999999971578,-0.9818584598329664,5.461827956989247,-0.005850133570453497,6.00000000000005,real,ok,
2026-08-24,-0.17822288325746585,-0.4302518002828233,-0.3564457665149317,6,True,信任背离,,ok,0.738369697790129,-0.12663830687830732,-2.4767085328047513,-0.24687835550587842,-0.039403504015308344,-0.3564457665149317,0.0,0.00039999999999715784,-0.9818584598329664,5.461827956989247,-0.005850133570453497,0.0,real,ok,
2026-08-25,0.31039898999715837,0.31039898999715837,-0.3564457665149317,6,True,拍卖吸收度、基差平仓速度,,ok,0.9062169019436275,-0.12655835978836022,0.3908294270109762,-0.15281547065123344,0.5343224514707818,-0.3564457665149317,1.000000000000023,0.0007999999999971578,0.1873979305601008,7.054575986565911,0.020964514300749082,0.0,real,ok,
2026-08-26,0.12287534149689394,0.12287534149689394,-0.3564457665149317,6,False,,,ok,0.5646561510612814,-0.12647846560846604,-0.20389655973872214,-0.15268680708418989,0.5327823888545664,-0.3564457665149317,-0.9999999999999787,0.0011999999999971578,-0.05555988109017285,7.054575986565911,0.020964514300749082,0.0,real,ok,
2026-08-27,0.18458848994713675,0.18458848994713675,-0.3564457665149317,6,False,,,ok,0.5631092785714322,-0.1224440211640216,0.1035923169843501,-0.1525584679720002,0.5312433433159233,-0.3564457665149317,-0.9999999999999787,0.02139999999999716,0.06943550624763493,7.054575986565911,0.020964514300749082,0.0,real,ok,
2026-08-28,0.21812291706060383,0.21812291706060383,-0.3564457665149317,6,False,,,ok,0.7313211481134975,-0.12240968253968298,0.10442826790952815,-0.15243045195324614,0.5297053037729226,-0.3564457665149317,0.0,0.02159999999999716,0.06943550624763493,7.054575986565911,0.020964514300749082,0.0,real,ok,
2026-08-31,0.31937480003590946,0.31937480003590946,-0.3564457665149317,6,False,,,ok,1.238079104629596,-0.12233544973545016,0.1052648438007511,-0.15230275767449403,0.5281682591591443,-0.3564457665149317,3.000000000000025,0.02199999999999716,0.06943550624763493,7.054575986565911,0.020964514300749082,0.0,real,ok,
2026-09-01,0.23417459117840528,0.23417459117840528,-0.3564457665149317,6,False,,,ok,0.895809142172881,-0.12202164021164066,0.1061020472362945,-0.15217538379023468,0.4431587904847262,-0.3564457665149317,1.000000000000023,0.023599999999997158,0.06943550624763493,7.054575986565911,0.017070484646503736,0.0,real,ok,
2026-09-02,0.2000137682094254,0.2000137682094254,-0.3564457665149317,6,False,,,ok,0.7238992798043732,-0.12214772486772532,0.10917728556536184,-0.15204832896282344,0.4411883295079406,-0.3564457665149317,0.0,0.022999999999997158,0.06943550624763493,7.054575986565911,0.017070484646503736,0.0,real,ok,
2026-09-03,1.291553197172391,0.17590689461477405,2.583106394344782,6,True,信任背离,黄,ok,0.8915239350175801,-0.12487021164021209,0.10954585363481466,-0.4358813134865211,0.43921620954820867,2.583106394344782,1.000000000000023,0.009399999999997157,0.06943550624763493,2.26176,0.017070484646503736,9.999999999999964,real,ok,
2026-09-04,0.5547012622677592,0.14151962355514897,1.1094025245355184,6,False,,,ok,0.7196226712015689,-0.1249125396825401,0.11110491606704787,-0.43545931831569656,0.4372423885053649,1.1094025245355184,0.0,0.009199999999997158,0.06943550624763493,2.26176,0.017070484646503736,4.999999999999982,real,ok,
2026-09-07,0.2601195303879653,0.14111347356474124,0.5202390607759306,6,False,,,ok,0.7176665401636534,-0.12499476190476233,0.11266731249123683,-0.43503854678444887,0.4352668238580272,0.5202390607759306,0.0,0.008799999999997157,0.06943550624763493,2.26176,0.017070484646503736,3.000000000000025,real,ok,
2026-09-08,0.0306768447703879,0.0306768447703879,-0.06804891711413795,6,True,基差平仓速度,,ok,0.546025132316653,-0.12459751322751367,-0.8254018814784191,-0.43461899298925666,0.991977479230476,-0.06804891711413795,-0.9999999999999787,0.010799999999997159,-0.31139709541620464,2.26176,0.0429675488745358,0.9999999999999787,real,ok,
2026-09-09,0.4060124771775587,-0.07861769881218347,0.8120249543551173,6,False,,,ok,0.5443583750977989,-0.12440052910052954,-1.3672145504724287,-0.4353647010147579,0.9895329114289997,0.8120249543551173,-0.9999999999999787,0.011799999999997158,-0.5322473703208096,2.24216,0.0429675488745358,4.0000000000000036,real,ok,
2026-09-10,2.4212547048647775,-0.34615349567185394,4.842509409729555,6,True,信任背离,红,ok,0.202797565662992,-0.12568185185185227,-2.3469591846894846,-0.4480197570044165,0.9870957495234917,4.842509409729555,-2.9999999999999805,0.005399999999997159,-0.9337502370808104,2.0221708116444956,0.0429675488745358,18.00000000000006,real,ok,
2026-09-11,-0.18233549851727565,-0.344466721334784,-0.3646709970345513,6,True,信任背离,,ok,0.2013470550245373,-0.12568328042328086,-2.3350777133088663,-0.44758562634122667,0.9846659583749162,-0.3646709970345513,-2.9999999999999805,0.005399999999997159,-0.9337502370808104,2.0221708116444956,0.0429675488745358,0.0,real,ok,
2026-09-14,-0.18233549851727565,-0.3428074259931567,-0.3646709970345513,6,False,,,ok,0.19989531578701084,-0.1256846560846565,-2.323338537509074,-0.44715275562875006,0.9822435034696858,-0.3646709970345513,-2.9999999999999805,0.005399999999997159,-0.9337502370808104,2.0221708116444956,0.0429675488745358,0.0,real,ok,
2026-09-15,0.5350838170183554,0.5350838170183554,-0.3627198049714936,6,True,拍卖吸收度,,ok,0.5388616240005252,-0.12245005291005333,1.7814106161525085,-0.44672113878284464,0.9243180366316414,-0.3627198049714936,-0.9999999999999787,0.021599999999997156,0.7472172036255738,2.0221708116444956,0.04040432005101624,0.0,real,ok,
2026-09-16,0.46718497067684134,0.46718497067684134,-0.3627198049714936,6,False,,,ok,0.19650418911529297,-0.11250862433862478,1.7763393133116427,-0.4462907697604285,0.9218807450563244,-0.3627198049714936,-2.9999999999999805,0.07139999999999716,0.7472172036255738,2.0221708116444956,0.04040432005101624,0.0,real,ok,
2026-09-17,0.3489970460666935,0.3489970460666935,-0.3612976874776354,6,False,,,ok,-0.14583667162941882,-0.1124871957671962,1.4067867736417998,-0.322926661898798,0.919448985987081,-0.3612976874776354,-4.999999999999982,0.07159999999999715,0.5966778373902313,4.083857442348008,0.04040432005101624,0.0,real,ok,
2026-09-18,0.34754505049029283,0.34754505049029283,-0.3612976874776354,6,False,,,ok,-0.1468044279492765,-0.1124656613756618,1.4026138417839817,-0.32264121669108703,0.9170227166835079,-0.3612976874776354,-4.999999999999982,0.07179999999999716,0.5966778373902313,4.083857442348008,0.04040432005101624,0.0,real,ok,
2026-09-21,0.3461058787836443,0.3461058787836443,-0.3612976874776354,6,False,,,ok,-0.14777318827543337,-0.11240412698412741,1.398461341697293,-0.3223565272262976,0.9146018947067868,-0.3612976874776354,-4.999999999999982,0.07219999999999716,0.5966778373902313,4.083857442348008,0.04040432005101624,0.0,real,ok,
2026-09-22,0.09021738454767685,0.09021738454767685,-0.3612976874776354,6,True,基差平仓速度,,ok,0.19259535178771545,-0.1163776190476195,0.5624995906343252,-0.32207259017493944,0.13444218953890255,-0.3612976874776354,-2.9999999999999805,0.05239999999999716,0.25308923420530083,4.083857442348008,0.004624009643908855,0.0,real,ok,
2026-09-23,0.3554215720850698,0.3554215720850698,-0.3612976874776354,6,False,,,ok,0.1921413820969978,-0.12649772486772531,1.9008177582740375,-0.32178940222802493,0.132435847150064,-0.3612976874776354,-2.9999999999999805,0.001799999999997158,0.8071912221286719,4.083857442348008,0.004624009643908855,0.0,real,ok,
2026-09-24,0.08540626992632534,0.08540626992632534,-0.3612976874776354,6,False,,,ok,0.3617517552681282,-0.12653783068783112,0.4736805762045258,-0.4122873425124253,0.1304241913592292,-0.3612976874776354,-2.0000000000000018,0.001599999999997158,0.21900190893504876,2.5669445806768025,0.004624009643908855,0.0,real,ok,
2026-09-25,0.15279676439132056,0.15279676439132056,-0.3612976874776354,6,False,,,ok,0.7019081918817285,-0.12657804232804276,0.4721507760348225,-0.4119042605826885,0.128407156950783,-0.3612976874776354,0.0,0.0013999999999971579,0.21900190893504876,2.5669445806768025,0.004624009643908855,0.0,real,ok,
2026-09-28,0.1517886554805163,0.1517886554805163,-0.3612976874776354,6,False,,,ok,0.7000776663284437,-0.1266183597883602,0.47062153782517174,-0.4115222447867726,0.12638467782409887,-0.3612976874776354,0.0,0.0011999999999971578,0.21900190893504876,2.5669445806768025,0.004624009643908855,0.0,real,ok,
2026-09-29,0.027730986152747487,0.027730986152747487,-0.3612976874776354,6,False,,,ok,0.35700856045051665,-0.12657857142857182,0.46909285024216,-0.41114129018760903,-0.14972661831275838,-0.3612976874776354,-2.0000000000000018,0.0013999999999971579,0.21900190893504876,2.5669445806768025,-0.007878137004833086,0.0,real,ok,
2026-09-30,0.1051229169926828,0.1051229169926828,-0.3612976874776354,6,False,,,ok,0.6970417969610041,-0.07868206349206391,0.4695095417198385,-0.4107613918800837,-0.151493298345281,-0.3612976874776354,0.0,0.24119999999999714,0.21900190893504876,2.5669445806768025,-0.007878137004833086,0.0,real,ok,
2026-10-01,0.06432570248570295,0.06432570248570295,-0.3612976874776354,6,False,,,ok,0.18318508454385252,-0.07878550264550307,0.47070970663074413,-0.10021596926432656,-0.1532648068362523,-0.3612976874776354,-2.9999999999999805,0.24099999999999716,0.21900190893504876,7.731833333333333,-0.007878137004833086,0.0,real,ok,
2026-10-02,0.09882188100177532,0.09882188100177532,-0.3612976874776354,6,False,,,ok,0.3528773568653916,-0.07884841269841311,0.47525787926020313,-0.10013623397016275,-0.15504118444814233,-0.3612976874776354,-2.0000000000000018,0.24099999999999716,0.21900190893504876,7.731833333333333,-0.007878137004833086,0.0,real,ok,
2026-10-05,0.13329382126029093,0.13329382126029093,-0.3612976874776354,6,False,,,ok,0.5223662127524773,-0.07887137566137609,0.47985343018299376,-0.10005668869745234,-0.1568224722751879,-0.3612976874776354,-0.9999999999999787,0.24119999999999714,0.21900190893504876,7.731833333333333,-0.007878137004833086,0.0,real,ok,
2026-10-06,-0.019620571875446125,-0.019620571875446125,-0.3612976874776354,6,True,基差平仓速度,,ok,0.6915761322207568,-0.07909428571428614,-0.04378553937566746,0.10431143897969791,-0.7711106054877317,-0.3612976874776354,0.0,0.24039999999999714,0.0037586908757825457,11.12509419743783,-0.03566269543548173,0.0,real,ok,
2026-10-07,-0.1806488437388177,-0.5357569680865194,-0.3612976874776354,6,True,拍卖吸收度,,ok,0.34824119670453313,-0.12701343915343957,-2.232220273831795,0.10422876696222765,-0.7720210911141238,-0.3612976874776354,-2.0000000000000018,0.0007999999999971578,-0.8883174138666535,11.12509419743783,-0.03566269543548173,0.0,real,ok,
2026-10-08,-0.17993774708988144,-0.45703674890729185,-0.3598754941797629,6,False,,,ok,0.17609404901425502,-0.12688873015873056,-1.1444322018202309,-0.4170239567692364,-0.772932904802516,-0.3598754941797629,-2.9999999999999805,0.0013999999999971579,-0.4465691564649289,2.481,-0.03566269543548173,0.0,real,ok,
2026-10-09,-0.17993774708988144,-0.4571598593754569,-0.3598754941797629,6,False,,,ok,0.1750123755735705,-0.12684460317460358,-1.1434797688704517,-0.4166412497722779,-0.7738460506335214,-0.3598754941797629,-2.9999999999999805,0.001599999999997158,-0.4465691564649289,2.481,-0.03566269543548173,0.0,real,ok,
