date,y30,y10,y2,real10,tp10,be10,sofr,iorb,mort30,ig_oas,hy_oas,brent,usd_broad,spx,fed_tsy,labor_share,lab_prod,ulc,sig1_day,sig1_count60,sig1,corr63,corr_pos_run,sig2,sig3_share,sig3,sofr_minus_iorb_bp,cqi,cqi_lamp
2015-01-01,,,,,,,,,,,,,,,,99.693,97.637,96.861,False,,False,,0,False,,False,,,
2015-01-02,2.69,2.12,0.66,0.41,0.2593,1.71,,,,,,55.38,102.9027,,,99.693,97.637,96.861,False,,False,,0,False,,False,,,
2015-01-05,2.6,2.04,0.68,0.4,0.2266,1.64,,,,,,51.08,103.4976,,,99.693,97.637,96.861,False,,False,,0,False,,False,,,
2015-01-06,2.52,1.97,0.65,0.41,0.189,1.56,,,,,,50.12,103.2938,,,99.693,97.637,96.861,False,,False,,0,False,,False,,,
2015-01-07,2.52,1.96,0.62,0.39,0.1719,1.57,,,,,,49.06,103.6316,,2461224.0,99.693,97.637,96.861,False,,False,,0,False,,False,,,
2015-01-08,2.59,2.03,0.62,0.41,0.1837,1.62,,,3.73,,,49.43,103.2799,,2461224.0,99.693,97.637,96.861,False,,False,,0,False,,False,,,
2015-01-09,2.55,1.98,0.59,0.36,0.1688,1.62,,,3.73,,,47.64,103.1213,,2461224.0,99.693,97.637,96.861,False,,False,,0,False,,False,,,
2015-01-12,2.49,1.92,0.56,0.35,0.1401,1.57,,,3.73,,,46.9,103.2372,,2461224.0,99.693,97.637,96.861,False,,False,,0,False,,False,,,
2015-01-13,2.49,1.91,0.54,0.37,0.1265,1.54,,,3.73,,,45.13,103.27,,2461224.0,99.693,97.637,96.861,False,,False,,0,False,,False,,,
2015-01-14,2.47,1.86,0.51,0.29,0.102,1.57,,,3.73,,,45.82,103.0903,,2461084.0,99.693,97.637,96.861,False,,False,,0,False,,False,,,
2015-01-15,2.4,1.77,0.44,0.19,0.0574,1.58,,,3.66,,,47.66,103.0829,,2461084.0,99.693,97.637,96.861,False,,False,,0,False,,False,,,
2015-01-16,2.44,1.83,0.49,0.23,0.0739,1.6,,,3.66,,,47.38,103.2189,,2461084.0,99.693,97.637,96.861,False,,False,,0,False,,False,,,
2015-01-19,2.44,1.83,0.49,0.23,0.0739,1.6,,,3.66,,,47.38,103.2189,,2461084.0,99.693,97.637,96.861,False,,False,,0,False,,False,,,
2015-01-20,2.39,1.82,0.53,0.23,0.0806,1.59,,,3.66,,,46.49,103.5233,,2461084.0,99.693,97.637,96.861,False,,False,,0,False,,False,,,
2015-01-21,2.44,1.87,0.53,0.26,0.1001,1.61,,,3.66,,,46.5,103.7858,,2460944.0,99.693,97.637,96.861,False,,False,,0,False,,False,,,
2015-01-22,2.46,1.9,0.53,0.29,0.116,1.61,,,3.63,,,46.09,103.9271,,2460944.0,99.693,97.637,96.861,False,,False,,0,False,,False,,,
2015-01-23,2.38,1.81,0.52,0.21,0.0937,1.6,,,3.63,,,46.69,104.3676,,2460944.0,99.693,97.637,96.861,False,,False,,0,False,,False,,,
2015-01-26,2.4,1.83,0.54,0.22,0.0963,1.61,,,3.63,,,46.07,104.4818,,2460944.0,99.693,97.637,96.861,False,,False,,0,False,,False,,,
2015-01-27,2.4,1.83,0.54,0.17,0.093,1.66,,,3.63,,,46.55,104.1646,,2460944.0,99.693,97.637,96.861,False,,False,,0,False,,False,,,
2015-01-28,2.29,1.73,0.5,0.12,0.0544,1.61,,,3.63,,,47.07,104.4737,,2460804.0,99.693,97.637,96.861,False,,False,,0,False,,False,,,
2015-01-29,2.33,1.77,0.51,0.15,0.0619,1.62,,,3.66,,,46.61,105.2763,,2460804.0,99.693,97.637,96.861,False,,False,,0,False,,False,,,
2015-01-30,2.25,1.68,0.47,0.03,0.0276,1.65,,,3.66,,,47.52,105.5884,,2460804.0,99.693,97.637,96.861,False,,False,,0,False,,False,,,
2015-02-02,2.25,1.68,0.49,0.03,0.0208,1.65,,,3.66,,,51.74,105.2058,,2460804.0,99.693,97.637,96.861,False,,False,,0,False,,False,,,
2015-02-03,2.37,1.79,0.52,0.09,0.0559,1.7,,,3.66,,,54.41,104.6063,,2460804.0,99.693,97.637,96.861,False,,False,,0,False,,False,,,
2015-02-04,2.39,1.81,0.52,0.1,0.0695,1.71,,,3.66,,,55.07,104.785,,2460652.0,99.693,97.637,96.861,False,,False,,0,False,,False,,,
2015-02-05,2.42,1.83,0.52,0.13,0.081,1.7,,,3.59,,,55.98,104.4915,,2460652.0,99.693,97.637,96.861,False,,False,,0,False,,False,,,
2015-02-06,2.51,1.95,0.65,0.24,0.1434,1.71,,,3.59,,,55.88,105.1283,,2460652.0,99.693,97.637,96.861,False,,False,,0,False,,False,,,
2015-02-09,2.52,1.96,0.65,0.25,0.1623,1.71,,,3.59,,,57.0,104.9889,,2460652.0,99.693,97.637,96.861,False,,False,,0,False,,False,,,
2015-02-10,2.58,2.01,0.67,0.31,0.1836,1.7,,,3.59,,,55.79,105.2897,,2460652.0,99.693,97.637,96.861,False,,False,,0,False,,False,,,
2015-02-11,2.57,2.0,0.67,0.32,0.1933,1.68,,,3.59,,,53.48,105.7901,,2460490.0,99.693,97.637,96.861,False,,False,,0,False,,False,,,
2015-02-12,2.58,1.99,0.61,0.33,0.1889,1.66,,,3.69,,,56.23,104.9385,,2460490.0,99.693,97.637,96.861,False,,False,,0,False,,False,,,
2015-02-13,2.63,2.02,0.66,0.34,0.2027,1.68,,,3.69,,,60.33,104.8452,,2460490.0,99.693,97.637,96.861,False,,False,,0,False,,False,,,
2015-02-16,2.63,2.02,0.66,0.34,0.2027,1.68,,,3.69,,,61.57,104.8452,,2460490.0,99.693,97.637,96.861,False,,False,,0,False,,False,,,
2015-02-17,2.73,2.14,0.7,0.43,0.2503,1.71,,,3.69,,,60.78,104.8452,,2460490.0,99.693,97.637,96.861,False,,False,,0,False,,False,,,
2015-02-18,2.7,2.07,0.62,0.36,0.2309,1.71,,,3.69,,,60.72,105.2514,,2460328.0,99.693,97.637,96.861,False,,False,,0,False,,False,,,
2015-02-19,2.73,2.11,0.67,0.37,0.2474,1.74,,,3.76,,,58.78,105.1407,,2460328.0,99.693,97.637,96.861,False,,False,,0,False,,False,,,
2015-02-20,2.73,2.13,0.67,0.38,0.2604,1.75,,,3.76,,,60.99,105.3387,,2460328.0,99.693,97.637,96.861,False,,False,,0,False,,False,,,
2015-02-23,2.66,2.06,0.64,0.34,0.2402,1.72,,,3.76,,,59.78,105.5359,,2460328.0,99.693,97.637,96.861,False,,False,,0,False,,False,,,
2015-02-24,2.6,1.99,0.6,0.27,0.2038,1.72,,,3.76,,,60.33,105.5472,,2460328.0,99.693,97.637,96.861,False,,False,,0,False,,False,,,
2015-02-25,2.56,1.96,0.61,0.24,0.1866,1.72,,,3.76,,,59.77,105.0503,,2460167.0,99.693,97.637,96.861,False,,False,,0,False,,False,,,
2015-02-26,2.63,2.03,0.66,0.24,0.2066,1.79,,,3.8,,,61.39,105.5021,,2460167.0,99.693,97.637,96.861,False,,False,,0,False,,False,,,
2015-02-27,2.6,2.0,0.63,0.17,0.1994,1.83,,,3.8,,,61.89,105.5981,,2460167.0,99.693,97.637,96.861,False,,False,,0,False,,False,,,
2015-03-02,2.68,2.08,0.66,0.25,0.2256,1.83,,,3.8,,,60.75,105.8151,,2460167.0,99.693,97.637,96.861,False,,False,,0,False,,False,,,
2015-03-03,2.71,2.12,0.68,0.26,0.2491,1.86,,,3.8,,,61.18,105.5562,,2460167.0,99.693,97.637,96.861,False,,False,,0,False,,False,,,
2015-03-04,2.72,2.12,0.66,0.25,0.2531,1.87,,,3.8,,,59.18,106.1333,,2460028.0,99.693,97.637,96.861,False,,False,,0,False,,False,,,
2015-03-05,2.71,2.11,0.65,0.27,0.2457,1.84,,,3.75,,,60.33,106.1333,,2460028.0,99.693,97.637,96.861,False,,False,,0,False,,False,,,
2015-03-06,2.83,2.24,0.73,0.41,0.2981,1.83,,,3.75,,,59.15,107.4337,,2460028.0,99.693,97.637,96.861,False,,False,,0,False,,False,,,
2015-03-09,2.8,2.2,0.7,0.44,0.2931,1.76,,,3.75,,,58.67,107.5199,,2460028.0,99.693,97.637,96.861,False,,False,,0,False,,False,,,
2015-03-10,2.73,2.14,0.7,0.41,0.2713,1.73,,,3.75,,,55.95,108.1165,,2460028.0,99.693,97.637,96.861,False,,False,,0,False,,False,,,
2015-03-11,2.69,2.11,0.7,0.39,0.2567,1.72,,,3.75,,,56.46,108.5235,,2459908.0,99.693,97.637,96.861,False,,False,,0,False,,False,,,
2015-03-12,2.69,2.1,0.67,0.39,0.2454,1.71,,,3.86,,,56.66,108.1741,,2459908.0,99.693,97.637,96.861,False,,False,,0,False,,False,,,
2015-03-13,2.7,2.13,0.68,0.44,0.2485,1.69,,,3.86,,,54.8,108.9174,,2459908.0,99.693,97.637,96.861,False,,False,,0,False,,False,,,
2015-03-16,2.67,2.1,0.66,0.45,0.237,1.65,,,3.86,,,52.0,108.6422,,2459908.0,99.693,97.637,96.861,False,,False,,0,False,,False,,,
2015-03-17,2.61,2.06,0.7,0.42,0.2211,1.64,,,3.86,,,52.17,108.5805,,2459908.0,99.693,97.637,96.861,False,,False,,0,False,,False,,,
2015-03-18,2.51,1.93,0.57,0.23,0.1609,1.7,,,3.86,,,52.59,108.408,,2459787.0,99.693,97.637,96.861,False,,False,,0,False,,False,,,
2015-03-19,2.54,1.98,0.63,0.19,0.1691,1.79,,,3.78,,,52.96,108.1826,,2459787.0,99.693,97.637,96.861,False,,False,,0,False,,False,,,
2015-03-20,2.5,1.93,0.6,0.17,0.1491,1.76,,,3.78,,,53.88,107.1671,,2459787.0,99.693,97.637,96.861,False,,False,,0,False,,False,,,
2015-03-23,2.51,1.92,0.6,0.17,0.1363,1.75,,,3.78,,,53.82,106.5022,,2459787.0,99.693,97.637,96.861,False,,False,,0,False,,False,,,
2015-03-24,2.46,1.88,0.58,0.11,0.118,1.77,,,3.78,,,53.61,106.4401,,2459787.0,99.693,97.637,96.861,False,,False,,0,False,,False,,,
2015-03-25,2.5,1.93,0.59,0.12,0.1292,1.81,,,3.78,,,54.18,106.2636,,2459666.0,99.693,97.637,96.861,False,0.0,False,,0,False,,False,,,
2015-03-26,2.6,2.01,0.61,0.21,0.1612,1.8,,,3.69,,,57.02,106.5582,,2459666.0,99.693,97.637,96.861,False,0.0,False,,0,False,,False,,,
2015-03-27,2.53,1.95,0.58,0.19,0.1471,1.76,,,3.69,,,56.44,106.8916,,2459666.0,99.693,97.637,96.861,False,0.0,False,,0,False,,False,,,
2015-03-30,2.55,1.96,0.58,0.23,0.1454,1.73,,,3.69,,,53.99,107.3941,,2459666.0,99.693,97.637,96.861,False,0.0,False,,0,False,,False,,,
2015-03-31,2.54,1.94,0.56,0.18,0.132,1.76,,,3.69,,,53.69,107.4396,,2459666.0,99.693,97.637,96.861,False,0.0,False,,0,False,,False,,,
2015-04-01,2.47,1.87,0.55,0.07,0.1061,1.8,,,3.69,,,55.73,107.06,,2459578.0,99.533,98.117,97.237,False,0.0,False,,0,False,,False,,,
2015-04-02,2.53,1.92,0.55,0.11,0.1139,1.81,,,3.7,,,55.73,106.6738,,2459578.0,99.533,98.117,97.237,False,0.0,False,,0,False,,False,,,
2015-04-03,2.49,1.85,0.49,0.02,0.0847,1.83,,,3.7,,,55.73,105.8861,,2459578.0,99.533,98.117,97.237,False,0.0,False,,0,False,,False,,,
2015-04-06,2.57,1.92,0.51,0.07,0.1016,1.85,,,3.7,,,55.73,105.7876,,2459578.0,99.533,98.117,97.237,False,0.0,False,,0,False,,False,,,
2015-04-07,2.52,1.89,0.52,0.04,0.104,1.85,,,3.7,,,57.55,106.4488,,2459578.0,99.533,98.117,97.237,False,0.0,False,,0,False,,False,,,
2015-04-08,2.53,1.92,0.54,0.08,0.1124,1.84,,,3.7,,,56.42,106.4231,,2459693.0,99.533,98.117,97.237,False,0.0,False,,0,False,,False,,,
2015-04-09,2.61,1.97,0.56,0.13,0.1356,1.84,,,3.66,,,56.04,107.0335,,2459693.0,99.533,98.117,97.237,False,0.0,False,,0,False,,False,,,
2015-04-10,2.58,1.96,0.57,0.14,0.1436,1.82,,,3.66,,,56.82,107.4526,,2459693.0,99.533,98.117,97.237,False,0.0,False,,0,False,,False,,,
2015-04-13,2.58,1.94,0.54,0.14,0.1374,1.8,,,3.66,,,57.14,107.7508,,2459693.0,99.533,98.117,97.237,False,0.0,False,,0,False,,False,,,
2015-04-14,2.54,1.9,0.53,0.1,0.1211,1.8,,,3.66,,,57.69,107.0547,,2459693.0,99.533,98.117,97.237,False,0.0,False,,0,False,,False,,,
2015-04-15,2.55,1.91,0.51,0.07,0.1144,1.84,,,3.66,,,59.32,107.1855,,2459806.0,99.533,98.117,97.237,False,0.0,False,,0,False,,False,,,
2015-04-16,2.56,1.9,0.5,0.05,0.1061,1.85,,,3.67,,,60.13,106.2761,,2459806.0,99.533,98.117,97.237,False,0.0,False,,0,False,,False,,,
2015-04-17,2.51,1.87,0.51,-0.02,0.0998,1.89,,,3.67,,,61.31,106.329,,2459806.0,99.533,98.117,97.237,False,0.0,False,,0,False,,False,,,
2015-04-20,2.56,1.9,0.55,0.01,0.1054,1.89,,,3.67,,,61.2,106.4902,,2459806.0,99.533,98.117,97.237,False,0.0,False,,0,False,,False,,,
2015-04-21,2.58,1.92,0.55,0.06,0.1159,1.86,,,3.67,,,60.12,106.5582,,2459806.0,99.533,98.117,97.237,False,0.0,False,,0,False,,False,,,
2015-04-22,2.66,1.99,0.57,0.12,0.1453,1.87,,,3.67,,,60.12,106.5815,,2459920.0,99.533,98.117,97.237,False,0.0,False,,0,False,,False,,,
2015-04-23,2.63,1.96,0.55,0.07,0.1379,1.89,,,3.65,,,62.66,106.1658,,2459920.0,99.533,98.117,97.237,False,0.0,False,,0,False,,False,,,
2015-04-24,2.62,1.93,0.54,0.04,0.1258,1.89,,,3.65,,,62.96,105.905,,2459920.0,99.533,98.117,97.237,False,0.0,False,,0,False,,False,,,
2015-04-27,2.61,1.94,0.54,0.03,0.1262,1.91,,,3.65,,,62.86,105.6891,,2459920.0,99.533,98.117,97.237,False,0.0,False,,0,False,,False,,,
2015-04-28,2.68,2.0,0.56,0.11,0.1485,1.89,,,3.65,,,62.61,105.1234,,2459920.0,99.533,98.117,97.237,False,0.0,False,,0,False,,False,,,
2015-04-29,2.76,2.06,0.56,0.14,0.1773,1.92,,,3.65,,,63.97,104.5634,,2460034.0,99.533,98.117,97.237,True,1.0,False,,0,False,,False,,,
2015-04-30,2.75,2.05,0.58,0.11,0.1857,1.94,,,3.68,,,63.9,105.312,,2460034.0,99.533,98.117,97.237,False,1.0,False,,0,False,,False,,,
2015-05-01,2.82,2.12,0.6,0.18,0.2199,1.94,,,3.68,,,64.13,105.6382,,2460034.0,99.533,98.117,97.237,True,2.0,False,,0,False,,False,,,
2015-05-04,2.88,2.16,0.6,0.24,0.2375,1.92,,,3.68,,,64.62,105.6679,,2460034.0,99.533,98.117,97.237,True,3.0,False,,0,False,,False,,,
2015-05-05,2.9,2.19,0.62,0.25,0.255,1.94,,,3.68,,,65.44,105.2396,,2460034.0,99.533,98.117,97.237,True,4.0,False,,0,False,,False,,,
2015-05-06,2.98,2.25,0.65,0.34,0.2802,1.91,,,3.68,,,66.22,104.6935,,2460182.0,99.533,98.117,97.237,True,5.0,False,,0,False,,False,,,
2015-05-07,2.9,2.18,0.63,0.3,0.2688,1.88,,,3.8,,,64.93,105.1941,,2460182.0,99.533,98.117,97.237,True,6.0,False,,0,False,,False,,,
2015-05-08,2.9,2.16,0.59,0.28,0.2506,1.88,,,3.8,,,63.82,104.8424,,2460182.0,99.533,98.117,97.237,True,7.0,False,,0,False,,False,,,
2015-05-11,3.03,2.28,0.62,0.4,0.2877,1.88,,,3.8,,,62.82,105.3075,,2460182.0,99.533,98.117,97.237,True,8.0,False,,0,False,,False,,,
2015-05-12,3.02,2.28,0.61,0.4,0.2959,1.88,,,3.8,,,65.09,104.8924,,2460182.0,99.533,98.117,97.237,True,9.0,False,,0,False,,False,,,
2015-05-13,3.07,2.27,0.59,0.41,0.301,1.86,,,3.8,,,66.33,104.3608,,2460334.0,99.533,98.117,97.237,True,10.0,True,,0,False,,False,,,
2015-05-14,3.03,2.23,0.56,0.36,0.2838,1.87,,,3.85,,,65.58,104.2359,,2460334.0,99.533,98.117,97.237,True,11.0,True,,0,False,,False,,,
2015-05-15,2.93,2.14,0.55,0.31,0.2531,1.83,,,3.85,,,64.69,104.0202,,2460334.0,99.533,98.117,97.237,True,12.0,True,,0,False,,False,,,
2015-05-18,3.02,2.23,0.58,0.37,0.2756,1.86,,,3.85,,,65.15,104.6068,,2460334.0,99.533,98.117,97.237,True,13.0,True,,0,False,,False,,,
2015-05-19,3.05,2.27,0.63,0.42,0.3029,1.85,,,3.85,,,63.48,105.3448,,2460334.0,99.533,98.117,97.237,True,14.0,True,,0,False,,False,,,
2015-05-20,3.06,2.26,0.6,0.38,0.2999,1.88,,,3.85,,,63.52,105.5605,,2460486.0,99.533,98.117,97.237,True,15.0,True,,0,False,,False,,,
2015-05-21,2.98,2.19,0.6,0.35,0.2755,1.84,,,3.84,,,64.7,105.3808,,2460486.0,99.533,98.117,97.237,True,16.0,True,,0,False,,False,,,
2015-05-22,2.99,2.21,0.64,0.34,0.2855,1.87,,,3.84,,,64.7,105.8487,,2460486.0,99.533,98.117,97.237,True,17.0,True,,0,False,,False,,,
2015-05-25,2.99,2.21,0.64,0.34,0.2855,1.87,,,3.84,,,64.7,105.8487,,2460486.0,99.533,98.117,97.237,False,17.0,True,,0,False,,False,,,
2015-05-26,2.89,2.14,0.64,0.32,0.2614,1.82,,,3.84,,,61.65,106.7294,,2460486.0,99.533,98.117,97.237,False,17.0,True,,0,False,,False,,,
2015-05-27,2.88,2.14,0.64,0.34,0.2544,1.8,,,3.84,,,61.35,106.908,,2460639.0,99.533,98.117,97.237,False,17.0,True,,0,False,,False,,,
2015-05-28,2.89,2.13,0.62,0.33,0.2469,1.8,,,3.87,,,60.12,106.92,,2460639.0,99.533,98.117,97.237,False,17.0,True,,0,False,,False,,,
2015-05-29,2.88,2.12,0.61,0.32,0.2382,1.8,,,3.87,,,63.16,106.7388,,2460639.0,99.533,98.117,97.237,False,17.0,True,,0,False,,False,,,
2015-06-01,2.94,2.19,0.64,0.39,0.2609,1.8,,,3.87,,,62.87,107.2238,,2460639.0,99.533,98.117,97.237,False,17.0,True,,0,False,,False,,,
2015-06-02,3.02,2.27,0.64,0.44,0.2957,1.83,,,3.87,,,63.14,106.4507,,2460639.0,99.533,98.117,97.237,False,17.0,True,,0,False,,False,,,
2015-06-03,3.11,2.38,0.69,0.55,0.3456,1.83,,,3.87,,,62.78,106.1443,,2460749.0,99.533,98.117,97.237,False,17.0,True,,0,False,,False,,,
2015-06-04,3.03,2.31,0.66,0.5,0.3356,1.81,,,3.87,,,60.34,106.4725,,2460749.0,99.533,98.117,97.237,False,17.0,True,,0,False,,False,,,
2015-06-05,3.11,2.41,0.73,0.55,0.3738,1.86,,,3.87,,,60.36,107.1336,,2460749.0,99.533,98.117,97.237,False,17.0,True,,0,False,,False,,,
2015-06-08,3.11,2.39,0.7,0.54,0.3745,1.85,,,3.87,,,61.33,106.7693,,2460749.0,99.533,98.117,97.237,False,17.0,True,,0,False,,False,,,
2015-06-09,3.15,2.42,0.72,0.56,0.3873,1.86,,,3.87,,,63.23,106.2238,,2460749.0,99.533,98.117,97.237,False,17.0,True,,0,False,,False,,,
2015-06-10,3.22,2.5,0.75,0.63,0.416,1.87,,,3.87,,,64.68,105.8037,,2460803.0,99.533,98.117,97.237,False,17.0,True,,0,False,,False,,,
2015-06-11,3.11,2.39,0.73,0.56,0.3914,1.83,,,4.04,,,63.76,106.0934,,2460803.0,99.533,98.117,97.237,False,17.0,True,,0,False,,False,,,
2015-06-12,3.1,2.39,0.74,0.55,0.3863,1.84,,,4.04,,,63.19,105.9015,,2460803.0,99.533,98.117,97.237,False,17.0,True,,0,False,,False,,,
2015-06-15,3.09,2.36,0.72,0.51,0.3694,1.85,,,4.04,,,60.99,105.9989,,2460803.0,99.533,98.117,97.237,False,17.0,True,,0,False,,False,,,
2015-06-16,3.06,2.32,0.71,0.44,0.3506,1.88,,,4.04,,,60.75,106.0473,,2460803.0,99.533,98.117,97.237,False,17.0,True,,0,False,,False,,,
2015-06-17,3.09,2.32,0.67,0.42,0.3347,1.9,,,4.04,,,60.75,106.058,,2460857.0,99.533,98.117,97.237,False,17.0,True,,0,False,,False,,,
2015-06-18,3.14,2.35,0.66,0.46,0.3416,1.89,,,4.0,,,61.37,105.102,,2460857.0,99.533,98.117,97.237,True,18.0,True,,0,False,,False,,,
2015-06-19,3.05,2.26,0.65,0.4,0.3146,1.86,,,4.0,,,59.41,105.4496,,2460857.0,99.533,98.117,97.237,False,18.0,True,,0,False,,False,,,
2015-06-22,3.16,2.37,0.68,0.47,0.3476,1.9,,,4.0,,,60.54,105.3846,,2460857.0,99.533,98.117,97.237,True,19.0,True,,0,False,,False,,,
2015-06-23,3.2,2.42,0.7,0.5,0.3715,1.92,,,4.0,,,61.67,105.9678,,2460857.0,99.533,98.117,97.237,True,20.0,True,,0,False,,False,,,
2015-06-24,3.16,2.38,0.68,0.48,0.3688,1.9,,,4.0,,,61.63,106.2522,,2460911.0,99.533,98.117,97.237,True,21.0,True,,0,False,,False,,,
2015-06-25,3.16,2.4,0.68,0.49,0.3746,1.91,,,4.02,,,60.24,106.1515,,2460911.0,99.533,98.117,97.237,True,22.0,True,,0,False,,False,,,
2015-06-26,3.25,2.49,0.72,0.57,0.4055,1.92,,,4.02,,,60.14,106.4116,,2460911.0,99.533,98.117,97.237,True,23.0,True,,0,False,,False,,,
2015-06-29,3.09,2.33,0.64,0.46,0.3547,1.87,,,4.02,,,59.03,106.3785,,2460911.0,99.533,98.117,97.237,False,23.0,True,,0,False,,False,,,
2015-06-30,3.11,2.35,0.64,0.48,0.3468,1.87,,,4.02,,,60.31,106.5191,,2460911.0,99.533,98.117,97.237,False,23.0,True,,0,False,,False,,,
2015-07-01,3.2,2.43,0.69,0.54,0.3754,1.89,,,4.02,,,61.65,107.0101,,2460975.0,99.681,98.392,97.569,False,23.0,True,,0,False,,False,,,
2015-07-02,3.19,2.4,0.64,0.49,0.3642,1.91,,,4.08,,,61.73,106.9106,,2460975.0,99.681,98.392,97.569,False,23.0,True,,0,False,,False,,,
2015-07-03,3.19,2.4,0.64,0.49,0.3642,1.91,,,4.08,,,59.06,106.9106,,2460975.0,99.681,98.392,97.569,False,23.0,True,,0,False,,False,,,
2015-07-06,3.08,2.3,0.6,0.43,0.3255,1.87,,,4.08,,,57.19,107.1343,,2460975.0,99.681,98.392,97.569,False,23.0,True,,0,False,,False,,,
2015-07-07,3.04,2.27,0.58,0.4,0.3055,1.87,,,4.08,,,54.72,107.785,,2460975.0,99.681,98.392,97.569,False,23.0,True,,0,False,,False,,,
2015-07-08,2.99,2.22,0.55,0.39,0.2777,1.83,,,4.08,,,55.7,107.4734,,2461107.0,99.681,98.392,97.569,False,23.0,True,,0,False,,False,,,
2015-07-09,3.11,2.32,0.6,0.47,0.3055,1.85,,,4.04,,,57.83,107.5595,,2461107.0,99.681,98.392,97.569,False,23.0,True,,0,False,,False,,,
2015-07-10,3.2,2.42,0.65,0.55,0.3553,1.87,,,4.04,,,57.72,107.213,,2461107.0,99.681,98.392,97.569,False,23.0,True,,0,False,,False,,,
2015-07-13,3.21,2.44,0.69,0.58,0.3763,1.86,,,4.04,,,57.63,107.5849,,2461107.0,99.681,98.392,97.569,False,23.0,True,,0,False,,False,,,
2015-07-14,3.2,2.41,0.66,0.56,0.3672,1.85,,,4.04,,,57.2,107.4843,,2461107.0,99.681,98.392,97.569,False,23.0,True,,0,False,,False,,,
2015-07-15,3.13,2.36,0.64,0.52,0.3445,1.84,,,4.04,,,57.34,108.0149,,2461238.0,99.681,98.392,97.569,False,23.0,True,,0,False,,False,,,
2015-07-16,3.11,2.36,0.67,0.52,0.3441,1.84,,,4.09,,,57.31,108.1726,,2461238.0,99.681,98.392,97.569,False,23.0,True,,0,False,,False,,,
2015-07-17,3.08,2.34,0.68,0.51,0.3441,1.83,,,4.09,,,56.38,108.5374,,2461238.0,99.681,98.392,97.569,False,23.0,True,,0,False,,False,,,
2015-07-20,3.1,2.38,0.71,0.56,0.3533,1.82,,,4.09,,,56.42,108.6944,,2461238.0,99.681,98.392,97.569,False,23.0,True,,0,False,,False,,,
2015-07-21,3.08,2.35,0.71,0.53,0.3419,1.82,,,4.09,,,55.94,108.3893,,2461238.0,99.681,98.392,97.569,False,23.0,True,,0,False,,False,,,
2015-07-22,3.04,2.33,0.75,0.53,0.3333,1.8,,,4.09,,,56.36,108.7817,,2461370.0,99.681,98.392,97.569,False,22.0,True,,0,False,,False,,,
2015-07-23,2.98,2.28,0.71,0.49,0.3099,1.79,,,4.04,,,55.76,108.7565,,2461370.0,99.681,98.392,97.569,False,22.0,True,,0,False,,False,,,
2015-07-24,2.96,2.27,0.7,0.51,0.3002,1.76,,,4.04,,,54.29,109.0174,,2461370.0,99.681,98.392,97.569,False,21.0,True,,0,False,,False,,,
2015-07-27,2.93,2.23,0.68,0.5,0.2759,1.73,,,4.04,,,54.07,108.6924,,2461370.0,99.681,98.392,97.569,False,20.0,True,,0,False,,False,,,
2015-07-28,2.96,2.26,0.69,0.51,0.2798,1.75,,,4.04,,,54.3,108.6881,,2461370.0,99.681,98.392,97.569,False,19.0,True,,0,False,,False,,,
2015-07-29,2.99,2.29,0.7,0.52,0.2911,1.77,,,4.04,,,54.73,108.604,,2461502.0,99.681,98.392,97.569,False,18.0,True,,0,False,,False,,,
2015-07-30,2.96,2.28,0.72,0.51,0.2916,1.77,,,3.98,,,54.29,109.4328,,2461502.0,99.681,98.392,97.569,False,17.0,True,,0,False,,False,,,
2015-07-31,2.92,2.2,0.67,0.46,0.2605,1.74,,,3.98,,,53.29,108.7819,,2461502.0,99.681,98.392,97.569,False,16.0,True,,0,False,,False,,,
2015-08-03,2.86,2.16,0.68,0.46,0.2353,1.7,,,3.98,,,49.49,109.214,,2461502.0,99.681,98.392,97.569,False,15.0,True,,0,False,,False,,,
2015-08-04,2.9,2.23,0.74,0.52,0.2569,1.71,,,3.98,,,49.08,109.2244,,2461502.0,99.681,98.392,97.569,False,14.0,True,,0,False,,False,,,
2015-08-05,2.94,2.28,0.73,0.58,0.2785,1.7,,,3.98,,,49.04,109.842,,2461603.0,99.681,98.392,97.569,False,13.0,True,,0,False,,False,,,
2015-08-06,2.9,2.23,0.71,0.56,0.2709,1.67,,,3.91,,,47.8,109.722,,2461603.0,99.681,98.392,97.569,False,12.0,True,,0,False,,False,,,
2015-08-07,2.83,2.18,0.73,0.52,0.2523,1.66,,,3.91,,,47.54,109.4376,,2461603.0,99.681,98.392,97.569,False,11.0,True,,0,False,,False,,,
2015-08-10,2.89,2.24,0.73,0.55,0.2585,1.69,,,3.91,,,48.3,109.1931,,2461603.0,99.681,98.392,97.569,False,10.0,True,,0,False,,False,,,
2015-08-11,2.81,2.15,0.68,0.49,0.2247,1.66,,,3.91,,,47.33,109.9464,,2461603.0,99.681,98.392,97.569,False,9.0,False,,0,False,,False,,,
2015-08-12,2.84,2.14,0.67,0.52,0.2135,1.62,,,3.91,,,48.29,109.4655,,2461694.0,99.681,98.392,97.569,False,8.0,False,,0,False,,False,,,
2015-08-13,2.86,2.19,0.72,0.57,0.2322,1.62,,,3.94,,,48.01,109.9025,,2461694.0,99.681,98.392,97.569,False,7.0,False,,0,False,,False,,,
2015-08-14,2.84,2.2,0.73,0.58,0.2437,1.62,,,3.94,,,47.79,109.9174,,2461694.0,99.681,98.392,97.569,False,6.0,False,,0,False,,False,,,
2015-08-17,2.81,2.16,0.72,0.58,0.2327,1.58,,,3.94,,,47.77,110.1435,,2461694.0,99.681,98.392,97.569,False,6.0,False,,0,False,,False,,,
2015-08-18,2.87,2.2,0.74,0.62,0.244,1.58,,,3.94,,,47.0,110.2504,,2461694.0,99.681,98.392,97.569,False,6.0,False,,0,False,,False,,,
2015-08-19,2.81,2.12,0.67,0.55,0.2125,1.57,,,3.94,,,45.75,110.4333,,2461785.0,99.681,98.392,97.569,False,6.0,False,,0,False,,False,,,
2015-08-20,2.76,2.09,0.69,0.53,0.202,1.56,,,3.93,,,45.63,110.1077,,2461785.0,99.681,98.392,97.569,False,6.0,False,,0,False,,False,,,
2015-08-21,2.74,2.05,0.64,0.52,0.1808,1.53,,,3.93,,,43.84,110.1443,,2461785.0,99.681,98.392,97.569,False,6.0,False,,0,False,,False,,,
2015-08-24,2.73,2.01,0.59,0.52,0.1566,1.49,,,3.93,,,41.59,109.9306,,2461785.0,99.681,98.392,97.569,False,6.0,False,,0,False,,False,,,
2015-08-25,2.84,2.12,0.67,0.59,0.1934,1.53,,,3.93,,,41.86,110.3394,,2461785.0,99.681,98.392,97.569,False,6.0,False,,0,False,,False,,,
2015-08-26,2.94,2.18,0.67,0.65,0.2216,1.53,,,3.93,,,41.76,110.5807,,2461876.0,99.681,98.392,97.569,False,6.0,False,,0,False,,False,,,
2015-08-27,2.93,2.18,0.68,0.6,0.2311,1.58,,,3.84,,,44.46,110.4834,,2461876.0,99.681,98.392,97.569,False,6.0,False,,0,False,,False,,,
2015-08-28,2.92,2.19,0.72,0.58,0.2408,1.61,,,3.84,,,47.97,110.6714,,2461876.0,99.681,98.392,97.569,False,6.0,False,,0,False,,False,,,
2015-08-31,2.95,2.21,0.74,0.58,0.2484,1.63,,,3.84,,,47.97,110.5621,,2461876.0,99.681,98.392,97.569,False,6.0,False,,0,False,,False,,,
2015-09-01,2.93,2.17,0.7,0.6,0.2343,1.57,,,3.84,,,48.8,110.4506,,2461876.0,99.681,98.392,97.569,False,6.0,False,,0,False,,False,,,
2015-09-02,2.97,2.2,0.72,0.64,0.242,1.56,,,3.84,,,47.67,110.7979,,2461941.0,99.681,98.392,97.569,False,6.0,False,,0,False,,False,,,
2015-09-03,2.95,2.18,0.71,0.64,0.2356,1.54,,,3.89,,,50.41,110.8566,,2461941.0,99.681,98.392,97.569,False,6.0,False,,0,False,,False,,,
2015-09-04,2.89,2.13,0.71,0.62,0.2201,1.51,,,3.89,,,48.59,111.1018,,2461941.0,99.681,98.392,97.569,False,6.0,False,,0,False,,False,,,
2015-09-07,2.89,2.13,0.71,0.62,0.2201,1.51,,,3.89,,,46.42,111.1018,,2461941.0,99.681,98.392,97.569,False,6.0,False,,0,False,,False,,,
2015-09-08,2.97,2.2,0.74,0.67,0.2365,1.53,,,3.89,,,48.88,110.7942,,2461941.0,99.681,98.392,97.569,False,6.0,False,,0,False,,False,,,
2015-09-09,2.96,2.21,0.75,0.65,0.2397,1.56,,,3.89,,,48.04,110.9225,,2461943.0,99.681,98.392,97.569,False,6.0,False,,0,False,,False,,,
2015-09-10,2.98,2.23,0.75,0.64,0.2505,1.59,,,3.9,,,47.77,110.6331,,2461943.0,99.681,98.392,97.569,False,5.0,False,,0,False,,False,,,
2015-09-11,2.95,2.2,0.71,0.61,0.2398,1.59,,,3.9,,,46.87,110.6109,,2461943.0,99.681,98.392,97.569,False,5.0,False,,0,False,,False,,,
2015-09-14,2.95,2.18,0.73,0.62,0.231,1.56,,,3.9,,,45.87,110.5005,,2461943.0,99.681,98.392,97.569,False,4.0,False,,0,False,,False,,,
2015-09-15,3.06,2.28,0.82,0.72,0.2674,1.56,,,3.9,,,45.91,110.6394,,2461943.0,99.681,98.392,97.569,False,3.0,False,,0,False,,False,,,
2015-09-16,3.08,2.3,0.82,0.73,0.2836,1.57,,,3.9,,,49.35,110.1021,,2461944.0,99.681,98.392,97.569,True,3.0,False,,0,False,,False,,,
2015-09-17,3.02,2.21,0.7,0.63,0.251,1.58,,,3.91,,,48.27,110.1212,,2461944.0,99.681,98.392,97.569,False,2.0,False,,0,False,,False,,,
2015-09-18,2.93,2.13,0.69,0.58,0.2245,1.55,,,3.91,,,47.28,109.8165,,2461944.0,99.681,98.392,97.569,False,1.0,False,,0,False,,False,,,
2015-09-21,3.02,2.2,0.72,0.66,0.2448,1.54,,,3.91,,,47.64,110.6414,,2461944.0,99.681,98.392,97.569,False,1.0,False,,0,False,,False,,,
2015-09-22,2.94,2.14,0.69,0.63,0.2268,1.51,,,3.91,,,46.69,111.1967,,2461944.0,99.681,98.392,97.569,False,1.0,False,,0,False,,False,,,
2015-09-23,2.95,2.16,0.7,0.64,0.2289,1.52,,,3.91,,,48.0,111.6287,,2461946.0,99.681,98.392,97.569,False,1.0,False,,0,False,,False,,,
2015-09-24,2.91,2.13,0.67,0.64,0.2192,1.49,,,3.86,,,47.06,111.4454,,2461946.0,99.681,98.392,97.569,False,1.0,False,,0,False,,False,,,
2015-09-25,2.96,2.17,0.7,0.71,0.233,1.46,,,3.86,,,47.28,111.3725,,2461946.0,99.681,98.392,97.569,False,1.0,False,,0,False,,False,,,
2015-09-28,2.87,2.1,0.67,0.71,0.2094,1.39,,,3.86,,,46.04,111.3914,,2461946.0,99.681,98.392,97.569,False,1.0,False,,0,False,,False,,,
2015-09-29,2.85,2.05,0.64,0.66,0.1805,1.39,,,3.86,,,47.58,111.5219,,2461946.0,99.681,98.392,97.569,False,1.0,False,,0,False,,False,,,
2015-09-30,2.87,2.06,0.64,0.65,0.1762,1.41,,,3.86,,,47.29,111.3311,,2461948.0,99.681,98.392,97.569,False,1.0,False,,0,False,,False,,,
2015-10-01,2.85,2.05,0.64,0.59,0.1742,1.46,,,3.85,,,47.48,111.0439,,2461948.0,100.174,97.787,97.978,False,1.0,False,,0,False,,False,,,
2015-10-02,2.82,1.99,0.58,0.51,0.145,1.48,,,3.85,,,46.55,110.7006,,2461948.0,100.174,97.787,97.978,False,1.0,False,,0,False,,False,,,
2015-10-05,2.9,2.07,0.61,0.56,0.1634,1.51,,,3.85,,,49.45,110.4445,,2461948.0,100.174,97.787,97.978,False,1.0,False,,0,False,,False,,,
2015-10-06,2.88,2.05,0.61,0.53,0.1632,1.52,,,3.85,,,51.34,110.1371,,2461948.0,100.174,97.787,97.978,False,1.0,False,,0,False,,False,,,
2015-10-07,2.89,2.08,0.65,0.53,0.1741,1.55,,,3.85,,,51.66,109.8162,,2461911.0,100.174,97.787,97.978,False,1.0,False,,0,False,,False,,,
2015-10-08,2.96,2.12,0.65,0.54,0.1919,1.58,,,3.76,,,52.13,109.6452,,2461911.0,100.174,97.787,97.978,False,1.0,False,,0,False,,False,,,
2015-10-09,2.94,2.12,0.65,0.58,0.2,1.54,,,3.76,,,52.08,109.0782,,2461911.0,100.174,97.787,97.978,False,1.0,False,,0,False,,False,,,
2015-10-12,2.94,2.12,0.65,0.58,0.2,1.54,,,3.76,,,50.95,109.0782,,2461911.0,100.174,97.787,97.978,False,1.0,False,,0,False,,False,,,
2015-10-13,2.89,2.06,0.64,0.54,0.1781,1.52,,,3.76,,,48.94,109.4119,,2461911.0,100.174,97.787,97.978,False,1.0,False,,0,False,,False,,,
2015-10-14,2.84,1.99,0.57,0.5,0.143,1.49,,,3.76,,,48.25,109.1244,,2461874.0,100.174,97.787,97.978,False,1.0,False,,0,False,,False,,,
2015-10-15,2.87,2.04,0.61,0.54,0.1541,1.5,,,3.82,,,47.87,108.6671,,2461874.0,100.174,97.787,97.978,False,1.0,False,,0,False,,False,,,
2015-10-16,2.87,2.04,0.61,0.56,0.1613,1.48,,,3.82,,,48.96,108.9956,,2461874.0,100.174,97.787,97.978,False,1.0,False,,0,False,,False,,,
2015-10-19,2.89,2.04,0.61,0.59,0.161,1.45,,,3.82,,,47.51,109.3858,,2461874.0,100.174,97.787,97.978,False,1.0,False,,0,False,,False,,,
2015-10-20,2.92,2.08,0.66,0.6,0.1786,1.48,,,3.82,,,46.93,109.3368,,2461874.0,100.174,97.787,97.978,False,1.0,False,,0,False,,False,,,
2015-10-21,2.87,2.04,0.64,0.59,0.1696,1.45,,,3.82,,,46.72,109.7746,,2461837.0,100.174,97.787,97.978,False,1.0,False,,0,False,,False,,,
2015-10-22,2.87,2.04,0.61,0.57,0.1657,1.47,,,3.79,,,46.59,110.0342,,2461837.0,100.174,97.787,97.978,False,1.0,False,,0,False,,False,,,
2015-10-23,2.9,2.09,0.66,0.58,0.1881,1.51,,,3.79,,,46.3,110.4329,,2461837.0,100.174,97.787,97.978,False,1.0,False,,0,False,,False,,,
2015-10-26,2.87,2.07,0.66,0.59,0.1829,1.48,,,3.79,,,46.57,110.2089,,2461837.0,100.174,97.787,97.978,False,1.0,False,,0,False,,False,,,
2015-10-27,2.86,2.05,0.65,0.57,0.1685,1.48,,,3.79,,,45.54,110.4875,,2461837.0,100.174,97.787,97.978,False,1.0,False,,0,False,,False,,,
2015-10-28,2.87,2.1,0.73,0.63,0.1925,1.47,,,3.79,,,47.6,110.2334,,2461800.0,100.174,97.787,97.978,False,1.0,False,,0,False,,False,,,
2015-10-29,2.96,2.19,0.75,0.67,0.2235,1.52,,,3.76,,,48.04,110.8083,,2461800.0,100.174,97.787,97.978,False,1.0,False,,0,False,,False,,,
2015-10-30,2.93,2.16,0.75,0.63,0.224,1.53,,,3.76,,,48.0,110.2079,,2461800.0,100.174,97.787,97.978,True,2.0,False,,0,False,,False,,,
2015-11-02,2.95,2.2,0.77,0.65,0.2382,1.55,,,3.76,,,47.91,110.2188,,2461800.0,100.174,97.787,97.978,False,2.0,False,,0,False,,False,,,
2015-11-03,3.0,2.23,0.8,0.65,0.2549,1.58,,,3.76,,,48.0,110.244,,2461800.0,100.174,97.787,97.978,False,2.0,False,,0,False,,False,,,
2015-11-04,3.0,2.25,0.84,0.68,0.2718,1.57,,,3.76,,,46.96,110.7139,,2461760.0,100.174,97.787,97.978,False,2.0,False,,0,False,,False,,,
2015-11-05,3.01,2.26,0.85,0.71,0.2794,1.55,,,3.87,,,47.19,110.8302,,2461760.0,100.174,97.787,97.978,False,2.0,False,,0,False,,False,,,
2015-11-06,3.09,2.34,0.9,0.75,0.3137,1.59,,,3.87,,,46.09,111.7603,,2461760.0,100.174,97.787,97.978,False,2.0,False,,0,False,,False,,,
2015-11-09,3.12,2.36,0.89,0.76,0.3241,1.6,,,3.87,,,45.38,111.9112,,2461760.0,100.174,97.787,97.978,False,2.0,False,,0,False,,False,,,
2015-11-10,3.1,2.32,0.87,0.77,0.3151,1.55,,,3.87,,,46.44,111.9919,,2461760.0,100.174,97.787,97.978,False,2.0,False,,0,False,,False,,,
2015-11-11,3.1,2.32,0.87,0.77,0.3151,1.55,,,3.87,,,44.98,111.9919,,2461718.0,100.174,97.787,97.978,False,2.0,False,,0,False,,False,,,
2015-11-12,3.09,2.32,0.89,0.78,0.3148,1.54,,,3.98,,,44.98,111.7965,,2461718.0,100.174,97.787,97.978,False,2.0,False,,0,False,,False,,,
2015-11-13,3.06,2.28,0.86,0.76,0.2979,1.52,,,3.98,,,41.98,112.0264,,2461718.0,100.174,97.787,97.978,False,2.0,False,,0,False,,False,,,
2015-11-16,3.07,2.27,0.88,0.76,0.2854,1.51,,,3.98,,,40.28,112.2199,,2461718.0,100.174,97.787,97.978,False,2.0,False,,0,False,,False,,,
2015-11-17,3.04,2.25,0.86,0.72,0.2761,1.53,,,3.98,,,41.28,112.3141,,2461718.0,100.174,97.787,97.978,False,2.0,False,,0,False,,False,,,
2015-11-18,3.04,2.27,0.9,0.71,0.285,1.56,,,3.98,,,41.45,112.3663,,2461676.0,100.174,97.787,97.978,False,2.0,False,,0,False,,False,,,
2015-11-19,3.0,2.24,0.91,0.68,0.2805,1.56,,,3.97,,,42.22,111.5749,,2461676.0,100.174,97.787,97.978,False,2.0,False,,0,False,,False,,,
2015-11-20,3.02,2.26,0.93,0.66,0.2865,1.6,,,3.97,,,42.49,111.7799,,2461676.0,100.174,97.787,97.978,False,2.0,False,,0,False,,False,,,
2015-11-23,3.0,2.25,0.94,0.64,0.2801,1.61,,,3.97,,,43.7,112.1125,,2461676.0,100.174,97.787,97.978,False,2.0,False,,0,False,,False,,,
2015-11-24,3.0,2.24,0.93,0.62,0.2675,1.62,,,3.97,,,44.38,111.7638,,2461676.0,100.174,97.787,97.978,False,2.0,False,,0,False,,False,,,
2015-11-25,3.0,2.23,0.93,0.62,0.2604,1.61,,,3.95,,,43.56,111.8936,,2461628.0,100.174,97.787,97.978,False,2.0,False,,0,False,,False,,,
2015-11-26,3.0,2.23,0.93,0.62,0.2604,1.61,,,3.95,,,43.55,111.8936,,2461628.0,100.174,97.787,97.978,False,2.0,False,,0,False,,False,,,
2015-11-27,3.0,2.22,0.92,0.62,0.252,1.6,,,3.95,,,43.07,112.2824,,2461628.0,100.174,97.787,97.978,False,2.0,False,,0,False,,False,,,
2015-11-30,2.98,2.21,0.94,0.62,0.2441,1.59,,,3.95,,,43.73,112.34,,2461628.0,100.174,97.787,97.978,False,2.0,False,,0,False,,False,,,
2015-12-01,2.91,2.15,0.91,0.58,0.2158,1.57,,,3.95,,,42.97,112.1134,,2461628.0,100.174,97.787,97.978,False,2.0,False,,0,False,,False,,,
2015-12-02,2.91,2.18,0.94,0.62,0.2206,1.56,,,3.95,,,41.92,112.3715,,2461601.0,100.174,97.787,97.978,False,2.0,False,,0,False,,False,,,
2015-12-03,3.07,2.33,0.96,0.72,0.2704,1.61,,,3.93,,,42.0,111.6407,,2461601.0,100.174,97.787,97.978,False,2.0,False,,0,False,,False,,,
2015-12-04,3.01,2.28,0.96,0.68,0.2659,1.6,,,3.93,,,41.44,111.5463,,2461601.0,100.174,97.787,97.978,False,2.0,False,,0,False,,False,,,
2015-12-07,2.95,2.23,0.94,0.67,0.2396,1.56,,,3.93,,,39.69,112.3056,,2461601.0,100.174,97.787,97.978,False,2.0,False,,0,False,,False,,,
2015-12-08,2.97,2.24,0.94,0.68,0.2311,1.56,,,3.93,,,39.44,112.5485,,2461601.0,100.174,97.787,97.978,False,2.0,False,,0,False,,False,,,
2015-12-09,2.97,2.22,0.93,0.69,0.2173,1.53,,,3.93,,,39.04,112.1918,,2461589.0,100.174,97.787,97.978,False,1.0,False,,0,False,,False,,,
2015-12-10,2.98,2.24,0.95,0.73,0.2263,1.51,,,3.95,,,38.65,112.2672,,2461589.0,100.174,97.787,97.978,False,1.0,False,,0,False,,False,,,
2015-12-11,2.87,2.13,0.88,0.67,0.1862,1.46,,,3.95,,,36.99,112.7147,,2461589.0,100.174,97.787,97.978,False,1.0,False,,0,False,,False,,,
2015-12-14,2.96,2.23,0.97,0.78,0.2146,1.45,,,3.95,,,36.51,112.7521,,2461589.0,100.174,97.787,97.978,False,1.0,False,,0,False,,False,,,
2015-12-15,3.0,2.28,0.98,0.8,0.2388,1.48,,,3.95,,,37.66,112.8609,,2461589.0,100.174,97.787,97.978,False,1.0,False,,0,False,,False,,,
2015-12-16,3.02,2.3,1.02,0.84,0.2625,1.46,,,3.95,,,36.96,112.9864,,2461578.0,100.174,97.787,97.978,False,1.0,False,,0,False,,False,,,
2015-12-17,2.94,2.24,1.0,0.77,0.2511,1.47,,,3.97,,,36.29,113.8177,,2461578.0,100.174,97.787,97.978,False,1.0,False,,0,False,,False,,,
2015-12-18,2.9,2.19,0.97,0.73,0.2329,1.46,,,3.97,,,36.76,113.2837,,2461578.0,100.174,97.787,97.978,False,1.0,False,,0,False,,False,,,
2015-12-21,2.92,2.2,0.96,0.75,0.2243,1.45,,,3.97,,,35.34,113.4144,,2461578.0,100.174,97.787,97.978,False,1.0,False,,0,False,,False,,,
2015-12-22,2.96,2.24,0.99,0.78,0.2411,1.46,,,3.97,,,35.26,113.211,,2461578.0,100.174,97.787,97.978,False,1.0,False,,0,False,,False,,,
2015-12-23,3.0,2.27,1.01,0.76,0.2584,1.51,,,3.97,,,35.79,113.1847,,2461566.0,100.174,97.787,97.978,False,1.0,False,,0,False,,False,,,
2015-12-24,2.96,2.25,1.03,0.73,0.2578,1.52,,,3.96,,,37.22,113.0496,,2461566.0,100.174,97.787,97.978,False,1.0,False,,0,False,,False,,,
2015-12-25,2.96,2.25,1.03,0.73,0.2578,1.52,,,3.96,,,37.22,113.0496,,2461566.0,100.174,97.787,97.978,False,1.0,False,,0,False,,False,,,
2015-12-28,2.95,2.24,1.05,0.74,0.2524,1.5,,,3.96,,,37.08,113.0461,,2461566.0,100.174,97.787,97.978,False,1.0,False,,0,False,,False,,,
2015-12-29,3.04,2.32,1.09,0.79,0.28,1.53,,,3.96,,,36.85,113.1664,,2461566.0,100.174,97.787,97.978,False,1.0,False,,0,False,,False,,,
2015-12-30,3.04,2.31,1.08,0.77,0.2862,1.54,,,3.96,,,35.65,113.4707,,2461554.0,100.174,97.787,97.978,False,1.0,False,,0,False,,False,,,
2015-12-31,3.01,2.27,1.06,0.73,0.2776,1.54,,,4.01,,,36.61,113.3429,,2461554.0,100.174,97.787,97.978,False,1.0,False,,0,False,,False,,,
2016-01-01,3.01,2.27,1.06,0.73,0.2776,1.54,,,4.01,,,36.61,113.3429,,2461554.0,99.909,98.205,97.597,False,1.0,False,,0,False,,False,,,
2016-01-04,2.98,2.24,1.02,0.69,0.2598,1.55,,,4.01,,,36.28,114.1595,,2461554.0,99.909,98.205,97.597,False,1.0,False,,0,False,,False,,,
2016-01-05,3.01,2.25,1.04,0.69,0.2568,1.56,,,4.01,,,35.56,114.2649,,2461554.0,99.909,98.205,97.597,False,1.0,False,,0,False,,False,,,
2016-01-06,2.94,2.18,0.99,0.65,0.226,1.53,,,4.01,,,33.89,114.6177,,2461505.0,99.909,98.205,97.597,False,1.0,False,,0,False,,False,,,
2016-01-07,2.92,2.16,0.96,0.66,0.2045,1.5,,,3.97,,,33.57,114.6516,,2461505.0,99.909,98.205,97.597,False,1.0,False,,0,False,,False,,,
2016-01-08,2.91,2.13,0.94,0.65,0.1865,1.48,,,3.97,,,31.67,115.0095,,2461505.0,99.909,98.205,97.597,False,1.0,False,,0,False,,False,,,
2016-01-11,2.96,2.17,0.94,0.72,0.1893,1.45,,,3.97,,,30.14,115.0139,,2461505.0,99.909,98.205,97.597,False,1.0,False,,0,False,,False,,,
2016-01-12,2.89,2.12,0.93,0.69,0.1711,1.43,,,3.97,,,29.14,115.3128,,2461505.0,99.909,98.205,97.597,False,1.0,False,,0,False,,False,,,
2016-01-13,2.85,2.08,0.91,0.65,0.1485,1.43,,,3.97,,,28.58,115.1425,,2461450.0,99.909,98.205,97.597,False,1.0,False,,0,False,,False,,,
2016-01-14,2.9,2.1,0.9,0.67,0.1496,1.43,,,3.92,,,28.84,115.3846,,2461450.0,99.909,98.205,97.597,False,1.0,False,,0,False,,False,,,
2016-01-15,2.81,2.03,0.85,0.67,0.1267,1.36,,,3.92,,,28.8,115.7404,,2461450.0,99.909,98.205,97.597,False,1.0,False,,0,False,,False,,,
2016-01-18,2.81,2.03,0.85,0.67,0.1267,1.36,,,3.92,,,27.36,115.7404,,2461450.0,99.909,98.205,97.597,False,1.0,False,,0,False,,False,,,
2016-01-19,2.82,2.06,0.88,0.68,0.1308,1.38,,,3.92,,,27.36,115.8155,,2461450.0,99.909,98.205,97.597,False,1.0,False,,0,False,,False,,,
2016-01-20,2.77,2.01,0.85,0.69,0.112,1.32,,,3.92,,,26.01,116.3498,,2461396.0,99.909,98.205,97.597,False,1.0,False,,0,False,,False,,,
2016-01-21,2.79,2.02,0.84,0.74,0.1092,1.28,,,3.81,,,27.59,115.9833,,2461396.0,99.909,98.205,97.597,False,1.0,False,,0,False,,False,,,
2016-01-22,2.83,2.07,0.88,0.72,0.1235,1.35,,,3.81,,,30.46,115.9833,,2461396.0,99.909,98.205,97.597,False,0.0,False,,0,False,,False,,,
2016-01-25,2.8,2.03,0.88,0.69,0.1115,1.34,,,3.81,,,29.82,115.9833,,2461396.0,99.909,98.205,97.597,False,0.0,False,,0,False,,False,,,
2016-01-26,2.79,2.01,0.85,0.65,0.0988,1.36,,,3.81,,,30.94,115.9833,,2461396.0,99.909,98.205,97.597,False,0.0,False,,0,False,,False,,,
2016-01-27,2.8,2.02,0.84,0.62,0.0936,1.4,,,3.81,,,31.83,115.5087,,2461341.0,99.909,98.205,97.597,False,0.0,False,,0,False,,False,,,
2016-01-28,2.79,2.0,0.83,0.58,0.0811,1.42,,,3.79,,,33.01,115.2224,,2461341.0,99.909,98.205,97.597,False,0.0,False,,0,False,,False,,,
2016-01-29,2.75,1.94,0.76,0.53,0.0528,1.41,,,3.79,,,33.14,115.5731,,2461341.0,99.909,98.205,97.597,False,0.0,False,,0,False,,False,,,
2016-02-01,2.77,1.97,0.81,0.57,0.0599,1.4,,,3.79,,,32.45,115.3331,,2461341.0,99.909,98.205,97.597,False,0.0,False,,0,False,,False,,,
2016-02-02,2.67,1.87,0.75,0.51,0.0187,1.36,,,3.79,,,30.98,115.553,,2461341.0,99.909,98.205,97.597,False,0.0,False,,0,False,,False,,,
2016-02-03,2.7,1.88,0.72,0.5,0.0087,1.38,,,3.79,,,32.38,114.6144,,2461269.0,99.909,98.205,97.597,False,0.0,False,,0,False,,False,,,
2016-02-04,2.7,1.87,0.7,0.51,0.0043,1.36,,,3.72,,,32.76,113.6012,,2461269.0,99.909,98.205,97.597,False,0.0,False,,0,False,,False,,,
2016-02-05,2.68,1.86,0.74,0.53,0.0006,1.33,,,3.72,,,32.35,114.2935,,2461269.0,99.909,98.205,97.597,False,0.0,False,,0,False,,False,,,
2016-02-08,2.56,1.75,0.66,0.52,-0.0424,1.23,,,3.72,,,31.64,114.4351,,2461269.0,99.909,98.205,97.597,False,0.0,False,,0,False,,False,,,
2016-02-09,2.55,1.74,0.69,0.53,-0.0544,1.21,,,3.72,,,30.15,114.127,,2461269.0,99.909,98.205,97.597,False,0.0,False,,0,False,,False,,,
2016-02-10,2.53,1.71,0.71,0.5,-0.0642,1.21,,,3.72,,,29.64,114.2877,,2461174.0,99.909,98.205,97.597,False,0.0,False,,0,False,,False,,,
2016-02-11,2.5,1.63,0.64,0.45,-0.0906,1.18,,,3.65,,,28.82,114.1845,,2461174.0,99.909,98.205,97.597,False,0.0,False,,0,False,,False,,,
2016-02-12,2.6,1.74,0.71,0.49,-0.056,1.25,,,3.65,,,31.8,114.2992,,2461174.0,99.909,98.205,97.597,False,0.0,False,,0,False,,False,,,
2016-02-15,2.6,1.74,0.71,0.49,-0.056,1.25,,,3.65,,,31.8,114.2992,,2461174.0,99.909,98.205,97.597,False,0.0,False,,0,False,,False,,,
2016-02-16,2.64,1.78,0.74,0.53,-0.0364,1.25,,,3.65,,,31.09,114.4905,,2461174.0,99.909,98.205,97.597,False,0.0,False,,0,False,,False,,,
2016-02-17,2.68,1.81,0.74,0.53,-0.0177,1.28,,,3.65,,,33.21,113.8634,,2461080.0,99.909,98.205,97.597,False,0.0,False,,0,False,,False,,,
2016-02-18,2.62,1.75,0.71,0.51,-0.0367,1.24,,,3.65,,,33.2,113.8897,,2461080.0,99.909,98.205,97.597,False,0.0,False,,0,False,,False,,,
2016-02-19,2.61,1.76,0.76,0.5,-0.0349,1.26,,,3.65,,,31.66,113.9558,,2461080.0,99.909,98.205,97.597,False,0.0,False,,0,False,,False,,,
2016-02-22,2.62,1.77,0.78,0.46,-0.033,1.31,,,3.65,,,33.59,113.8232,,2461080.0,99.909,98.205,97.597,False,0.0,False,,0,False,,False,,,
2016-02-23,2.6,1.74,0.76,0.42,-0.044,1.32,,,3.65,,,31.9,114.177,,2461080.0,99.909,98.205,97.597,False,0.0,False,,0,False,,False,,,
2016-02-24,2.61,1.75,0.75,0.39,-0.0457,1.36,,,3.65,,,31.5,114.1716,,2461211.0,99.909,98.205,97.597,False,0.0,False,,0,False,,False,,,
2016-02-25,2.58,1.71,0.72,0.32,-0.0658,1.39,,,3.62,,,32.83,113.9222,,2461211.0,99.909,98.205,97.597,False,0.0,False,,0,False,,False,,,
2016-02-26,2.63,1.76,0.8,0.35,-0.0427,1.41,,,3.62,,,35.76,114.3708,,2461211.0,99.909,98.205,97.597,False,0.0,False,,0,False,,False,,,
2016-02-29,2.61,1.74,0.78,0.32,-0.0465,1.42,,,3.62,,,35.92,114.2418,,2461211.0,99.909,98.205,97.597,False,0.0,False,,0,False,,False,,,
2016-03-01,2.7,1.83,0.85,0.35,-0.0103,1.48,,,3.62,,,35.73,113.9265,,2461211.0,99.909,98.205,97.597,False,0.0,False,,0,False,,False,,,
2016-03-02,2.69,1.84,0.85,0.33,0.0068,1.51,,,3.62,,,36.38,113.7965,,2461152.0,99.909,98.205,97.597,False,0.0,False,,0,False,,False,,,
2016-03-03,2.65,1.83,0.85,0.3,0.0105,1.53,,,3.64,,,35.75,113.2482,,2461152.0,99.909,98.205,97.597,False,0.0,False,,0,False,,False,,,
2016-03-04,2.7,1.88,0.88,0.37,0.0355,1.51,,,3.64,,,37.61,112.6387,,2461152.0,99.909,98.205,97.597,False,0.0,False,,0,False,,False,,,
2016-03-07,2.71,1.91,0.91,0.43,0.0518,1.48,,,3.64,,,39.02,112.6219,,2461152.0,99.909,98.205,97.597,True,1.0,False,,0,False,,False,,,
2016-03-08,2.63,1.83,0.88,0.37,0.0258,1.46,,,3.64,,,39.16,112.8465,,2461152.0,99.909,98.205,97.597,False,1.0,False,,0,False,,False,,,
2016-03-09,2.68,1.9,0.9,0.39,0.0394,1.51,,,3.64,,,40.26,112.4268,,2461196.0,99.909,98.205,97.597,True,2.0,False,,0,False,,False,,,
2016-03-10,2.7,1.93,0.93,0.45,0.0613,1.48,,,3.68,,,38.63,112.4191,,2461196.0,99.909,98.205,97.597,True,3.0,False,,0,False,,False,,,
2016-03-11,2.75,1.98,0.97,0.44,0.0824,1.54,,,3.68,,,39.41,111.741,,2461196.0,99.909,98.205,97.597,True,4.0,False,,0,False,,False,,,
2016-03-14,2.74,1.97,0.97,0.45,0.0822,1.52,,,3.68,,,38.06,112.1688,,2461196.0,99.909,98.205,97.597,True,5.0,False,,0,False,,False,,,
2016-03-15,2.73,1.97,0.98,0.47,0.0823,1.5,,,3.68,,,37.49,112.5545,,2461196.0,99.909,98.205,97.597,True,6.0,False,,0,False,,False,,,
2016-03-16,2.73,1.94,0.87,0.36,0.0607,1.58,,,3.68,,,38.38,112.7759,,2461239.0,99.909,98.205,97.597,False,6.0,False,,0,False,,False,,,
2016-03-17,2.69,1.91,0.87,0.34,0.0483,1.57,,,3.73,,,39.29,110.445,,2461239.0,99.909,98.205,97.597,True,7.0,False,,0,False,,False,,,
2016-03-18,2.68,1.88,0.84,0.27,0.0333,1.61,,,3.73,,,39.26,110.4002,,2461239.0,99.909,98.205,97.597,False,7.0,False,,0,False,,False,,,
2016-03-21,2.72,1.92,0.87,0.28,0.0455,1.64,,,3.73,,,39.91,110.737,,2461239.0,99.909,98.205,97.597,False,7.0,False,,0,False,,False,,,
2016-03-22,2.72,1.94,0.91,0.31,0.0607,1.63,,,3.73,,,40.54,110.7877,,2461239.0,99.909,98.205,97.597,True,8.0,False,,0,False,,False,,,
2016-03-23,2.65,1.88,0.87,0.3,0.0393,1.58,,,3.73,,,38.84,111.5473,,2461283.0,99.909,98.205,97.597,False,8.0,False,,0,False,,False,,,
2016-03-24,2.67,1.91,0.89,0.34,0.0442,1.57,,,3.71,,,38.33,111.816,,2461283.0,99.909,98.205,97.597,True,9.0,False,,0,False,,False,,,
2016-03-25,2.67,1.91,0.89,0.34,0.0442,1.57,,,3.71,,,38.33,111.7698,,2461283.0,99.909,98.205,97.597,False,9.0,False,,0,False,,False,,,
2016-03-28,2.66,1.89,0.89,0.33,0.0368,1.56,,,3.71,,,38.33,111.3578,,2461283.0,99.909,98.205,97.597,False,9.0,False,,0,False,,False,,,
2016-03-29,2.6,1.81,0.78,0.2,0.0039,1.61,,,3.71,,,36.75,111.3736,,2461283.0,99.909,98.205,97.597,False,9.0,False,,0,False,,False,,,
2016-03-30,2.65,1.83,0.76,0.18,0.0018,1.65,,,3.71,,,36.75,110.2301,,2461326.0,99.909,98.205,97.597,False,9.0,False,,0,False,,False,,,
2016-03-31,2.61,1.78,0.73,0.16,-0.0181,1.62,,,3.71,,,36.75,109.9191,,2461326.0,99.909,98.205,97.597,False,9.0,False,,0,False,,False,,,
2016-04-01,2.62,1.79,0.76,0.17,-0.0155,1.62,,,3.71,,,36.42,110.2977,,2461326.0,99.458,98.267,97.893,False,9.0,False,,0,False,,False,,,
2016-04-04,2.6,1.78,0.75,0.14,-0.0242,1.64,,,3.71,,,36.05,110.3987,,2461326.0,99.458,98.267,97.893,False,9.0,False,,0,False,,False,,,
2016-04-05,2.54,1.73,0.72,0.14,-0.0449,1.59,,,3.71,,,35.88,110.9478,,2461326.0,99.458,98.267,97.893,False,9.0,False,,0,False,,False,,,
2016-04-06,2.58,1.76,0.73,0.17,-0.0377,1.59,,,3.71,,,37.77,110.5347,,2461345.0,99.458,98.267,97.893,False,9.0,False,,0,False,,False,,,
2016-04-07,2.52,1.7,0.7,0.12,-0.0616,1.58,,,3.59,,,37.15,110.8876,,2461345.0,99.458,98.267,97.893,False,9.0,False,,0,False,,False,,,
2016-04-08,2.55,1.72,0.7,0.14,-0.0605,1.58,,,3.59,,,40.71,110.4213,,2461345.0,99.458,98.267,97.893,False,9.0,False,,0,False,,False,,,
2016-04-11,2.56,1.73,0.7,0.17,-0.0575,1.56,,,3.59,,,41.58,109.9758,,2461345.0,99.458,98.267,97.893,False,9.0,False,,0,False,,False,,,
2016-04-12,2.61,1.79,0.74,0.22,-0.0334,1.57,,,3.59,,,43.02,109.816,,2461345.0,99.458,98.267,97.893,False,9.0,False,,0,False,,False,,,
2016-04-13,2.58,1.77,0.75,0.21,-0.0318,1.56,,,3.59,,,42.81,110.1436,,2461368.0,99.458,98.267,97.893,False,9.0,False,,0,False,,False,,,
2016-04-14,2.61,1.8,0.77,0.24,-0.0191,1.56,,,3.58,,,43.02,110.1691,,2461368.0,99.458,98.267,97.893,False,9.0,False,,0,False,,False,,,
2016-04-15,2.56,1.76,0.74,0.2,-0.0312,1.56,,,3.58,,,41.32,110.1933,,2461368.0,99.458,98.267,97.893,False,9.0,False,,0,False,,False,,,
2016-04-18,2.58,1.78,0.75,0.21,-0.0261,1.57,,,3.58,,,41.64,109.9892,,2461368.0,99.458,98.267,97.893,False,9.0,False,,0,False,,False,,,
2016-04-19,2.6,1.79,0.77,0.19,-0.0153,1.6,,,3.58,,,43.02,109.2782,,2461368.0,99.458,98.267,97.893,False,9.0,False,,0,False,,False,,,
2016-04-20,2.66,1.85,0.8,0.23,0.0112,1.62,,,3.58,,,43.09,109.3926,,2461390.0,99.458,98.267,97.893,False,9.0,False,,0,False,,False,,,
2016-04-21,2.69,1.88,0.82,0.24,0.0259,1.64,,,3.59,,,43.48,109.8533,,2461390.0,99.458,98.267,97.893,False,9.0,False,,0,False,,False,,,
2016-04-22,2.7,1.89,0.84,0.25,0.0384,1.64,,,3.59,,,43.97,110.2331,,2461390.0,99.458,98.267,97.893,False,9.0,False,,0,False,,False,,,
2016-04-25,2.72,1.91,0.85,0.26,0.046,1.65,,,3.59,,,42.97,110.1865,,2461390.0,99.458,98.267,97.893,False,9.0,False,,0,False,,False,,,
2016-04-26,2.76,1.94,0.86,0.27,0.0597,1.67,,,3.59,,,43.94,109.7496,,2461390.0,99.458,98.267,97.893,False,9.0,False,,0,False,,False,,,
2016-04-27,2.71,1.87,0.83,0.19,0.0372,1.68,,,3.59,,,44.17,109.8483,,2461413.0,99.458,98.267,97.893,False,9.0,False,,0,False,,False,,,
2016-04-28,2.68,1.84,0.78,0.12,0.0146,1.72,,,3.66,,,45.6,109.2148,,2461413.0,99.458,98.267,97.893,False,9.0,False,,0,False,,False,,,
2016-04-29,2.66,1.83,0.77,0.12,0.0066,1.71,,,3.66,,,45.64,108.8274,,2461413.0,99.458,98.267,97.893,False,9.0,False,,0,False,,False,,,
2016-05-02,2.71,1.88,0.8,0.2,0.023,1.68,,,3.66,,,45.82,108.671,,2461413.0,99.458,98.267,97.893,False,9.0,False,,0,False,,False,,,
2016-05-03,2.66,1.81,0.75,0.17,0.0005,1.64,,,3.66,,,43.09,109.3613,,2461413.0,99.458,98.267,97.893,False,9.0,False,,0,False,,False,,,
2016-05-04,2.64,1.79,0.75,0.16,-0.0112,1.63,,,3.66,,,43.08,109.9952,,2461489.0,99.458,98.267,97.893,False,9.0,False,,0,False,,False,,,
2016-05-05,2.6,1.76,0.72,0.13,-0.0284,1.63,,,3.61,,,44.39,110.2417,,2461489.0,99.458,98.267,97.893,False,9.0,False,,0,False,,False,,,
2016-05-06,2.62,1.79,0.74,0.18,-0.0207,1.61,,,3.61,,,44.6,110.3801,,2461489.0,99.458,98.267,97.893,False,9.0,False,,0,False,,False,,,
2016-05-09,2.61,1.77,0.72,0.18,-0.0326,1.59,,,3.61,,,42.43,110.9466,,2461489.0,99.458,98.267,97.893,False,9.0,False,,0,False,,False,,,
2016-05-10,2.61,1.77,0.72,0.15,-0.0347,1.62,,,3.61,,,44.01,110.8225,,2461489.0,99.458,98.267,97.893,False,9.0,False,,0,False,,False,,,
2016-05-11,2.58,1.73,0.74,0.14,-0.0421,1.59,,,3.61,,,46.08,110.2806,,2461605.0,99.458,98.267,97.893,False,9.0,False,,0,False,,False,,,
2016-05-12,2.6,1.75,0.76,0.15,-0.0329,1.6,,,3.57,,,46.43,110.6935,,2461605.0,99.458,98.267,97.893,False,9.0,False,,0,False,,False,,,
2016-05-13,2.55,1.71,0.76,0.13,-0.0464,1.58,,,3.57,,,47.05,111.2521,,2461605.0,99.458,98.267,97.893,False,9.0,False,,0,False,,False,,,
2016-05-16,2.59,1.75,0.79,0.15,-0.033,1.6,,,3.57,,,48.49,111.1217,,2461605.0,99.458,98.267,97.893,False,9.0,False,,0,False,,False,,,
2016-05-17,2.59,1.76,0.82,0.15,-0.0252,1.61,,,3.57,,,48.71,111.0867,,2461605.0,99.458,98.267,97.893,False,9.0,False,,0,False,,False,,,
2016-05-18,2.67,1.87,0.9,0.26,0.0207,1.61,,,3.57,,,48.93,111.4995,,2461721.0,99.458,98.267,97.893,False,9.0,False,,0,False,,False,,,
2016-05-19,2.64,1.85,0.89,0.29,0.0221,1.56,,,3.58,,,47.01,112.2331,,2461721.0,99.458,98.267,97.893,False,9.0,False,,0,False,,False,,,
2016-05-20,2.63,1.85,0.89,0.29,0.0176,1.56,,,3.58,,,48.54,112.1822,,2461721.0,99.458,98.267,97.893,False,9.0,False,,0,False,,False,,,
2016-05-23,2.63,1.84,0.91,0.3,0.0102,1.54,,,3.58,,,47.77,112.284,,2461721.0,99.458,98.267,97.893,False,9.0,False,,0,False,,False,,,
2016-05-24,2.65,1.86,0.92,0.31,0.0177,1.55,,,3.58,,,48.42,112.2912,,2461721.0,99.458,98.267,97.893,False,9.0,False,,0,False,,False,,,
2016-05-25,2.67,1.87,0.92,0.29,0.0239,1.58,,,3.58,,,48.87,112.2001,,2461637.0,99.458,98.267,97.893,False,9.0,False,,0,False,,False,,,
2016-05-26,2.64,1.83,0.87,0.25,0.0099,1.58,,,3.64,,,49.52,111.8979,,2461637.0,99.458,98.267,97.893,False,9.0,False,,0,False,,False,,,
2016-05-27,2.65,1.85,0.9,0.27,0.0182,1.58,,,3.64,,,49.09,112.0822,,2461637.0,99.458,98.267,97.893,False,9.0,False,,0,False,,False,,,
2016-05-30,2.65,1.85,0.9,0.27,0.0182,1.58,,,3.64,,,49.09,112.0822,,2461637.0,99.458,98.267,97.893,False,8.0,False,,0,False,,False,,,
2016-05-31,2.64,1.84,0.87,0.3,0.01,1.54,,,3.64,,,49.26,112.4276,,2461637.0,99.458,98.267,97.893,False,8.0,False,,0,False,,False,,,
2016-06-01,2.63,1.85,0.91,0.31,0.0147,1.54,,,3.64,,,48.81,112.462,,2461761.0,99.458,98.267,97.893,False,7.0,False,,0,False,,False,,,
2016-06-02,2.58,1.81,0.89,0.27,0.0023,1.54,,,3.66,,,49.05,112.4564,,2461761.0,99.458,98.267,97.893,False,6.0,False,,0,False,,False,,,
2016-06-03,2.52,1.71,0.78,0.19,-0.0468,1.52,,,3.66,,,48.5,111.4451,,2461761.0,99.458,98.267,97.893,False,5.0,False,,0,False,,False,,,
2016-06-06,2.55,1.73,0.8,0.19,-0.0492,1.54,,,3.66,,,48.94,111.2295,,2461761.0,99.458,98.267,97.893,False,4.0,False,,0,False,,False,,,
2016-06-07,2.54,1.72,0.78,0.15,-0.0554,1.57,,,3.66,,,49.76,110.8378,,2461761.0,99.458,98.267,97.893,False,3.0,False,,0,False,,False,,,
2016-06-08,2.51,1.71,0.78,0.12,-0.0588,1.59,,,3.66,,,50.73,110.1916,,2461897.0,99.458,98.267,97.893,False,3.0,False,,0,False,,False,,,
2016-06-09,2.48,1.68,0.77,0.12,-0.0678,1.56,,,3.6,,,50.59,110.6168,,2461897.0,99.458,98.267,97.893,False,2.0,False,,0,False,,False,,,
2016-06-10,2.44,1.64,0.73,0.12,-0.0874,1.52,,,3.6,,,49.7,111.1027,,2461897.0,99.458,98.267,97.893,False,2.0,False,,0,False,,False,,,
2016-06-13,2.43,1.62,0.73,0.15,-0.1038,1.47,,,3.6,,,49.36,111.5036,,2461897.0,99.458,98.267,97.893,False,2.0,False,,0,False,,False,,,
2016-06-14,2.43,1.62,0.74,0.17,-0.1071,1.45,,,3.6,,,47.88,111.9826,,2461897.0,99.458,98.267,97.893,False,1.0,False,,0,False,,False,,,
2016-06-15,2.43,1.6,0.69,0.13,-0.1207,1.47,,,3.6,,,47.47,111.7671,,2462032.0,99.458,98.267,97.893,False,1.0,False,,0,False,,False,,,
2016-06-16,2.39,1.57,0.7,0.15,-0.1284,1.42,,,3.54,,,45.66,112.2347,,2462032.0,99.458,98.267,97.893,False,0.0,False,,0,False,,False,,,
2016-06-17,2.43,1.62,0.7,0.2,-0.1156,1.42,,,3.54,,,46.57,111.5332,,2462032.0,99.458,98.267,97.893,False,0.0,False,,0,False,,False,,,
2016-06-20,2.47,1.67,0.74,0.24,-0.0969,1.43,,,3.54,,,48.68,110.8693,,2462032.0,99.458,98.267,97.893,False,0.0,False,,0,False,,False,,,
2016-06-21,2.5,1.71,0.76,0.28,-0.0775,1.43,,,3.54,,,48.18,111.0077,,2462032.0,99.458,98.267,97.893,False,0.0,False,,0,False,,False,,,
2016-06-22,2.5,1.69,0.75,0.25,-0.0785,1.44,,,3.54,,,48.43,110.7681,,2462168.0,99.458,98.267,97.893,False,0.0,False,,0,False,,False,,,
2016-06-23,2.55,1.74,0.78,0.24,-0.0585,1.5,,,3.56,,,48.63,110.262,,2462168.0,99.458,98.267,97.893,False,0.0,False,,0,False,,False,,,
2016-06-24,2.42,1.57,0.64,0.15,-0.1195,1.42,,,3.56,,,46.69,112.1355,,2462168.0,99.458,98.267,97.893,False,0.0,False,,0,False,,False,,,
2016-06-27,2.28,1.46,0.61,0.12,-0.1732,1.34,,,3.56,,,45.07,113.1301,,2462168.0,99.458,98.267,97.893,False,0.0,False,,0,False,,False,,,
2016-06-28,2.27,1.46,0.61,0.09,-0.1884,1.37,,,3.56,,,46.29,112.7545,,2462168.0,99.458,98.267,97.893,False,0.0,False,,0,False,,False,,,
2016-06-29,2.3,1.5,0.62,0.1,-0.1773,1.4,,,3.56,,,48.4,111.8597,,2462303.0,99.458,98.267,97.893,False,0.0,False,,0,False,,False,,,
2016-06-30,2.3,1.49,0.58,0.09,-0.1822,1.4,,,3.48,,,48.05,112.1618,,2462303.0,99.458,98.267,97.893,False,0.0,False,,0,False,,False,,,
2016-07-01,2.24,1.46,0.59,0.03,-0.1898,1.43,,,3.48,,,47.65,111.6509,,2462303.0,99.306,98.603,97.979,False,0.0,False,,0,False,,False,,,
2016-07-04,2.24,1.46,0.59,0.03,-0.1898,1.43,,,3.48,,,48.02,111.6509,,2462303.0,99.306,98.603,97.979,False,0.0,False,,0,False,,False,,,
2016-07-05,2.14,1.37,0.56,-0.03,-0.2244,1.4,,,3.48,,,45.64,112.4231,,2462303.0,99.306,98.603,97.979,False,0.0,False,,0,False,,False,,,
2016-07-06,2.14,1.38,0.58,-0.05,-0.2295,1.43,,,3.48,,,45.7,112.5438,,2462427.0,99.306,98.603,97.979,False,0.0,False,,0,False,,False,,,
2016-07-07,2.14,1.4,0.58,-0.03,-0.2295,1.43,,,3.41,,,45.93,112.5775,,2462427.0,99.306,98.603,97.979,False,0.0,False,,0,False,,False,,,
2016-07-08,2.11,1.37,0.61,-0.06,-0.2364,1.43,,,3.41,,,44.53,112.3963,,2462427.0,99.306,98.603,97.979,False,0.0,False,,0,False,,False,,,
2016-07-11,2.14,1.43,0.66,0.01,-0.2165,1.42,,,3.41,,,44.04,112.5254,,2462427.0,99.306,98.603,97.979,False,0.0,False,,0,False,,False,,,
2016-07-12,2.24,1.53,0.69,0.07,-0.1792,1.46,,,3.41,,,46.72,112.1102,,2462427.0,99.306,98.603,97.979,False,0.0,False,,0,False,,False,,,
2016-07-13,2.18,1.48,0.68,0.03,-0.1836,1.45,,,3.41,,,44.67,112.0266,,2462541.0,99.306,98.603,97.979,False,0.0,False,,0,False,,False,,,
2016-07-14,2.25,1.53,0.68,0.08,-0.1682,1.45,,,3.42,,,46.01,111.7692,,2462541.0,99.306,98.603,97.979,False,0.0,False,,0,False,,False,,,
2016-07-15,2.3,1.6,0.71,0.11,-0.1398,1.49,,,3.42,,,46.25,112.2833,,2462541.0,99.306,98.603,97.979,False,0.0,False,,0,False,,False,,,
2016-07-18,2.3,1.59,0.68,0.1,-0.1384,1.49,,,3.42,,,45.35,112.2463,,2462541.0,99.306,98.603,97.979,False,0.0,False,,0,False,,False,,,
2016-07-19,2.27,1.56,0.7,0.12,-0.1468,1.44,,,3.42,,,45.7,112.638,,2462541.0,99.306,98.603,97.979,False,0.0,False,,0,False,,False,,,
2016-07-20,2.3,1.59,0.73,0.13,-0.1365,1.46,,,3.42,,,45.82,112.6743,,2462652.0,99.306,98.603,97.979,False,0.0,False,,0,False,,False,,,
2016-07-21,2.29,1.57,0.7,0.05,-0.1465,1.52,,,3.45,,,44.99,112.6239,,2462652.0,99.306,98.603,97.979,False,0.0,False,,0,False,,False,,,
2016-07-22,2.29,1.57,0.71,0.06,-0.1419,1.51,,,3.45,,,44.24,112.989,,2462652.0,99.306,98.603,97.979,False,0.0,False,,0,False,,False,,,
2016-07-25,2.29,1.58,0.72,0.08,-0.137,1.5,,,3.45,,,43.76,113.1784,,2462652.0,99.306,98.603,97.979,False,0.0,False,,0,False,,False,,,
2016-07-26,2.28,1.57,0.75,0.07,-0.1373,1.5,,,3.45,,,43.56,113.0593,,2462652.0,99.306,98.603,97.979,False,0.0,False,,0,False,,False,,,
2016-07-27,2.23,1.52,0.73,0.03,-0.1558,1.49,,,3.45,,,42.78,113.217,,2462763.0,99.306,98.603,97.979,False,0.0,False,,0,False,,False,,,
2016-07-28,2.23,1.52,0.72,0.0,-0.16,1.52,,,3.48,,,41.87,112.7393,,2462763.0,99.306,98.603,97.979,False,0.0,False,,0,False,,False,,,
2016-07-29,2.18,1.46,0.67,-0.03,-0.1857,1.49,,,3.48,,,40.76,111.874,,2462763.0,99.306,98.603,97.979,False,0.0,False,,0,False,,False,,,
2016-08-01,2.24,1.51,0.67,0.05,-0.177,1.46,,,3.48,,,40.17,111.9757,,2462763.0,99.306,98.603,97.979,False,0.0,False,,0,False,,False,,,
2016-08-02,2.29,1.55,0.67,0.11,-0.1649,1.44,,,3.48,,,40.0,111.7124,,2462763.0,99.306,98.603,97.979,True,1.0,False,,0,False,,False,,,
2016-08-03,2.29,1.55,0.67,0.09,-0.1635,1.46,,,3.48,,,40.45,111.9419,,2462865.0,99.306,98.603,97.979,True,2.0,False,,0,False,,False,,,
2016-08-04,2.25,1.51,0.64,0.04,-0.1754,1.47,,,3.43,,,41.33,111.9149,,2462865.0,99.306,98.603,97.979,False,2.0,False,,0,False,,False,,,
2016-08-05,2.32,1.59,0.72,0.09,-0.1419,1.5,,,3.43,,,42.47,112.3589,,2462865.0,99.306,98.603,97.979,True,3.0,False,,0,False,,False,,,
2016-08-08,2.3,1.59,0.74,0.08,-0.1346,1.51,,,3.43,,,43.24,112.1456,,2462865.0,99.306,98.603,97.979,True,4.0,False,,0,False,,False,,,
2016-08-09,2.25,1.55,0.71,0.06,-0.148,1.49,,,3.43,,,43.37,111.722,,2462865.0,99.306,98.603,97.979,False,4.0,False,,0,False,,False,,,
2016-08-10,2.23,1.5,0.69,0.06,-0.165,1.44,,,3.43,,,42.19,111.3238,,2462956.0,99.306,98.603,97.979,False,4.0,False,,0,False,,False,,,
2016-08-11,2.28,1.57,0.76,0.1,-0.14,1.47,,,3.45,,,44.23,111.1954,,2462956.0,99.306,98.603,97.979,False,4.0,False,,0,False,,False,,,
2016-08-12,2.23,1.51,0.71,0.07,-0.1546,1.44,,,3.45,,,45.12,111.1787,,2462956.0,99.306,98.603,97.979,False,4.0,False,,0,False,,False,,,
2016-08-15,2.27,1.55,0.72,0.1,-0.1467,1.45,,,3.45,,,47.31,110.9212,,2462956.0,99.306,98.603,97.979,False,4.0,False,,0,False,,False,,,
2016-08-16,2.29,1.57,0.76,0.13,-0.1327,1.44,,,3.45,,,48.27,110.4295,,2462956.0,99.306,98.603,97.979,False,4.0,False,,0,False,,False,,,
2016-08-17,2.27,1.56,0.74,0.09,-0.1372,1.47,,,3.45,,,48.58,110.9459,,2463447.0,99.306,98.603,97.979,False,4.0,False,,0,False,,False,,,
2016-08-18,2.26,1.53,0.71,0.06,-0.1499,1.47,,,3.43,,,49.46,110.3134,,2463447.0,99.306,98.603,97.979,False,4.0,False,,0,False,,False,,,
2016-08-19,2.29,1.58,0.76,0.1,-0.13,1.48,,,3.43,,,49.39,110.8163,,2463447.0,99.306,98.603,97.979,False,4.0,False,,0,False,,False,,,
2016-08-22,2.24,1.55,0.76,0.08,-0.1384,1.47,,,3.43,,,48.1,110.9997,,2463447.0,99.306,98.603,97.979,False,4.0,False,,0,False,,False,,,
2016-08-23,2.24,1.55,0.74,0.07,-0.1411,1.48,,,3.43,,,48.7,110.9414,,2463447.0,99.306,98.603,97.979,False,4.0,False,,0,False,,False,,,
2016-08-24,2.24,1.56,0.76,0.08,-0.1429,1.48,,,3.43,,,47.56,111.2958,,2463538.0,99.306,98.603,97.979,False,4.0,False,,0,False,,False,,,
2016-08-25,2.27,1.58,0.78,0.09,-0.1357,1.49,,,3.43,,,49.25,111.1726,,2463538.0,99.306,98.603,97.979,False,4.0,False,,0,False,,False,,,
2016-08-26,2.29,1.62,0.84,0.15,-0.1105,1.47,,,3.43,,,49.66,111.2035,,2463538.0,99.306,98.603,97.979,True,5.0,False,,0,False,,False,,,
2016-08-29,2.22,1.57,0.81,0.11,-0.1271,1.46,,,3.43,,,49.66,111.8775,,2463538.0,99.306,98.603,97.979,False,5.0,False,,0,False,,False,,,
2016-08-30,2.23,1.57,0.8,0.11,-0.1297,1.46,,,3.43,,,47.94,112.2928,,2463538.0,99.306,98.603,97.979,False,5.0,False,,0,False,,False,,,
2016-08-31,2.23,1.58,0.8,0.11,-0.1271,1.47,,,3.43,,,47.94,112.4036,,2463645.0,99.306,98.603,97.979,False,5.0,False,,0,False,,False,,,
2016-09-01,2.23,1.57,0.78,0.12,-0.1296,1.45,,,3.46,,,45.05,112.1733,,2463645.0,99.306,98.603,97.979,False,5.0,False,,0,False,,False,,,
2016-09-02,2.28,1.6,0.8,0.13,-0.1189,1.47,,,3.46,,,45.96,112.0009,,2463645.0,99.306,98.603,97.979,False,5.0,False,,0,False,,False,,,
2016-09-05,2.28,1.6,0.8,0.13,-0.1189,1.47,,,3.46,,,46.72,112.0009,,2463645.0,99.306,98.603,97.979,False,5.0,False,,0,False,,False,,,
2016-09-06,2.24,1.55,0.74,0.06,-0.1416,1.49,,,3.46,,,46.21,110.9613,,2463645.0,99.306,98.603,97.979,False,5.0,False,,0,False,,False,,,
2016-09-07,2.23,1.54,0.74,0.03,-0.153,1.51,,,3.46,,,47.0,110.9717,,2463599.0,99.306,98.603,97.979,False,5.0,False,,0,False,,False,,,
2016-09-08,2.32,1.61,0.78,0.09,-0.1286,1.52,,,3.44,,,49.23,111.2609,,2463599.0,99.306,98.603,97.979,False,5.0,False,,0,False,,False,,,
2016-09-09,2.39,1.67,0.79,0.17,-0.1028,1.5,,,3.44,,,48.37,111.9879,,2463599.0,99.306,98.603,97.979,False,5.0,False,,0,False,,False,,,
2016-09-12,2.4,1.68,0.79,0.17,-0.1035,1.51,,,3.44,,,47.82,112.1516,,2463599.0,99.306,98.603,97.979,False,5.0,False,,0,False,,False,,,
2016-09-13,2.47,1.73,0.8,0.24,-0.0803,1.49,,,3.44,,,46.48,112.5207,,2463599.0,99.306,98.603,97.979,False,5.0,False,,0,False,,False,,,
2016-09-14,2.44,1.7,0.77,0.21,-0.0869,1.49,,,3.44,,,45.65,112.4678,,2463553.0,99.306,98.603,97.979,False,5.0,False,,0,False,,False,,,
2016-09-15,2.48,1.71,0.74,0.22,-0.0838,1.49,,,3.5,,,45.83,112.4753,,2463553.0,99.306,98.603,97.979,False,5.0,False,,0,False,,False,,,
2016-09-16,2.44,1.7,0.77,0.19,-0.0803,1.51,,,3.5,,,45.26,113.1765,,2463553.0,99.306,98.603,97.979,False,5.0,False,,0,False,,False,,,
2016-09-19,2.45,1.7,0.79,0.2,-0.0776,1.5,,,3.5,,,46.04,112.903,,2463553.0,99.306,98.603,97.979,False,5.0,False,,0,False,,False,,,
2016-09-20,2.43,1.69,0.79,0.2,-0.0804,1.49,,,3.5,,,45.24,113.1848,,2463553.0,99.306,98.603,97.979,False,5.0,False,,0,False,,False,,,
2016-09-21,2.39,1.66,0.79,0.15,-0.0827,1.51,,,3.5,,,45.99,112.9842,,2463506.0,99.306,98.603,97.979,False,5.0,False,,0,False,,False,,,
2016-09-22,2.34,1.63,0.79,0.08,-0.0885,1.55,,,3.48,,,47.21,112.2592,,2463506.0,99.306,98.603,97.979,False,5.0,False,,0,False,,False,,,
2016-09-23,2.34,1.62,0.77,0.05,-0.0931,1.57,,,3.48,,,46.71,112.7166,,2463506.0,99.306,98.603,97.979,False,5.0,False,,0,False,,False,,,
2016-09-26,2.32,1.59,0.76,0.05,-0.1102,1.54,,,3.48,,,46.61,112.7112,,2463506.0,99.306,98.603,97.979,False,5.0,False,,0,False,,False,,,
2016-09-27,2.28,1.56,0.75,0.04,-0.1259,1.52,,,3.48,,,44.95,112.5515,,2463506.0,99.306,98.603,97.979,False,5.0,False,,0,False,,False,,,
2016-09-28,2.29,1.57,0.75,0.01,-0.1292,1.56,,,3.48,,,45.49,112.6283,,2463460.0,99.306,98.603,97.979,False,5.0,False,,0,False,,False,,,
2016-09-29,2.28,1.56,0.73,0.02,-0.1354,1.54,,,3.42,,,48.43,112.2879,,2463460.0,99.306,98.603,97.979,False,5.0,False,,0,False,,False,,,
2016-09-30,2.32,1.6,0.77,0.0,-0.1248,1.6,,,3.42,,,48.24,112.2795,,2463460.0,99.306,98.603,97.979,False,5.0,False,,0,False,,False,,,
2016-10-03,2.34,1.63,0.8,0.0,-0.1135,1.63,,,3.42,,,48.61,112.5077,,2463460.0,99.274,99.271,98.371,False,5.0,False,,0,False,,False,,,
2016-10-04,2.4,1.69,0.82,0.07,-0.0916,1.62,,,3.42,,,48.81,112.6579,,2463460.0,99.274,99.271,98.371,False,5.0,False,,0,False,,False,,,
2016-10-05,2.44,1.72,0.85,0.1,-0.0722,1.62,,,3.42,,,49.57,112.7946,,2463473.0,99.274,99.271,98.371,False,5.0,False,,0,False,,False,,,
2016-10-06,2.46,1.75,0.86,0.11,-0.0527,1.64,,,3.42,,,50.14,113.0066,,2463473.0,99.274,99.271,98.371,False,5.0,False,,0,False,,False,,,
2016-10-07,2.46,1.73,0.83,0.1,-0.0558,1.63,,,3.42,,,50.49,113.2915,,2463473.0,99.274,99.271,98.371,False,5.0,False,,0,False,,False,,,
2016-10-10,2.46,1.73,0.83,0.1,-0.0558,1.63,,,3.42,,,51.54,113.2915,2163.66,2463473.0,99.274,99.271,98.371,False,5.0,False,,0,False,,False,,,
2016-10-11,2.5,1.77,0.87,0.13,-0.0436,1.64,,,3.42,,,50.48,113.4461,2136.73,2463473.0,99.274,99.271,98.371,False,5.0,False,,0,False,0.0,False,,,
2016-10-12,2.51,1.79,0.87,0.15,-0.0377,1.64,,,3.42,,,49.53,113.7442,2139.18,2463497.0,99.274,99.271,98.371,False,5.0,False,,0,False,0.0,False,,,
2016-10-13,2.48,1.75,0.85,0.12,-0.0449,1.63,,,3.47,,,49.29,113.6238,2132.55,2463497.0,99.274,99.271,98.371,False,5.0,False,,0,False,0.0,False,,,
2016-10-14,2.55,1.8,0.84,0.13,-0.0337,1.67,,,3.47,,,48.87,113.7119,2132.98,2463497.0,99.274,99.271,98.371,False,5.0,False,,0,False,0.0,False,,,
2016-10-17,2.52,1.77,0.81,0.09,-0.0428,1.68,,,3.47,,,49.31,113.5488,2126.5,2463497.0,99.274,99.271,98.371,False,5.0,False,,0,False,0.0,False,,,
2016-10-18,2.51,1.75,0.82,0.09,-0.0524,1.66,,,3.47,,,49.81,113.1393,2139.6,2463497.0,99.274,99.271,98.371,False,5.0,False,,0,False,0.0,False,,,
2016-10-19,2.51,1.76,0.81,0.08,-0.0536,1.68,,,3.47,,,51.85,113.0547,2144.29,2463520.0,99.274,99.271,98.371,False,5.0,False,,0,False,0.0,False,,,
2016-10-20,2.5,1.76,0.84,0.08,-0.0524,1.68,,,3.52,,,50.42,113.4033,2141.34,2463520.0,99.274,99.271,98.371,False,5.0,False,,0,False,0.0,False,,,
2016-10-21,2.48,1.74,0.84,0.07,-0.055,1.67,,,3.52,,,50.28,113.9015,2141.16,2463520.0,99.274,99.271,98.371,False,5.0,False,,0,False,0.0,False,,,
2016-10-24,2.52,1.77,0.84,0.11,-0.0462,1.66,,,3.52,,,49.8,113.8571,2151.33,2463520.0,99.274,99.271,98.371,False,5.0,False,,0,False,0.0,False,,,
2016-10-25,2.5,1.77,0.86,0.07,-0.0464,1.7,,,3.52,,,49.08,113.6801,2143.16,2463520.0,99.274,99.271,98.371,False,4.0,False,,0,False,0.0,False,,,
2016-10-26,2.53,1.79,0.86,0.08,-0.035,1.71,,,3.52,,,48.98,113.8131,2139.43,2463544.0,99.274,99.271,98.371,False,3.0,False,,0,False,0.0,False,,,
2016-10-27,2.6,1.85,0.87,0.13,-0.0102,1.72,,,3.47,,,49.13,114.1998,2133.04,2463544.0,99.274,99.271,98.371,False,3.0,False,,0,False,0.0,False,,,
2016-10-28,2.62,1.86,0.86,0.13,-0.0031,1.73,,,3.47,,,47.78,114.0931,2126.41,2463544.0,99.274,99.271,98.371,False,2.0,False,,0,False,0.0,False,,,
2016-10-31,2.58,1.84,0.86,0.11,-0.0099,1.73,,,3.47,,,46.2,114.0188,2126.15,2463544.0,99.274,99.271,98.371,False,1.0,False,,0,False,0.0,False,,,
2016-11-01,2.58,1.83,0.83,0.11,-0.017,1.72,,,3.47,,,45.77,113.9915,2111.72,2463544.0,99.274,99.271,98.371,False,1.0,False,,0,False,0.0,False,,,
2016-11-02,2.56,1.81,0.81,0.11,-0.0324,1.7,,,3.47,,,44.26,113.9206,2097.94,2463586.0,99.274,99.271,98.371,False,1.0,False,,0,False,0.0,False,,,
2016-11-03,2.6,1.82,0.81,0.14,-0.0337,1.68,,,3.54,,,43.84,113.7664,2088.66,2463586.0,99.274,99.271,98.371,False,1.0,False,,0,False,0.0,False,,,
2016-11-04,2.56,1.79,0.8,0.11,-0.0468,1.68,,,3.54,,,43.06,113.5828,2085.18,2463586.0,99.274,99.271,98.371,False,1.0,False,,0,False,0.0,False,,,
2016-11-07,2.6,1.83,0.82,0.12,-0.0337,1.71,,,3.54,,,42.83,113.5443,2131.52,2463586.0,99.274,99.271,98.371,False,1.0,False,,0,False,0.0,False,,,
2016-11-08,2.63,1.88,0.87,0.15,-0.0132,1.73,,,3.54,,,43.47,113.3017,2139.56,2463586.0,99.274,99.271,98.371,False,1.0,False,,0,False,0.0,False,,,
2016-11-09,2.88,2.07,0.9,0.25,0.0633,1.82,,,3.54,,,43.88,114.6956,2163.26,2463654.0,99.274,99.271,98.371,False,1.0,False,,0,False,0.0,False,,,
2016-11-10,2.94,2.15,0.92,0.27,0.1131,1.88,,,3.57,,,43.67,115.9375,2167.48,2463654.0,99.274,99.271,98.371,False,1.0,False,,0,False,0.0,False,,,
2016-11-11,2.94,2.15,0.92,0.27,0.1131,1.88,,,3.57,,,41.61,115.9375,2164.45,2463654.0,99.274,99.271,98.371,False,1.0,False,,0,False,0.0,False,,,
2016-11-14,2.99,2.23,1.0,0.4,0.1593,1.83,,,3.57,,,41.83,117.2245,2164.2,2463654.0,99.274,99.271,98.371,False,1.0,False,,0,False,0.0,False,,,
2016-11-15,2.97,2.23,1.02,0.41,0.1809,1.82,,,3.57,,,44.15,116.7724,2180.39,2463654.0,99.274,99.271,98.371,False,1.0,False,,0,False,0.0,False,,,
2016-11-16,2.92,2.22,1.0,0.39,0.1884,1.83,,,3.57,,,45.07,116.8062,2176.94,2463722.0,99.274,99.271,98.371,False,1.0,False,,0,False,0.0,False,,,
2016-11-17,3.01,2.29,1.04,0.42,0.2172,1.87,,,3.94,,,44.57,116.8952,2187.12,2463722.0,99.274,99.271,98.371,False,1.0,False,,0,False,0.0,False,,,
2016-11-18,3.01,2.34,1.07,0.44,0.2498,1.9,,,3.94,,,44.41,117.5936,2181.9,2463722.0,99.274,99.271,98.371,False,0.0,False,,0,False,0.0,False,,,
2016-11-21,3.0,2.33,1.08,0.42,0.2551,1.91,,,3.94,,,45.96,117.4762,2198.18,2463722.0,99.274,99.271,98.371,False,0.0,False,,0,False,0.0,False,,,
2016-11-22,3.0,2.31,1.07,0.41,0.2507,1.9,,,3.94,,,46.1,117.4508,2202.94,2463722.0,99.274,99.271,98.371,False,0.0,False,,0,False,0.0,False,,,
2016-11-23,3.02,2.36,1.12,0.44,0.2686,1.92,,,4.03,,,46.54,118.0356,2204.72,2463801.0,99.274,99.271,98.371,False,0.0,False,,0,False,0.0,False,,,
2016-11-24,3.02,2.36,1.12,0.44,0.2686,1.92,,,4.03,,,47.54,118.0356,2204.72,2463801.0,99.274,99.271,98.371,False,0.0,False,,0,False,0.0,False,,,
2016-11-25,3.01,2.36,1.12,0.47,0.2746,1.89,,,4.03,,,46.32,118.02,2213.35,2463801.0,99.274,99.271,98.371,False,0.0,False,,0,False,0.0,False,,,
2016-11-28,2.99,2.32,1.11,0.47,0.2618,1.85,,,4.03,,,46.64,117.7278,2201.72,2463801.0,99.274,99.271,98.371,False,0.0,False,,0,False,0.0,False,,,
2016-11-29,2.95,2.3,1.09,0.44,0.2523,1.86,,,4.03,,,44.68,117.644,2204.66,2463801.0,99.274,99.271,98.371,False,0.0,False,,0,False,0.0,False,,,
2016-11-30,3.02,2.37,1.11,0.43,0.2725,1.94,,,4.03,,,47.95,117.7636,2198.81,2463861.0,99.274,99.271,98.371,False,0.0,False,,0,False,0.0,False,,,
2016-12-01,3.1,2.45,1.14,0.48,0.3092,1.97,,,4.08,,,52.28,117.6642,2191.08,2463861.0,99.274,99.271,98.371,False,0.0,False,,0,False,0.0,False,,,
2016-12-02,3.08,2.4,1.11,0.49,0.2985,1.91,,,4.08,,,52.35,117.3116,2191.95,2463861.0,99.274,99.271,98.371,False,0.0,False,,0,False,0.0,False,,,
2016-12-05,3.05,2.39,1.13,0.45,0.2932,1.94,,,4.08,,,53.3,117.1008,2204.71,2463861.0,99.274,99.271,98.371,False,0.0,False,,0,False,0.0,False,,,
2016-12-06,3.08,2.39,1.12,0.44,0.2903,1.95,,,4.08,,,52.31,116.9225,2212.23,2463861.0,99.274,99.271,98.371,False,0.0,False,,0,False,0.0,False,,,
2016-12-07,3.02,2.34,1.1,0.42,0.2707,1.92,,,4.08,,,51.9,116.672,2241.35,2463496.0,99.274,99.271,98.371,False,0.0,False,,0,False,0.0,False,,,
2016-12-08,3.1,2.4,1.12,0.45,0.285,1.95,,,4.13,,,51.6,117.0327,2246.19,2463496.0,99.274,99.271,98.371,False,0.0,False,,0,False,0.0,False,,,
2016-12-09,3.16,2.47,1.15,0.51,0.3122,1.96,,,4.13,,,52.19,117.2834,2259.53,2463496.0,99.274,99.271,98.371,False,0.0,False,,0,False,0.0,False,,,
2016-12-12,3.16,2.49,1.15,0.51,0.3211,1.98,,,4.13,,,53.99,116.9161,2256.96,2463496.0,99.274,99.271,98.371,True,1.0,False,,0,False,0.0,False,,,
2016-12-13,3.14,2.48,1.17,0.53,0.3239,1.95,,,4.13,,,53.28,116.8029,2271.72,2463496.0,99.274,99.271,98.371,False,1.0,False,,0,False,0.0,False,,,
2016-12-14,3.14,2.54,1.27,0.6,0.3565,1.94,,,4.13,,,53.15,116.7332,2253.28,2463531.0,99.274,99.271,98.371,True,2.0,False,,0,False,0.0,False,,,
2016-12-15,3.16,2.6,1.29,0.7,0.3919,1.9,,,4.16,,,51.72,118.8072,2262.03,2463531.0,99.274,99.271,98.371,False,2.0,False,,0,False,0.0,False,,,
2016-12-16,3.19,2.6,1.28,0.74,0.3994,1.86,,,4.16,,,54.15,118.3584,2258.07,2463531.0,99.274,99.271,98.371,False,2.0,False,,0,False,0.0,False,,,
2016-12-19,3.12,2.54,1.24,0.68,0.3796,1.86,,,4.16,,,53.53,118.3875,2262.53,2463531.0,99.274,99.271,98.371,False,2.0,False,,0,False,0.0,False,,,
2016-12-20,3.15,2.57,1.25,0.67,0.3845,1.9,,,4.16,,,54.56,118.63,2270.76,2463531.0,99.274,99.271,98.371,False,2.0,False,,0,False,0.0,False,,,
2016-12-21,3.12,2.55,1.21,0.64,0.3783,1.91,,,4.16,,,53.01,118.581,2265.18,2463566.0,99.274,99.271,98.371,False,2.0,False,,0,False,0.0,False,,,
2016-12-22,3.12,2.55,1.22,0.6,0.3802,1.95,,,4.3,,,54.04,118.8209,2260.96,2463566.0,99.274,99.271,98.371,False,2.0,False,,0,False,0.0,False,,,
2016-12-23,3.12,2.55,1.22,0.58,0.3791,1.97,,,4.3,,,53.93,118.7856,2263.79,2463566.0,99.274,99.271,98.371,False,2.0,False,,0,False,0.0,False,,,
2016-12-26,3.12,2.55,1.22,0.58,0.3791,1.97,,,4.3,,,53.93,118.7856,2263.79,2463566.0,99.274,99.271,98.371,False,2.0,False,,0,False,0.0,False,,,
2016-12-27,3.14,2.57,1.28,0.58,0.3878,1.99,,,4.3,,,53.93,118.9506,2268.88,2463566.0,99.274,99.271,98.371,False,2.0,False,,0,False,0.0,False,,,
2016-12-28,3.09,2.51,1.26,0.56,0.3689,1.95,,,4.3,,,54.95,119.2305,2249.92,2463601.0,99.274,99.271,98.371,False,2.0,False,,0,False,0.0,False,,,
2016-12-29,3.08,2.49,1.22,0.55,0.3509,1.94,,,4.32,,,54.97,118.6637,2249.26,2463601.0,99.274,99.271,98.371,False,2.0,False,,0,False,0.0,False,,,
2016-12-30,3.06,2.45,1.2,0.5,0.3322,1.95,,,4.32,,,54.96,118.3466,2238.83,2463601.0,99.274,99.271,98.371,False,2.0,False,,0,False,0.0,False,,,
2017-01-02,3.06,2.45,1.2,0.5,0.3322,1.95,,,4.32,,,54.96,118.3466,2238.83,2463601.0,99.721,99.432,99.192,False,2.0,False,,0,False,0.0,False,,,
2017-01-03,3.04,2.45,1.22,0.47,0.3235,1.98,,,4.32,,,55.05,119.0903,2257.83,2463601.0,99.721,99.432,99.192,False,2.0,False,,0,False,0.0,False,,,
2017-01-04,3.05,2.46,1.24,0.47,0.3224,1.99,,,4.32,,,54.57,118.8803,2270.75,2463591.0,99.721,99.432,99.192,False,2.0,False,,0,False,0.0,False,,,
2017-01-05,2.96,2.37,1.17,0.42,0.2894,1.95,,,4.2,,,54.99,117.9999,2269.0,2463591.0,99.721,99.432,99.192,False,2.0,False,-0.18708963255850103,0,False,0.0,False,,,
2017-01-06,3.0,2.42,1.22,0.46,0.3016,1.96,,,4.2,,,55.9,118.3495,2276.98,2463591.0,99.721,99.432,99.192,False,2.0,False,-0.23082224404080803,0,False,0.0,False,,,
2017-01-09,2.97,2.38,1.21,0.43,0.2884,1.95,,,4.2,,,54.39,118.4111,2268.9,2463591.0,99.721,99.432,99.192,False,2.0,False,-0.2425888750026625,0,False,0.0,False,,,
2017-01-10,2.97,2.38,1.19,0.43,0.2851,1.95,,,4.2,,,53.2,118.5386,2268.9,2463591.0,99.721,99.432,99.192,False,2.0,False,-0.23265284820757437,0,False,0.0,False,,,
2017-01-11,2.96,2.38,1.2,0.39,0.2815,1.99,,,4.2,,,53.61,119.0219,2275.32,2463548.0,99.721,99.432,99.192,False,2.0,False,-0.23498585634838495,0,False,0.0,False,,,
2017-01-12,3.01,2.36,1.18,0.38,0.2746,1.98,,,4.12,,,54.51,117.8001,2270.44,2463548.0,99.721,99.432,99.192,False,2.0,False,-0.2314100701076876,0,False,0.0,False,,,
2017-01-13,2.99,2.4,1.21,0.41,0.2857,1.99,,,4.12,,,54.37,117.9884,2274.64,2463548.0,99.721,99.432,99.192,False,2.0,False,-0.24581220052084507,0,False,0.0,False,,,
2017-01-16,2.99,2.4,1.21,0.41,0.2857,1.99,,,4.12,,,54.3,117.9884,2274.64,2463548.0,99.721,99.432,99.192,False,2.0,False,-0.2464701484731092,0,False,0.0,False,,,
2017-01-17,2.93,2.33,1.17,0.36,0.2593,1.97,,,4.12,,,54.68,117.2656,2267.89,2463548.0,99.721,99.432,99.192,False,2.0,False,-0.25956215400926913,0,False,0.0,False,,,
2017-01-18,3.0,2.42,1.23,0.42,0.2903,2.0,,,4.12,,,53.77,117.7242,2271.89,2463504.0,99.721,99.432,99.192,False,2.0,False,-0.25664428195727707,0,False,0.0,False,,,
2017-01-19,3.04,2.47,1.25,0.43,0.3172,2.04,,,4.09,,,53.18,118.3182,2263.69,2463504.0,99.721,99.432,99.192,False,2.0,False,-0.23849340091171728,0,False,0.0,False,,,
2017-01-20,3.05,2.48,1.2,0.44,0.3241,2.04,,,4.09,,,55.04,118.3182,2271.31,2463504.0,99.721,99.432,99.192,False,2.0,False,-0.23603999205205894,0,False,0.0,False,,,
2017-01-23,2.99,2.41,1.16,0.39,0.2972,2.02,,,4.09,,,54.8,117.2479,2265.2,2463504.0,99.721,99.432,99.192,False,2.0,False,-0.25102967004457233,0,False,0.0,False,,,
2017-01-24,3.05,2.47,1.21,0.41,0.3174,2.06,,,4.09,,,54.7,117.0516,2280.07,2463504.0,99.721,99.432,99.192,False,2.0,False,-0.2811126709579636,0,False,0.0,False,,,
2017-01-25,3.1,2.53,1.23,0.45,0.3449,2.08,,,4.09,,,54.34,116.9355,2298.37,2463462.0,99.721,99.432,99.192,False,2.0,False,-0.29812562404235243,0,False,0.0,False,,,
2017-01-26,3.08,2.51,1.21,0.43,0.3441,2.08,,,4.19,,,55.89,117.2766,2296.68,2463462.0,99.721,99.432,99.192,False,2.0,False,-0.2991457978063605,0,False,0.0,False,,,
2017-01-27,3.06,2.49,1.22,0.41,0.3368,2.08,,,4.19,,,54.8,117.0735,2294.69,2463462.0,99.721,99.432,99.192,False,2.0,False,-0.2976556176202023,0,False,0.0,False,,,
2017-01-30,3.08,2.49,1.22,0.42,0.334,2.07,,,4.19,,,54.77,116.7325,2280.9,2463462.0,99.721,99.432,99.192,False,2.0,False,-0.2885725926838207,0,False,0.0,False,,,
2017-01-31,3.05,2.45,1.19,0.4,0.317,2.05,,,4.19,,,55.25,116.2241,2278.87,2463462.0,99.721,99.432,99.192,False,2.0,False,-0.29596410762027275,0,False,0.0,False,,,
2017-02-01,3.08,2.48,1.22,0.43,0.3243,2.05,,,4.19,,,55.79,116.3914,2279.55,2463426.0,99.721,99.432,99.192,False,2.0,False,-0.28835650909753663,0,False,0.0,False,,,
2017-02-02,3.09,2.48,1.21,0.43,0.3217,2.05,,,4.19,,,55.94,115.903,2280.85,2463426.0,99.721,99.432,99.192,False,2.0,False,-0.29335696874221845,0,False,0.0,False,,,
2017-02-03,3.11,2.49,1.21,0.44,0.3256,2.05,,,4.19,,,55.92,115.6259,2297.42,2463426.0,99.721,99.432,99.192,False,2.0,False,-0.28280429435899795,0,False,0.0,False,,,
2017-02-06,3.05,2.42,1.16,0.4,0.2965,2.02,,,4.19,,,55.02,116.0504,2292.56,2463426.0,99.721,99.432,99.192,False,2.0,False,-0.1851455797359465,0,False,0.0,False,,,
2017-02-07,3.02,2.4,1.16,0.4,0.2801,2.0,,,4.19,,,53.79,116.4082,2293.08,2463426.0,99.721,99.432,99.192,False,2.0,False,-0.18376778358875234,0,False,0.0,False,,,
2017-02-08,2.96,2.34,1.15,0.38,0.2597,1.96,,,4.19,,,54.42,116.1382,2294.67,2463436.0,99.721,99.432,99.192,False,2.0,False,-0.18157633093068812,0,False,0.0,False,,,
2017-02-09,3.02,2.4,1.2,0.41,0.2791,1.99,,,4.17,,,53.98,116.306,2307.87,2463436.0,99.721,99.432,99.192,False,2.0,False,-0.21411093806013343,0,False,0.0,False,,,
2017-02-10,3.01,2.41,1.2,0.4,0.2875,2.01,,,4.17,,,55.2,116.148,2316.1,2463436.0,99.721,99.432,99.192,False,2.0,False,-0.22101165243001952,0,False,0.0,False,,,
2017-02-13,3.03,2.43,1.2,0.43,0.2988,2.0,,,4.17,,,54.15,116.3427,2328.25,2463436.0,99.721,99.432,99.192,False,2.0,False,-0.2231457761084701,0,False,0.0,False,,,
2017-02-14,3.07,2.47,1.25,0.46,0.3214,2.01,,,4.17,,,54.96,116.3949,2337.58,2463436.0,99.721,99.432,99.192,False,2.0,False,-0.21442658333681344,0,False,0.0,False,,,
2017-02-15,3.09,2.51,1.27,0.45,0.3403,2.06,,,4.17,,,54.57,116.2162,2349.25,2463446.0,99.721,99.432,99.192,False,2.0,False,-0.24375791224746993,0,False,0.0,False,,,
2017-02-16,3.05,2.45,1.22,0.43,0.3214,2.02,,,4.15,,,54.16,116.0067,2347.22,2463446.0,99.721,99.432,99.192,False,2.0,False,-0.26267164240497015,0,False,0.0,False,,,
2017-02-17,3.03,2.42,1.21,0.41,0.3056,2.01,,,4.15,,,54.48,116.4035,2351.16,2463446.0,99.721,99.432,99.192,False,2.0,False,-0.262560931137336,0,False,0.0,False,,,
2017-02-20,3.03,2.42,1.21,0.41,0.3056,2.01,,,4.15,,,55.25,116.4035,2351.16,2463446.0,99.721,99.432,99.192,False,2.0,False,-0.26636672480878126,0,False,0.0,False,,,
2017-02-21,3.04,2.43,1.22,0.4,0.3014,2.03,,,4.15,,,56.34,116.5921,2365.38,2463446.0,99.721,99.432,99.192,False,2.0,False,-0.2672788021560179,0,False,0.0,False,,,
2017-02-22,3.04,2.42,1.22,0.38,0.297,2.04,,,4.15,,,54.9,116.2136,2362.82,2463456.0,99.721,99.432,99.192,False,2.0,False,-0.27004592262879107,0,False,0.0,False,,,
2017-02-23,3.02,2.38,1.18,0.35,0.2805,2.03,,,4.16,,,55.82,115.6527,2363.81,2463456.0,99.721,99.432,99.192,False,2.0,False,-0.2533960935545049,0,False,0.0,False,,,
2017-02-24,2.95,2.31,1.12,0.31,0.2497,2.0,,,4.16,,,54.69,115.8143,2367.34,2463456.0,99.721,99.432,99.192,False,2.0,False,-0.2464222095753551,0,False,0.0,False,,,
2017-02-27,2.98,2.36,1.2,0.35,0.2654,2.01,,,4.16,,,54.65,115.6764,2369.75,2463456.0,99.721,99.432,99.192,False,2.0,False,-0.2753648211034463,0,False,0.0,False,,,
2017-02-28,2.97,2.36,1.22,0.34,0.2697,2.02,,,4.16,,,53.36,116.0032,2363.64,2463456.0,99.721,99.432,99.192,False,2.0,False,-0.32167125670098445,0,False,0.0,False,,,
2017-03-01,3.06,2.46,1.29,0.43,0.3007,2.03,,,4.16,,,55.72,116.438,2395.96,2463488.0,99.721,99.432,99.192,False,2.0,False,-0.3939062789067346,0,False,0.0,False,,,
2017-03-02,3.09,2.49,1.32,0.48,0.3155,2.01,,,4.1,,,54.16,116.8429,2381.92,2463488.0,99.721,99.432,99.192,False,2.0,False,-0.37389976397483465,0,False,0.0,False,,,
2017-03-03,3.08,2.49,1.32,0.45,0.31,2.04,,,4.1,,,54.12,116.6438,2383.12,2463488.0,99.721,99.432,99.192,False,2.0,False,-0.3749958204262584,0,False,0.0,False,,,
2017-03-06,3.1,2.49,1.31,0.48,0.306,2.01,,,4.1,,,54.73,116.4313,2375.31,2463488.0,99.721,99.432,99.192,False,1.0,False,-0.46140611688307714,0,False,0.0,False,,,
2017-03-07,3.11,2.52,1.32,0.49,0.302,2.03,,,4.1,,,54.61,116.4303,2368.39,2463488.0,99.721,99.432,99.192,False,1.0,False,-0.4471434917128419,0,False,0.0,False,,,
2017-03-08,3.15,2.57,1.36,0.56,0.3253,2.01,,,4.1,,,53.3,116.875,2362.98,2463650.0,99.721,99.432,99.192,False,0.0,False,-0.4082166162169633,0,False,0.0,False,,,
2017-03-09,3.19,2.6,1.37,0.6,0.347,2.0,,,4.21,,,50.65,116.9959,2364.87,2463650.0,99.721,99.432,99.192,False,0.0,False,-0.41146891204062863,0,False,0.0,False,,,
2017-03-10,3.16,2.58,1.36,0.57,0.3436,2.01,,,4.21,,,50.63,116.616,2372.6,2463650.0,99.721,99.432,99.192,False,0.0,False,-0.4176689437128452,0,False,0.0,False,,,
2017-03-13,3.2,2.62,1.4,0.61,0.3511,2.01,,,4.21,,,50.1,116.4004,2373.47,2463650.0,99.721,99.432,99.192,False,0.0,False,-0.4902033041245117,0,False,0.0,False,,,
2017-03-14,3.17,2.6,1.4,0.61,0.3457,1.99,,,4.21,,,49.6,116.5646,2365.45,2463650.0,99.721,99.432,99.192,False,0.0,False,-0.4853254830881334,0,False,0.0,False,,,
2017-03-15,3.11,2.51,1.33,0.5,0.3074,2.01,,,4.21,,,50.63,116.3584,2385.26,2463812.0,99.721,99.432,99.192,False,0.0,False,-0.39067267267666067,0,False,0.0,False,,,
2017-03-16,3.14,2.53,1.35,0.51,0.3083,2.02,,,4.3,,,50.56,115.4456,2381.38,2463812.0,99.721,99.432,99.192,False,0.0,False,-0.3966422365071284,0,False,0.0,False,,,
2017-03-17,3.11,2.5,1.33,0.49,0.2997,2.01,,,4.3,,,50.58,115.2783,2378.25,2463812.0,99.721,99.432,99.192,False,0.0,False,-0.3950251365308443,0,False,0.0,False,,,
2017-03-20,3.08,2.47,1.3,0.47,0.2822,2.0,,,4.3,,,50.67,115.0426,2373.47,2463812.0,99.721,99.432,99.192,False,0.0,False,-0.3965592874433058,0,False,0.0,False,,,
2017-03-21,3.04,2.43,1.27,0.45,0.2592,1.98,,,4.3,,,50.14,114.8119,2344.02,2463812.0,99.721,99.432,99.192,False,0.0,False,-0.4094473153321046,0,False,0.5,False,,,
2017-03-22,3.02,2.4,1.27,0.43,0.2442,1.97,,,4.3,,,49.56,114.7937,2348.45,2463974.0,99.721,99.432,99.192,False,0.0,False,-0.40445147180392166,0,False,0.5,False,,,
2017-03-23,3.02,2.41,1.26,0.46,0.242,1.95,,,4.23,,,50.17,114.7899,2345.96,2463974.0,99.721,99.432,99.192,False,0.0,False,-0.40209438488311244,0,False,0.5,False,,,
2017-03-24,3.0,2.4,1.26,0.42,0.2363,1.98,,,4.23,,,49.97,114.6372,2343.98,2463974.0,99.721,99.432,99.192,False,0.0,False,-0.40061515177909185,0,False,0.5,False,,,
2017-03-27,2.98,2.38,1.27,0.41,0.2272,1.97,,,4.23,,,50.12,114.2347,2341.59,2463974.0,99.721,99.432,99.192,False,0.0,False,-0.37524085441587013,0,False,0.5,False,,,
2017-03-28,3.02,2.42,1.3,0.45,0.2411,1.97,,,4.23,,,50.72,114.419,2358.57,2463974.0,99.721,99.432,99.192,False,0.0,False,-0.3888142993349931,0,False,0.5,False,,,
2017-03-29,2.99,2.39,1.26,0.41,0.2286,1.98,,,4.23,,,51.36,114.7167,2361.13,2464335.0,99.721,99.432,99.192,False,0.0,False,-0.3749875999409176,0,False,0.5,False,,,
2017-03-30,3.03,2.42,1.28,0.46,0.2391,1.96,,,4.14,,,52.25,114.5245,2368.06,2464335.0,99.721,99.432,99.192,False,0.0,False,-0.3786418644092946,0,False,0.5,False,,,
2017-03-31,3.02,2.4,1.27,0.43,0.2325,1.97,,,4.14,,,52.2,114.7938,2362.72,2464335.0,99.721,99.432,99.192,False,0.0,False,-0.3920958877051987,0,False,0.5,False,,,
2017-04-03,2.98,2.35,1.24,0.39,0.2076,1.96,,,4.14,,,52.04,114.8734,2358.84,2464335.0,100.101,99.485,99.748,False,0.0,False,-0.3972519279414499,0,False,0.5,False,,,
2017-04-04,2.99,2.36,1.25,0.4,0.2025,1.96,,,4.14,,,53.08,115.0038,2360.16,2464335.0,100.101,99.485,99.748,False,0.0,False,-0.40006115530841163,0,False,0.5,False,,,
2017-04-05,2.98,2.34,1.24,0.37,0.1889,1.97,,,4.14,,,53.41,114.9494,2352.95,2464454.0,100.101,99.485,99.748,False,0.0,False,-0.3956779350617714,0,False,1.0,False,,,
2017-04-06,2.99,2.34,1.24,0.39,0.1882,1.95,,,4.1,,,53.62,115.0181,2357.49,2464454.0,100.101,99.485,99.748,False,0.0,False,-0.3857470924634187,0,False,1.0,False,,,
2017-04-07,3.0,2.38,1.29,0.44,0.2047,1.94,,,4.1,,,54.24,115.0547,2355.54,2464454.0,100.101,99.485,99.748,False,0.0,False,-0.37663924623836814,0,False,1.0,False,,,
2017-04-10,2.99,2.37,1.29,0.44,0.2,1.93,,,4.1,,,54.79,115.11,2357.16,2464454.0,100.101,99.485,99.748,False,0.0,False,-0.3772914046939118,0,False,1.0,False,,,
2017-04-11,2.93,2.32,1.24,0.41,0.1728,1.91,,,4.1,,,54.73,115.009,2353.78,2464454.0,100.101,99.485,99.748,False,0.0,False,-0.37871341161164973,0,False,1.0,False,,,
2017-04-12,2.92,2.28,1.24,0.38,0.1573,1.9,,,4.1,,,54.75,114.9162,2344.93,2464546.0,100.101,99.485,99.748,False,0.0,False,-0.38685920773275045,0,False,1.0,False,,,
2017-04-13,2.89,2.24,1.21,0.32,0.1348,1.92,,,4.08,,,55.05,114.5059,2328.95,2464546.0,100.101,99.485,99.748,False,0.0,False,-0.4005974397457781,0,False,1.0,False,,,
2017-04-14,2.89,2.24,1.21,0.32,0.1348,1.92,,,4.08,,,55.05,114.5368,2328.95,2464546.0,100.101,99.485,99.748,False,0.0,False,-0.38946627773591397,0,False,1.0,False,,,
2017-04-17,2.92,2.26,1.21,0.38,0.1359,1.88,,,4.08,,,54.79,114.3283,2349.01,2464546.0,100.101,99.485,99.748,False,0.0,False,-0.3998579399129299,0,False,1.0,False,,,
2017-04-18,2.84,2.18,1.18,0.33,0.1035,1.85,,,4.08,,,52.6,114.2575,2342.19,2464546.0,100.101,99.485,99.748,False,0.0,False,-0.441693463129463,0,False,1.0,False,,,
2017-04-19,2.87,2.21,1.19,0.36,0.1086,1.85,,,4.08,,,52.43,114.7923,2338.17,2464638.0,100.101,99.485,99.748,False,0.0,False,-0.42871273742343075,0,False,1.0,False,,,
2017-04-20,2.89,2.24,1.21,0.39,0.1237,1.85,,,3.97,,,50.66,114.6205,2355.84,2464638.0,100.101,99.485,99.748,False,0.0,False,-0.43060556900040636,0,False,1.0,False,,,
2017-04-21,2.89,2.24,1.2,0.4,0.125,1.84,,,3.97,,,49.93,114.8128,2348.69,2464638.0,100.101,99.485,99.748,False,0.0,False,-0.4055898653452355,0,False,1.0,False,,,
2017-04-24,2.93,2.28,1.25,0.41,0.1412,1.87,,,3.97,,,49.45,114.3659,2374.15,2464638.0,100.101,99.485,99.748,False,0.0,False,-0.3989300062294514,0,False,1.0,False,,,
2017-04-25,2.99,2.35,1.29,0.44,0.1682,1.91,,,3.97,,,49.37,114.5111,2388.61,2464638.0,100.101,99.485,99.748,False,0.0,False,-0.41938715165432877,0,False,1.0,False,,,
2017-04-26,2.97,2.32,1.28,0.42,0.1623,1.9,,,3.97,,,49.99,114.9479,2387.45,2464730.0,100.101,99.485,99.748,False,0.0,False,-0.4189886851284221,0,False,1.0,False,,,
2017-04-27,2.96,2.3,1.25,0.39,0.1534,1.91,,,4.03,,,49.46,114.9946,2388.77,2464730.0,100.101,99.485,99.748,False,0.0,False,-0.4284895747404604,0,False,1.0,False,,,
2017-04-28,2.96,2.29,1.28,0.37,0.1504,1.92,,,4.03,,,49.46,114.7877,2384.2,2464730.0,100.101,99.485,99.748,False,0.0,False,-0.4267556745607927,0,False,1.0,False,,,
2017-05-01,3.0,2.33,1.28,0.41,0.1599,1.92,,,4.03,,,50.41,114.5921,2388.33,2464730.0,100.101,99.485,99.748,False,0.0,False,-0.4303324633376949,0,False,1.0,False,,,
2017-05-02,2.97,2.29,1.27,0.41,0.1488,1.88,,,4.03,,,49.31,114.6792,2391.17,2464730.0,100.101,99.485,99.748,False,0.0,False,-0.4256301124862531,0,False,1.0,False,,,
2017-05-03,2.97,2.33,1.3,0.46,0.1616,1.87,,,4.03,,,48.82,114.6637,2388.13,2464792.0,100.101,99.485,99.748,False,0.0,False,-0.41306840810204437,0,False,1.0,False,,,
2017-05-04,3.0,2.36,1.32,0.5,0.1751,1.86,,,4.02,,,47.53,114.9076,2389.52,2464792.0,100.101,99.485,99.748,False,0.0,False,-0.403792244539396,0,False,1.0,False,,,
2017-05-05,2.99,2.36,1.32,0.5,0.1746,1.86,,,4.02,,,47.45,114.7725,2399.29,2464792.0,100.101,99.485,99.748,False,0.0,False,-0.4019358218725941,0,False,1.0,False,,,
2017-05-08,3.02,2.39,1.33,0.53,0.1833,1.86,,,4.02,,,46.61,115.0895,2399.38,2464792.0,100.101,99.485,99.748,False,0.0,False,-0.40569242006211326,0,False,1.0,False,,,
2017-05-09,3.04,2.42,1.37,0.56,0.1954,1.86,,,4.02,,,47.06,115.3933,2396.92,2464792.0,100.101,99.485,99.748,False,0.0,False,-0.38008335564701407,0,False,1.0,False,,,
2017-05-10,3.03,2.41,1.35,0.56,0.199,1.85,,,4.02,,,48.09,115.1145,2399.63,2464815.0,100.101,99.485,99.748,False,0.0,False,-0.37798067217594944,0,False,1.0,False,,,
2017-05-11,3.03,2.39,1.35,0.51,0.1944,1.88,,,4.05,,,49.18,115.0669,2394.44,2464815.0,100.101,99.485,99.748,False,0.0,False,-0.37619687098556204,0,False,1.0,False,,,
2017-05-12,2.98,2.33,1.29,0.49,0.1671,1.84,,,4.05,,,49.08,114.7479,2390.9,2464815.0,100.101,99.485,99.748,False,0.0,False,-0.3702008329952732,0,False,1.0,False,,,
2017-05-15,3.0,2.34,1.31,0.52,0.164,1.82,,,4.05,,,51.29,114.3504,2402.32,2464815.0,100.101,99.485,99.748,False,0.0,False,-0.3593078710895054,0,False,1.0,False,,,
2017-05-16,2.99,2.33,1.29,0.51,0.1571,1.82,,,4.05,,,51.21,113.9923,2400.67,2464815.0,100.101,99.485,99.748,False,0.0,False,-0.3596874925586054,0,False,1.0,False,,,
2017-05-17,2.91,2.22,1.26,0.44,0.1168,1.78,,,4.05,,,51.76,113.7506,2357.03,2464638.0,100.101,99.485,99.748,False,0.0,False,-0.4706768702936564,0,False,1.0,False,,,
2017-05-18,2.9,2.23,1.27,0.43,0.1088,1.8,,,4.02,,,51.71,114.2683,2365.72,2464638.0,100.101,99.485,99.748,False,0.0,False,-0.47221655447729444,0,False,1.0,False,,,
2017-05-19,2.9,2.23,1.28,0.41,0.1075,1.82,,,4.02,,,52.78,113.7001,2381.73,2464638.0,100.101,99.485,99.748,False,0.0,False,-0.4661792641505829,0,False,1.0,False,,,
2017-05-22,2.91,2.25,1.29,0.43,0.1088,1.82,,,4.02,,,53.35,113.5442,2394.02,2464638.0,100.101,99.485,99.748,False,0.0,False,-0.47026624843982884,0,False,1.0,False,,,
2017-05-23,2.95,2.29,1.31,0.46,0.1225,1.83,,,4.02,,,53.19,113.6862,2398.42,2464638.0,100.101,99.485,99.748,False,0.0,False,-0.4754082174786383,0,False,1.0,False,,,
2017-05-24,2.92,2.26,1.29,0.45,0.1122,1.81,,,4.02,,,53.29,113.675,2404.39,2464660.0,100.101,99.485,99.748,False,0.0,False,-0.4867535156592109,0,False,1.0,False,,,
2017-05-25,2.92,2.25,1.3,0.45,0.1055,1.8,,,3.95,,,52.25,113.3719,2415.07,2464660.0,100.101,99.485,99.748,False,0.0,False,-0.4844180514724467,0,False,1.0,False,,,
2017-05-26,2.92,2.25,1.3,0.44,0.104,1.81,,,3.95,,,50.84,113.4839,2415.82,2464660.0,100.101,99.485,99.748,False,0.0,False,-0.486268890871214,0,False,1.0,False,,,
2017-05-29,2.92,2.25,1.3,0.44,0.104,1.81,,,3.95,,,52.25,113.4839,2415.82,2464660.0,100.101,99.485,99.748,False,0.0,False,-0.4153898766138102,0,False,1.0,False,,,
2017-05-30,2.88,2.21,1.28,0.4,0.0894,1.81,,,3.95,,,50.65,113.5552,2412.91,2464660.0,100.101,99.485,99.748,False,0.0,False,-0.44650713061490915,0,False,1.0,False,,,
2017-05-31,2.87,2.21,1.28,0.4,0.0803,1.81,,,3.95,,,49.4,113.2956,2411.8,2464696.0,100.101,99.485,99.748,False,0.0,False,-0.4460086911147744,0,False,1.0,False,,,
2017-06-01,2.87,2.21,1.28,0.4,0.0791,1.81,,,3.94,,,50.41,113.3017,2430.06,2464696.0,100.101,99.485,99.748,False,0.0,False,-0.44375738746314564,0,False,1.0,False,,,
2017-06-02,2.8,2.15,1.28,0.36,0.0558,1.79,,,3.94,,,48.46,113.1908,2439.07,2464696.0,100.101,99.485,99.748,False,0.0,False,-0.43268713608422976,0,False,1.0,False,,,
2017-06-05,2.84,2.18,1.32,0.39,0.0599,1.79,,,3.94,,,48.25,112.9755,2436.1,2464696.0,100.101,99.485,99.748,False,0.0,False,-0.44795842984221573,0,False,1.0,False,,,
2017-06-06,2.81,2.14,1.3,0.37,0.0449,1.77,,,3.94,,,48.11,112.7095,2429.33,2464696.0,100.101,99.485,99.748,False,0.0,False,-0.45638688445769143,0,False,1.0,False,,,
2017-06-07,2.84,2.18,1.32,0.4,0.0512,1.78,,,3.94,,,47.08,112.8191,2433.14,2464783.0,100.101,99.485,99.748,False,0.0,False,-0.46076475357982977,0,False,1.0,False,,,
2017-06-08,2.85,2.19,1.33,0.41,0.0555,1.78,,,3.89,,,46.3,112.8351,2433.79,2464783.0,100.101,99.485,99.748,False,0.0,False,-0.46629127310446966,0,False,1.0,False,,,
2017-06-09,2.86,2.21,1.35,0.43,0.0622,1.78,,,3.89,,,46.64,112.9562,2431.77,2464783.0,100.101,99.485,99.748,False,0.0,False,-0.45861217557239103,0,False,1.0,False,,,
2017-06-12,2.86,2.21,1.35,0.46,0.0666,1.75,,,3.89,,,47.18,112.9837,2429.39,2464783.0,100.101,99.485,99.748,False,0.0,False,-0.5651427120575379,0,False,1.0,False,,,
2017-06-13,2.87,2.21,1.38,0.46,0.067,1.75,,,3.89,,,46.95,112.6271,2440.35,2464783.0,100.101,99.485,99.748,False,0.0,False,-0.5718934120807768,0,False,1.0,False,,,
2017-06-14,2.79,2.15,1.35,0.44,0.0444,1.71,,,3.89,,,45.47,112.0734,2437.92,2464871.0,100.101,99.485,99.748,False,0.0,False,-0.566338314069164,0,False,1.0,False,,,
2017-06-15,2.78,2.16,1.35,0.49,0.0426,1.67,,,3.91,,,45.61,112.8708,2432.46,2464871.0,100.101,99.485,99.748,False,0.0,False,-0.5569515674159838,0,False,1.0,False,,,
2017-06-16,2.78,2.16,1.32,0.49,0.0356,1.67,,,3.91,,,45.7,112.6155,2433.15,2464871.0,100.101,99.485,99.748,False,0.0,False,-0.5517300474960695,0,False,1.0,False,,,
2017-06-19,2.79,2.19,1.36,0.52,0.0504,1.67,,,3.91,,,45.93,112.7576,2453.46,2464871.0,100.101,99.485,99.748,False,0.0,False,-0.568218131979836,0,False,1.0,False,,,
2017-06-20,2.74,2.16,1.36,0.5,0.0414,1.66,,,3.91,,,43.98,113.2698,2437.03,2464871.0,100.101,99.485,99.748,False,0.0,False,-0.5772953424355444,0,False,1.0,False,,,
2017-06-21,2.73,2.16,1.36,0.5,0.0436,1.66,,,3.91,,,44.62,113.3327,2435.61,2464958.0,100.101,99.485,99.748,False,0.0,False,-0.5760771669344279,0,False,1.0,False,,,
2017-06-22,2.72,2.15,1.34,0.46,0.0412,1.69,,,3.9,,,44.46,113.1654,2434.5,2464958.0,100.101,99.485,99.748,False,0.0,False,-0.5751778421222253,0,False,1.0,False,,,
2017-06-23,2.71,2.15,1.34,0.45,0.0411,1.7,,,3.9,,,44.14,112.8665,2438.3,2464958.0,100.101,99.485,99.748,False,0.0,False,-0.5615775505648849,0,False,1.0,False,,,
2017-06-26,2.7,2.14,1.36,0.43,0.0376,1.71,,,3.9,,,44.09,112.7633,2439.07,2464958.0,100.101,99.485,99.748,False,0.0,False,-0.5659636651122069,0,False,1.0,False,,,
2017-06-27,2.75,2.21,1.38,0.5,0.0597,1.71,,,3.9,,,46.17,112.55,2419.38,2464958.0,100.101,99.485,99.748,False,0.0,False,-0.4578250045431833,0,False,1.0,False,,,
2017-06-28,2.77,2.22,1.34,0.49,0.0661,1.73,,,3.9,,,46.45,112.0747,2440.69,2465046.0,100.101,99.485,99.748,False,0.0,False,-0.4531709843051375,0,False,1.0,False,,,
2017-06-29,2.82,2.27,1.38,0.55,0.0854,1.72,,,3.88,,,47.02,111.998,2419.7,2465046.0,100.101,99.485,99.748,False,0.0,False,-0.38065167478631945,0,False,1.0,False,,,
2017-06-30,2.84,2.31,1.38,0.58,0.1051,1.73,,,3.88,,,47.08,111.9896,2423.41,2465046.0,100.101,99.485,99.748,True,1.0,False,-0.3809320867321303,0,False,1.0,False,,,
2017-07-03,2.86,2.35,1.41,0.6,0.1283,1.75,,,3.88,,,49.13,112.4268,2429.01,2465046.0,100.062,100.294,100.222,True,2.0,False,-0.37962144409209175,0,False,1.0,False,,,
2017-07-04,2.86,2.35,1.41,0.6,0.1283,1.75,,,3.88,,,49.15,112.4268,2429.01,2465046.0,100.062,100.294,100.222,True,3.0,False,-0.37991035428594877,0,False,1.0,False,,,
2017-07-05,2.85,2.33,1.41,0.58,0.1278,1.75,,,3.88,,,47.58,112.6534,2432.54,2465096.0,100.062,100.294,100.222,False,3.0,False,-0.38662155367461737,0,False,1.0,False,,,
2017-07-06,2.9,2.37,1.4,0.61,0.1417,1.76,,,3.96,,,48.53,112.4199,2409.75,2465096.0,100.062,100.294,100.222,True,4.0,False,-0.33178565826036355,0,False,1.0,False,,,
2017-07-07,2.93,2.39,1.4,0.66,0.1533,1.73,,,3.96,,,46.47,112.3137,2425.18,2465096.0,100.062,100.294,100.222,True,5.0,False,-0.3349117746929127,0,False,1.0,False,,,
2017-07-10,2.93,2.38,1.4,0.66,0.1497,1.72,,,3.96,,,46.57,112.1587,2427.43,2465096.0,100.062,100.294,100.222,True,6.0,False,-0.322904016718362,0,False,1.0,False,,,
2017-07-11,2.92,2.37,1.37,0.62,0.1441,1.75,,,3.96,,,46.68,112.1434,2425.53,2465096.0,100.062,100.294,100.222,True,7.0,False,-0.3031812153999617,0,False,1.0,False,,,
2017-07-12,2.89,2.33,1.35,0.57,0.1258,1.76,,,3.96,,,46.73,111.5904,2443.25,2465121.0,100.062,100.294,100.222,True,8.0,False,-0.26794808282787885,0,False,1.0,False,,,
2017-07-13,2.92,2.35,1.37,0.58,0.1295,1.77,,,4.03,,,47.65,111.5365,2447.83,2465121.0,100.062,100.294,100.222,True,9.0,False,-0.26139447595698073,0,False,1.0,False,,,
2017-07-14,2.91,2.33,1.35,0.57,0.122,1.76,,,4.03,,,47.89,110.9075,2459.27,2465121.0,100.062,100.294,100.222,True,10.0,True,-0.2328499488805216,0,False,1.0,False,,,
2017-07-17,2.89,2.31,1.36,0.54,0.1135,1.77,,,4.03,,,47.66,110.9304,2459.14,2465121.0,100.062,100.294,100.222,False,10.0,True,-0.2432119249229372,0,False,1.0,False,,,
2017-07-18,2.85,2.27,1.36,0.51,0.0968,1.76,,,4.03,,,47.92,110.4356,2460.61,2465121.0,100.062,100.294,100.222,False,10.0,True,-0.22573122015695285,0,False,1.0,False,,,
2017-07-19,2.85,2.27,1.37,0.51,0.0906,1.76,,,4.03,,,48.34,110.4339,2473.83,2465145.0,100.062,100.294,100.222,False,10.0,True,-0.22472660585451135,0,False,1.0,False,,,
2017-07-20,2.83,2.27,1.37,0.5,0.0829,1.77,,,3.96,,,48.54,110.2512,2473.45,2465145.0,100.062,100.294,100.222,False,10.0,True,-0.19188843919385637,0,False,1.0,False,,,
2017-07-21,2.81,2.24,1.36,0.48,0.0706,1.76,,,3.96,,,47.47,110.191,2472.54,2465145.0,100.062,100.294,100.222,False,10.0,True,-0.15863236507433595,0,False,1.0,False,,,
2017-07-24,2.83,2.26,1.37,0.48,0.0723,1.78,,,3.96,,,47.81,110.2004,2469.91,2465145.0,100.062,100.294,100.222,False,10.0,True,-0.15148560978991096,0,False,1.0,False,,,
2017-07-25,2.91,2.33,1.4,0.52,0.0991,1.81,,,3.96,,,49.19,110.2835,2477.13,2465145.0,100.062,100.294,100.222,False,10.0,True,-0.16446182790187955,0,False,1.0,False,,,
2017-07-26,2.89,2.29,1.36,0.49,0.0877,1.8,,,3.96,,,50.08,110.3811,2477.83,2465170.0,100.062,100.294,100.222,False,10.0,True,-0.1616151037102729,0,False,1.0,False,,,
2017-07-27,2.93,2.32,1.36,0.49,0.0954,1.83,,,3.92,,,50.67,110.216,2475.42,2465170.0,100.062,100.294,100.222,False,10.0,True,-0.15198637090438075,0,False,1.0,False,,,
2017-07-28,2.89,2.3,1.34,0.47,0.0946,1.83,,,3.92,,,52.0,109.92,2472.1,2465170.0,100.062,100.294,100.222,False,10.0,True,-0.16029251882837542,0,False,1.0,False,,,
2017-07-31,2.89,2.3,1.34,0.48,0.097,1.82,,,3.92,,,51.99,109.8177,2470.3,2465170.0,100.062,100.294,100.222,False,10.0,True,-0.17070888473488302,0,False,1.0,False,,,
2017-08-01,2.86,2.26,1.34,0.47,0.0834,1.79,,,3.92,,,50.77,109.8495,2476.35,2465170.0,100.062,100.294,100.222,False,10.0,True,-0.16128244037028822,0,False,1.0,False,,,
2017-08-02,2.85,2.27,1.36,0.48,0.0829,1.79,,,3.92,,,52.09,109.7503,2477.57,2465195.0,100.062,100.294,100.222,False,10.0,True,-0.1612957280086825,0,False,1.0,False,,,
2017-08-03,2.81,2.24,1.34,0.46,0.0702,1.78,,,3.93,,,52.88,109.8332,2472.16,2465195.0,100.062,100.294,100.222,False,10.0,True,-0.1713976088997851,0,False,1.0,False,,,
2017-08-04,2.84,2.27,1.36,0.47,0.0792,1.8,,,3.93,,,52.48,110.2808,2476.83,2465195.0,100.062,100.294,100.222,False,10.0,True,-0.18219909753918975,0,False,1.0,False,,,
2017-08-07,2.84,2.26,1.36,0.46,0.0817,1.8,,,3.93,,,51.42,110.373,2480.91,2465195.0,100.062,100.294,100.222,False,10.0,True,-0.18168200637775794,0,False,1.0,False,,,
2017-08-08,2.86,2.29,1.36,0.46,0.0898,1.83,,,3.93,,,52.18,110.396,2474.92,2465195.0,100.062,100.294,100.222,False,10.0,True,-0.16438684919971697,0,False,1.0,False,,,
2017-08-09,2.82,2.24,1.33,0.42,0.0762,1.82,,,3.93,,,52.16,110.3671,2474.02,2465221.0,100.062,100.294,100.222,False,10.0,True,-0.1574676166128969,0,False,1.0,False,,,
2017-08-10,2.79,2.2,1.33,0.4,0.0614,1.8,,,3.9,,,52.59,110.1886,2438.21,2465221.0,100.062,100.294,100.222,False,10.0,True,-0.19810240641888271,0,False,1.0,False,,,
2017-08-11,2.79,2.19,1.3,0.4,0.0476,1.79,,,3.9,,,51.47,110.0422,2441.32,2465221.0,100.062,100.294,100.222,False,10.0,True,-0.1964947052087308,0,False,1.0,False,,,
2017-08-14,2.81,2.22,1.33,0.45,0.0594,1.77,,,3.9,,,51.29,110.095,2465.84,2465221.0,100.062,100.294,100.222,False,10.0,True,-0.017650942653023607,0,False,1.0,False,,,
2017-08-15,2.84,2.27,1.35,0.49,0.0795,1.78,,,3.9,,,49.9,110.4846,2464.61,2465221.0,100.062,100.294,100.222,False,10.0,True,-0.006330961312900559,0,False,1.0,False,,,
2017-08-16,2.81,2.23,1.33,0.45,0.0713,1.78,,,3.9,,,50.39,110.4394,2468.11,2465247.0,100.062,100.294,100.222,False,10.0,True,-0.0025378439816431957,0,False,1.0,False,,,
2017-08-17,2.78,2.19,1.32,0.42,0.0579,1.77,,,3.89,,,50.37,110.1673,2430.01,2465247.0,100.062,100.294,100.222,False,10.0,True,-0.06190650789670456,0,False,1.0,False,,,
2017-08-18,2.78,2.19,1.33,0.43,0.0553,1.76,,,3.89,,,50.96,110.041,2425.55,2465247.0,100.062,100.294,100.222,False,10.0,True,-0.054828278108426116,0,False,1.0,False,,,
2017-08-21,2.77,2.18,1.32,0.43,0.0517,1.75,,,3.89,,,51.94,109.7349,2428.37,2465247.0,100.062,100.294,100.222,False,10.0,True,-0.06190416303223016,0,False,1.0,False,,,
2017-08-22,2.79,2.22,1.33,0.45,0.0629,1.77,,,3.89,,,52.29,109.8386,2452.51,2465247.0,100.062,100.294,100.222,False,10.0,True,-0.10752455149518622,0,False,1.0,False,,,
2017-08-23,2.75,2.17,1.32,0.42,0.0503,1.75,,,3.89,,,52.31,109.8095,2444.04,2465273.0,100.062,100.294,100.222,False,10.0,True,-0.124349403671211,0,False,1.0,False,,,
2017-08-24,2.77,2.19,1.33,0.44,0.0548,1.75,,,3.86,,,51.73,109.7524,2438.97,2465273.0,100.062,100.294,100.222,False,10.0,True,-0.11860538404438424,0,False,1.0,False,,,
2017-08-25,2.75,2.17,1.35,0.42,0.0485,1.75,,,3.86,,,51.87,109.3415,2443.05,2465273.0,100.062,100.294,100.222,False,10.0,True,-0.11074134390545258,0,False,1.0,False,,,
2017-08-28,2.76,2.16,1.33,0.41,0.0416,1.75,,,3.86,,,51.87,109.1815,2444.24,2465273.0,100.062,100.294,100.222,False,10.0,True,-0.11045852776180484,0,False,1.0,False,,,
2017-08-29,2.74,2.13,1.33,0.39,0.0251,1.74,,,3.86,,,51.64,109.0946,2446.3,2465273.0,100.062,100.294,100.222,False,10.0,True,-0.10892715025673877,0,False,1.0,False,,,
2017-08-30,2.75,2.15,1.33,0.39,0.0262,1.76,,,3.86,,,51.91,109.4052,2457.59,2465300.0,100.062,100.294,100.222,False,10.0,True,-0.14567898241425045,0,False,1.0,False,,,
2017-08-31,2.73,2.12,1.33,0.36,0.0187,1.76,,,3.82,,,52.69,109.3686,2471.65,2465300.0,100.062,100.294,100.222,False,10.0,True,-0.13085001372610391,0,False,1.0,False,,,
2017-09-01,2.77,2.16,1.35,0.37,0.0308,1.79,,,3.82,,,53.15,109.0504,2476.55,2465300.0,100.062,100.294,100.222,False,10.0,True,-0.12524772042116697,0,False,1.0,False,,,
2017-09-04,2.77,2.16,1.35,0.37,0.0308,1.79,,,3.82,,,52.6,109.0504,2476.55,2465300.0,100.062,100.294,100.222,False,10.0,True,-0.12135596929984344,0,False,1.0,False,,,
2017-09-05,2.69,2.07,1.3,0.3,-0.0022,1.77,,,3.82,,,53.63,108.8664,2457.85,2465300.0,100.062,100.294,100.222,False,10.0,True,-0.18298857175167704,0,False,1.0,False,,,
2017-09-06,2.72,2.1,1.3,0.32,-0.0031,1.78,,,3.82,,,54.48,108.4897,2465.54,2465289.0,100.062,100.294,100.222,False,10.0,True,-0.19365937776166647,0,False,1.0,False,,,
2017-09-07,2.66,2.05,1.27,0.26,-0.0258,1.79,,,3.78,,,54.16,107.9224,2465.1,2465289.0,100.062,100.294,100.222,False,10.0,True,-0.1927257805671695,0,False,1.0,False,,,
2017-09-08,2.67,2.06,1.27,0.25,-0.0282,1.81,,,3.78,,,54.55,107.808,2461.43,2465289.0,100.062,100.294,100.222,False,10.0,True,-0.19036629162033245,0,False,1.0,False,,,
2017-09-11,2.75,2.14,1.32,0.31,0.0001,1.83,,,3.78,,,54.2,108.153,2488.11,2465289.0,100.062,100.294,100.222,False,10.0,True,-0.2546902311970882,0,False,1.0,False,,,
2017-09-12,2.78,2.17,1.33,0.33,0.0211,1.84,,,3.78,,,55.06,108.3239,2496.48,2465289.0,100.062,100.294,100.222,False,10.0,True,-0.2641002495588736,0,False,1.0,False,,,
2017-09-13,2.79,2.2,1.35,0.35,0.0376,1.85,,,3.78,,,55.52,108.6628,2498.37,2465468.0,100.062,100.294,100.222,False,10.0,True,-0.26341182192235824,0,False,1.0,False,,,
2017-09-14,2.77,2.2,1.37,0.35,0.0443,1.85,,,3.78,,,56.76,108.618,2495.62,2465468.0,100.062,100.294,100.222,False,10.0,True,-0.2475984362957091,0,False,1.0,False,,,
2017-09-15,2.77,2.2,1.39,0.35,0.0519,1.85,,,3.78,,,56.18,108.3147,2500.23,2465468.0,100.062,100.294,100.222,False,10.0,True,-0.23198343940725114,0,False,1.0,False,,,
2017-09-18,2.8,2.23,1.4,0.36,0.0626,1.87,,,3.78,,,55.5,108.6401,2503.87,2465468.0,100.062,100.294,100.222,False,10.0,True,-0.23345853216440848,0,False,1.0,False,,,
2017-09-19,2.81,2.24,1.4,0.37,0.0688,1.87,,,3.78,,,56.58,108.6142,2506.65,2465468.0,100.062,100.294,100.222,False,10.0,True,-0.23311220814115755,0,False,1.0,False,,,
2017-09-20,2.82,2.28,1.45,0.43,0.0891,1.85,,,3.78,,,57.2,108.4329,2508.24,2465448.0,100.062,100.294,100.222,False,10.0,True,-0.23168015194672625,0,False,1.0,False,,,
2017-09-21,2.8,2.27,1.45,0.44,0.0916,1.83,,,3.83,,,57.73,108.9267,2500.6,2465448.0,100.062,100.294,100.222,False,10.0,True,-0.2346537979487546,0,False,1.0,False,,,
2017-09-22,2.8,2.26,1.46,0.42,0.089,1.84,,,3.83,,,58.16,108.7542,2502.22,2465448.0,100.062,100.294,100.222,False,9.0,False,-0.30901575598524117,0,False,1.0,False,,,
2017-09-25,2.76,2.22,1.44,0.38,0.0704,1.84,,,3.83,,,59.42,109.3302,2496.66,2465448.0,100.062,100.294,100.222,False,8.0,False,-0.31577688139156257,0,False,1.0,False,,,
2017-09-26,2.78,2.24,1.45,0.4,0.0728,1.84,,,3.83,,,59.77,109.7769,2496.84,2465448.0,100.062,100.294,100.222,False,7.0,False,-0.38009385595539763,0,False,1.0,False,,,
2017-09-27,2.86,2.31,1.47,0.44,0.0946,1.87,,,3.83,,,58.74,110.0722,2507.04,2465427.0,100.062,100.294,100.222,False,7.0,False,-0.391709826326362,0,False,1.0,False,,,
2017-09-28,2.87,2.31,1.45,0.44,0.0991,1.87,,,3.83,,,58.8,110.2415,2510.06,2465427.0,100.062,100.294,100.222,False,6.0,False,-0.3890021173851304,0,False,1.0,False,,,
2017-09-29,2.86,2.33,1.47,0.49,0.1117,1.84,,,3.83,,,57.02,110.0867,2519.36,2465427.0,100.062,100.294,100.222,False,5.0,False,-0.3932659552320164,0,False,1.0,False,,,
2017-10-02,2.87,2.34,1.49,0.51,0.121,1.83,,,3.83,,,55.67,110.3686,2529.12,2465427.0,100.128,101.031,100.829,False,4.0,False,-0.39784255523277245,0,False,1.0,False,,,
2017-10-03,2.87,2.33,1.47,0.49,0.1159,1.84,,,3.83,,,56.12,110.3281,2534.58,2465427.0,100.128,101.031,100.829,False,3.0,False,-0.4634385523439009,0,False,1.0,False,,,
2017-10-04,2.87,2.33,1.47,0.48,0.1136,1.85,,,3.83,,,56.0,110.2425,2537.74,2465467.0,100.128,101.031,100.829,False,2.0,False,-0.4580181174395129,0,False,1.0,False,,,
2017-10-05,2.89,2.35,1.49,0.49,0.1212,1.86,,,3.85,,,57.09,110.5823,2552.07,2465467.0,100.128,101.031,100.829,False,1.0,False,-0.463697302610404,0,False,1.0,False,,,
2017-10-06,2.91,2.37,1.54,0.5,0.1318,1.87,,,3.85,,,55.5,110.7841,2549.33,2465467.0,100.128,101.031,100.829,False,0.0,False,-0.4564043438311656,0,False,1.0,False,,,
2017-10-09,2.91,2.37,1.54,0.5,0.1318,1.87,,,3.85,,,55.29,110.7841,2544.73,2465467.0,100.128,101.031,100.829,False,0.0,False,-0.5003938293717826,0,False,1.0,False,,,
2017-10-10,2.88,2.35,1.51,0.47,0.1226,1.88,,,3.85,,,56.62,110.3034,2550.64,2465467.0,100.128,101.031,100.829,False,0.0,False,-0.4933133132212839,0,False,1.0,False,,,
2017-10-11,2.88,2.35,1.51,0.46,0.1178,1.89,,,3.85,,,56.13,110.3037,2555.24,2465554.0,100.128,101.031,100.829,False,0.0,False,-0.5076756838307881,0,False,1.0,False,,,
2017-10-12,2.86,2.33,1.51,0.44,0.111,1.89,,,3.91,,,56.13,110.3152,2550.93,2465554.0,100.128,101.031,100.829,False,0.0,False,-0.5104419800429035,0,False,1.0,False,,,
2017-10-13,2.81,2.28,1.51,0.43,0.0926,1.85,,,3.91,,,56.86,110.2669,2553.17,2465554.0,100.128,101.031,100.829,False,0.0,False,-0.505350572676312,0,False,1.0,False,,,
2017-10-16,2.82,2.3,1.54,0.46,0.0987,1.84,,,3.91,,,57.49,110.5432,2557.64,2465554.0,100.128,101.031,100.829,False,0.0,False,-0.5118538526338602,0,False,1.0,False,,,
2017-10-17,2.8,2.3,1.54,0.48,0.1013,1.82,,,3.91,,,57.63,110.9141,2559.36,2465554.0,100.128,101.031,100.829,False,0.0,False,-0.5119195228724923,0,False,1.0,False,,,
2017-10-18,2.85,2.34,1.59,0.5,0.1162,1.84,,,3.91,,,58.05,110.7214,2561.26,2465641.0,100.128,101.031,100.829,False,0.0,False,-0.507511411858985,0,False,1.0,False,,,
2017-10-19,2.83,2.33,1.58,0.49,0.1144,1.84,,,3.88,,,57.82,110.4577,2562.1,2465641.0,100.128,101.031,100.829,False,0.0,False,-0.5128610537832512,0,False,1.0,False,,,
2017-10-20,2.89,2.39,1.6,0.52,0.1338,1.87,,,3.88,,,57.89,111.0375,2575.21,2465641.0,100.128,101.031,100.829,False,0.0,False,-0.5266051841675189,0,False,1.0,False,,,
2017-10-23,2.89,2.38,1.58,0.52,0.1334,1.86,,,3.88,,,57.69,111.2134,2564.98,2465641.0,100.128,101.031,100.829,False,0.0,False,-0.5323990976953218,0,False,1.0,False,,,
2017-10-24,2.92,2.42,1.6,0.55,0.1479,1.87,,,3.88,,,57.84,111.4027,2569.13,2465641.0,100.128,101.031,100.829,False,0.0,False,-0.5398484632711271,0,False,1.0,False,,,
2017-10-25,2.95,2.44,1.61,0.56,0.1582,1.88,,,3.88,,,58.45,111.3904,2557.15,2465727.0,100.128,101.031,100.829,False,0.0,False,-0.5189575479327059,0,False,1.0,False,,,
2017-10-26,2.96,2.46,1.63,0.57,0.1692,1.89,,,3.94,,,58.75,111.6418,2560.4,2465727.0,100.128,101.031,100.829,False,0.0,False,-0.5191157367029122,0,False,1.0,False,,,
2017-10-27,2.93,2.42,1.59,0.54,0.159,1.88,,,3.94,,,60.15,112.1495,2581.07,2465727.0,100.128,101.031,100.829,False,0.0,False,-0.48051837506485817,0,False,1.0,False,,,
2017-10-30,2.88,2.37,1.58,0.5,0.1391,1.87,,,3.94,,,60.65,111.901,2572.83,2465727.0,100.128,101.031,100.829,False,0.0,False,-0.4903813247017216,0,False,1.0,False,,,
2017-10-31,2.88,2.38,1.6,0.5,0.1347,1.88,,,3.94,,,61.35,111.8052,2575.26,2465727.0,100.128,101.031,100.829,False,0.0,False,-0.4857149311563781,0,False,1.0,False,,,
2017-11-01,2.85,2.37,1.61,0.49,0.1281,1.88,,,3.94,,,60.98,111.7942,2579.36,2459827.0,100.128,101.031,100.829,False,0.0,False,-0.48306099076500414,0,False,1.0,False,,,
2017-11-02,2.83,2.35,1.61,0.48,0.1182,1.87,,,3.94,,,60.79,111.5474,2579.85,2459827.0,100.128,101.031,100.829,False,0.0,False,-0.4844180089440153,0,False,1.0,False,,,
2017-11-03,2.82,2.34,1.63,0.48,0.1092,1.86,,,3.94,,,61.42,111.9383,2587.84,2459827.0,100.128,101.031,100.829,False,0.0,False,-0.49473872025548427,0,False,1.0,False,,,
2017-11-06,2.8,2.32,1.61,0.46,0.0988,1.86,,,3.94,,,64.27,111.7197,2591.13,2459827.0,100.128,101.031,100.829,False,0.0,False,-0.4954500103855676,0,False,1.0,False,,,
2017-11-07,2.77,2.32,1.63,0.44,0.0905,1.88,,,3.94,,,64.36,111.9446,2590.64,2459827.0,100.128,101.031,100.829,False,0.0,False,-0.4784094609167797,0,False,1.0,False,,,
2017-11-08,2.79,2.32,1.65,0.45,0.0927,1.87,,,3.94,,,63.96,111.6935,2594.38,2459985.0,100.128,101.031,100.829,False,0.0,False,-0.4792578084120691,0,False,1.0,False,,,
2017-11-09,2.81,2.33,1.63,0.46,0.092,1.87,,,3.9,,,64.49,111.5626,2584.62,2459985.0,100.128,101.031,100.829,False,0.0,False,-0.45904390747275553,0,False,1.0,False,,,
2017-11-10,2.88,2.4,1.67,0.52,0.1177,1.88,,,3.9,,,64.35,111.5626,2582.3,2459985.0,100.128,101.031,100.829,False,0.0,False,-0.4435056376420875,0,False,1.0,False,,,
2017-11-13,2.87,2.4,1.7,0.52,0.1278,1.88,,,3.9,,,62.94,111.7833,2584.84,2459985.0,100.128,101.031,100.829,False,0.0,False,-0.45366319184216514,0,False,1.0,False,,,
2017-11-14,2.84,2.38,1.68,0.51,0.1218,1.87,,,3.9,,,60.91,111.5097,2578.87,2459985.0,100.128,101.031,100.829,False,0.0,False,-0.4426614300465585,0,False,1.0,False,,,
2017-11-15,2.77,2.33,1.68,0.48,0.1036,1.85,,,3.9,,,61.25,111.4809,2564.62,2456641.0,100.128,101.031,100.829,False,0.0,False,-0.4726169466668666,0,False,1.0,False,,,
2017-11-16,2.81,2.37,1.72,0.53,0.11,1.84,,,3.95,,,61.18,111.2568,2585.64,2456641.0,100.128,101.031,100.829,False,0.0,False,-0.4906362817207293,0,False,1.0,False,,,
2017-11-17,2.78,2.35,1.73,0.49,0.1037,1.86,,,3.95,,,61.34,111.0016,2578.85,2456641.0,100.128,101.031,100.829,False,0.0,False,-0.47964755959503313,0,False,1.0,False,,,
2017-11-20,2.78,2.37,1.77,0.52,0.1097,1.85,,,3.95,,,61.34,111.2599,2582.14,2456641.0,100.128,101.031,100.829,False,0.0,False,-0.4612217595020295,0,False,1.0,False,,,
2017-11-21,2.76,2.36,1.77,0.52,0.1112,1.84,,,3.95,,,62.28,110.9828,2599.03,2456641.0,100.128,101.031,100.829,False,0.0,False,-0.4505189171889504,0,False,1.0,False,,,
2017-11-22,2.75,2.32,1.74,0.48,0.0938,1.84,,,3.92,,,62.92,110.5632,2597.08,2456822.0,100.128,101.031,100.829,False,0.0,False,-0.45887168204138634,0,False,1.0,False,,,
2017-11-23,2.75,2.32,1.74,0.48,0.0938,1.84,,,3.92,,,63.27,110.5632,2597.08,2456822.0,100.128,101.031,100.829,False,0.0,False,-0.4585992405212568,0,False,1.0,False,,,
2017-11-24,2.76,2.34,1.75,0.5,0.0959,1.84,,,3.92,,,63.58,110.0253,2602.42,2456822.0,100.128,101.031,100.829,False,0.0,False,-0.46329254853499613,0,False,1.0,False,,,
2017-11-27,2.76,2.32,1.74,0.49,0.0914,1.83,,,3.92,,,63.25,110.1136,2601.42,2456822.0,100.128,101.031,100.829,False,0.0,False,-0.46157374287983177,0,False,1.0,False,,,
2017-11-28,2.77,2.34,1.75,0.5,0.0923,1.84,,,3.92,,,63.56,110.3018,2627.04,2456822.0,100.128,101.031,100.829,False,0.0,False,-0.4924415137377221,0,False,1.0,False,,,
2017-11-29,2.81,2.37,1.78,0.53,0.1056,1.84,,,3.92,,,63.74,110.3265,2626.07,2456959.0,100.128,101.031,100.829,False,0.0,False,-0.483634055414288,0,False,1.0,False,,,
2017-11-30,2.83,2.42,1.78,0.56,0.129,1.86,,,3.9,,,63.53,110.4648,2647.58,2456959.0,100.128,101.031,100.829,False,0.0,False,-0.5068238254013563,0,False,1.0,False,,,
2017-12-01,2.76,2.37,1.78,0.51,0.1212,1.86,,,3.9,,,64.57,110.1413,2642.22,2456959.0,100.128,101.031,100.829,False,0.0,False,-0.4540915630129871,0,False,1.0,False,,,
2017-12-04,2.77,2.37,1.8,0.5,0.1236,1.87,,,3.9,,,63.45,110.397,2639.44,2456959.0,100.128,101.031,100.829,False,0.0,False,-0.4497681074366314,0,False,1.0,False,,,
2017-12-05,2.73,2.36,1.83,0.5,0.1185,1.86,,,3.9,,,63.45,110.4905,2629.57,2456959.0,100.128,101.031,100.829,False,0.0,False,-0.45458537396019777,0,False,1.0,False,,,
2017-12-06,2.71,2.33,1.78,0.47,0.1015,1.86,,,3.9,,,62.25,110.8711,2629.27,2454474.0,100.128,101.031,100.829,False,0.0,False,-0.4599470130184526,0,False,1.0,False,,,
2017-12-07,2.76,2.37,1.8,0.5,0.1107,1.87,,,3.94,,,62.37,111.0178,2636.98,2454474.0,100.128,101.031,100.829,False,0.0,False,-0.39312507209995384,0,False,1.0,False,,,
2017-12-08,2.77,2.38,1.8,0.5,0.1171,1.88,,,3.94,,,63.86,111.2273,2651.5,2454474.0,100.128,101.031,100.829,False,0.0,False,-0.38483335959267084,0,False,1.0,False,,,
2017-12-11,2.77,2.39,1.82,0.51,0.1208,1.88,,,3.94,,,65.62,111.0827,2659.99,2454474.0,100.128,101.031,100.829,False,0.0,False,-0.3897588272891292,0,False,1.0,False,,,
2017-12-12,2.79,2.4,1.83,0.51,0.1249,1.89,,,3.94,,,64.96,111.5214,2664.11,2454474.0,100.128,101.031,100.829,False,0.0,False,-0.3903871459154474,0,False,1.0,False,,,
2017-12-13,2.74,2.36,1.79,0.48,0.1073,1.88,,,3.94,,,63.66,111.2759,2662.85,2454256.0,100.128,101.031,100.829,False,0.0,False,-0.3945738730045603,0,False,1.0,False,,,
2017-12-14,2.71,2.35,1.82,0.48,0.1047,1.87,,,3.93,,,63.72,111.0893,2652.01,2454256.0,100.128,101.031,100.829,False,0.0,False,-0.39765315725678707,0,False,1.0,False,,,
2017-12-15,2.68,2.35,1.84,0.47,0.1069,1.88,,,3.93,,,63.81,111.1286,2675.81,2454256.0,100.128,101.031,100.829,False,0.0,False,-0.3772398302083064,0,False,1.0,False,,,
2017-12-18,2.74,2.39,1.84,0.5,0.112,1.89,,,3.93,,,64.45,110.9086,2690.16,2454256.0,100.128,101.031,100.829,False,0.0,False,-0.40225905508988563,0,False,1.0,False,,,
2017-12-19,2.82,2.46,1.87,0.55,0.1379,1.91,,,3.93,,,63.69,111.1255,2681.47,2454256.0,100.128,101.031,100.829,False,0.0,False,-0.33097231646186126,0,False,1.0,False,,,
2017-12-20,2.88,2.49,1.87,0.57,0.1561,1.92,,,3.93,,,64.43,110.8361,2679.25,2454237.0,100.128,101.031,100.829,False,0.0,False,-0.3196069188620634,0,False,1.0,False,,,
2017-12-21,2.84,2.48,1.89,0.55,0.1611,1.93,,,3.94,,,64.64,110.8786,2684.57,2454237.0,100.128,101.031,100.829,False,0.0,False,-0.30168659036225937,0,False,1.0,False,,,
2017-12-22,2.83,2.48,1.91,0.54,0.1649,1.94,,,3.94,,,64.61,111.0997,2683.34,2454237.0,100.128,101.031,100.829,False,0.0,False,-0.30587070855105486,0,False,1.0,False,,,
2017-12-25,2.83,2.48,1.91,0.54,0.1649,1.94,,,3.94,,,64.61,111.0997,2683.34,2454237.0,100.128,101.031,100.829,False,0.0,False,-0.28850221556158323,0,False,1.0,False,,,
2017-12-26,2.82,2.47,1.92,0.53,0.1538,1.94,,,3.94,,,64.61,110.9758,2680.5,2454237.0,100.128,101.031,100.829,False,0.0,False,-0.2917072248541145,0,False,1.0,False,,,
2017-12-27,2.75,2.42,1.89,0.48,0.1309,1.94,,,3.94,,,66.03,110.8553,2682.62,2454219.0,100.128,101.031,100.829,False,0.0,False,-0.2803638652396655,0,False,1.0,False,,,
2017-12-28,2.75,2.43,1.91,0.47,0.1321,1.96,,,3.99,,,66.8,110.5154,2687.54,2454219.0,100.128,101.031,100.829,False,0.0,False,-0.27896839473528084,0,False,1.0,False,,,
2017-12-29,2.74,2.4,1.89,0.44,0.1233,1.96,,,3.99,,,66.73,110.0783,2673.61,2454219.0,100.128,101.031,100.829,False,0.0,False,-0.30271528461703145,0,False,1.0,False,,,
2018-01-01,2.74,2.4,1.89,0.44,0.1233,1.96,,,3.99,,,66.73,110.0783,2673.61,2454219.0,99.831,101.359,101.104,False,0.0,False,-0.3028255624666053,0,False,1.0,False,,,
2018-01-02,2.81,2.46,1.92,0.46,0.1341,2.0,,,3.99,,,66.65,109.6445,2695.81,2454219.0,99.831,101.359,101.104,False,0.0,False,-0.3407987608613594,0,False,1.0,False,,,
2018-01-03,2.78,2.44,1.94,0.46,0.1334,1.98,,,3.99,,,67.85,109.6751,2713.06,2448208.0,99.831,101.359,101.104,False,0.0,False,-0.3230885763635194,0,False,1.0,False,,,
2018-01-04,2.79,2.46,1.96,0.45,0.139,2.01,,,3.95,,,68.73,109.4777,2723.99,2448208.0,99.831,101.359,101.104,False,0.0,False,-0.3296907132672934,0,False,1.0,False,,,
2018-01-05,2.81,2.47,1.96,0.46,0.1485,2.01,,,3.95,,,68.01,109.3496,2743.15,2448208.0,99.831,101.359,101.104,False,0.0,False,-0.33525016760465304,0,False,1.0,False,,,
2018-01-08,2.81,2.49,1.96,0.47,0.1504,2.02,,,3.95,,,68.48,109.5681,2747.71,2448208.0,99.831,101.359,101.104,False,0.0,False,-0.33582864120051337,0,False,1.0,False,,,
2018-01-09,2.88,2.55,1.98,0.52,0.1711,2.03,,,3.95,,,69.08,109.9025,2751.29,2448208.0,99.831,101.359,101.104,False,0.0,False,-0.32104930016980254,0,False,1.0,False,,,
2018-01-10,2.88,2.55,1.98,0.52,0.178,2.03,,,3.95,,,69.79,109.628,2748.23,2448209.0,99.831,101.359,101.104,True,1.0,False,-0.32711111278735017,0,False,1.0,False,,,
2018-01-11,2.91,2.54,1.98,0.54,0.1787,2.0,,,3.99,,,70.36,109.4888,2767.56,2448209.0,99.831,101.359,101.104,True,2.0,False,-0.3080087046130565,0,False,1.0,False,,,
2018-01-12,2.85,2.55,1.99,0.54,0.1865,2.01,,,3.99,,,69.64,108.901,2786.24,2448209.0,99.831,101.359,101.104,True,3.0,False,-0.3072794320105397,0,False,1.0,False,,,
2018-01-15,2.85,2.55,1.99,0.54,0.1865,2.01,,,3.99,,,70.31,108.901,2786.24,2448209.0,99.831,101.359,101.104,True,4.0,False,-0.31457224216922,0,False,1.0,False,,,
2018-01-16,2.83,2.54,2.03,0.51,0.1844,2.03,,,3.99,,,69.4,108.3218,2776.42,2448209.0,99.831,101.359,101.104,False,4.0,False,-0.3179888613785507,0,False,1.0,False,,,
2018-01-17,2.84,2.57,2.05,0.53,0.1952,2.04,,,3.99,,,69.19,108.1526,2802.56,2447009.0,99.831,101.359,101.104,False,4.0,False,-0.3172527946830848,0,False,1.0,False,,,
2018-01-18,2.9,2.62,2.05,0.57,0.2135,2.05,,,4.04,,,69.48,108.0655,2798.03,2447009.0,99.831,101.359,101.104,False,4.0,False,-0.2851174325827778,0,False,1.0,False,,,
2018-01-19,2.91,2.64,2.06,0.58,0.2284,2.06,,,4.04,,,68.56,107.9455,2810.3,2447009.0,99.831,101.359,101.104,True,5.0,False,-0.29240251061293443,0,False,1.0,False,,,
2018-01-22,2.93,2.66,2.08,0.6,0.2374,2.06,,,4.04,,,69.32,108.107,2832.97,2447009.0,99.831,101.359,101.104,True,6.0,False,-0.32112138836060483,0,False,1.0,False,,,
2018-01-23,2.9,2.63,2.06,0.57,0.2268,2.06,,,4.04,,,69.81,107.9979,2839.13,2447009.0,99.831,101.359,101.104,True,7.0,False,-0.31708353901079434,0,False,1.0,False,,,
2018-01-24,2.93,2.65,2.08,0.58,0.2337,2.07,,,4.04,,,69.91,107.0802,2837.54,2447009.0,99.831,101.359,101.104,True,8.0,False,-0.36334246458716085,0,False,1.0,False,,,
2018-01-25,2.89,2.63,2.08,0.56,0.2278,2.07,,,4.15,,,71.08,106.5052,2839.25,2447009.0,99.831,101.359,101.104,True,9.0,False,-0.341574371200075,0,False,1.0,False,,,
2018-01-26,2.91,2.66,2.13,0.57,0.2445,2.09,,,4.15,,,70.08,106.6911,2872.87,2447009.0,99.831,101.359,101.104,True,10.0,True,-0.3589826148168459,0,False,1.0,False,,,
2018-01-29,2.94,2.7,2.11,0.61,0.2568,2.09,,,4.15,,,68.41,107.1142,2853.53,2447009.0,99.831,101.359,101.104,True,11.0,True,-0.3038503908538707,0,False,1.0,False,,,
2018-01-30,2.98,2.73,2.13,0.63,0.2696,2.1,,,4.15,,,67.78,107.1064,2822.43,2447009.0,99.831,101.359,101.104,True,12.0,True,-0.2424193897582751,0,False,1.0,False,,,
2018-01-31,2.95,2.72,2.14,0.61,0.2742,2.11,,,4.15,,,67.78,106.7696,2823.81,2436211.0,99.831,101.359,101.104,True,13.0,True,-0.24786637468768524,0,False,1.0,False,,,
2018-02-01,3.01,2.78,2.16,0.67,0.2969,2.11,,,4.22,,,68.6,106.4877,2821.98,2436211.0,99.831,101.359,101.104,True,14.0,True,-0.22878905196627614,0,False,1.0,False,,,
2018-02-02,3.08,2.84,2.15,0.7,0.3204,2.14,,,4.22,,,67.45,107.1151,2762.13,2436211.0,99.831,101.359,101.104,True,15.0,True,-0.06890261696437922,0,False,0.6666666666666666,False,,,
2018-02-05,3.04,2.77,2.08,0.67,0.2957,2.1,,,4.22,,,67.69,107.33,2648.94,2436211.0,99.831,101.359,101.104,True,16.0,True,-0.2674171913378744,0,False,0.5,False,,,
2018-02-06,3.06,2.79,2.1,0.69,0.2958,2.1,,,4.22,,,66.75,107.5204,2695.14,2436211.0,99.831,101.359,101.104,True,17.0,True,-0.2723207111346269,0,False,0.5,False,,,
2018-02-07,3.12,2.84,2.15,0.74,0.3147,2.1,,,4.22,,,65.74,107.7175,2681.66,2436192.0,99.831,101.359,101.104,True,18.0,True,-0.26637574994889146,0,False,0.5,False,,,
2018-02-08,3.14,2.85,2.13,0.76,0.32,2.09,,,4.32,,,64.26,108.3025,2581.0,2436192.0,99.831,101.359,101.104,True,19.0,True,-0.22084756692381416,0,False,0.4,False,,,
2018-02-09,3.14,2.83,2.05,0.78,0.3075,2.05,,,4.32,,,63.04,108.2582,2619.55,2436192.0,99.831,101.359,101.104,True,20.0,True,-0.19050126989803476,0,False,0.25,False,,,
2018-02-12,3.14,2.86,2.09,0.79,0.3135,2.07,,,4.32,,,62.2,108.0332,2656.0,2436192.0,99.831,101.359,101.104,True,21.0,True,-0.19005403241034585,0,False,0.25,False,,,
2018-02-13,3.11,2.83,2.1,0.78,0.3046,2.05,,,4.32,,,61.94,107.7574,2662.94,2436192.0,99.831,101.359,101.104,True,22.0,True,-0.17214527176276212,0,False,0.25,False,,,
2018-02-14,3.18,2.91,2.17,0.82,0.3406,2.09,,,4.32,,,62.29,107.4691,2698.63,2436173.0,99.831,101.359,101.104,True,23.0,True,-0.20782332448025884,0,False,0.25,False,,,
2018-02-15,3.15,2.9,2.19,0.79,0.3446,2.11,,,4.38,,,62.86,106.9867,2731.2,2436173.0,99.831,101.359,101.104,True,24.0,True,-0.19390324577226925,0,False,0.25,False,,,
2018-02-16,3.13,2.87,2.21,0.78,0.3347,2.09,,,4.38,,,64.3,107.0359,2732.22,2436173.0,99.831,101.359,101.104,True,25.0,True,-0.19913130067807916,0,False,0.25,False,,,
2018-02-19,3.13,2.87,2.21,0.78,0.3347,2.09,,,4.38,,,64.95,107.0359,2732.22,2436173.0,99.831,101.359,101.104,True,26.0,True,-0.19909909626291084,0,False,0.25,False,,,
2018-02-20,3.15,2.88,2.25,0.78,0.3309,2.1,,,4.38,,,64.68,107.6249,2716.26,2436173.0,99.831,101.359,101.104,True,27.0,True,-0.19767588672327943,0,False,0.25,False,,,
2018-02-21,3.22,2.94,2.26,0.82,0.3478,2.12,,,4.38,,,64.81,107.8679,2701.33,2432066.0,99.831,101.359,101.104,False,27.0,True,-0.1760482304629493,0,False,0.25,False,,,
2018-02-22,3.21,2.92,2.25,0.81,0.3445,2.11,,,4.4,,,66.12,107.8668,2703.96,2432066.0,99.831,101.359,101.104,False,27.0,True,-0.17397696698709744,0,False,0.25,False,,,
2018-02-23,3.16,2.88,2.25,0.76,0.3275,2.12,,,4.4,,,67.04,107.6804,2747.3,2432066.0,99.831,101.359,101.104,False,27.0,True,-0.12577932286165328,0,False,0.25,False,,,
2018-02-26,3.15,2.86,2.22,0.73,0.3115,2.13,,,4.4,,,67.96,107.7347,2779.6,2432066.0,99.831,101.359,101.104,False,27.0,True,-0.11028247340158663,0,False,0.25,False,,,
2018-02-27,3.17,2.9,2.27,0.77,0.3268,2.13,,,4.4,,,67.59,108.1731,2744.28,2432066.0,99.831,101.359,101.104,False,27.0,True,-0.07259879350257849,0,False,0.2,False,,,
2018-02-28,3.13,2.87,2.25,0.75,0.321,2.12,,,4.4,,,66.08,108.3903,2713.83,2424242.0,99.831,101.359,101.104,False,27.0,True,-0.08745864679936434,0,False,0.16666666666666666,False,,,
2018-03-01,3.09,2.81,2.22,0.71,0.297,2.1,,,4.43,,,64.23,108.5358,2677.67,2424242.0,99.831,101.359,101.104,False,27.0,True,-0.12668966123171094,0,False,0.14285714285714285,False,,,
2018-03-02,3.14,2.86,2.25,0.74,0.3098,2.12,,,4.43,,,64.26,108.5358,2691.25,2424242.0,99.831,101.359,101.104,False,27.0,True,-0.13132754504736213,0,False,0.14285714285714285,False,,,
2018-03-05,3.16,2.88,2.24,0.75,0.3157,2.13,,,4.43,,,65.78,108.3614,2720.94,2424242.0,99.831,101.359,101.104,False,27.0,True,-0.13615660176012406,0,False,0.14285714285714285,False,,,
2018-03-06,3.14,2.88,2.25,0.76,0.3174,2.12,,,4.43,,,65.67,107.7969,2728.12,2424242.0,99.831,101.359,101.104,False,27.0,True,-0.13280014730759704,0,False,0.14285714285714285,False,,,
2018-03-07,3.15,2.89,2.25,0.76,0.319,2.13,,,4.43,,,65.09,108.0911,2726.8,2424402.0,99.831,101.359,101.104,False,27.0,True,-0.13249437090128516,0,False,0.14285714285714285,False,,,
2018-03-08,3.13,2.86,2.25,0.75,0.3103,2.11,,,4.46,,,63.87,108.2671,2738.97,2424402.0,99.831,101.359,101.104,False,27.0,True,-0.12373814032996326,0,False,0.14285714285714285,False,,,
2018-03-09,3.16,2.9,2.27,0.78,0.319,2.12,,,4.46,,,65.19,107.923,2786.57,2424402.0,99.831,101.359,101.104,False,27.0,True,-0.14486427791676873,0,False,0.14285714285714285,False,,,
2018-03-12,3.13,2.87,2.27,0.77,0.3089,2.1,,,4.46,,,64.53,107.9438,2783.02,2424402.0,99.831,101.359,101.104,False,27.0,True,-0.14657270130423153,0,False,0.14285714285714285,False,,,
2018-03-13,3.1,2.84,2.26,0.75,0.2937,2.09,,,4.46,,,64.2,107.7384,2765.31,2424402.0,99.831,101.359,101.104,False,27.0,True,-0.15342614927740322,0,False,0.14285714285714285,False,,,
2018-03-14,3.05,2.81,2.26,0.74,0.2775,2.07,,,4.46,,,63.61,107.8623,2749.48,2424562.0,99.831,101.359,101.104,False,27.0,True,-0.16584231650829445,0,False,0.14285714285714285,False,,,
2018-03-15,3.05,2.82,2.29,0.74,0.2729,2.08,,,4.44,,,63.67,108.2032,2747.33,2424562.0,99.831,101.359,101.104,False,27.0,True,-0.15984444017380992,0,False,0.14285714285714285,False,,,
2018-03-16,3.08,2.85,2.31,0.77,0.2797,2.08,,,4.44,,,64.68,108.4332,2752.01,2424562.0,99.831,101.359,101.104,False,27.0,True,-0.17636524660273403,0,False,0.14285714285714285,False,,,
2018-03-19,3.09,2.85,2.31,0.77,0.2788,2.08,,,4.44,,,64.82,108.3145,2712.92,2424562.0,99.831,101.359,101.104,False,27.0,True,-0.17977034676688314,0,False,0.25,False,,,
2018-03-20,3.12,2.89,2.34,0.81,0.2913,2.08,,,4.44,,,66.0,108.4953,2716.94,2424562.0,99.831,101.359,101.104,False,27.0,True,-0.1817866743437264,0,False,0.25,False,,,
2018-03-21,3.12,2.89,2.31,0.8,0.2993,2.09,,,4.44,,,68.15,108.4953,2711.93,2424723.0,99.831,101.359,101.104,False,27.0,True,-0.18215136703990956,0,False,0.25,False,,,
2018-03-22,3.06,2.83,2.29,0.75,0.2806,2.08,,,4.45,,,68.98,107.9935,2643.69,2424723.0,99.831,101.359,101.104,False,27.0,True,-0.24001016063882005,0,False,0.3333333333333333,False,,,
2018-03-23,3.06,2.82,2.28,0.75,0.2708,2.07,,,4.45,,,69.03,107.7495,2588.26,2424723.0,99.831,101.359,101.104,False,27.0,True,-0.24652445051681565,0,False,0.4,False,,,
2018-03-26,3.08,2.85,2.33,0.77,0.2779,2.08,,,4.45,,,68.81,107.1819,2658.55,2424723.0,99.831,101.359,101.104,False,27.0,True,-0.2691765844444397,0,False,0.4,False,,,
2018-03-27,3.03,2.78,2.26,0.71,0.251,2.07,,,4.45,,,68.63,107.3359,2612.62,2424723.0,99.831,101.359,101.104,False,27.0,True,-0.3037965227441448,0,False,0.36363636363636365,False,,,
2018-03-28,3.01,2.77,2.28,0.72,0.2479,2.05,,,4.45,,,68.13,107.5733,2605.0,2424883.0,99.831,101.359,101.104,False,27.0,True,-0.30110693669159966,0,False,0.36363636363636365,False,,,
2018-03-29,2.97,2.74,2.27,0.69,0.235,2.05,,,4.44,,,69.02,107.665,2640.87,2424883.0,99.831,101.359,101.104,False,27.0,True,-0.2766496646088281,0,False,0.36363636363636365,False,,,
2018-03-30,2.97,2.74,2.27,0.69,0.235,2.05,,,4.44,,,69.02,107.4784,2640.87,2424883.0,99.831,101.359,101.104,False,27.0,True,-0.26534521945819417,0,False,0.36363636363636365,False,,,
2018-04-02,2.97,2.73,2.25,0.68,0.2252,2.05,,,4.44,,,69.02,107.7033,2581.88,2424883.0,99.597,101.371,101.618,False,27.0,True,-0.2785922582848739,0,False,0.3333333333333333,False,,,数据缺失
2018-04-03,3.02,2.79,2.28,0.71,0.2439,2.08,1.83,,4.44,,,69.02,107.5624,2614.45,2424883.0,99.597,101.371,101.618,False,27.0,True,-0.295507437354066,0,False,0.3333333333333333,False,,,数据缺失
2018-04-04,3.03,2.79,2.28,0.71,0.2548,2.08,1.74,,4.44,,,66.04,107.6361,2644.69,2413031.0,99.597,101.371,101.618,False,26.0,True,-0.29053240749075454,0,False,0.3333333333333333,False,,,数据缺失
2018-04-05,3.07,2.83,2.3,0.75,0.2701,2.08,1.75,,4.4,,,66.54,107.7281,2662.84,2413031.0,99.597,101.371,101.618,False,25.0,True,-0.2960384542011182,0,False,0.3333333333333333,False,,,数据缺失
2018-04-06,3.01,2.77,2.27,0.7,0.2515,2.07,1.75,,4.4,,,66.51,107.7886,2604.47,2413031.0,99.597,101.371,101.618,False,24.0,True,-0.3324783117282753,0,False,0.3076923076923077,False,,,数据缺失
2018-04-09,3.02,2.78,2.29,0.71,0.2496,2.07,1.75,,4.4,,,68.19,107.5316,2613.16,2413031.0,99.597,101.371,101.618,False,23.0,True,-0.33303751634540085,0,False,0.3076923076923077,False,,,数据缺失
2018-04-10,3.02,2.8,2.32,0.72,0.2569,2.08,1.75,,4.4,,,70.67,107.3659,2656.87,2413031.0,99.597,101.371,101.618,False,23.0,True,-0.34261949501100836,0,False,0.3076923076923077,False,,,数据缺失
2018-04-11,2.99,2.79,2.32,0.68,0.2526,2.11,1.76,,4.4,,,72.74,107.1224,2642.19,2413060.0,99.597,101.371,101.618,False,23.0,True,-0.34357567698253505,0,False,0.3076923076923077,False,,,数据缺失
2018-04-12,3.05,2.83,2.34,0.7,0.2719,2.13,1.73,,4.42,,,71.44,107.2905,2663.99,2413060.0,99.597,101.371,101.618,False,23.0,True,-0.3506809790983648,0,False,0.3076923076923077,False,,,数据缺失
2018-04-13,3.03,2.82,2.37,0.69,0.2731,2.13,1.72,,4.42,,,73.18,107.2368,2656.3,2413060.0,99.597,101.371,101.618,False,22.0,True,-0.350416056974374,0,False,0.3076923076923077,False,,,数据缺失
2018-04-16,3.03,2.83,2.39,0.71,0.2736,2.12,1.77,,4.42,,,72.05,107.0595,2677.84,2413060.0,99.597,101.371,101.618,False,21.0,True,-0.3450069072266184,0,False,0.3076923076923077,False,,,数据缺失
2018-04-17,3.0,2.82,2.41,0.68,0.2662,2.14,1.76,,4.42,,,71.71,107.0344,2706.39,2413060.0,99.597,101.371,101.618,False,20.0,True,-0.3438881310892941,0,False,0.3076923076923077,False,,,数据缺失
2018-04-18,3.06,2.87,2.42,0.71,0.2833,2.16,1.75,,4.42,,,73.73,107.1096,2708.64,2413079.0,99.597,101.371,101.618,False,19.0,True,-0.3392741975480347,0,False,0.3076923076923077,False,,,数据缺失
2018-04-19,3.11,2.92,2.44,0.75,0.3036,2.17,1.73,,4.47,,,74.85,107.5197,2693.13,2413079.0,99.597,101.371,101.618,False,18.0,True,-0.32310911934229364,0,False,0.3076923076923077,False,,,数据缺失
2018-04-20,3.14,2.96,2.46,0.79,0.3251,2.17,1.72,,4.47,,,74.62,108.1787,2670.14,2413079.0,99.597,101.371,101.618,False,17.0,True,-0.31645063457697,0,False,0.3076923076923077,False,,,数据缺失
2018-04-23,3.15,2.98,2.49,0.8,0.3371,2.18,1.7,,4.47,,,74.54,108.9332,2670.29,2413079.0,99.597,101.371,101.618,False,16.0,True,-0.31675022535349956,0,False,0.3076923076923077,False,,,数据缺失
2018-04-24,3.18,3.0,2.48,0.83,0.3415,2.17,1.71,,4.47,,,75.86,108.7906,2634.56,2413079.0,99.597,101.371,101.618,False,15.0,True,-0.3107534186061233,0,False,0.35714285714285715,False,,,数据缺失
2018-04-25,3.21,3.03,2.49,0.86,0.3548,2.17,1.71,,4.47,,,73.79,109.3447,2639.4,2413218.0,99.597,101.371,101.618,False,14.0,True,-0.3047640809295694,0,False,0.35714285714285715,False,,,数据缺失
2018-04-26,3.18,3.0,2.49,0.82,0.3513,2.18,1.72,,4.58,,,75.39,109.3646,2666.94,2413218.0,99.597,101.371,101.618,False,13.0,True,-0.2959704236263988,0,False,0.35714285714285715,False,,,数据缺失
2018-04-27,3.13,2.96,2.49,0.79,0.3396,2.17,1.72,,4.58,,,75.33,109.1735,2669.91,2413218.0,99.597,101.371,101.618,False,12.0,True,-0.3006276281191917,0,False,0.35714285714285715,False,,,数据缺失
2018-04-30,3.11,2.95,2.49,0.78,0.3293,2.17,1.77,,4.58,,,75.92,109.3363,2648.05,2413218.0,99.597,101.371,101.618,False,11.0,True,-0.30392976276828565,0,False,0.35714285714285715,False,,,数据缺失
2018-05-01,3.13,2.97,2.5,0.81,0.3333,2.16,1.76,,4.58,,,74.85,109.7445,2654.8,2413218.0,99.597,101.371,101.618,False,10.0,True,-0.3109993408932302,0,False,0.35714285714285715,False,,,数据缺失
2018-05-02,3.14,2.97,2.49,0.8,0.3324,2.17,1.75,,4.58,,,73.14,110.1625,2635.67,2395460.0,99.597,101.371,101.618,False,9.0,False,-0.3662961054196674,0,False,0.35714285714285715,False,,,数据缺失
2018-05-03,3.12,2.94,2.49,0.78,0.324,2.16,1.74,,4.55,,,73.45,110.1803,2629.73,2395460.0,99.597,101.371,101.618,False,8.0,False,-0.29467608369570375,0,False,0.35714285714285715,False,,,数据缺失
2018-05-04,3.12,2.95,2.51,0.79,0.3269,2.16,1.72,,4.55,,,74.75,110.25,2663.42,2395460.0,99.597,101.371,101.618,False,7.0,False,-0.2890510520608149,0,False,0.35714285714285715,False,,,数据缺失
2018-05-07,3.12,2.95,2.49,0.78,0.3264,2.17,1.71,,4.55,,,74.75,110.5721,2672.63,2395460.0,99.597,101.371,101.618,False,6.0,False,-0.3036606148438873,0,False,0.35714285714285715,False,,,数据缺失
2018-05-08,3.13,2.97,2.51,0.81,0.3339,2.16,1.72,,4.55,,,74.16,111.063,2671.92,2395460.0,99.597,101.371,101.618,False,5.0,False,-0.34488736064816733,0,False,0.35714285714285715,False,,,数据缺失
2018-05-09,3.16,3.0,2.54,0.82,0.3463,2.18,1.72,,4.55,,,77.6,110.8818,2697.79,2395528.0,99.597,101.371,101.618,False,4.0,False,-0.3731800437358668,0,False,0.35714285714285715,False,,,数据缺失
2018-05-10,3.12,2.97,2.54,0.8,0.3419,2.17,1.73,,4.55,,,77.59,110.405,2723.07,2395528.0,99.597,101.371,101.618,False,3.0,False,-0.3449748186981375,0,False,0.35714285714285715,False,,,数据缺失
2018-05-11,3.1,2.97,2.54,0.82,0.3386,2.15,1.73,,4.55,,,77.37,110.2847,2727.72,2395528.0,99.597,101.371,101.618,False,2.0,False,-0.3507621625610214,0,False,0.35714285714285715,False,,,数据缺失
2018-05-14,3.13,3.0,2.55,0.85,0.342,2.15,1.75,,4.55,,,78.17,110.408,2730.13,2395528.0,99.597,101.371,101.618,False,1.0,False,-0.321277117194155,0,False,0.35714285714285715,False,,,数据缺失
2018-05-15,3.2,3.08,2.58,0.9,0.3721,2.18,1.79,,4.55,,,78.94,111.2292,2711.45,2395528.0,99.597,101.371,101.618,False,0.0,False,-0.2905062277808491,0,False,0.35714285714285715,False,,,数据缺失
2018-05-16,3.21,3.09,2.58,0.92,0.3866,2.17,1.75,,4.55,,,78.19,111.3068,2722.46,2386966.0,99.597,101.371,101.618,False,0.0,False,-0.29440680181394807,0,False,0.35714285714285715,False,,,数据缺失
2018-05-17,3.25,3.11,2.57,0.95,0.395,2.16,1.74,,4.61,,,80.09,111.3547,2720.13,2386966.0,99.597,101.371,101.618,False,0.0,False,-0.2931785423205879,0,False,0.35714285714285715,False,,,数据缺失
2018-05-18,3.2,3.06,2.55,0.91,0.381,2.15,1.73,,4.61,,,78.38,111.7171,2712.97,2386966.0,99.597,101.371,101.618,False,0.0,False,-0.29603962882577095,0,False,0.35714285714285715,False,,,数据缺失
2018-05-21,3.2,3.06,2.58,0.9,0.3743,2.16,1.69,,4.61,,,78.34,111.6394,2733.01,2386966.0,99.597,101.371,101.618,False,0.0,False,-0.3174384042062537,0,False,0.35714285714285715,False,,,数据缺失
2018-05-22,3.21,3.06,2.59,0.91,0.3719,2.15,1.65,,4.61,,,80.42,111.1945,2724.44,2386966.0,99.597,101.371,101.618,False,0.0,False,-0.3194892894621654,0,False,0.35714285714285715,False,,,数据缺失
2018-05-23,3.17,3.01,2.53,0.87,0.3486,2.14,1.67,,4.61,,,78.69,111.6933,2733.29,2387035.0,99.597,101.371,101.618,False,0.0,False,-0.34726227832873163,0,False,0.35714285714285715,False,,,数据缺失
2018-05-24,3.13,2.98,2.5,0.86,0.3338,2.12,1.74,,4.66,,,78.9,111.4885,2727.76,2387035.0,99.597,101.371,101.618,False,0.0,False,-0.36501436823036565,0,False,0.35714285714285715,False,,,数据缺失
2018-05-25,3.09,2.93,2.48,0.84,0.3136,2.09,1.73,,4.66,,,76.6,111.5843,2721.33,2387035.0,99.597,101.371,101.618,False,0.0,False,-0.3952856227656337,0,False,0.35714285714285715,False,,,数据缺失
2018-05-28,3.09,2.93,2.48,0.84,0.3136,2.09,1.73,,4.66,,,76.6,111.5843,2721.33,2387035.0,99.597,101.371,101.618,False,0.0,False,-0.3852526540835144,0,False,0.35714285714285715,False,,,数据缺失
2018-05-29,2.96,2.77,2.32,0.73,0.2376,2.04,1.72,,4.66,,,74.51,112.2127,2689.86,2387035.0,99.597,101.371,101.618,False,0.0,False,-0.3807519520374938,0,False,0.3333333333333333,False,,,数据缺失
2018-05-30,3.01,2.84,2.42,0.78,0.2491,2.06,1.72,,4.66,,,75.89,111.6731,2724.01,2387103.0,99.597,101.371,101.618,False,0.0,False,-0.39820308451016967,0,False,0.3333333333333333,False,,,数据缺失
2018-05-31,3.0,2.83,2.4,0.76,0.2481,2.07,1.81,,4.56,,,76.45,111.9894,2705.27,2387103.0,99.597,101.371,101.618,False,0.0,False,-0.3945204758061057,0,False,0.3333333333333333,False,,,数据缺失
2018-06-01,3.04,2.89,2.47,0.8,0.2734,2.09,1.81,,4.56,,,74.54,111.8265,2734.62,2387103.0,99.597,101.371,101.618,False,0.0,False,-0.410138144261388,0,False,0.3333333333333333,False,,,数据缺失
2018-06-04,3.08,2.94,2.52,0.82,0.2935,2.12,1.8,,4.56,,,73.41,111.8247,2746.87,2387103.0,99.597,101.371,101.618,False,0.0,False,-0.41344939532928293,0,False,0.3333333333333333,False,,,数据缺失
2018-06-05,3.07,2.92,2.49,0.79,0.2867,2.13,1.75,,4.56,,,72.91,112.264,2748.8,2387103.0,99.597,101.371,101.618,False,0.0,False,-0.4200890848444629,0,False,0.3333333333333333,False,,,数据缺失
2018-06-06,3.13,2.97,2.52,0.83,0.3083,2.14,1.73,,4.56,,,73.23,111.7525,2772.35,2377872.0,99.597,101.371,101.618,False,0.0,False,-0.415349447760295,0,False,0.3333333333333333,False,,,数据缺失
2018-06-07,3.08,2.93,2.5,0.8,0.2972,2.13,1.71,,4.54,,,75.23,112.0725,2770.37,2377872.0,99.597,101.371,101.618,False,0.0,False,-0.4134284521546898,0,False,0.3333333333333333,False,,,数据缺失
2018-06-08,3.08,2.93,2.5,0.82,0.2956,2.11,1.69,,4.54,,,75.11,112.1066,2779.03,2377872.0,99.597,101.371,101.618,False,0.0,False,-0.4081772346298824,0,False,0.3333333333333333,False,,,数据缺失
2018-06-11,3.1,2.96,2.52,0.83,0.3049,2.13,1.69,,4.54,,,74.58,112.1106,2782.0,2377872.0,99.597,101.371,101.618,False,0.0,False,-0.40304830337718295,0,False,0.3333333333333333,False,,,数据缺失
2018-06-12,3.09,2.96,2.54,0.83,0.3137,2.13,1.67,,4.54,,,74.86,112.2138,2786.85,2377872.0,99.597,101.371,101.618,False,0.0,False,-0.40331081213550096,0,False,0.3333333333333333,False,,,数据缺失
2018-06-13,3.1,2.98,2.59,0.86,0.3279,2.12,1.71,,4.54,,,75.07,112.2577,2775.63,2377998.0,99.597,101.371,101.618,False,0.0,False,-0.39888173011497996,0,False,0.3333333333333333,False,,,数据缺失
2018-06-14,3.05,2.94,2.59,0.82,0.3165,2.12,1.9,,4.62,,,74.77,112.8593,2782.49,2377998.0,99.597,101.371,101.618,False,0.0,False,-0.39743809377454997,0,False,0.3333333333333333,False,,,数据缺失
2018-06-15,3.05,2.93,2.55,0.81,0.3103,2.12,1.91,,4.62,,,72.02,113.3379,2779.66,2377998.0,99.597,101.371,101.618,False,0.0,False,-0.39920638751361015,0,False,0.3333333333333333,False,,,数据缺失
2018-06-18,3.05,2.92,2.56,0.8,0.3045,2.12,1.9,,4.62,,,74.87,113.4899,2773.75,2377998.0,99.597,101.371,101.618,False,0.0,False,-0.4000029667024217,0,False,0.3333333333333333,False,,,数据缺失
2018-06-19,3.02,2.89,2.54,0.77,0.2877,2.12,1.88,,4.62,,,74.92,113.639,2762.59,2377998.0,99.597,101.371,101.618,False,0.0,False,-0.3658306590207259,0,False,0.3333333333333333,False,,,数据缺失
2018-06-20,3.06,2.93,2.56,0.81,0.2972,2.12,1.87,,4.62,,,74.25,113.4784,2767.32,2378124.0,99.597,101.371,101.618,False,0.0,False,-0.370922016772876,0,False,0.3333333333333333,False,,,数据缺失
2018-06-21,3.04,2.9,2.56,0.79,0.2888,2.11,1.87,,4.57,,,72.87,113.6109,2749.76,2378124.0,99.597,101.371,101.618,False,0.0,False,-0.37179410632315796,0,False,0.3333333333333333,False,,,数据缺失
2018-06-22,3.04,2.9,2.56,0.78,0.2883,2.12,1.92,,4.57,,,73.67,113.3047,2754.88,2378124.0,99.597,101.371,101.618,False,0.0,False,-0.32844726090114296,0,False,0.3333333333333333,False,,,数据缺失
2018-06-25,3.02,2.87,2.54,0.77,0.2763,2.1,1.91,,4.57,,,72.82,113.286,2717.07,2378124.0,99.597,101.371,101.618,False,0.0,False,-0.34058278255552354,0,False,0.375,False,,,数据缺失
2018-06-26,3.03,2.88,2.53,0.76,0.2733,2.12,1.9,,4.57,,,73.58,113.3016,2723.06,2378124.0,99.597,101.371,101.618,False,0.0,False,-0.3734240870939434,0,False,0.375,False,,,数据缺失
2018-06-27,2.97,2.83,2.52,0.72,0.2558,2.11,1.9,,4.57,,,76.09,113.8971,2699.63,2378250.0,99.597,101.371,101.618,False,0.0,False,-0.3887863702586976,0,False,0.375,False,,,数据缺失
2018-06-28,2.97,2.84,2.52,0.74,0.2571,2.1,1.93,,4.55,,,76.26,113.8405,2716.31,2378250.0,99.597,101.371,101.618,False,0.0,False,-0.4041915398968227,0,False,0.375,False,,,数据缺失
2018-06-29,2.98,2.85,2.52,0.74,0.2603,2.11,2.12,,4.55,,,77.44,113.2586,2718.37,2378250.0,99.597,101.371,101.618,False,0.0,False,-0.37966885580679677,0,False,0.375,False,,,数据缺失
2018-07-02,2.99,2.87,2.57,0.73,0.2638,2.14,2.04,,4.55,,,76.71,114.1673,2726.71,2378250.0,99.866,101.668,102.314,False,0.0,False,-0.38937680204113456,0,False,0.375,False,,,数据缺失
2018-07-03,2.96,2.83,2.53,0.71,0.2505,2.12,2.0,,4.55,,,75.87,113.3222,2713.22,2378250.0,99.866,101.668,102.314,False,0.0,False,-0.38781585814037894,0,False,0.375,False,,,数据缺失
2018-07-04,2.96,2.83,2.53,0.71,0.2505,2.12,2.0,,4.55,,,76.99,113.3222,2713.22,2360377.0,99.866,101.668,102.314,False,0.0,False,-0.34209771737472094,0,False,0.375,False,,,数据缺失
2018-07-05,2.95,2.84,2.55,0.71,0.2507,2.13,1.97,,4.52,,,77.09,112.9759,2736.61,2360377.0,99.866,101.668,102.314,False,0.0,False,-0.34164302585146394,0,False,0.375,False,,,数据缺失
2018-07-06,2.94,2.82,2.53,0.7,0.2429,2.12,1.93,,4.52,,,74.98,112.6428,2759.82,2360377.0,99.866,101.668,102.314,False,0.0,False,-0.32261646190252674,0,False,0.375,False,,,数据缺失
2018-07-09,2.96,2.86,2.57,0.73,0.2529,2.13,1.89,,4.52,,,77.08,112.6425,2784.17,2360377.0,99.866,101.668,102.314,False,0.0,False,-0.3352552341312789,0,False,0.375,False,,,数据缺失
2018-07-10,2.97,2.87,2.59,0.74,0.2599,2.13,1.89,,4.52,,,77.8,112.5794,2793.84,2360377.0,99.866,101.668,102.314,False,0.0,False,-0.3229990156326731,0,False,0.375,False,,,数据缺失
2018-07-11,2.95,2.85,2.58,0.74,0.2534,2.11,1.89,,4.52,,,75.35,112.8582,2774.02,2360504.0,99.866,101.668,102.314,False,0.0,False,-0.32763308131268293,0,False,0.375,False,,,数据缺失
2018-07-12,2.95,2.85,2.6,0.75,0.2534,2.1,1.9,,4.53,,,72.11,112.779,2798.29,2360504.0,99.866,101.668,102.314,False,0.0,False,-0.32210742815577365,0,False,0.375,False,,,数据缺失
2018-07-13,2.94,2.83,2.59,0.72,0.2443,2.11,1.9,,4.53,,,74.11,113.0705,2801.31,2360504.0,99.866,101.668,102.314,False,0.0,False,-0.3347135358407388,0,False,0.375,False,,,数据缺失
2018-07-16,2.96,2.85,2.59,0.75,0.2457,2.1,1.95,,4.53,,,71.03,112.8437,2798.43,2360504.0,99.866,101.668,102.314,False,0.0,False,-0.3354538516697685,0,False,0.375,False,,,数据缺失
2018-07-17,2.97,2.86,2.62,0.77,0.2495,2.09,1.92,,4.53,,,70.87,113.1504,2809.55,2360504.0,99.866,101.668,102.314,False,0.0,False,-0.3680179995214853,0,False,0.375,False,,,数据缺失
2018-07-18,2.99,2.88,2.6,0.79,0.254,2.09,1.9,,4.53,,,70.52,113.3348,2815.62,2359766.0,99.866,101.668,102.314,False,0.0,False,-0.4079417188309658,0,False,0.375,False,,,数据缺失
2018-07-19,2.96,2.84,2.6,0.75,0.2441,2.09,1.9,,4.52,,,71.94,113.9463,2804.49,2359766.0,99.866,101.668,102.314,False,0.0,False,-0.4180278545407274,0,False,0.375,False,,,数据缺失
2018-07-20,3.03,2.89,2.6,0.78,0.2591,2.11,1.88,,4.52,,,71.99,113.3213,2801.83,2359766.0,99.866,101.668,102.314,False,0.0,False,-0.4481015280275187,0,False,0.375,False,,,数据缺失
2018-07-23,3.1,2.96,2.64,0.85,0.2889,2.11,1.87,,4.52,,,73.45,113.4246,2806.98,2359766.0,99.866,101.668,102.314,False,0.0,False,-0.44005271390290507,0,False,0.375,False,,,数据缺失
2018-07-24,3.08,2.95,2.63,0.84,0.291,2.11,1.9,,4.52,,,73.53,113.2045,2820.4,2359766.0,99.866,101.668,102.314,False,0.0,False,-0.4681557328166769,0,False,0.375,False,,,数据缺失
2018-07-25,3.06,2.94,2.66,0.81,0.289,2.13,1.87,,4.52,,,73.67,112.9221,2846.07,2359893.0,99.866,101.668,102.314,False,0.0,False,-0.45929816674431584,0,False,0.3333333333333333,False,,,数据缺失
2018-07-26,3.1,2.98,2.69,0.87,0.3089,2.11,1.9,,4.54,,,74.51,112.9179,2837.44,2359893.0,99.866,101.668,102.314,False,0.0,False,-0.44378295499574133,0,False,0.3333333333333333,False,,,数据缺失
2018-07-27,3.09,2.96,2.67,0.84,0.3051,2.12,1.88,,4.54,,,74.84,112.8125,2818.82,2359893.0,99.866,101.668,102.314,False,0.0,False,-0.44690745531796644,0,False,0.3333333333333333,False,,,数据缺失
2018-07-30,3.11,2.98,2.66,0.85,0.3056,2.13,1.88,,4.54,,,74.99,112.6044,2802.6,2359893.0,99.866,101.668,102.314,False,0.0,False,-0.43824014707226927,0,False,0.35714285714285715,False,,,数据缺失
2018-07-31,3.08,2.96,2.67,0.84,0.2979,2.12,1.93,,4.54,,,74.16,112.7299,2816.29,2359893.0,99.866,101.668,102.314,False,0.0,False,-0.4258916405475963,0,False,0.38461538461538464,False,,,数据缺失
2018-08-01,3.13,3.0,2.67,0.87,0.3112,2.13,1.88,,4.54,,,72.28,112.8899,2813.36,2336876.0,99.866,101.668,102.314,True,1.0,False,-0.4223541731978545,0,False,0.38461538461538464,False,,,数据缺失
2018-08-02,3.12,2.98,2.66,0.86,0.3074,2.12,1.91,,4.6,,,72.95,113.1679,2827.22,2336876.0,99.866,101.668,102.314,False,1.0,False,-0.41410469124625165,0,False,0.38461538461538464,False,,,数据缺失
2018-08-03,3.09,2.95,2.63,0.83,0.2933,2.12,1.86,,4.6,,,72.48,113.012,2840.35,2336876.0,99.866,101.668,102.314,False,1.0,False,-0.40507127844282376,0,False,0.4166666666666667,False,,,数据缺失
2018-08-06,3.08,2.94,2.64,0.83,0.2813,2.11,1.86,,4.6,,,72.51,113.229,2850.4,2336876.0,99.866,101.668,102.314,False,1.0,False,-0.3919142974675075,0,False,0.4166666666666667,False,,,数据缺失
2018-08-07,3.12,2.98,2.68,0.85,0.2908,2.13,1.87,,4.6,,,72.31,112.9759,2858.45,2336876.0,99.866,101.668,102.314,False,1.0,False,-0.4237225919000307,0,False,0.4166666666666667,False,,,数据缺失
2018-08-08,3.12,2.96,2.68,0.85,0.2914,2.11,1.88,,4.6,,,70.71,113.1411,2857.7,2336925.0,99.866,101.668,102.314,False,1.0,False,-0.4243767323207161,0,False,0.4166666666666667,False,,,数据缺失
2018-08-09,3.08,2.93,2.64,0.82,0.2767,2.11,1.91,,4.59,,,70.55,113.3806,2853.58,2336925.0,99.866,101.668,102.314,False,1.0,False,-0.42864080223884854,0,False,0.4166666666666667,False,,,数据缺失
2018-08-10,3.03,2.87,2.61,0.78,0.2508,2.09,1.9,,4.59,,,71.0,114.3005,2833.28,2336925.0,99.866,101.668,102.314,False,1.0,False,-0.5218905859808451,0,False,0.4166666666666667,False,,,数据缺失
2018-08-13,3.05,2.88,2.61,0.78,0.2432,2.1,1.91,,4.59,,,70.62,114.851,2821.93,2336925.0,99.866,101.668,102.314,False,1.0,False,-0.511925277388228,0,False,0.4166666666666667,False,,,数据缺失
2018-08-14,3.06,2.89,2.63,0.8,0.2464,2.09,1.93,,4.59,,,70.77,114.658,2839.96,2336925.0,99.866,101.668,102.314,False,1.0,False,-0.5175835383838708,0,False,0.4166666666666667,False,,,数据缺失
2018-08-15,3.03,2.86,2.61,0.78,0.2337,2.08,1.98,,4.59,,,68.38,115.1526,2818.37,2324391.0,99.866,101.668,102.314,False,1.0,False,-0.5193564816855534,0,False,0.4166666666666667,False,,,数据缺失
2018-08-16,3.03,2.87,2.63,0.79,0.2353,2.08,1.99,,4.53,,,69.21,114.6416,2840.69,2324391.0,99.866,101.668,102.314,False,1.0,False,-0.523676627293586,0,False,0.4166666666666667,False,,,数据缺失
2018-08-17,3.03,2.87,2.61,0.79,0.2357,2.08,1.9,,4.53,,,70.14,114.5339,2850.13,2324391.0,99.866,101.668,102.314,False,1.0,False,-0.5262355099610647,0,False,0.4166666666666667,False,,,数据缺失
2018-08-20,2.99,2.82,2.6,0.75,0.2156,2.07,1.9,,4.53,,,71.11,114.3504,2857.05,2324391.0,99.866,101.668,102.314,False,1.0,False,-0.5297311941692756,0,False,0.4166666666666667,False,,,数据缺失
2018-08-21,3.0,2.85,2.61,0.77,0.2183,2.08,1.9,,4.53,,,71.65,113.8604,2862.96,2324391.0,99.866,101.668,102.314,False,1.0,False,-0.5270072156242607,0,False,0.4166666666666667,False,,,数据缺失
2018-08-22,2.99,2.82,2.6,0.74,0.2095,2.08,1.9,,4.53,,,72.96,113.663,2861.82,2324540.0,99.866,101.668,102.314,False,1.0,False,-0.5235985221059679,0,False,0.45454545454545453,False,,,数据缺失
2018-08-23,2.97,2.82,2.61,0.73,0.2084,2.09,1.94,,4.51,,,73.73,114.0932,2856.98,2324540.0,99.866,101.668,102.314,False,1.0,False,-0.5225980035463496,0,False,0.5,False,,,数据缺失
2018-08-24,2.97,2.82,2.63,0.73,0.2097,2.09,1.95,,4.51,,,74.41,113.5985,2874.69,2324540.0,99.866,101.668,102.314,False,1.0,False,-0.45288663643800214,0,False,0.5555555555555556,True,,,数据缺失
2018-08-27,3.0,2.85,2.67,0.74,0.2165,2.11,1.95,,4.51,,,74.41,113.2721,2896.74,2324540.0,99.866,101.668,102.314,False,1.0,False,-0.41753774314723774,0,False,0.5555555555555556,True,,,数据缺失
2018-08-28,3.03,2.88,2.67,0.77,0.2295,2.11,1.95,,4.51,,,75.91,113.3444,2897.52,2324540.0,99.866,101.668,102.314,False,1.0,False,-0.4113669851499213,0,False,0.5555555555555556,True,,,数据缺失
2018-08-29,3.02,2.89,2.67,0.77,0.2347,2.12,1.93,,4.51,,,76.07,113.6461,2914.04,2324589.0,99.866,101.668,102.314,False,1.0,False,-0.3748204709152181,0,False,0.5555555555555556,True,,,数据缺失
2018-08-30,3.0,2.86,2.64,0.76,0.2242,2.1,1.93,,4.52,,,77.05,114.0899,2901.13,2324589.0,99.866,101.668,102.314,False,1.0,False,-0.37675748427375627,0,False,0.5555555555555556,True,,,数据缺失
2018-08-31,3.02,2.86,2.62,0.78,0.2206,2.08,1.97,,4.52,,,76.94,114.2755,2901.52,2324589.0,99.866,101.668,102.314,False,1.0,False,-0.37757040509217954,0,False,0.5555555555555556,True,,,数据缺失
2018-09-03,3.02,2.86,2.62,0.78,0.2206,2.08,1.97,,4.52,,,77.81,114.2755,2901.52,2324589.0,99.866,101.668,102.314,False,1.0,False,-0.34815329909473813,0,False,0.5555555555555556,True,,,数据缺失
2018-09-04,3.07,2.9,2.66,0.8,0.2335,2.1,1.95,,4.52,,,77.51,114.8584,2896.72,2324589.0,99.866,101.668,102.314,False,1.0,False,-0.3288792431762489,0,False,0.5555555555555556,True,,,数据缺失
2018-09-05,3.08,2.9,2.66,0.81,0.2343,2.09,1.95,,4.52,,,76.68,114.7477,2888.6,2313202.0,99.866,101.668,102.314,False,1.0,False,-0.3278857685274507,0,False,0.5555555555555556,True,,,数据缺失
2018-09-06,3.06,2.88,2.64,0.8,0.2277,2.08,1.94,,4.54,,,75.67,114.6479,2878.05,2313202.0,99.866,101.668,102.314,False,1.0,False,-0.3358378676758087,0,False,0.5555555555555556,True,,,数据缺失
2018-09-07,3.11,2.94,2.71,0.84,0.2523,2.1,1.94,,4.54,,,75.55,114.5816,2871.68,2313202.0,99.866,101.668,102.314,False,1.0,False,-0.30375595055630744,0,False,0.5555555555555556,True,,,数据缺失
2018-09-10,3.09,2.94,2.73,0.84,0.2544,2.1,1.94,,4.54,,,76.77,114.6802,2877.13,2313202.0,99.866,101.668,102.314,False,1.0,False,-0.3176992989268653,0,False,0.5555555555555556,True,,,数据缺失
2018-09-11,3.13,2.98,2.76,0.86,0.272,2.12,1.94,,4.54,,,78.22,114.7051,2887.89,2313202.0,99.866,101.668,102.314,False,1.0,False,-0.34002968607626993,0,False,0.5,False,,,数据缺失
2018-09-12,3.11,2.97,2.74,0.85,0.2709,2.12,1.94,,4.54,,,80.02,114.2192,2888.92,2313204.0,99.866,101.668,102.314,False,1.0,False,-0.33864699700111794,0,False,0.5,False,,,数据缺失
2018-09-13,3.11,2.97,2.76,0.87,0.2717,2.1,1.94,,4.6,,,77.66,113.9268,2904.18,2313204.0,99.866,101.668,102.314,False,1.0,False,-0.3337559129003858,0,False,0.5,False,,,数据缺失
2018-09-14,3.13,2.99,2.78,0.89,0.283,2.1,1.95,,4.6,,,77.87,114.0657,2904.98,2313204.0,99.866,101.668,102.314,False,1.0,False,-0.3199554127690467,0,False,0.42857142857142855,False,,,数据缺失
2018-09-17,3.13,2.99,2.78,0.89,0.2829,2.1,2.0,,4.6,,,78.22,113.9158,2888.8,2313204.0,99.866,101.668,102.314,True,2.0,False,-0.3174192042636158,0,False,0.3333333333333333,False,,,数据缺失
2018-09-18,3.2,3.05,2.81,0.92,0.3029,2.13,1.94,,4.6,,,79.25,113.7739,2904.31,2313204.0,99.866,101.668,102.314,True,3.0,False,-0.317519257633621,0,False,0.3333333333333333,False,,,数据缺失
2018-09-19,3.23,3.08,2.81,0.93,0.3183,2.15,1.92,,4.6,,,79.43,113.6532,2907.95,2313206.0,99.866,101.668,102.314,True,4.0,False,-0.3167551841634989,0,False,0.4,False,,,数据缺失
2018-09-20,3.21,3.07,2.81,0.92,0.3206,2.15,1.92,,4.65,,,79.03,113.4989,2930.75,2313206.0,99.866,101.668,102.314,True,5.0,False,-0.26936354637384313,0,False,0.4,False,,,数据缺失
2018-09-21,3.2,3.07,2.81,0.92,0.3188,2.15,1.92,,4.65,,,78.9,113.5099,2929.67,2313206.0,99.866,101.668,102.314,True,6.0,False,-0.2690627315332213,0,False,0.4,False,,,数据缺失
2018-09-24,3.21,3.08,2.83,0.92,0.3192,2.16,1.95,,4.65,,,80.89,113.5301,2919.37,2313206.0,99.866,101.668,102.314,False,6.0,False,-0.2133219811491559,0,False,0.4,False,,,数据缺失
2018-09-25,3.23,3.1,2.83,0.94,0.3262,2.16,1.93,,4.65,,,82.21,113.7202,2915.56,2313206.0,99.866,101.668,102.314,False,6.0,False,-0.20540289328986,0,False,0.5,False,,,数据缺失
2018-09-26,3.19,3.06,2.83,0.92,0.3161,2.14,1.92,,4.65,,,81.87,113.6739,2905.97,2313208.0,99.866,101.668,102.314,False,6.0,False,-0.22441116627323526,0,False,0.5,False,,,数据缺失
2018-09-27,3.19,3.06,2.83,0.91,0.3136,2.15,2.16,,4.72,,,81.54,113.9784,2914.0,2313208.0,99.866,101.668,102.314,True,7.0,False,-0.2201999731743527,0,False,0.5,False,,,数据缺失
2018-09-28,3.19,3.05,2.81,0.91,0.3096,2.14,2.25,,4.72,,,82.72,113.8077,2913.98,2313208.0,99.866,101.668,102.314,True,8.0,False,-0.19505932787626792,0,False,0.5,False,,,数据缺失
2018-10-01,3.24,3.09,2.82,0.95,0.3163,2.14,2.22,,4.72,,,84.94,113.8235,2924.59,2313208.0,100.051,101.486,102.836,True,9.0,False,-0.20298444595286252,0,False,0.6666666666666666,False,,,数据缺失
2018-10-02,3.2,3.05,2.82,0.93,0.3056,2.12,2.2,,4.72,,,85.63,113.8954,2923.43,2313208.0,100.051,101.486,102.836,False,9.0,False,-0.206191229990745,0,False,0.6666666666666666,False,,,数据缺失
2018-10-03,3.3,3.15,2.85,0.99,0.336,2.16,2.2,,4.72,,,85.45,114.1569,2925.51,2294210.0,100.051,101.486,102.836,True,10.0,True,-0.2141730823211348,0,False,0.6666666666666666,False,,,数据缺失
2018-10-04,3.35,3.19,2.87,1.03,0.3613,2.16,2.18,,4.71,,,86.07,114.6867,2901.61,2294210.0,100.051,101.486,102.836,False,10.0,True,-0.1410816686434208,0,False,0.6666666666666666,False,,,数据缺失
2018-10-05,3.4,3.23,2.88,1.07,0.3826,2.16,2.16,,4.71,,,85.12,114.561,2885.57,2294210.0,100.051,101.486,102.836,True,11.0,True,-0.11137461439809461,0,False,0.6666666666666666,False,,,数据缺失
2018-10-08,3.4,3.23,2.88,1.07,0.3826,2.16,2.16,,4.71,,,84.22,114.561,2884.43,2294210.0,100.051,101.486,102.836,True,12.0,True,-0.0912681163060228,0,False,0.6666666666666666,False,,,数据缺失
2018-10-09,3.37,3.21,2.88,1.04,0.3767,2.17,2.15,,4.71,,,85.16,114.6583,2880.34,2294210.0,100.051,101.486,102.836,True,13.0,True,-0.10585672741843664,0,False,0.6666666666666666,False,,,数据缺失
2018-10-10,3.39,3.22,2.88,1.06,0.3751,2.16,2.15,,4.71,,,83.82,114.6072,2785.68,2294227.0,100.051,101.486,102.836,False,13.0,True,-0.06487639869117846,0,False,0.75,False,,,数据缺失
2018-10-11,3.32,3.14,2.85,1.02,0.3502,2.12,2.17,,4.9,,,81.35,114.4074,2728.37,2294227.0,100.051,101.486,102.836,False,13.0,True,-0.18986940169444388,0,False,0.8,True,,,数据缺失
2018-10-12,3.32,3.15,2.85,1.03,0.3435,2.12,2.18,,4.9,,,80.71,114.3691,2767.13,2294227.0,100.051,101.486,102.836,False,13.0,True,-0.18720151062494322,0,False,0.8,True,,,数据缺失
2018-10-15,3.34,3.16,2.85,1.03,0.3427,2.13,2.21,,4.9,,,80.91,114.045,2750.79,2294227.0,100.051,101.486,102.836,False,13.0,True,-0.1815882479944332,0,False,0.8,True,,,数据缺失
2018-10-16,3.32,3.16,2.87,1.03,0.3409,2.13,2.18,,4.9,,,80.53,113.8963,2809.92,2294227.0,100.051,101.486,102.836,False,13.0,True,-0.15201644253187,0,False,0.8,True,,,数据缺失
2018-10-17,3.35,3.19,2.89,1.06,0.3506,2.13,2.18,,4.9,,,79.91,114.1755,2809.21,2294245.0,100.051,101.486,102.836,False,13.0,True,-0.15635193818402846,0,False,0.75,False,,,数据缺失
2018-10-18,3.36,3.17,2.87,1.07,0.3459,2.1,2.19,,4.85,,,80.3,114.8164,2768.78,2294245.0,100.051,101.486,102.836,False,13.0,True,-0.17178733540583657,0,False,0.6,True,,,数据缺失
2018-10-19,3.38,3.2,2.92,1.09,0.357,2.11,2.19,,4.85,,,80.38,114.8567,2767.78,2294245.0,100.051,101.486,102.836,False,13.0,True,-0.17623099344234744,0,False,0.6,True,,,数据缺失
2018-10-22,3.38,3.2,2.92,1.09,0.3544,2.11,2.18,,4.85,,,80.45,115.1782,2755.88,2294245.0,100.051,101.486,102.836,False,13.0,True,-0.18901335573556133,0,False,0.6,True,,,数据缺失
2018-10-23,3.37,3.17,2.89,1.08,0.342,2.09,2.17,,4.85,,,78.67,115.1651,2740.69,2294245.0,100.051,101.486,102.836,False,13.0,True,-0.2072141785149496,0,False,0.6,True,,,数据缺失
2018-10-24,3.33,3.1,2.84,1.03,0.3089,2.07,2.18,,4.85,,,77.34,115.3755,2656.1,2294215.0,100.051,101.486,102.836,False,12.0,True,-0.3023217667009372,0,False,0.5,False,,,数据缺失
2018-10-25,3.35,3.14,2.86,1.09,0.316,2.05,2.19,,4.86,,,77.3,115.4831,2705.57,2294215.0,100.051,101.486,102.836,False,12.0,True,-0.33529430966088125,0,False,0.5,False,,,数据缺失
2018-10-26,3.32,3.08,2.81,1.02,0.293,2.06,2.19,,4.86,,,77.4,115.473,2658.69,2294215.0,100.051,101.486,102.836,False,12.0,True,-0.3821494255603925,0,False,0.5714285714285714,True,,,数据缺失
2018-10-29,3.33,3.08,2.81,1.02,0.2856,2.06,2.18,,4.86,,,77.56,115.8936,2641.25,2294215.0,100.051,101.486,102.836,False,12.0,True,-0.38579541894356917,0,False,0.5714285714285714,True,,,数据缺失
2018-10-30,3.36,3.12,2.84,1.07,0.2978,2.05,2.18,,4.86,,,75.68,116.2357,2682.63,2294215.0,100.051,101.486,102.836,False,12.0,True,-0.41455015714035404,0,False,0.5714285714285714,True,,,数据缺失
2018-10-31,3.39,3.15,2.87,1.1,0.316,2.05,2.22,,4.86,,,74.84,116.5281,2711.74,2270399.0,100.051,101.486,102.836,False,12.0,True,-0.43750818322700535,0,False,0.5714285714285714,True,,,数据缺失
2018-11-01,3.38,3.14,2.84,1.12,0.3154,2.02,2.22,,4.83,,,71.25,115.8657,2740.37,2270399.0,100.051,101.486,102.836,False,12.0,True,-0.42817156511498083,0,False,0.5714285714285714,True,,,数据缺失
2018-11-02,3.46,3.22,2.91,1.16,0.346,2.06,2.25,,4.83,,,71.11,115.643,2723.06,2270399.0,100.051,101.486,102.836,False,12.0,True,-0.3853270526167658,0,False,0.5714285714285714,True,,,数据缺失
2018-11-05,3.43,3.2,2.91,1.14,0.3451,2.06,2.24,,4.83,,,72.68,115.703,2738.31,2270399.0,100.051,101.486,102.836,False,12.0,True,-0.3768390825996838,0,False,0.5714285714285714,True,,,数据缺失
2018-11-06,3.43,3.22,2.93,1.15,0.3517,2.07,2.22,,4.83,,,70.64,115.5622,2755.45,2270399.0,100.051,101.486,102.836,False,12.0,True,-0.3816158661911979,0,False,0.5714285714285714,True,,,数据缺失
2018-11-07,3.43,3.22,2.96,1.15,0.3569,2.07,2.18,,4.83,,,70.1,115.2519,2813.89,2270436.0,100.051,101.486,102.836,False,12.0,True,-0.3511561439692553,0,False,0.5714285714285714,True,,,数据缺失
2018-11-08,3.43,3.24,2.98,1.17,0.3671,2.07,2.21,,4.94,,,69.29,115.6478,2806.83,2270436.0,100.051,101.486,102.836,False,12.0,True,-0.35004770122889073,0,False,0.5714285714285714,True,,,数据缺失
2018-11-09,3.4,3.19,2.94,1.15,0.3512,2.04,2.2,,4.94,,,69.01,116.4778,2781.01,2270436.0,100.051,101.486,102.836,False,12.0,True,-0.36433329690663696,0,False,0.5714285714285714,True,,,数据缺失
2018-11-12,3.4,3.19,2.94,1.15,0.3512,2.04,2.2,,4.94,,,69.81,116.4778,2726.22,2270436.0,100.051,101.486,102.836,False,12.0,True,-0.35025865565482905,0,False,0.5,False,,,数据缺失
2018-11-13,3.36,3.14,2.89,1.12,0.3214,2.02,2.2,,4.94,,,65.45,116.6694,2722.18,2270436.0,100.051,101.486,102.836,False,12.0,True,-0.3452839968527972,0,False,0.5,False,,,数据缺失
2018-11-14,3.35,3.12,2.86,1.12,0.3031,2.0,2.2,,4.94,,,64.88,116.498,2701.58,2270420.0,100.051,101.486,102.836,False,12.0,True,-0.3516857832048341,0,False,0.5,False,,,数据缺失
2018-11-15,3.36,3.11,2.86,1.11,0.2935,2.0,2.28,,4.94,,,65.61,116.3861,2730.2,2270420.0,100.051,101.486,102.836,False,12.0,True,-0.3555598563802171,0,False,0.5,False,,,数据缺失
2018-11-16,3.33,3.08,2.81,1.06,0.278,2.02,2.26,,4.94,,,65.29,115.9258,2736.27,2270420.0,100.051,101.486,102.836,False,12.0,True,-0.34622452842469503,0,False,0.5,False,,,数据缺失
2018-11-19,3.32,3.06,2.79,1.07,0.2638,1.99,2.24,,4.94,,,64.14,115.9859,2690.73,2270420.0,100.051,101.486,102.836,False,12.0,True,-0.35910891369453996,0,False,0.4444444444444444,False,,,数据缺失
2018-11-20,3.31,3.06,2.79,1.09,0.2612,1.97,2.2,,4.94,,,61.5,116.2367,2641.89,2270420.0,100.051,101.486,102.836,False,12.0,True,-0.3541933277759643,0,False,0.4,False,,,数据缺失
2018-11-21,3.31,3.06,2.81,1.09,0.2632,1.97,2.18,,4.81,,,61.65,116.092,2649.93,2253085.0,100.051,101.486,102.836,False,12.0,True,-0.355707801007456,0,False,0.4444444444444444,False,,,数据缺失
2018-11-22,3.31,3.06,2.81,1.09,0.2632,1.97,2.18,,4.81,,,61.11,116.092,2649.93,2253085.0,100.051,101.486,102.836,False,12.0,True,-0.34834117786996316,0,False,0.4444444444444444,False,,,数据缺失
2018-11-23,3.31,3.05,2.81,1.09,0.2569,1.96,2.23,,4.81,,,57.69,116.4713,2632.56,2253085.0,100.051,101.486,102.836,False,12.0,True,-0.3501373997107959,0,False,0.4444444444444444,False,,,数据缺失
2018-11-26,3.32,3.07,2.84,1.11,0.2619,1.96,2.2,,4.81,,,59.7,116.6208,2673.45,2253085.0,100.051,101.486,102.836,False,12.0,True,-0.35449268459478006,0,False,0.4444444444444444,False,,,数据缺失
2018-11-27,3.32,3.06,2.83,1.15,0.2596,1.91,2.19,,4.81,,,59.58,116.9001,2682.17,2253085.0,100.051,101.486,102.836,False,12.0,True,-0.34909745356116334,0,False,0.4444444444444444,False,,,数据缺失
2018-11-28,3.34,3.06,2.81,1.12,0.2516,1.94,2.19,,4.81,,,57.97,116.8343,2743.79,2253117.0,100.051,101.486,102.836,False,12.0,True,-0.33233270461944747,0,False,0.4444444444444444,False,,,数据缺失
2018-11-29,3.33,3.03,2.81,1.05,0.2469,1.98,2.24,,4.81,,,58.29,116.1961,2737.76,2253117.0,100.051,101.486,102.836,False,12.0,True,-0.3317760267757408,0,False,0.4444444444444444,False,,,数据缺失
2018-11-30,3.3,3.01,2.8,1.04,0.238,1.97,2.28,,4.81,,,57.71,116.413,2760.17,2253117.0,100.051,101.486,102.836,False,12.0,True,-0.3249830107774394,0,False,0.4444444444444444,False,,,数据缺失
2018-12-03,3.27,2.98,2.83,1.02,0.2277,1.96,2.23,,4.81,,,60.17,115.9057,2790.37,2253117.0,100.051,101.486,102.836,False,12.0,True,-0.3041266606812112,0,False,0.4444444444444444,False,,,数据缺失
2018-12-04,3.16,2.91,2.8,0.97,0.1935,1.94,2.27,,4.81,,,61.22,116.0028,2700.06,2253117.0,100.051,101.486,102.836,False,12.0,True,-0.3631759641911734,0,False,0.4,False,,,数据缺失
2018-12-05,3.16,2.91,2.8,0.97,0.1935,1.94,2.27,,4.81,,,61.4,116.0028,2700.06,2240551.0,100.051,101.486,102.836,False,12.0,True,-0.37549666240735324,0,False,0.4,False,,,数据缺失
2018-12-06,3.14,2.87,2.75,0.97,0.1682,1.9,2.34,,4.75,,,57.83,116.3991,2695.95,2240551.0,100.051,101.486,102.836,False,12.0,True,-0.3724515775477888,0,False,0.4,False,,,数据缺失
2018-12-07,3.14,2.85,2.72,0.96,0.1482,1.89,2.3,,4.75,,,61.71,116.0847,2633.08,2240551.0,100.051,101.486,102.836,False,12.0,True,-0.3744357946008241,0,False,0.45454545454545453,False,,,数据缺失
2018-12-10,3.13,2.85,2.72,0.99,0.1409,1.86,2.22,,4.75,,,60.29,116.6746,2637.72,2240551.0,100.051,101.486,102.836,False,11.0,True,-0.3752490277692629,0,False,0.45454545454545453,False,,,数据缺失
2018-12-11,3.13,2.89,2.78,1.06,0.1564,1.83,2.19,,4.75,,,59.73,116.7564,2636.78,2240551.0,100.051,101.486,102.836,False,10.0,True,-0.37291074711132943,0,False,0.45454545454545453,False,,,数据缺失
2018-12-12,3.15,2.91,2.77,1.08,0.1647,1.83,2.2,,4.75,,,59.94,116.2214,2651.07,2240606.0,100.051,101.486,102.836,False,9.0,False,-0.376268895947207,0,False,0.45454545454545453,False,,,数据缺失
2018-12-13,3.16,2.91,2.75,1.08,0.1616,1.83,2.21,,4.63,,,59.03,116.3974,2650.54,2240606.0,100.051,101.486,102.836,False,8.0,False,-0.37687493788239307,0,False,0.45454545454545453,False,,,数据缺失
2018-12-14,3.14,2.89,2.73,1.07,0.154,1.82,2.21,,4.63,,,58.56,116.79,2599.95,2240606.0,100.051,101.486,102.836,False,7.0,False,-0.37680886769279287,0,False,0.4166666666666667,False,,,数据缺失
2018-12-17,3.11,2.86,2.7,1.05,0.1383,1.81,2.31,,4.63,,,57.59,116.4532,2545.94,2240606.0,100.051,101.486,102.836,False,7.0,False,-0.3868073644766111,0,False,0.46153846153846156,False,,,数据缺失
2018-12-18,3.07,2.82,2.65,1.01,0.1231,1.81,2.32,,4.63,,,55.26,116.4127,2546.16,2240606.0,100.051,101.486,102.836,False,7.0,False,-0.3844469793473963,0,False,0.4166666666666667,False,,,数据缺失
2018-12-19,3.0,2.77,2.63,0.97,0.1022,1.8,2.3,,4.63,,,55.6,116.0676,2506.96,2240661.0,100.051,101.486,102.836,False,7.0,False,-0.3978377594597949,0,False,0.46153846153846156,False,,,数据缺失
2018-12-20,3.02,2.79,2.67,1.03,0.1073,1.76,2.41,,4.62,,,52.84,116.0183,2467.42,2240661.0,100.051,101.486,102.836,False,6.0,False,-0.3816325691192408,0,False,0.5,False,,,数据缺失
2018-12-21,3.03,2.79,2.63,1.02,0.106,1.77,2.4,,4.62,,,51.93,116.2227,2416.62,2240661.0,100.051,101.486,102.836,False,5.0,False,-0.3728753418570236,0,False,0.4666666666666667,False,,,数据缺失
2018-12-24,3.0,2.74,2.55,0.99,0.0817,1.75,2.41,,4.62,,,51.93,116.2182,2351.1,2240661.0,100.051,101.486,102.836,False,4.0,False,-0.3991131410833659,0,False,0.5,False,,,数据缺失
2018-12-25,3.0,2.74,2.55,0.99,0.0817,1.75,2.41,,4.62,,,51.93,116.2182,2351.1,2240661.0,100.051,101.486,102.836,False,4.0,False,-0.3990851486648017,0,False,0.5,False,,,数据缺失
2018-12-26,3.06,2.81,2.61,1.04,0.1042,1.77,2.44,,4.62,,,51.93,116.1162,2467.7,2240717.0,100.051,101.486,102.836,False,3.0,False,-0.46429359549112476,0,False,0.5,False,,,数据缺失
2018-12-27,3.05,2.77,2.56,1.03,0.0923,1.74,2.44,,4.55,,,51.49,115.9927,2488.83,2240717.0,100.051,101.486,102.836,False,3.0,False,-0.4445417912425983,0,False,0.5,False,,,数据缺失
2018-12-28,3.04,2.72,2.52,0.99,0.0734,1.73,2.46,,4.55,,,50.57,115.7232,2485.74,2240717.0,100.051,101.486,102.836,False,2.0,False,-0.442832273612593,0,False,0.5,False,,,数据缺失
2018-12-31,3.02,2.69,2.48,0.98,0.0497,1.71,3.0,,4.55,,,50.57,115.5674,2506.85,2240717.0,100.051,101.486,102.836,False,1.0,False,-0.45574016136500023,0,False,0.5,False,,,数据缺失
2019-01-01,3.02,2.69,2.48,0.98,0.0497,1.71,3.0,,4.55,,,50.57,115.5674,2506.85,2240717.0,101.342,102.34,104.382,False,0.0,False,-0.47389492506091974,0,False,0.5,False,,,数据缺失
2019-01-02,2.97,2.66,2.5,0.96,0.0327,1.7,3.15,,4.55,,,54.06,115.7689,2510.03,2222517.0,101.342,102.34,104.382,False,0.0,False,-0.4839960886092528,0,False,0.5,False,,,数据缺失
2019-01-03,2.92,2.56,2.39,0.88,-0.0143,1.68,2.7,,4.51,,,53.23,115.4622,2447.89,2222517.0,101.342,102.34,104.382,False,0.0,False,-0.5106807011484603,0,False,0.5294117647058824,True,,,数据缺失
2019-01-04,2.98,2.67,2.5,0.91,0.0184,1.76,2.45,,4.51,,,55.64,114.9821,2531.94,2222517.0,101.342,102.34,104.382,False,0.0,False,-0.5657722579764558,0,False,0.5294117647058824,True,,,数据缺失
2019-01-07,2.99,2.7,2.53,0.92,0.0371,1.78,2.41,,4.51,,,57.1,114.5628,2549.69,2222517.0,101.342,102.34,104.382,False,0.0,False,-0.6043834023544735,0,False,0.5294117647058824,True,,,数据缺失
2019-01-08,3.0,2.73,2.58,0.91,0.0535,1.82,2.42,,4.51,,,56.91,114.7281,2574.41,2222517.0,101.342,102.34,104.382,False,0.0,False,-0.5946670115999828,0,False,0.5294117647058824,True,,,数据缺失
2019-01-09,3.03,2.74,2.56,0.91,0.0587,1.83,2.45,,4.51,,,59.46,114.1406,2584.96,2222412.0,101.342,102.34,104.382,False,0.0,False,-0.5940139127190011,0,False,0.5294117647058824,True,,,数据缺失
2019-01-10,3.06,2.74,2.56,0.93,0.0618,1.81,2.43,,4.45,,,60.47,114.0496,2596.64,2222412.0,101.342,102.34,104.382,False,0.0,False,-0.5982361113883287,0,False,0.5294117647058824,True,,,数据缺失
2019-01-11,3.04,2.71,2.55,0.88,0.0524,1.83,2.41,,4.45,,,59.24,114.0404,2596.26,2222412.0,101.342,102.34,104.382,False,0.0,False,-0.6021257551126905,0,False,0.5294117647058824,True,,,数据缺失
2019-01-14,3.06,2.71,2.53,0.9,0.0495,1.81,2.4,,4.45,,,58.8,114.0404,2582.61,2222412.0,101.342,102.34,104.382,False,0.0,False,-0.6047922695472837,0,False,0.5294117647058824,True,,,数据缺失
2019-01-15,3.08,2.72,2.53,0.91,0.0508,1.81,2.46,,4.45,,,58.65,114.3402,2610.3,2222412.0,101.342,102.34,104.382,False,0.0,False,-0.6062145593086496,0,False,0.5294117647058824,True,,,数据缺失
2019-01-16,3.07,2.73,2.55,0.91,0.0587,1.82,2.43,,4.45,,,59.81,114.137,2616.1,2220219.0,101.342,102.34,104.382,False,0.0,False,-0.6111953507840566,0,False,0.5294117647058824,True,,,数据缺失
2019-01-17,3.07,2.75,2.56,0.96,0.0738,1.79,2.41,,4.45,,,59.85,114.4115,2635.96,2220219.0,101.342,102.34,104.382,False,0.0,False,-0.6148978534297023,0,False,0.5294117647058824,True,,,数据缺失
2019-01-18,3.09,2.79,2.62,0.96,0.0942,1.83,2.42,,4.45,,,62.04,114.558,2670.71,2220219.0,101.342,102.34,104.382,False,0.0,False,-0.6205278307084444,0,False,0.5294117647058824,True,,,数据缺失
2019-01-21,3.09,2.79,2.62,0.96,0.0942,1.83,2.42,,4.45,,,62.18,114.558,2670.71,2220219.0,101.342,102.34,104.382,False,0.0,False,-0.5973051537253058,0,False,0.5294117647058824,True,,,数据缺失
2019-01-22,3.06,2.74,2.58,0.95,0.0792,1.79,2.41,,4.45,,,60.9,114.7541,2632.9,2220219.0,101.342,102.34,104.382,False,0.0,False,-0.5940575937368241,0,False,0.5,False,,,数据缺失
2019-01-23,3.07,2.76,2.58,0.96,0.0816,1.8,2.4,,4.45,,,61.05,114.5759,2638.7,2220115.0,101.342,102.34,104.382,False,0.0,False,-0.5816848707720405,0,False,0.5,False,,,数据缺失
2019-01-24,3.04,2.72,2.56,0.95,0.0703,1.77,2.41,,4.45,,,61.09,114.617,2642.33,2220115.0,101.342,102.34,104.382,False,0.0,False,-0.5778990911930935,0,False,0.5,False,,,数据缺失
2019-01-25,3.06,2.76,2.6,0.97,0.0817,1.79,2.4,,4.45,,,61.49,114.0197,2664.76,2220115.0,101.342,102.34,104.382,False,0.0,False,-0.5713112444426144,0,False,0.5,False,,,数据缺失
2019-01-28,3.06,2.75,2.6,0.97,0.0793,1.78,2.39,,4.45,,,59.71,114.0522,2643.85,2220115.0,101.342,102.34,104.382,False,0.0,False,-0.5655958207941936,0,False,0.5,False,,,数据缺失
2019-01-29,3.04,2.72,2.56,0.94,0.0641,1.78,2.4,,4.45,,,60.98,114.026,2640.0,2220115.0,101.342,102.34,104.382,False,0.0,False,-0.5684044409838716,0,False,0.5,False,,,数据缺失
2019-01-30,3.06,2.7,2.52,0.86,0.048,1.84,2.39,,4.45,,,61.89,114.0731,2681.05,2220012.0,101.342,102.34,104.382,False,0.0,False,-0.6042992931878614,0,False,0.5,False,,,数据缺失
2019-01-31,2.99,2.63,2.45,0.78,0.0182,1.85,2.58,,4.46,,,62.46,113.5504,2704.1,2220012.0,101.342,102.34,104.382,False,0.0,False,-0.5723668947731491,0,False,0.5,False,,,数据缺失
2019-02-01,3.03,2.7,2.52,0.82,0.0421,1.88,2.47,,4.46,,,61.86,113.7548,2706.53,2220012.0,101.342,102.34,104.382,False,0.0,False,-0.5499883664195269,0,False,0.5,False,,,数据缺失
2019-02-04,3.06,2.73,2.53,0.86,0.059,1.87,2.4,,4.46,,,62.26,113.8766,2724.87,2220012.0,101.342,102.34,104.382,False,0.0,False,-0.5576055530666693,0,False,0.5,False,,,数据缺失
2019-02-05,3.03,2.71,2.53,0.84,0.0549,1.87,2.4,,4.46,,,61.67,114.0431,2737.7,2220012.0,101.342,102.34,104.382,False,0.0,False,-0.5594050324272724,0,False,0.5,False,,,数据缺失
2019-02-06,3.03,2.7,2.52,0.84,0.0496,1.86,2.38,,4.46,,,62.22,114.2305,2731.61,2205713.0,101.342,102.34,104.382,False,0.0,False,-0.5552921551912579,0,False,0.5,False,,,数据缺失
2019-02-07,3.0,2.65,2.48,0.81,0.0302,1.84,2.38,,4.41,,,61.01,114.4339,2706.05,2205713.0,101.342,102.34,104.382,False,0.0,False,-0.5743734983239316,0,False,0.5,False,,,数据缺失
2019-02-08,2.97,2.63,2.45,0.81,0.0182,1.82,2.37,,4.41,,,61.37,114.5003,2707.88,2205713.0,101.342,102.34,104.382,False,0.0,False,-0.578025831169585,0,False,0.5,False,,,数据缺失
2019-02-11,3.0,2.65,2.48,0.83,0.0231,1.82,2.4,,4.41,,,61.3,115.031,2709.8,2205713.0,101.342,102.34,104.382,False,0.0,False,-0.5746248093706876,0,False,0.5,False,,,数据缺失
2019-02-12,3.02,2.68,2.5,0.85,0.0351,1.83,2.39,,4.41,,,62.58,114.7297,2744.73,2205713.0,101.342,102.34,104.382,False,0.0,False,-0.5848796669179214,0,False,0.5,False,,,数据缺失
2019-02-13,3.04,2.71,2.53,0.85,0.0497,1.86,2.38,,4.41,,,63.27,114.9407,2753.03,2205604.0,101.342,102.34,104.382,False,0.0,False,-0.5869536349414044,0,False,0.5,False,,,数据缺失
2019-02-14,3.01,2.66,2.5,0.81,0.0336,1.85,2.39,,4.37,,,64.0,115.1007,2745.73,2205604.0,101.342,102.34,104.382,False,0.0,False,-0.5842840114233442,0,False,0.5,False,,,数据缺失
2019-02-15,3.0,2.66,2.52,0.8,0.0337,1.86,2.43,,4.37,,,65.65,114.9923,2775.6,2205604.0,101.342,102.34,104.382,False,0.0,False,-0.5968867670732694,0,False,0.5,False,,,数据缺失
2019-02-18,3.0,2.66,2.52,0.8,0.0337,1.86,2.43,,4.37,,,66.41,114.9923,2775.6,2205604.0,101.342,102.34,104.382,False,0.0,False,-0.5963555987013344,0,False,0.5,False,,,数据缺失
2019-02-19,2.99,2.65,2.5,0.78,0.0243,1.87,2.4,,4.37,,,65.86,114.57,2779.76,2205604.0,101.342,102.34,104.382,False,0.0,False,-0.5965665566822387,0,False,0.5,False,,,数据缺失
2019-02-20,3.0,2.65,2.5,0.76,0.0211,1.89,2.39,,4.37,,,66.82,114.57,2784.7,2182201.0,101.342,102.34,104.382,False,0.0,False,-0.5972410507800375,0,False,0.5,False,,,数据缺失
2019-02-21,3.05,2.69,2.53,0.78,0.0351,1.91,2.39,,4.35,,,66.91,114.5091,2774.88,2182201.0,101.342,102.34,104.382,False,0.0,False,-0.5778571323303512,0,False,0.5,False,,,数据缺失
2019-02-22,3.02,2.65,2.48,0.74,0.0245,1.91,2.4,,4.35,,,66.91,114.2716,2792.67,2182201.0,101.342,102.34,104.382,False,0.0,False,-0.5672608775061522,0,False,0.5,False,,,数据缺失
2019-02-25,3.03,2.67,2.51,0.75,0.0268,1.92,2.38,,4.35,,,64.02,114.1457,2796.11,2182201.0,101.342,102.34,104.382,False,0.0,False,-0.5743728707523528,0,False,0.5,False,,,数据缺失
2019-02-26,3.01,2.64,2.48,0.72,0.0158,1.92,2.38,,4.35,,,64.51,114.0687,2793.9,2182201.0,101.342,102.34,104.382,False,0.0,False,-0.5733912171441189,0,False,0.5,False,,,数据缺失
2019-02-27,3.07,2.69,2.5,0.76,0.0319,1.93,2.37,,4.35,,,65.55,114.0363,2792.38,2182092.0,101.342,102.34,104.382,False,0.0,False,-0.5676570691731755,0,False,0.5,False,,,数据缺失
2019-02-28,3.09,2.73,2.52,0.78,0.052,1.95,2.58,,4.35,,,65.03,114.1991,2784.49,2182092.0,101.342,102.34,104.382,False,0.0,False,-0.5710534710354866,0,False,0.5,False,,,数据缺失
2019-03-01,3.13,2.76,2.55,0.8,0.0728,1.96,2.38,,4.35,,,63.71,114.537,2803.69,2182092.0,101.342,102.34,104.382,False,0.0,False,-0.5436745062246421,0,False,0.5,False,,,数据缺失
2019-03-04,3.09,2.72,2.55,0.78,0.0619,1.94,2.38,,4.35,,,64.44,114.6925,2792.81,2182092.0,101.342,102.34,104.382,False,0.0,False,-0.5447656764805417,0,False,0.5,False,,,数据缺失
2019-03-05,3.08,2.72,2.55,0.79,0.0574,1.93,2.38,,4.35,,,64.24,114.804,2789.65,2182092.0,101.342,102.34,104.382,False,0.0,False,-0.5461895154925819,0,False,0.5,False,,,数据缺失
2019-03-06,3.06,2.69,2.52,0.78,0.0415,1.91,2.38,,4.35,,,64.51,114.9714,2771.45,2175420.0,101.342,102.34,104.382,False,0.0,False,-0.5529219563514504,0,False,0.5,False,,,数据缺失
2019-03-07,3.03,2.64,2.47,0.74,0.0184,1.9,2.38,,4.41,,,64.82,115.4919,2748.93,2175420.0,101.342,102.34,104.382,False,0.0,False,-0.5585167665615598,0,False,0.5,False,,,数据缺失
2019-03-08,3.0,2.62,2.45,0.72,0.0042,1.9,2.39,,4.41,,,65.66,115.3599,2743.07,2175420.0,101.342,102.34,104.382,False,0.0,False,-0.5669672584177583,0,False,0.5,False,,,数据缺失
2019-03-11,3.03,2.64,2.47,0.73,0.0063,1.91,2.38,,4.41,,,65.06,115.2967,2783.3,2175420.0,101.342,102.34,104.382,False,0.0,False,-0.5695668975414213,0,False,0.5,False,,,数据缺失
2019-03-12,3.0,2.61,2.45,0.71,-0.0064,1.9,2.39,,4.41,,,65.33,114.939,2791.52,2175420.0,101.342,102.34,104.382,False,0.0,False,-0.5656851780559616,0,False,0.5,False,,,数据缺失
2019-03-13,3.02,2.61,2.45,0.69,-0.0073,1.92,2.4,,4.41,,,65.89,114.7372,2810.92,2175479.0,101.342,102.34,104.382,False,0.0,False,-0.5682030752824572,0,False,0.5,False,,,数据缺失
2019-03-14,3.04,2.63,2.46,0.69,0.0006,1.94,2.42,,4.31,,,66.18,114.79,2808.48,2175479.0,101.342,102.34,104.382,False,0.0,False,-0.561592909973554,0,False,0.5,False,,,数据缺失
2019-03-15,3.02,2.59,2.43,0.65,-0.0109,1.94,2.46,,4.31,,,66.11,114.5815,2822.48,2175479.0,101.342,102.34,104.382,False,0.0,False,-0.5545852898034994,0,False,0.5,False,,,数据缺失
2019-03-18,3.01,2.6,2.45,0.64,-0.0072,1.96,2.41,,4.31,,,66.65,114.4375,2832.94,2175479.0,101.342,102.34,104.382,False,0.0,False,-0.5411953388325943,0,False,0.5,False,,,数据缺失
2019-03-19,3.02,2.61,2.46,0.66,-0.0046,1.95,2.42,,4.31,,,67.13,114.2324,2832.57,2175479.0,101.342,102.34,104.382,False,0.0,False,-0.5686999981570693,0,False,0.5,False,,,数据缺失
2019-03-20,2.98,2.54,2.4,0.58,-0.0326,1.96,2.47,,4.31,,,68.35,114.1509,2824.23,2175537.0,101.342,102.34,104.382,False,0.0,False,-0.59130505911133,0,False,0.5,False,,,数据缺失
2019-03-21,2.96,2.54,2.41,0.58,-0.0408,1.96,2.44,,4.28,,,68.3,114.1684,2854.88,2175537.0,101.342,102.34,104.382,False,0.0,False,-0.5788935627493264,0,False,0.5,False,,,数据缺失
2019-03-22,2.88,2.44,2.31,0.54,-0.0806,1.9,2.4,,4.28,,,66.29,114.6856,2800.71,2175537.0,101.342,102.34,104.382,False,0.0,False,-0.614489665182051,0,False,0.47368421052631576,False,,,数据缺失
2019-03-25,2.87,2.43,2.26,0.55,-0.101,1.88,2.4,,4.28,,,67.37,114.4171,2798.36,2175537.0,101.342,102.34,104.382,False,0.0,False,-0.5990867118893337,0,False,0.47368421052631576,False,,,数据缺失
2019-03-26,2.86,2.41,2.24,0.55,-0.1151,1.86,2.4,,4.28,,,67.51,114.6414,2818.46,2175537.0,101.342,102.34,104.382,False,0.0,False,-0.6109942962769126,0,False,0.47368421052631576,False,,,数据缺失
2019-03-27,2.83,2.39,2.22,0.55,-0.1227,1.84,2.4,,4.28,,,67.35,115.1243,2805.37,2175596.0,101.342,102.34,104.382,False,0.0,False,-0.6123830489931585,0,False,0.47368421052631576,False,,,数据缺失
2019-03-28,2.81,2.39,2.23,0.56,-0.1167,1.83,2.43,,4.06,,,66.08,115.2581,2815.44,2175596.0,101.342,102.34,104.382,False,0.0,False,-0.6261505673974205,0,False,0.47368421052631576,False,,,数据缺失
2019-03-29,2.81,2.41,2.27,0.53,-0.105,1.88,2.65,,4.06,,,67.93,115.1371,2834.4,2175596.0,101.342,102.34,104.382,False,0.0,False,-0.6291552271097842,0,False,0.47368421052631576,False,,0.7966339436356321,
2019-04-01,2.89,2.49,2.33,0.59,-0.0705,1.9,2.46,,4.06,,,69.08,114.9362,2867.19,2175596.0,100.152,102.971,103.755,False,0.0,False,-0.6392751634001065,0,False,0.47368421052631576,False,,0.0628703260767961,
2019-04-02,2.88,2.48,2.3,0.58,-0.0685,1.9,2.46,,4.06,,,69.68,115.1173,2867.24,2175596.0,100.152,102.971,103.755,False,0.0,False,-0.5889247705069381,0,False,0.47368421052631576,False,,-0.1951648454934538,
2019-04-03,2.93,2.52,2.33,0.61,-0.0526,1.91,2.47,,4.06,,,69.21,114.7211,2873.4,2153308.0,100.152,102.971,103.755,False,0.0,False,-0.48661155790787003,0,False,0.47368421052631576,False,,2.119287040855361,红
2019-04-04,2.92,2.51,2.33,0.61,-0.0513,1.9,2.46,,4.08,,,69.8,114.9697,2879.39,2153308.0,100.152,102.971,103.755,False,0.0,False,-0.4805346183055177,0,False,0.4444444444444444,False,,1.883164048459585,黄
2019-04-05,2.91,2.5,2.35,0.6,-0.0535,1.9,2.46,,4.08,,,69.93,114.9726,2892.74,2153308.0,100.152,102.971,103.755,False,0.0,False,-0.46880187072595203,0,False,0.4117647058823529,False,,1.3409276132361472,黄
2019-04-08,2.93,2.52,2.36,0.61,-0.0475,1.91,2.46,,4.08,,,71.12,114.6893,2895.77,2153308.0,100.152,102.971,103.755,False,0.0,False,-0.46440577899980573,0,False,0.4117647058823529,False,,0.3116566390807699,
2019-04-09,2.92,2.51,2.35,0.6,-0.0523,1.91,2.45,,4.08,,,71.02,114.5321,2878.2,2153308.0,100.152,102.971,103.755,False,0.0,False,-0.4626066909901934,0,False,0.4117647058823529,False,,0.3108323222825611,
2019-04-10,2.9,2.48,2.31,0.54,-0.066,1.94,2.45,,4.08,,,71.63,114.4269,2888.21,2153443.0,100.152,102.971,103.755,False,0.0,False,-0.45578060256290853,0,False,0.4117647058823529,False,,-0.2041454127142346,
2019-04-11,2.94,2.51,2.35,0.57,-0.0564,1.94,2.44,,4.12,,,71.3,114.6303,2888.32,2153443.0,100.152,102.971,103.755,False,0.0,False,-0.453841623339974,0,False,0.4117647058823529,False,,0.3187824758564084,
2019-04-12,2.97,2.56,2.4,0.61,-0.0306,1.95,2.44,,4.12,,,71.57,114.3531,2907.41,2153443.0,100.152,102.971,103.755,False,0.0,False,-0.4607651713699642,0,False,0.4375,False,,0.8245907588091836,
2019-04-15,2.96,2.55,2.4,0.61,-0.0276,1.94,2.47,,4.12,,,70.9,114.495,2905.58,2153443.0,100.152,102.971,103.755,False,0.0,False,-0.4613863508913216,0,False,0.4375,False,,0.433642741224054,
2019-04-16,2.99,2.6,2.41,0.64,-0.011,1.96,2.47,,4.12,,,70.74,114.6756,2907.06,2153443.0,100.152,102.971,103.755,False,0.0,False,-0.4439857952652547,0,False,0.4375,False,,0.6095966906993242,
2019-04-17,2.99,2.59,2.4,0.65,-0.0073,1.94,2.5,,4.12,,,71.14,114.5141,2900.45,2153409.0,100.152,102.971,103.755,False,0.0,False,-0.4255750046751237,0,False,0.4375,False,,0.7246331188742476,
2019-04-18,2.96,2.57,2.38,0.62,-0.0164,1.95,2.5,,4.17,,,70.71,114.7073,2905.03,2153409.0,100.152,102.971,103.755,False,0.0,False,-0.4250226773026266,0,False,0.4666666666666667,False,,-0.2061976748665769,
2019-04-19,2.96,2.57,2.38,0.62,-0.0164,1.95,2.5,,4.17,,,70.71,114.6977,2905.03,2153409.0,100.152,102.971,103.755,False,0.0,False,-0.396663878713043,0,False,0.4666666666666667,False,,-0.2057518633674275,
2019-04-22,2.99,2.59,2.38,0.64,-0.0106,1.95,2.46,,4.17,,,70.71,114.7694,2907.97,2153409.0,100.152,102.971,103.755,False,0.0,False,-0.3945599100669243,0,False,0.42857142857142855,False,,-0.2053089327657744,
2019-04-23,2.98,2.57,2.36,0.62,-0.018,1.95,2.46,,4.17,,,74.39,115.1578,2933.68,2153409.0,100.152,102.971,103.755,False,0.0,False,-0.38237971253490893,0,False,0.42857142857142855,False,,0.3795813888417289,
2019-04-24,2.94,2.53,2.32,0.57,-0.0385,1.96,2.44,,4.17,,,73.59,115.4187,2927.25,2153544.0,100.152,102.971,103.755,False,0.0,False,-0.37418992799534356,0,False,0.42857142857142855,False,,0.5779800871159838,
2019-04-25,2.94,2.54,2.33,0.56,-0.0381,1.98,2.45,,4.2,,,74.94,115.7709,2926.17,2153544.0,100.152,102.971,103.755,False,0.0,False,-0.3741689428258425,0,False,0.42857142857142855,False,,0.4372846932960137,
2019-04-26,2.92,2.51,2.28,0.54,-0.0511,1.97,2.46,,4.2,,,71.03,115.4767,2939.88,2153544.0,100.152,102.971,103.755,False,0.0,False,-0.3611148155172079,0,False,0.42857142857142855,False,,0.475571705231224,
2019-04-29,2.96,2.54,2.3,0.58,-0.0433,1.96,2.48,,4.2,,,71.22,115.5227,2943.03,2153544.0,100.152,102.971,103.755,False,0.0,False,-0.39502748305211466,0,False,0.42857142857142855,False,,0.552965047897593,
2019-04-30,2.93,2.51,2.27,0.56,-0.0546,1.95,2.76,,4.2,,,72.19,115.3281,2945.83,2153544.0,100.152,102.971,103.755,False,0.0,False,-0.4545193678159878,0,False,0.42857142857142855,False,,1.4898109351607316,黄
2019-05-01,2.92,2.52,2.31,0.59,-0.0475,1.93,2.54,,4.2,,,72.01,115.0022,2923.73,2123954.0,100.152,102.971,103.755,False,0.0,False,-0.45565463966904934,0,False,0.42857142857142855,False,,0.6430590258527301,
2019-05-02,2.94,2.55,2.35,0.66,-0.0351,1.89,2.5,,4.14,,,70.56,115.5617,2917.52,2123954.0,100.152,102.971,103.755,False,0.0,False,-0.4320216703807416,0,False,0.42857142857142855,False,,0.6777526897948971,
2019-05-03,2.93,2.54,2.33,0.63,-0.0372,1.91,2.43,,4.14,,,71.95,115.2646,2945.64,2123954.0,100.152,102.971,103.755,False,0.0,False,-0.426397859854799,0,False,0.42857142857142855,False,,0.4095694427156651,
2019-05-06,2.91,2.51,2.31,0.6,-0.0505,1.91,2.42,,4.14,,,71.95,115.3811,2932.47,2123954.0,100.152,102.971,103.755,False,0.0,False,-0.4332148028716106,0,False,0.42857142857142855,False,,0.3705303245352833,
2019-05-07,2.86,2.45,2.28,0.58,-0.0733,1.87,2.44,,4.14,,,70.98,115.6116,2884.05,2123954.0,100.152,102.971,103.755,False,0.0,False,-0.4521273845861907,0,False,0.42857142857142855,False,,0.4968293581389993,
2019-05-08,2.89,2.49,2.3,0.62,-0.0654,1.87,2.43,,4.14,,,71.09,115.5171,2879.42,2124129.0,100.152,102.971,103.755,False,0.0,False,-0.43678930762611223,0,False,0.42857142857142855,False,,1.160380602220304,黄
2019-05-09,2.87,2.45,2.26,0.6,-0.0786,1.85,2.41,,4.1,,,70.61,115.8421,2870.72,2124129.0,100.152,102.971,103.755,False,0.0,False,-0.44488505905006903,0,False,0.42857142857142855,False,,0.4318787748760734,
2019-05-10,2.89,2.47,2.26,0.59,-0.0747,1.88,2.4,,4.1,,,71.63,115.5334,2881.4,2124129.0,100.152,102.971,103.755,False,0.0,False,-0.4331110041151763,0,False,0.42857142857142855,False,,0.3926904800027351,
2019-05-13,2.83,2.4,2.18,0.55,-0.1033,1.85,2.38,,4.1,,,72.35,115.915,2811.87,2124129.0,100.152,102.971,103.755,False,0.0,False,-0.4843105489539282,0,False,0.4,False,,0.3152514499569712,
2019-05-14,2.86,2.42,2.2,0.56,-0.0998,1.86,2.39,,4.1,,,72.53,115.9425,2834.41,2124129.0,100.152,102.971,103.755,False,0.0,False,-0.4883369956698852,0,False,0.42857142857142855,False,,0.0231782830459918,
2019-05-15,2.82,2.37,2.16,0.54,-0.1189,1.83,2.48,,4.1,,,73.09,115.8565,2850.96,2114444.0,100.152,102.971,103.755,False,0.0,False,-0.4674705158191681,0,False,0.46153846153846156,False,,0.3678409956663076,
2019-05-16,2.84,2.4,2.2,0.56,-0.1123,1.84,2.43,,4.07,,,74.7,116.0346,2876.32,2114444.0,100.152,102.971,103.755,False,0.0,False,-0.47827125657422265,0,False,0.46153846153846156,False,,0.175276987427747,
2019-05-17,2.82,2.39,2.2,0.58,-0.1128,1.81,2.42,,4.07,,,73.94,116.448,2859.53,2114444.0,100.152,102.971,103.755,False,0.0,False,-0.4778924442140798,0,False,0.46153846153846156,False,,0.1366236686201346,
2019-05-20,2.83,2.41,2.21,0.6,-0.1013,1.81,2.39,,4.07,,,73.21,116.3119,2840.23,2114444.0,100.152,102.971,103.755,False,0.0,False,-0.45971299019812983,0,False,0.46153846153846156,False,,0.0212440985846782,
2019-05-21,2.84,2.43,2.26,0.6,-0.0886,1.83,2.38,,4.07,,,72.94,116.2844,2864.36,2114444.0,100.152,102.971,103.755,False,0.0,False,-0.48545676896122675,0,False,0.46153846153846156,False,,0.1979888742042755,
2019-05-22,2.82,2.39,2.23,0.6,-0.1011,1.79,2.37,,4.07,,,71.94,116.2412,2856.27,2114569.0,100.152,102.971,103.755,False,0.0,False,-0.5105520130010126,0,False,0.46153846153846156,False,,0.158958754504241,
2019-05-23,2.75,2.31,2.12,0.58,-0.1376,1.73,2.37,,4.06,,,68.37,116.2368,2822.24,2114569.0,100.152,102.971,103.755,False,0.0,False,-0.5398439806437205,0,False,0.5,False,,-0.1982387729639272,
2019-05-24,2.75,2.32,2.16,0.56,-0.1384,1.76,2.37,,4.06,,,67.98,116.0806,2826.06,2114569.0,100.152,102.971,103.755,False,0.0,False,-0.5406973645813441,0,False,0.5,False,,-0.1978507481519399,
2019-05-27,2.75,2.32,2.16,0.56,-0.1384,1.76,2.37,,4.06,,,67.98,116.0806,2826.06,2114569.0,100.152,102.971,103.755,False,0.0,False,-0.5545332052975095,0,False,0.5,False,,-0.1974649941518628,
2019-05-28,2.7,2.26,2.12,0.53,-0.1628,1.73,2.41,,4.06,,,70.19,116.3174,2802.39,2114569.0,100.152,102.971,103.755,False,0.0,False,-0.585592371054788,0,False,0.5,False,,0.2855375760205385,
2019-05-29,2.69,2.25,2.09,0.5,-0.1745,1.75,2.4,,4.06,,,70.64,116.5535,2783.02,2114744.0,100.152,102.971,103.755,False,0.0,False,-0.5749160780540059,0,False,0.5384615384615384,True,,1.3121632454719132,黄
2019-05-30,2.65,2.22,2.06,0.48,-0.1915,1.74,2.4,,3.99,,,69.55,116.3989,2788.86,2114744.0,100.152,102.971,103.755,False,0.0,False,-0.5666268806919915,0,False,0.5384615384615384,True,,1.3035322941888017,黄
2019-05-31,2.58,2.14,1.95,0.4,-0.2298,1.74,2.49,,3.99,,,66.78,116.7273,2752.06,2114744.0,100.152,102.971,103.755,False,0.0,False,-0.5929095403563353,0,False,0.5,False,,1.644235510723573,黄
2019-06-03,2.53,2.07,1.82,0.34,-0.2718,1.73,2.4,,3.99,,,63.16,116.4764,2744.45,2114744.0,100.152,102.971,103.755,False,0.0,False,-0.5856246076003204,0,False,0.46153846153846156,False,,1.285228386827909,黄
2019-06-04,2.6,2.12,1.88,0.38,-0.2538,1.74,2.39,,3.99,,,63.56,116.091,2803.27,2114744.0,100.152,102.971,103.755,False,0.0,False,-0.600655946737781,0,False,0.46153846153846156,False,,1.2759912740678423,黄
2019-06-05,2.63,2.12,1.83,0.37,-0.2525,1.75,2.4,,3.99,,,62.14,116.03,2826.15,2109785.0,100.152,102.971,103.755,False,0.0,False,-0.5983853493395391,0,False,0.46153846153846156,False,,1.3066484840051296,黄
2019-06-06,2.62,2.12,1.88,0.39,-0.241,1.73,2.4,,3.82,,,62.77,115.9771,2843.49,2109785.0,100.152,102.971,103.755,False,0.0,False,-0.594559023750813,0,False,0.46153846153846156,False,,1.298394784972893,黄
2019-06-07,2.57,2.09,1.85,0.35,-0.2477,1.74,2.39,,3.82,,,64.1,115.7368,2873.34,2109785.0,100.152,102.971,103.755,False,0.0,False,-0.577017939455565,0,False,0.46153846153846156,False,,1.251203474877883,黄
2019-06-10,2.62,2.15,1.9,0.42,-0.2238,1.73,2.39,,3.82,,,64.31,115.5001,2886.73,2109785.0,100.152,102.971,103.755,False,0.0,False,-0.5769204404088444,0,False,0.5,False,,1.2480421643788249,黄
2019-06-11,2.62,2.15,1.93,0.43,-0.2141,1.72,2.38,,3.82,,,63.56,115.3794,2885.72,2109785.0,100.152,102.971,103.755,False,0.0,False,-0.5811000097462691,0,False,0.45454545454545453,False,,0.3443741965273075,
2019-06-12,2.62,2.13,1.88,0.42,-0.2237,1.71,2.37,,3.82,,,61.66,115.438,2879.84,2109957.0,100.152,102.971,103.755,False,0.0,False,-0.5958099626404183,0,False,0.45454545454545453,False,,0.4748344080198685,
2019-06-13,2.61,2.1,1.83,0.42,-0.2359,1.68,2.35,,3.82,,,63.28,115.6275,2891.64,2109957.0,100.152,102.971,103.755,False,0.0,False,-0.586657767785446,0,False,0.4,False,,0.551044898365712,
2019-06-14,2.59,2.09,1.84,0.46,-0.2359,1.63,2.35,,3.82,,,63.13,115.9057,2886.98,2109957.0,100.152,102.971,103.755,False,0.0,False,-0.5881917962627056,0,False,0.3333333333333333,False,,0.5455193568140931,
2019-06-17,2.58,2.09,1.86,0.48,-0.2378,1.61,2.41,,3.82,,,62.56,115.9684,2889.67,2109957.0,100.152,102.971,103.755,False,0.0,False,-0.590929635354434,0,False,0.375,False,,0.7769991868716009,
2019-06-18,2.55,2.06,1.86,0.42,-0.2491,1.64,2.39,,3.82,,,63.35,115.8797,2917.75,2109957.0,100.152,102.971,103.755,False,0.0,False,-0.5740596801381816,0,False,0.2857142857142857,False,,0.5509059217196907,
2019-06-19,2.54,2.03,1.74,0.36,-0.2678,1.67,2.36,,3.82,,,62.85,115.7889,2926.46,2110084.0,100.152,102.971,103.755,False,0.0,False,-0.5166938003909869,0,False,0.2857142857142857,False,,0.4291438873702116,
2019-06-20,2.53,2.01,1.72,0.27,-0.2728,1.74,2.36,,3.84,,,65.44,114.8046,2954.18,2110084.0,100.152,102.971,103.755,False,0.0,False,-0.5022893346133817,0,False,0.2857142857142857,False,,0.4263992566324466,
2019-06-21,2.59,2.07,1.77,0.34,-0.2448,1.73,2.37,,3.84,,,65.99,114.8377,2950.46,2110084.0,100.152,102.971,103.755,False,0.0,False,-0.48827390016264455,0,False,0.2857142857142857,False,,2.2449582527482765,红
2019-06-24,2.55,2.02,1.72,0.31,-0.2584,1.71,2.39,,3.84,,,65.16,114.6559,2945.35,2110084.0,100.152,102.971,103.755,False,0.0,False,-0.4866874882709937,0,False,0.2857142857142857,False,,2.251659326454787,红
2019-06-25,2.53,2.0,1.71,0.33,-0.2686,1.67,2.41,,3.84,,,66.24,114.6363,2917.38,2110084.0,100.152,102.971,103.755,False,0.0,False,-0.4867803540387247,0,False,0.2857142857142857,False,,-0.1458481722309242,
2019-06-26,2.57,2.05,1.77,0.35,-0.2492,1.7,2.43,,3.84,,,66.85,114.5608,2913.78,2110256.0,100.152,102.971,103.755,False,0.0,False,-0.4660175223585332,0,False,0.2857142857142857,False,,0.1713805051276175,
2019-06-27,2.52,2.01,1.74,0.33,-0.2617,1.68,2.42,,3.73,,,66.78,114.665,2924.92,2110256.0,100.152,102.971,103.755,False,0.0,False,-0.4233618531019802,0,False,0.2857142857142857,False,,0.3839645204070357,
2019-06-28,2.52,2.0,1.75,0.31,-0.268,1.69,2.5,,3.73,,,67.52,114.5821,2941.76,2110256.0,100.152,102.971,103.755,False,0.0,False,-0.4205222445218083,0,False,0.16666666666666666,False,,0.7008252443110107,
2019-07-01,2.55,2.03,1.78,0.34,-0.2605,1.69,2.42,,3.73,,,65.1,114.7239,2964.33,2110256.0,98.947,104.129,102.651,False,0.0,False,-0.43210458075573,0,False,0.16666666666666666,False,,0.3807908697324388,
2019-07-02,2.51,1.98,1.77,0.33,-0.279,1.65,2.51,,3.73,,,62.72,114.8258,2973.01,2110256.0,98.947,104.129,102.651,False,0.0,False,-0.42061032308094365,0,False,0.16666666666666666,False,,0.7338480854665018,
2019-07-03,2.47,1.96,1.77,0.31,-0.293,1.65,2.56,,3.75,,,63.53,114.8135,2995.82,2095393.0,98.947,104.129,102.651,False,0.0,False,-0.41318695471118705,0,False,0.16666666666666666,False,,0.9254474058462692,
2019-07-04,2.47,1.96,1.77,0.31,-0.293,1.65,2.56,,3.75,,,63.62,114.8135,2995.82,2095393.0,98.947,104.129,102.651,False,0.0,False,-0.4140265489541261,0,False,0.16666666666666666,False,,0.918094862878348,
2019-07-05,2.54,2.04,1.87,0.35,-0.261,1.69,2.59,,3.75,,,64.23,115.1132,2990.41,2095393.0,98.947,104.129,102.651,False,0.0,False,-0.3828759358175315,0,False,0.16666666666666666,False,,1.025616331706425,黄
2019-07-08,2.53,2.05,1.88,0.35,-0.2542,1.7,2.48,,3.75,,,64.89,115.0254,2975.95,2095393.0,98.947,104.129,102.651,False,0.0,False,-0.3805578864594315,0,False,0.16666666666666666,False,,0.5948023319540586,
2019-07-09,2.54,2.07,1.92,0.36,-0.245,1.71,2.45,,3.75,,,64.3,115.1017,2979.63,2095393.0,98.947,104.129,102.651,False,0.0,False,-0.3842848037392915,0,False,0.16666666666666666,False,,0.5016872352046094,
2019-07-10,2.57,2.07,1.82,0.33,-0.25,1.74,2.46,,3.75,,,66.41,115.0879,2993.07,2095448.0,98.947,104.129,102.651,False,0.0,False,-0.37313583219627056,0,False,0.16666666666666666,False,,0.7945232700649253,
2019-07-11,2.65,2.13,1.85,0.36,-0.2223,1.77,2.41,,3.75,,,67.64,114.8361,2999.91,2095448.0,98.947,104.129,102.651,False,0.0,False,-0.3699726310089875,0,False,0.16666666666666666,False,,0.9859478751878958,
2019-07-12,2.64,2.12,1.84,0.35,-0.2167,1.77,2.36,,3.75,,,66.65,114.7685,3013.77,2095448.0,98.947,104.129,102.651,False,0.0,False,-0.375882082577632,0,False,0.16666666666666666,False,,1.2825616785314864,黄
2019-07-15,2.61,2.09,1.83,0.32,-0.2203,1.77,2.46,,3.75,,,66.86,114.6819,3014.3,2095448.0,98.947,104.129,102.651,False,0.0,False,-0.3754373467429698,0,False,0.16666666666666666,False,,1.171172744165045,黄
2019-07-16,2.63,2.13,1.87,0.33,-0.2059,1.8,2.47,,3.75,,,65.87,115.0111,3004.04,2095448.0,98.947,104.129,102.651,False,0.0,False,-0.35891212132980893,0,False,0.16666666666666666,False,,1.2252872379073974,黄
2019-07-17,2.57,2.06,1.83,0.31,-0.2246,1.75,2.47,,3.75,,,63.67,114.8819,2984.42,2093984.0,98.947,104.129,102.651,False,0.0,False,-0.3745990821516857,0,False,0.2,False,,1.219454503125462,黄
2019-07-18,2.56,2.04,1.77,0.25,-0.2418,1.79,2.46,,3.81,,,60.7,114.8744,2995.11,2093984.0,98.947,104.129,102.651,False,0.0,False,-0.3724562528671597,0,False,0.2,False,,0.3360683176653479,
2019-07-19,2.57,2.05,1.8,0.25,-0.2372,1.8,2.41,,3.81,,,61.04,114.8695,2976.61,2093984.0,98.947,104.129,102.651,False,0.0,False,-0.3722364804912043,0,False,0.2,False,,0.1408626497667007,
2019-07-22,2.58,2.05,1.8,0.26,-0.2363,1.79,2.4,,3.81,,,61.96,115.0018,2985.03,2093984.0,98.947,104.129,102.651,False,0.0,False,-0.3707264660707973,0,False,0.2,False,,0.101683606141802,
2019-07-23,2.61,2.08,1.83,0.27,-0.2277,1.81,2.4,,3.81,,,62.28,115.2995,3005.47,2093984.0,98.947,104.129,102.651,False,0.0,False,-0.3812041438794668,0,False,0.2,False,,0.2248193199529881,
2019-07-24,2.58,2.05,1.83,0.26,-0.235,1.79,2.41,,3.81,,,63.83,115.2436,3019.56,2094051.0,98.947,104.129,102.651,False,0.0,False,-0.3811989599855156,0,False,0.2,False,,0.8253188595838424,
2019-07-25,2.6,2.08,1.86,0.28,-0.227,1.8,2.42,,3.75,,,63.47,115.2982,3003.67,2094051.0,98.947,104.129,102.651,False,0.0,False,-0.3653982917597255,0,False,0.2,False,,0.8058397614520261,
2019-07-26,2.59,2.08,1.86,0.3,-0.2268,1.78,2.41,,3.75,,,62.46,115.5449,3025.86,2094051.0,98.947,104.129,102.651,False,0.0,False,-0.3673914630703565,0,False,0.2,False,,0.7643760837341276,
2019-07-29,2.59,2.06,1.85,0.29,-0.2357,1.77,2.4,,3.75,,,62.29,115.5885,3020.97,2094051.0,98.947,104.129,102.651,False,0.0,False,-0.3807089620413987,0,False,0.2,False,,0.7229707125728827,
2019-07-30,2.58,2.06,1.85,0.28,-0.2347,1.78,2.39,,3.75,,,62.55,115.6211,3013.18,2094051.0,98.947,104.129,102.651,False,0.0,False,-0.38816777538118336,0,False,0.2,False,,0.5463437296313033,
2019-07-31,2.53,2.02,1.89,0.26,-0.2398,1.76,2.55,,3.75,,,64.07,115.4946,2980.38,2080700.0,98.947,104.129,102.651,False,0.0,False,-0.4058682765870705,0,False,0.3333333333333333,False,,1.16940758386581,黄
2019-08-01,2.44,1.9,1.73,0.2,-0.2996,1.7,2.19,,3.75,,,62.9,116.0499,2953.56,2080700.0,98.947,104.129,102.651,False,0.0,False,-0.4274212862189734,0,False,0.3333333333333333,False,,0.7361093194614873,
2019-08-02,2.39,1.86,1.72,0.2,-0.3223,1.66,2.19,,3.75,,,61.12,116.1864,2932.05,2080700.0,98.947,104.129,102.651,False,0.0,False,-0.4106489405740021,0,False,0.3333333333333333,False,,0.7339138124026646,
2019-08-05,2.3,1.75,1.59,0.15,-0.3719,1.6,2.13,,3.75,,,59.32,116.5851,2844.74,2080700.0,98.947,104.129,102.651,False,0.0,False,-0.4988875770222368,0,False,0.2857142857142857,False,,0.4969152859970611,
2019-08-06,2.25,1.73,1.6,0.11,-0.391,1.62,2.11,,3.75,,,58.63,116.6904,2881.77,2080700.0,98.947,104.129,102.651,False,0.0,False,-0.4816569976937893,0,False,0.2857142857142857,False,,0.0354952285784856,
2019-08-07,2.22,1.71,1.59,0.09,-0.399,1.62,2.1,,3.75,,,55.03,116.7987,2883.98,2080704.0,98.947,104.129,102.651,False,0.0,False,-0.47873676033279844,0,False,0.2857142857142857,False,,0.4097445321819542,
2019-08-08,2.25,1.72,1.62,0.07,-0.3943,1.65,2.09,,3.6,,,56.29,116.474,2938.09,2080704.0,98.947,104.129,102.651,False,0.0,False,-0.4490261004573541,0,False,0.2857142857142857,False,,-0.0895706735778452,
2019-08-09,2.26,1.74,1.63,0.08,-0.3813,1.66,2.11,,3.6,,,57.37,116.4419,2918.65,2080704.0,98.947,104.129,102.651,False,0.0,False,-0.4263251014412156,0,False,0.2857142857142857,False,,-0.0106799419589554,
2019-08-12,2.14,1.65,1.58,0.04,-0.4119,1.61,2.12,,3.6,,,57.13,116.7548,2883.75,2080704.0,98.947,104.129,102.651,False,0.0,False,-0.4680167869350363,0,False,0.25,False,,0.0287668045586942,
2019-08-13,2.15,1.68,1.66,0.05,-0.3974,1.63,2.16,,3.6,,,59.9,116.7267,2926.32,2080704.0,98.947,104.129,102.651,False,0.0,False,-0.4720566394157365,0,False,0.25,False,,0.252028541770783,
2019-08-14,2.03,1.59,1.58,0.02,-0.422,1.57,2.13,,3.6,,,57.86,117.0913,2840.6,2080710.0,98.947,104.129,102.651,False,0.0,False,-0.517468534696956,0,False,0.2222222222222222,False,,0.1329978998489595,
2019-08-15,1.98,1.52,1.48,-0.02,-0.4539,1.54,2.18,,3.6,,,57.37,117.2239,2847.6,2080710.0,98.947,104.129,102.651,False,0.0,False,-0.5183164793863989,0,False,0.2222222222222222,False,,0.3305970720269923,
2019-08-16,2.01,1.55,1.48,0.01,-0.4504,1.54,2.13,,3.6,,,59.0,117.0786,2888.68,2080710.0,98.947,104.129,102.651,False,0.0,False,-0.5240687573269371,0,False,0.2222222222222222,False,,0.1319506324223332,
2019-08-19,2.08,1.6,1.53,0.04,-0.4303,1.56,2.11,,3.6,,,59.79,117.3886,2923.65,2080710.0,98.947,104.129,102.651,False,0.0,False,-0.5370802107650936,0,False,0.2222222222222222,False,,0.0523526928570013,
2019-08-20,2.04,1.55,1.5,0.02,-0.4469,1.53,2.13,,3.6,,,59.03,117.3726,2900.51,2080710.0,98.947,104.129,102.651,False,0.0,False,-0.527297168593337,0,False,0.2222222222222222,False,,0.4213519138654941,
2019-08-21,2.07,1.59,1.56,0.05,-0.4336,1.54,2.1,,3.6,,,60.6,117.1764,2924.43,2088920.0,98.947,104.129,102.651,False,0.0,False,-0.5348421698171667,0,False,0.2222222222222222,False,,0.3002395274687816,
2019-08-22,2.11,1.62,1.61,0.07,-0.4231,1.55,2.09,,3.55,,,59.81,117.3558,2922.95,2088920.0,98.947,104.129,102.651,False,0.0,False,-0.5295936538369335,0,False,0.2222222222222222,False,,0.2588611304240953,
2019-08-23,2.02,1.52,1.51,-0.02,-0.4583,1.54,2.1,,3.55,,,58.64,117.3009,2847.11,2088920.0,98.947,104.129,102.651,False,0.0,False,-0.5609380112610888,0,False,0.3,False,,,数据缺失
2019-08-26,2.04,1.54,1.54,0.0,-0.4583,1.54,2.1,,3.55,,,58.64,117.6658,2878.38,2088920.0,98.947,104.129,102.651,False,0.0,False,-0.5687135812397375,0,False,0.3,False,,,数据缺失
2019-08-27,1.97,1.49,1.53,-0.06,-0.4786,1.55,2.15,,3.55,,,58.44,117.75,2869.16,2088920.0,98.947,104.129,102.651,False,0.0,False,-0.5719313213337378,0,False,0.3,False,,0.7156954160381971,
2019-08-28,1.94,1.47,1.5,-0.08,-0.491,1.55,2.12,,3.55,,,60.42,117.8767,2887.94,2095130.0,98.947,104.129,102.651,False,0.0,False,-0.5525071553536781,0,False,0.3,False,,0.4652440174803054,
2019-08-29,1.97,1.5,1.53,-0.09,-0.4814,1.59,2.12,,3.58,,,60.59,118.0625,2924.58,2095130.0,98.947,104.129,102.651,False,0.0,False,-0.5607129676526663,0,False,0.3,False,,1.594860572469175,黄
2019-08-30,1.96,1.5,1.5,-0.05,-0.4838,1.55,2.16,,3.58,,,61.04,118.1575,2926.46,2095130.0,98.947,104.129,102.651,False,0.0,False,-0.541622307555726,0,False,0.3,False,,1.7405234776802316,黄
2019-09-02,1.96,1.5,1.5,-0.05,-0.4838,1.55,2.16,,3.58,,,58.55,118.1575,2926.46,2095130.0,98.947,104.129,102.651,False,0.0,False,-0.541170855570686,0,False,0.3,False,,1.7257851308642909,黄
2019-09-03,1.95,1.47,1.47,-0.03,-0.4967,1.5,2.17,,3.58,,,57.93,118.3113,2906.27,2095130.0,98.947,104.129,102.651,False,0.0,False,-0.5429661548664158,0,False,0.3,False,,1.5375776158371586,黄
2019-09-04,1.97,1.47,1.43,-0.04,-0.5043,1.51,2.21,,3.58,,,60.68,117.6729,2937.78,2095164.0,98.947,104.129,102.651,False,0.0,False,-0.5556480100451078,0,False,0.3,False,,1.6882854441581514,黄
2019-09-05,2.06,1.57,1.55,0.01,-0.4616,1.56,2.21,,3.49,,,62.7,117.4776,2976.0,2095164.0,98.947,104.129,102.651,False,0.0,False,-0.5738254200989523,0,False,0.3,False,,1.677902889132928,黄
2019-09-06,2.02,1.55,1.53,0.01,-0.4557,1.54,2.15,,3.49,,,61.28,117.1292,2978.71,2095164.0,98.947,104.129,102.651,False,0.0,False,-0.5739662564224786,0,False,0.3,False,,1.4266421810770231,黄
2019-09-09,2.11,1.63,1.58,0.06,-0.4246,1.57,2.12,,3.49,,,63.99,117.0601,2978.43,2095164.0,98.947,104.129,102.651,False,0.0,False,-0.553457801297891,0,False,0.3,False,,2.2235952654793323,红
2019-09-10,2.19,1.72,1.67,0.12,-0.3798,1.6,2.14,,3.49,,,64.67,117.0887,2979.39,2095164.0,98.947,104.129,102.651,False,0.0,False,-0.5380594595171798,0,False,0.3,False,,4.036203842039275,红
2019-09-11,2.22,1.75,1.68,0.15,-0.3596,1.6,2.15,,3.49,,,63.02,117.3125,3000.93,2101169.0,98.947,104.129,102.651,False,0.0,False,-0.5419064945643947,0,False,0.3,False,,4.1040896250824,红
2019-09-12,2.22,1.79,1.72,0.16,-0.3348,1.63,2.2,,3.56,,,60.76,116.8375,3009.57,2101169.0,98.947,104.129,102.651,True,1.0,False,-0.5412926546945072,0,False,0.3,False,,3.0219018421506325,红
2019-09-13,2.37,1.9,1.79,0.23,-0.2862,1.67,2.2,,3.56,,,61.25,116.7677,3007.39,2101169.0,98.947,104.129,102.651,True,2.0,False,-0.5260782542323351,0,False,0.3,False,,4.3739285239604495,红
2019-09-16,2.31,1.84,1.74,0.17,-0.2994,1.67,2.43,,3.56,,,68.42,117.0251,2997.96,2101169.0,98.947,104.129,102.651,True,3.0,False,-0.5308355951233816,0,False,0.3333333333333333,False,,2.4682575265670383,红
2019-09-17,2.27,1.81,1.72,0.15,-0.3146,1.66,5.25,,3.56,,,65.59,116.9826,3005.7,2101169.0,98.947,104.129,102.651,True,4.0,False,-0.5371034347295108,0,False,0.3333333333333333,False,,6.285524023349151,红
2019-09-18,2.25,1.8,1.77,0.21,-0.312,1.59,2.55,,3.56,,,64.29,116.9766,3006.73,2105826.0,98.947,104.129,102.651,True,5.0,False,-0.547811850117008,0,False,0.3333333333333333,False,,1.287876710935426,黄
2019-09-19,2.22,1.79,1.74,0.18,-0.3195,1.61,1.95,,3.73,,,64.25,117.0861,3006.79,2105826.0,98.947,104.129,102.651,True,6.0,False,-0.548524295466628,0,False,0.3333333333333333,False,,0.4670211585489683,
2019-09-20,2.17,1.74,1.69,0.13,-0.3399,1.61,1.86,,3.73,,,65.23,117.1819,2992.07,2105826.0,98.947,104.129,102.651,True,7.0,False,-0.5516537771459575,0,False,0.3333333333333333,False,,0.3002419656606179,
2019-09-23,2.16,1.72,1.68,0.11,-0.3567,1.61,1.85,,3.73,,,64.66,117.2986,2991.78,2105826.0,98.947,104.129,102.651,True,8.0,False,-0.5604242281702936,0,False,0.3333333333333333,False,,0.280604650509151,
2019-09-24,2.09,1.64,1.6,0.06,-0.3907,1.58,1.96,,3.73,,,64.13,117.2227,2966.6,2105826.0,98.947,104.129,102.651,False,8.0,False,-0.5758569633112847,0,False,0.3333333333333333,False,,-0.1107769484921425,
2019-09-25,2.18,1.73,1.68,0.13,-0.3628,1.6,2.01,,3.73,,,62.41,117.6527,2984.87,2107683.0,98.947,104.129,102.651,True,9.0,False,-0.5791477350360826,0,False,0.3333333333333333,False,,0.901352573607456,
2019-09-26,2.15,1.7,1.66,0.13,-0.3579,1.57,1.85,,3.64,,,62.08,117.7267,2977.62,2107683.0,98.947,104.129,102.651,True,10.0,True,-0.5762418308892698,0,False,0.3333333333333333,False,,-0.1731426205225962,
2019-09-27,2.13,1.69,1.63,0.16,-0.3619,1.53,1.82,,3.64,,,62.48,117.7218,2961.79,2107683.0,98.947,104.129,102.651,True,11.0,True,-0.5840913582605268,0,False,0.3333333333333333,False,,-0.1728912072653552,
2019-09-30,2.12,1.68,1.63,0.15,-0.3677,1.53,2.35,,3.64,,,60.99,117.9461,2976.74,2107683.0,98.947,104.129,102.651,True,12.0,True,-0.5894195575340205,0,False,0.3333333333333333,False,,0.7107728629873948,
2019-10-01,2.11,1.65,1.56,0.13,-0.3801,1.52,1.88,,3.64,,,60.06,117.9595,2940.25,2107683.0,99.588,105.103,103.457,True,13.0,True,-0.5907056018574302,0,False,0.3,False,,-0.021885646401944,
2019-10-02,2.09,1.6,1.48,0.1,-0.4011,1.5,1.85,,3.64,,,57.92,117.9671,2887.61,2117130.0,99.588,105.103,103.457,False,13.0,True,-0.6148578744744266,0,False,0.2727272727272727,False,,-0.0765387048012852,
2019-10-03,2.04,1.54,1.39,0.06,-0.4267,1.48,1.84,,3.65,,,58.01,117.6608,2910.63,2117130.0,99.588,105.103,103.457,False,13.0,True,-0.5955234905321646,0,False,0.2727272727272727,False,,-0.0944865695109516,
2019-10-04,2.01,1.52,1.4,0.02,-0.4325,1.5,1.82,,3.65,,,59.13,117.5288,2952.01,2117130.0,99.588,105.103,103.457,False,13.0,True,-0.5798845600248536,0,False,0.2727272727272727,False,,-0.1308169060802545,
2019-10-07,2.05,1.56,1.46,0.05,-0.4193,1.51,1.83,,3.65,,,59.46,117.5533,2938.79,2117130.0,99.588,105.103,103.457,False,13.0,True,-0.5678993700078564,0,False,0.2727272727272727,False,,-0.1119476221101196,
2019-10-08,2.04,1.54,1.42,0.06,-0.4255,1.48,1.85,,3.65,,,58.14,117.7407,2893.06,2117130.0,99.588,105.103,103.457,False,13.0,True,-0.5656134886265402,0,False,0.25,False,,0.1945720233734111,
2019-10-09,2.08,1.59,1.47,0.1,-0.4046,1.49,1.85,,3.65,,,59.7,117.6835,2919.4,2121485.0,99.588,105.103,103.457,False,13.0,True,-0.5744640471692455,0,False,0.25,False,,0.3547593700998706,
2019-10-10,2.16,1.67,1.53,0.15,-0.3669,1.52,1.85,,3.57,,,59.08,117.2801,2938.13,2121485.0,99.588,105.103,103.457,False,13.0,True,-0.5785824027665072,0,False,0.25,False,,1.4677650230508874,黄
2019-10-11,2.22,1.76,1.63,0.2,-0.3152,1.56,1.85,,3.57,,,60.59,116.8239,2970.27,2121485.0,99.588,105.103,103.457,False,13.0,True,-0.5979374506905574,0,False,0.25,False,,2.7412289976252957,红
2019-10-14,2.22,1.76,1.63,0.2,-0.3152,1.56,1.85,,3.57,,,58.81,116.8239,2966.15,2121485.0,99.588,105.103,103.457,False,13.0,True,-0.5943118826347058,0,False,0.25,False,,2.196742552740906,红
2019-10-15,2.23,1.77,1.61,0.21,-0.2986,1.56,2.0,,3.57,,,59.19,116.8111,2995.68,2121485.0,99.588,105.103,103.457,False,13.0,True,-0.5964717674966433,0,False,0.25,False,,2.469318105480322,红
2019-10-16,2.23,1.75,1.58,0.18,-0.3006,1.57,2.05,,3.57,,,59.3,116.6425,2989.69,2123085.0,99.588,105.103,103.457,False,13.0,True,-0.6017305288917179,0,False,0.25,False,,1.639463415231301,黄
2019-10-17,2.24,1.76,1.6,0.17,-0.2951,1.59,1.95,,3.69,,,59.35,116.2615,2997.95,2123085.0,99.588,105.103,103.457,False,13.0,True,-0.6021871943739101,0,False,0.25,False,,0.8403545100631467,
2019-10-18,2.25,1.76,1.58,0.16,-0.2953,1.6,1.88,,3.69,,,59.96,116.1344,2986.2,2123085.0,99.588,105.103,103.457,False,13.0,True,-0.5979759791391391,0,False,0.25,False,,-0.1792348035884099,
2019-10-21,2.28,1.8,1.62,0.19,-0.2787,1.61,1.86,,3.69,,,58.95,116.0436,3006.72,2123085.0,99.588,105.103,103.457,False,13.0,True,-0.6073424530343188,0,False,0.25,False,,0.274079277390527,
2019-10-22,2.26,1.78,1.6,0.17,-0.2791,1.61,1.87,,3.69,,,60.5,115.9851,2995.99,2123085.0,99.588,105.103,103.457,False,13.0,True,-0.6169013831193583,0,False,0.25,False,,-0.0664537703276709,
2019-10-23,2.25,1.77,1.58,0.16,-0.2828,1.61,1.87,,3.69,,,60.52,116.0586,3004.52,2149188.0,99.588,105.103,103.457,False,13.0,True,-0.6175744871647076,0,False,0.25,False,,0.3327406618334485,
2019-10-24,2.26,1.77,1.58,0.15,-0.2821,1.62,1.86,,3.75,,,61.71,116.1278,3010.29,2149188.0,99.588,105.103,103.457,False,13.0,True,-0.6174486267421935,0,False,0.25,False,,-0.0665693624834153,
2019-10-25,2.29,1.8,1.63,0.15,-0.2698,1.65,1.84,,3.75,,,62.06,116.0774,3022.55,2149188.0,99.588,105.103,103.457,False,13.0,True,-0.6194051798456125,0,False,0.25,False,,0.2748614434679192,
2019-10-28,2.34,1.85,1.64,0.21,-0.2484,1.64,1.82,,3.75,,,60.39,116.0222,3039.42,2149188.0,99.588,105.103,103.457,True,14.0,True,-0.6175235135277141,0,False,0.25,False,,0.3881497825821529,
2019-10-29,2.33,1.84,1.64,0.23,-0.2436,1.61,1.81,,3.75,,,61.05,115.9797,3036.89,2149188.0,99.588,105.103,103.457,True,15.0,True,-0.6137148359851107,0,False,0.25,False,,0.5010237596965983,
2019-10-30,2.26,1.78,1.61,0.21,-0.2618,1.57,1.82,,3.75,,,60.22,116.1636,3046.77,2175491.0,99.588,105.103,103.457,True,16.0,True,-0.597798815758061,0,False,0.2727272727272727,False,,-0.1833882648761101,
2019-10-31,2.17,1.69,1.52,0.15,-0.2973,1.54,1.76,,3.78,,,59.3,115.9125,3037.56,2175491.0,99.588,105.103,103.457,False,16.0,True,-0.5513395403141166,0,False,0.2727272727272727,False,,-0.0034979538584061,
2019-11-01,2.21,1.73,1.56,0.14,-0.2878,1.59,1.58,,3.78,,,60.17,115.7312,3066.91,2175491.0,99.588,105.103,103.457,True,17.0,True,-0.5730704294504178,0,False,0.2727272727272727,False,,-0.1828813831990423,
2019-11-04,2.27,1.79,1.6,0.15,-0.2626,1.64,1.56,,3.78,,,62.52,115.8624,3078.27,2175491.0,99.588,105.103,103.457,True,18.0,True,-0.572300591270194,0,False,0.2727272727272727,False,,-0.1826295139564657,
2019-11-05,2.34,1.86,1.63,0.18,-0.2293,1.68,1.58,,3.78,,,62.72,116.1138,3074.62,2175491.0,99.588,105.103,103.457,True,19.0,True,-0.5715312692489982,0,False,0.3,False,,-0.1823786828441227,
2019-11-06,2.3,1.81,1.61,0.15,-0.2353,1.66,1.57,,3.78,,,62.11,116.1004,3076.78,2194318.0,99.588,105.103,103.457,True,20.0,True,-0.5756784621415444,0,False,0.3,False,,0.1615580495312706,
2019-11-07,2.4,1.92,1.68,0.23,-0.1912,1.69,1.56,,3.69,,,62.6,116.1172,3085.18,2194318.0,99.588,105.103,103.457,True,21.0,True,-0.5445184125073373,0,False,0.3,False,,-0.1827191617096855,
2019-11-08,2.43,1.94,1.68,0.23,-0.173,1.71,1.56,,3.69,,,62.0,116.3436,3093.08,2194318.0,99.588,105.103,103.457,True,22.0,True,-0.5443101253467295,0,False,0.3,False,,-0.1824699900236987,
2019-11-11,2.43,1.94,1.68,0.23,-0.173,1.71,1.56,,3.69,,,62.58,116.3436,3087.01,2194318.0,99.588,105.103,103.457,True,23.0,True,-0.5064790821656482,0,False,0.3,False,,-0.1822218352757978,
2019-11-12,2.39,1.92,1.66,0.22,-0.1783,1.7,1.57,,3.69,,,62.19,116.5837,3091.84,2194318.0,99.588,105.103,103.457,False,23.0,True,-0.5182703993410295,0,False,0.3,False,,0.0064858741099544,
2019-11-13,2.36,1.88,1.63,0.22,-0.196,1.66,1.57,,3.69,,,62.27,116.8397,3094.04,2201529.0,99.588,105.103,103.457,False,23.0,True,-0.5157779540485762,0,False,0.3,False,,0.0063982742616096,
2019-11-14,2.31,1.82,1.58,0.2,-0.2227,1.62,1.58,,3.75,,,62.46,116.8022,3096.63,2201529.0,99.588,105.103,103.457,False,23.0,True,-0.5001686707936908,0,False,0.3,False,,0.0252652797895005,
2019-11-15,2.31,1.84,1.61,0.21,-0.2231,1.63,1.59,,3.75,,,63.32,116.4401,3120.46,2201529.0,99.588,105.103,103.457,False,23.0,True,-0.4904383767727089,0,False,0.2222222222222222,False,,0.0441332971705604,
2019-11-18,2.3,1.81,1.6,0.18,-0.2335,1.63,1.56,,3.75,,,62.82,116.3625,3122.03,2201529.0,99.588,105.103,103.457,False,23.0,True,-0.4839425476459394,0,False,0.2222222222222222,False,,-0.0129920422143149,
2019-11-19,2.26,1.79,1.6,0.16,-0.2429,1.63,1.57,,3.75,,,62.37,116.5391,3120.18,2201529.0,99.588,105.103,103.457,False,23.0,True,-0.48782139853742623,0,False,0.2222222222222222,False,,0.1763822006912224,
2019-11-20,2.2,1.73,1.56,0.13,-0.266,1.6,1.57,,3.75,,,63.8,116.828,3108.46,2220361.0,99.588,105.103,103.457,False,23.0,True,-0.4359774984518588,0,False,0.2222222222222222,False,,0.1753808923896306,
2019-11-21,2.24,1.77,1.6,0.14,-0.2559,1.63,1.58,,3.66,,,64.99,116.7435,3103.54,2220361.0,99.588,105.103,103.457,False,23.0,True,-0.42798036777720083,0,False,0.2222222222222222,False,,0.4616602285114934,
2019-11-22,2.22,1.77,1.61,0.15,-0.2539,1.62,1.58,,3.66,,,64.83,116.9137,3110.29,2220361.0,99.588,105.103,103.457,False,23.0,True,-0.4208932405321976,0,False,0.2222222222222222,False,,0.4602010823641185,
2019-11-25,2.21,1.76,1.61,0.14,-0.2586,1.62,1.56,,3.66,,,64.67,117.0098,3133.64,2220361.0,99.588,105.103,103.457,False,23.0,True,-0.42254828110765397,0,False,0.25,False,,-0.1571670445453493,
2019-11-26,2.18,1.74,1.58,0.12,-0.2715,1.62,1.54,,3.66,,,64.82,117.0513,3140.52,2220361.0,99.588,105.103,103.457,False,23.0,True,-0.4170127626552232,0,False,0.25,False,,1.0656427674164284,黄
2019-11-27,2.19,1.77,1.63,0.14,-0.2612,1.63,1.55,,3.68,,,65.03,117.1273,3153.63,2248498.0,99.588,105.103,103.457,False,23.0,True,-0.41940601934856864,0,False,0.25,False,,0.1766189649190614,
2019-11-28,2.19,1.77,1.63,0.14,-0.2612,1.63,1.55,,3.68,,,64.68,117.1273,3153.63,2248498.0,99.588,105.103,103.457,False,23.0,True,-0.4194060193485687,0,False,0.25,False,,0.1750490747951951,
2019-11-29,2.21,1.78,1.61,0.17,-0.2569,1.61,1.65,,3.68,,,64.5,117.1204,3140.98,2248498.0,99.588,105.103,103.457,False,23.0,True,-0.4075894805060579,0,False,0.25,False,,0.3654264956881461,
2019-12-02,2.28,1.83,1.61,0.18,-0.2392,1.65,1.63,,3.68,,,63.2,116.9647,3113.87,2248498.0,99.588,105.103,103.457,False,23.0,True,-0.3839060647183659,0,False,0.25,False,,0.6373453627258269,
2019-12-03,2.17,1.72,1.53,0.09,-0.2759,1.63,1.55,,3.68,,,62.95,116.8898,3093.2,2248498.0,99.588,105.103,103.457,False,23.0,True,-0.36912104479645863,0,False,0.25,False,,0.1518642526762513,
2019-12-04,2.22,1.77,1.58,0.11,-0.2605,1.66,1.54,,3.68,,,65.25,116.692,3112.76,2259853.0,99.588,105.103,103.457,False,23.0,True,-0.3792057479546374,0,False,0.25,False,,0.1313072511846445,
2019-12-05,2.24,1.8,1.58,0.13,-0.2453,1.67,1.55,,3.68,,,65.67,116.3838,3117.43,2259853.0,99.588,105.103,103.457,False,22.0,True,-0.3905195971620749,0,False,0.25,False,,0.1711333283442281,
2019-12-06,2.29,1.84,1.61,0.15,-0.2216,1.69,1.55,,3.68,,,66.5,116.5381,3145.91,2259853.0,99.588,105.103,103.457,False,21.0,True,-0.41296605934987785,0,False,0.25,False,,0.5213222006840482,
2019-12-09,2.27,1.83,1.63,0.14,-0.218,1.69,1.56,,3.68,,,66.44,116.3283,3135.96,2259853.0,99.588,105.103,103.457,False,20.0,True,-0.4086051989859983,0,False,0.25,False,,0.1154705523326598,
2019-12-10,2.26,1.85,1.65,0.14,-0.2118,1.71,1.55,,3.68,,,66.57,116.2542,3132.52,2259853.0,99.588,105.103,103.457,False,19.0,True,-0.40372513577663055,0,False,0.25,False,,1.330533688384234,黄
2019-12-11,2.23,1.79,1.61,0.1,-0.2311,1.69,1.54,,3.68,,,65.37,116.1478,3141.63,2282196.0,99.588,105.103,103.457,False,18.0,True,-0.4179542565841803,0,False,0.25,False,,0.2342465187968886,
2019-12-12,2.32,1.9,1.66,0.18,-0.1952,1.72,1.53,,3.73,,,66.67,115.8741,3168.57,2282196.0,99.588,105.103,103.457,False,17.0,True,-0.4356354808090278,0,False,0.25,False,,0.9768373295489484,
2019-12-13,2.26,1.82,1.61,0.12,-0.2164,1.7,1.54,,3.73,,,67.44,115.6967,3168.8,2282196.0,99.588,105.103,103.457,False,16.0,True,-0.4337933304145972,0,False,0.25,False,,-0.167521878268608,
2019-12-16,2.3,1.89,1.65,0.16,-0.1979,1.73,1.62,,3.73,,,68.04,115.555,3191.45,2282196.0,99.588,105.103,103.457,False,15.0,True,-0.44619363288092867,0,False,0.25,False,,0.5118377270089582,
2019-12-17,2.31,1.89,1.63,0.14,-0.1934,1.75,1.54,,3.73,,,68.99,115.5553,3192.52,2282196.0,99.588,105.103,103.457,False,15.0,True,-0.4459026353277103,0,False,0.25,False,,0.2788421691456983,
2019-12-18,2.35,1.92,1.63,0.16,-0.1788,1.76,1.53,,3.73,,,69.12,115.6618,3191.14,2300678.0,99.588,105.103,103.457,True,15.0,True,-0.4331211659271474,0,False,0.25,False,,1.3143630437330551,黄
2019-12-19,2.35,1.92,1.62,0.15,-0.1771,1.77,1.53,,3.73,,,69.7,115.5988,3205.37,2300678.0,99.588,105.103,103.457,False,14.0,True,-0.43092542459132094,0,False,0.25,False,,0.0427459654534017,
2019-12-20,2.34,1.92,1.63,0.15,-0.1749,1.77,1.53,,3.73,,,68.66,115.7598,3221.22,2300678.0,99.588,105.103,103.457,False,13.0,True,-0.4028124832482852,0,False,0.25,False,,-0.1884658970935466,
2019-12-23,2.35,1.93,1.64,0.18,-0.1713,1.75,1.52,,3.73,,,67.49,115.8059,3224.01,2300678.0,99.588,105.103,103.457,True,13.0,True,-0.3914010478222212,0,False,0.25,False,,0.28758501778757,
2019-12-24,2.33,1.9,1.62,0.15,-0.1823,1.75,1.52,,3.73,,,69.26,115.8059,3223.38,2300678.0,99.588,105.103,103.457,True,13.0,True,-0.3880737876656632,0,False,0.25,False,,-0.0637882755354817,
2019-12-25,2.33,1.9,1.62,0.15,-0.1823,1.75,1.52,,3.73,,,69.26,115.8059,3223.38,2328862.0,99.588,105.103,103.457,False,13.0,True,-0.38714213651698365,0,False,0.25,False,,-0.0637313635223083,
2019-12-26,2.33,1.9,1.64,0.16,-0.1855,1.74,1.52,,3.74,,,69.26,115.634,3239.91,2328862.0,99.588,105.103,103.457,False,13.0,True,-0.3895050722895877,0,False,0.25,False,,-0.1875075135764433,
2019-12-27,2.32,1.88,1.59,0.15,-0.1986,1.73,1.53,,3.74,,,68.91,115.22,3240.02,2328862.0,99.588,105.103,103.457,False,13.0,True,-0.3818031447565981,0,False,0.25,False,,-0.1872701942146764,
2019-12-30,2.34,1.9,1.58,0.15,-0.1981,1.75,1.54,,3.74,,,68.3,114.9631,3221.29,2328862.0,99.588,105.103,103.457,False,13.0,True,-0.3413821521413853,0,False,0.25,False,,-0.1870337739534433,
2019-12-31,2.39,1.92,1.58,0.15,-0.1876,1.77,1.55,,3.74,,,67.77,114.669,3230.78,2328862.0,99.588,105.103,103.457,True,14.0,True,-0.3811870504418849,0,False,0.25,False,,0.0459322290707819,
2020-01-01,2.39,1.92,1.58,0.15,-0.1876,1.77,1.55,,3.74,,,67.77,114.669,3230.78,2328933.0,102.159,104.679,106.321,False,14.0,True,-0.42790282544817304,0,False,0.25,False,,0.0458811872109977,
2020-01-02,2.33,1.88,1.58,0.08,-0.1979,1.8,1.54,,3.72,,,67.05,114.9745,3257.85,2328933.0,102.159,104.679,106.321,False,14.0,True,-0.41697795119922193,0,False,0.25,False,,0.0074008310456867,
2020-01-03,2.26,1.8,1.53,0.03,-0.2283,1.77,1.55,,3.72,,,69.08,114.9867,3234.85,2328933.0,102.159,104.679,106.321,False,14.0,True,-0.46612806267529566,0,False,0.25,False,,0.0267409101520648,
2020-01-06,2.28,1.81,1.54,0.06,-0.2336,1.75,1.55,,3.72,,,70.25,114.9557,3246.28,2328933.0,102.159,104.679,106.321,False,14.0,True,-0.45330520531735863,0,False,0.25,False,,0.0263696833090979,
2020-01-07,2.31,1.83,1.54,0.09,-0.2286,1.74,1.56,,3.72,,,68.74,115.1477,3237.18,2328933.0,102.159,104.679,106.321,False,14.0,True,-0.4274838448079087,0,False,0.25,False,,0.2598658468947053,
2020-01-08,2.35,1.87,1.58,0.12,-0.2099,1.75,1.55,,3.72,,,67.31,115.1328,3253.05,2347714.0,102.159,104.679,106.321,False,14.0,True,-0.39240631212088206,0,False,0.25,False,,0.3647472628783929,
2020-01-09,2.38,1.85,1.58,0.11,-0.213,1.74,1.55,,3.64,,,66.58,115.2331,3274.7,2347714.0,102.159,104.679,106.321,False,14.0,True,-0.3784542776570329,0,False,0.25,False,,-0.1862493410547854,
2020-01-10,2.28,1.83,1.56,0.07,-0.2218,1.76,1.55,,3.64,,,66.77,115.0677,3265.35,2347714.0,102.159,104.679,106.321,False,14.0,True,-0.38861543640386603,0,False,0.25,False,,-0.1860191128027079,
2020-01-13,2.3,1.85,1.58,0.08,-0.2199,1.77,1.54,,3.64,,,64.14,115.0342,3288.13,2347714.0,102.159,104.679,106.321,False,14.0,True,-0.3881066281196685,0,False,0.25,False,,-0.1857897364814411,
2020-01-14,2.27,1.82,1.58,0.05,-0.2308,1.77,1.55,,3.64,,,64.45,115.0239,3283.15,2347714.0,102.159,104.679,106.321,False,14.0,True,-0.3925693085071269,0,False,0.25,False,,-0.1727604317365925,
2020-01-15,2.23,1.79,1.56,0.04,-0.2469,1.75,1.56,,3.64,,,63.29,114.9528,3289.29,2362635.0,102.159,104.679,106.321,False,14.0,True,-0.39497087953036325,0,False,0.25,False,,-0.1519532415018933,
2020-01-16,2.26,1.81,1.58,0.07,-0.2403,1.74,1.55,,3.65,,,64.63,115.0006,3316.81,2362635.0,102.159,104.679,106.321,False,14.0,True,-0.38685157187749447,0,False,0.25,False,,-0.1709172022416625,
2020-01-17,2.29,1.84,1.58,0.09,-0.2327,1.75,1.54,,3.65,,,64.05,115.0656,3329.62,2362635.0,102.159,104.679,106.321,False,14.0,True,-0.38645262946002995,0,False,0.25,False,,-0.0670532289148376,
2020-01-20,2.29,1.84,1.58,0.09,-0.2327,1.75,1.54,,3.65,,,64.63,115.0656,3329.62,2362635.0,102.159,104.679,106.321,False,13.0,True,-0.38771373320933145,0,False,0.25,False,,-0.1849327336463245,
2020-01-21,2.23,1.78,1.53,0.04,-0.253,1.74,1.54,,3.65,,,63.66,115.1876,3320.79,2362635.0,102.159,104.679,106.321,False,12.0,True,-0.401069382582626,0,False,0.25,False,,-0.1847079422373873,
2020-01-22,2.22,1.77,1.53,0.05,-0.2595,1.72,1.54,,3.65,,,62.11,115.2273,3321.75,2381020.0,102.159,104.679,106.321,False,11.0,True,-0.39771639936999664,0,False,0.25,False,,-0.1844839688070108,
2020-01-23,2.18,1.74,1.51,0.04,-0.2737,1.7,1.54,,3.6,,,61.26,115.5545,3325.54,2381020.0,102.159,104.679,106.321,False,11.0,True,-0.386053833045573,0,False,0.14285714285714285,False,,-0.0877997709794237,
2020-01-24,2.14,1.7,1.49,0.02,-0.2922,1.68,1.53,,3.6,,,59.34,115.5556,3295.47,2381020.0,102.159,104.679,106.321,False,10.0,True,-0.3982086254900437,0,False,0.14285714285714285,False,,-0.1076850832104649,
2020-01-27,2.05,1.61,1.44,-0.02,-0.3335,1.63,1.53,,3.6,,,58.54,115.8004,3243.63,2381020.0,102.159,104.679,106.321,False,9.0,False,-0.4698200053076444,0,False,0.125,False,,0.303422588195054,
2020-01-28,2.1,1.65,1.45,0.0,-0.3319,1.65,1.53,,3.6,,,59.37,115.7239,3276.24,2381020.0,102.159,104.679,106.321,False,8.0,False,-0.47202476853436637,0,False,0.14285714285714285,False,,-0.0325656291405347,
2020-01-29,2.05,1.6,1.42,-0.04,-0.3544,1.64,1.53,,3.6,,,59.46,115.7003,3273.4,2409108.0,102.159,104.679,106.321,False,7.0,False,-0.4624170302150833,0,False,0.14285714285714285,False,,-0.0325331005578892,
2020-01-30,2.04,1.57,1.41,-0.07,-0.3707,1.64,1.58,,3.51,,,57.72,115.8077,3283.66,2409108.0,102.159,104.679,106.321,False,6.0,False,-0.4518708602867862,0,False,0.14285714285714285,False,,-0.0325006673709416,
2020-01-31,1.99,1.51,1.33,-0.14,-0.3998,1.65,1.6,,3.51,,,57.77,115.7345,3225.52,2409108.0,102.159,104.679,106.321,False,5.0,False,-0.49373927746356827,0,False,0.25,False,,0.0077075320750686,
2020-02-03,2.01,1.54,1.36,-0.09,-0.3972,1.63,1.59,,3.51,,,54.0,116.1172,3248.92,2409108.0,102.159,104.679,106.321,False,4.0,False,-0.5050534517492341,0,False,0.25,False,,-0.0124200170496099,
2020-02-04,2.08,1.61,1.41,-0.03,-0.3693,1.64,1.6,,3.51,,,53.9,115.9291,3297.59,2409108.0,102.159,104.679,106.321,False,4.0,False,-0.5547583765955238,0,False,0.2857142857142857,False,,-0.0044039908929345,
2020-02-05,2.14,1.66,1.44,0.0,-0.3428,1.66,1.59,,3.51,,,55.36,116.009,3334.69,2427880.0,102.159,104.679,106.321,False,4.0,False,-0.5696587646600394,0,False,0.2857142857142857,False,,-0.0245544521728812,
2020-02-06,2.11,1.65,1.44,-0.02,-0.3407,1.67,1.59,,3.45,,,55.18,116.1518,3345.78,2427880.0,102.159,104.679,106.321,False,4.0,False,-0.5706608581958962,0,False,0.3333333333333333,False,,-0.0245318377331527,
2020-02-07,2.05,1.59,1.41,-0.07,-0.3592,1.66,1.58,,3.45,,,54.53,116.5086,3327.71,2427880.0,102.159,104.679,106.321,False,4.0,False,-0.5815737029535717,0,False,0.3333333333333333,False,,-0.0446951148728583,
2020-02-10,2.03,1.56,1.37,-0.1,-0.3781,1.66,1.58,,3.45,,,53.39,116.5711,3352.09,2427880.0,102.159,104.679,106.321,False,4.0,False,-0.5673338038854213,0,False,0.3333333333333333,False,,-0.0446464592727645,
2020-02-11,2.05,1.59,1.41,-0.06,-0.3705,1.65,1.58,,3.45,,,54.0,116.3585,3357.75,2427880.0,102.159,104.679,106.321,False,4.0,False,-0.571524981101336,0,False,0.3333333333333333,False,,-0.0562710366102995,
2020-02-12,2.09,1.62,1.44,-0.04,-0.3513,1.66,1.57,,3.45,,,55.54,116.2794,3379.45,2442621.0,102.159,104.679,106.321,False,4.0,False,-0.5733624892831201,0,False,0.3333333333333333,False,,-0.181219255587966,
2020-02-13,2.07,1.61,1.44,-0.06,-0.3518,1.67,1.57,,3.47,,,56.34,116.3999,3373.94,2442621.0,102.159,104.679,106.321,False,4.0,False,-0.5740197116726896,0,False,0.3333333333333333,False,,-0.1810077240160829,
2020-02-14,2.04,1.59,1.42,-0.07,-0.3597,1.66,1.58,,3.47,,,57.37,116.4223,3380.16,2442621.0,102.159,104.679,106.321,False,4.0,False,-0.5717710090352628,0,False,0.3333333333333333,False,,-0.1807969316677365,
2020-02-17,2.04,1.59,1.42,-0.07,-0.3597,1.66,1.58,,3.47,,,57.83,116.4223,3380.16,2442621.0,102.159,104.679,106.321,False,4.0,False,-0.5642922229695716,0,False,0.2,False,,0.1798439174436123,
2020-02-18,2.0,1.55,1.41,-0.1,-0.3751,1.65,1.6,,3.47,,,57.35,116.6039,3370.29,2442621.0,102.159,104.679,106.321,False,4.0,False,-0.5830441995057756,0,False,0.2,False,,-0.1811198419245015,
2020-02-19,2.01,1.56,1.42,-0.09,-0.3732,1.65,1.59,,3.47,,,59.72,116.7829,3386.15,2451688.0,102.159,104.679,106.321,False,4.0,False,-0.5839484369880703,0,False,0.2,False,,-0.1809101838583331,
2020-02-20,1.97,1.52,1.39,-0.11,-0.3901,1.63,1.6,,3.49,,,59.57,117.2454,3373.23,2451688.0,102.159,104.679,106.321,False,4.0,False,-0.5969952538885765,0,False,0.2,False,,-0.1807012523901369,
2020-02-21,1.9,1.46,1.34,-0.15,-0.4188,1.61,1.58,,3.49,,,58.6,117.0473,3337.75,2451688.0,102.159,104.679,106.321,False,4.0,False,-0.6137622334385741,0,False,0.3333333333333333,False,,-0.1804930433317198,
2020-02-24,1.84,1.38,1.26,-0.21,-0.4565,1.59,1.58,,3.49,,,56.71,117.4018,3225.89,2451688.0,102.159,104.679,106.321,False,4.0,False,-0.6135419305495902,0,False,0.2857142857142857,False,,-0.1802855525286161,
2020-02-25,1.8,1.33,1.2,-0.2,-0.4858,1.53,1.59,,3.49,,,55.29,117.2425,3128.21,2451688.0,102.159,104.679,106.321,False,4.0,False,-0.5992717819737144,0,False,0.375,False,,0.7630588630875178,
2020-02-26,1.81,1.33,1.16,-0.21,-0.493,1.54,1.58,,3.49,,,54.96,117.405,3116.39,2474060.0,102.159,104.679,106.321,False,4.0,False,-0.6018374454940391,0,False,0.375,False,,0.7865711247159117,
2020-02-27,1.79,1.3,1.11,-0.23,-0.4994,1.53,1.58,,3.45,,,52.19,117.3678,2978.76,2474060.0,102.159,104.679,106.321,False,4.0,False,-0.5657841529571185,0,False,0.4444444444444444,False,,0.1493926970861644,
2020-02-28,1.65,1.13,0.86,-0.28,-0.5573,1.41,1.6,,3.45,,,51.31,117.6568,2954.22,2474060.0,102.159,104.679,106.321,False,4.0,False,-0.5507710615298678,0,False,0.4444444444444444,False,,0.1899589171108645,
2020-03-02,1.66,1.1,0.84,-0.31,-0.5512,1.41,1.59,,3.45,,,52.52,116.8144,3090.23,2474060.0,102.159,104.679,106.321,False,4.0,False,-0.44119749344841386,0,False,0.4444444444444444,False,,0.16905174937441,
2020-03-03,1.64,1.02,0.71,-0.43,-0.5637,1.45,1.64,,3.45,,,52.24,116.4958,3003.37,2474060.0,102.159,104.679,106.321,False,4.0,False,-0.4708251733359771,0,False,0.5,False,,-0.0028351640645988,
2020-03-04,1.67,1.02,0.67,-0.44,-0.5392,1.46,1.23,,3.45,,,51.86,116.7802,3130.12,2502624.0,102.159,104.679,106.321,False,4.0,False,-0.43769031711257694,0,False,0.5,False,,0.1818860423274552,
2020-03-05,1.56,0.92,0.59,-0.48,-0.5438,1.4,1.12,,3.29,,,51.29,116.7901,3023.94,2502624.0,102.159,104.679,106.321,False,4.0,False,-0.47794109117270805,0,False,0.45454545454545453,False,,-0.0442911445390769,
2020-03-06,1.25,0.74,0.49,-0.57,-0.5686,1.31,1.1,,3.29,,,45.6,116.7106,2972.37,2502624.0,102.159,104.679,106.321,False,4.0,False,-0.4944157307578656,0,False,0.5,False,,-0.085374915190204,
2020-03-09,0.99,0.54,0.38,-0.45,-0.6096,0.99,1.09,,3.29,,,35.33,117.1871,2746.56,2502624.0,102.159,104.679,106.321,False,4.0,False,-0.6108721756071805,0,False,0.46153846153846156,False,,-0.1058690089303167,
2020-03-10,1.28,0.76,0.5,-0.24,-0.5344,1.0,1.11,,3.29,,,35.57,117.9027,2882.23,2502624.0,102.159,104.679,106.321,False,4.0,False,-0.6784921472279039,0,False,0.46153846153846156,False,,1.0350624000409487,黄
2020-03-11,1.3,0.82,0.5,-0.14,-0.508,0.96,1.15,,3.29,,,34.45,118.2505,2741.38,2523031.0,102.159,104.679,106.321,False,3.0,False,-0.5928049386678615,0,False,0.42857142857142855,False,,0.5327386278077175,
2020-03-12,1.49,0.88,0.5,-0.04,-0.4737,0.92,1.2,,3.36,,,31.02,120.4883,2480.64,2523031.0,102.159,104.679,106.321,False,3.0,False,-0.4144334863715277,0,False,0.4,False,,0.4306924321034661,
2020-03-13,1.56,0.94,0.49,0.04,-0.4354,0.9,1.1,,3.36,,,32.25,120.4388,2711.02,2523031.0,102.159,104.679,106.321,False,3.0,False,-0.43362779930238016,0,False,0.4,False,,0.2231329916686015,
2020-03-16,1.34,0.73,0.36,0.0,-0.5043,0.73,0.26,,3.36,,,27.98,120.9352,2386.13,2523031.0,102.159,104.679,106.321,False,2.0,False,-0.5352443813046945,0,False,0.375,False,,0.5531252721391003,
2020-03-17,1.63,1.02,0.47,0.39,-0.4117,0.63,0.54,,3.36,,,27.97,122.4816,2529.19,2523031.0,102.159,104.679,106.321,False,1.0,False,-0.578816603649762,0,False,0.375,False,,1.3874186871744352,黄
2020-03-18,1.77,1.18,0.54,0.55,-0.3004,0.63,0.1,,3.36,,,22.79,124.1623,2398.1,2640771.0,102.159,104.679,106.321,False,1.0,False,-0.4911710015525206,0,False,0.35294117647058826,False,,0.4781366452038294,
2020-03-19,1.78,1.12,0.44,0.62,-0.291,0.5,0.06,,3.65,,,23.98,125.0587,2409.39,2640771.0,102.159,104.679,106.321,False,1.0,False,-0.4863793060750775,0,False,0.35294117647058826,False,,0.5475072178471732,
2020-03-20,1.55,0.92,0.37,0.17,-0.3546,0.75,0.04,,3.65,,,25.55,124.9362,2304.92,2640771.0,102.159,104.679,106.321,False,1.0,False,-0.5057512327293026,0,False,0.3888888888888889,False,,0.5034560197074067,
2020-03-23,1.33,0.76,0.28,-0.04,-0.4429,0.8,0.02,,3.65,,,23.75,126.1262,2237.4,2640771.0,102.159,104.679,106.321,False,1.0,False,-0.5122912624401011,0,False,0.3684210526315789,False,,0.4595065551592703,
2020-03-24,1.39,0.84,0.38,-0.13,-0.4242,0.97,0.01,,3.65,,,24.5,125.5001,2447.33,2640771.0,102.159,104.679,106.321,False,0.0,False,-0.5238898081120055,0,False,0.3684210526315789,False,,0.5855647896368668,
2020-03-25,1.45,0.88,0.34,-0.19,-0.4159,1.07,0.01,,3.65,,,25.62,124.7916,2475.56,2978372.0,102.159,104.679,106.321,False,0.0,False,-0.526105509948953,0,False,0.3888888888888889,False,,0.6831614397209824,
2020-03-26,1.42,0.83,0.3,-0.24,-0.43,1.07,0.01,,3.5,,,23.55,122.4308,2630.07,2978372.0,102.159,104.679,106.321,False,0.0,False,-0.49995660641864753,0,False,0.4117647058823529,False,,0.24579832373822,
2020-03-27,1.29,0.72,0.25,-0.22,-0.4761,0.94,0.01,,3.5,,,22.39,122.4007,2541.47,2978372.0,102.159,104.679,106.321,False,0.0,False,-0.5069796515207716,0,False,0.4444444444444444,False,,0.2440843680570226,
2020-03-30,1.31,0.7,0.23,-0.25,-0.5058,0.95,0.01,,3.5,,,19.19,123.2883,2626.65,2978372.0,102.159,104.679,106.321,False,0.0,False,-0.5024484783813785,0,False,0.4444444444444444,False,,0.2423929870555369,
2020-03-31,1.35,0.7,0.23,-0.17,-0.5203,0.87,0.01,,3.5,,,14.85,122.5301,2584.59,2978372.0,102.159,104.679,106.321,False,0.0,False,-0.5022558613935084,0,False,0.47368421052631576,False,,0.7661286168032602,
2020-04-01,1.27,0.62,0.23,-0.29,-0.5479,0.91,0.01,,3.5,,,14.97,123.7933,2470.5,3340832.0,104.195,109.772,107.332,False,0.0,False,-0.5087701689364731,0,False,0.47368421052631576,False,,0.7544908604255484,
2020-04-02,1.26,0.63,0.23,-0.4,-0.5509,1.03,0.01,,3.33,,,20.24,123.5916,2526.9,3340832.0,104.195,109.772,107.332,False,0.0,False,-0.5095885234933437,0,False,0.47368421052631576,False,,0.7432443087412975,
2020-04-03,1.24,0.62,0.23,-0.46,-0.5542,1.08,0.01,,3.33,,,24.33,124.4152,2488.65,3340832.0,104.195,109.772,107.332,False,0.0,False,-0.509274760634696,0,False,0.45,False,,0.7323681213577645,
2020-04-06,1.27,0.67,0.27,-0.47,-0.5392,1.14,0.01,,3.33,,,22.58,124.16,2663.68,3340832.0,104.195,109.772,107.332,False,0.0,False,-0.5155310835319714,0,False,0.45,False,,1.2144070101611375,黄
2020-04-07,1.32,0.75,0.28,-0.42,-0.5176,1.17,0.01,,3.33,,,22.1,123.0956,2659.41,3340832.0,104.195,109.772,107.332,False,0.0,False,-0.5110918822934696,0,False,0.45,False,,0.9160905970894242,
2020-04-08,1.37,0.77,0.27,-0.42,-0.5156,1.19,0.01,,3.33,,,25.22,123.2216,2749.98,3634386.0,104.195,109.772,107.332,False,0.0,False,-0.5130720566434211,0,False,0.45,False,,1.669295777477421,黄
2020-04-09,1.35,0.73,0.23,-0.5,-0.5377,1.23,0.01,,3.33,,,20.23,122.476,2789.82,3634386.0,104.195,109.772,107.332,False,0.0,False,-0.5095307598074391,0,False,0.45,False,,1.0488509463286548,黄
2020-04-10,1.35,0.73,0.23,-0.5,-0.5377,1.23,0.01,,3.33,,,20.23,122.1592,2789.82,3634386.0,104.195,109.772,107.332,False,0.0,False,-0.5096247639768466,0,False,0.45,False,,1.1642507100778523,黄
2020-04-13,1.39,0.76,0.25,-0.5,-0.5347,1.26,0.02,,3.33,,,20.23,122.5203,2761.63,3634386.0,104.195,109.772,107.332,False,0.0,False,-0.506799681735501,0,False,0.42857142857142855,False,,0.9162761781606408,
2020-04-14,1.41,0.76,0.23,-0.53,-0.5371,1.29,0.06,,3.33,,,21.74,122.1121,2846.06,3634386.0,104.195,109.772,107.332,False,0.0,False,-0.5054161893454477,0,False,0.42857142857142855,False,,0.6138092342375597,
2020-04-15,1.27,0.63,0.2,-0.56,-0.574,1.19,0.03,,3.33,,,19.8,123.0752,2783.36,3788858.0,104.195,109.772,107.332,False,0.0,False,-0.5085184806278868,0,False,0.4090909090909091,False,,0.5453092780371057,
2020-04-16,1.21,0.61,0.2,-0.42,-0.584,1.03,0.03,,3.31,,,18.69,123.4615,2799.55,3788858.0,104.195,109.772,107.332,False,0.0,False,-0.508329638392784,0,False,0.4090909090909091,False,,0.5393695027124048,
2020-04-17,1.27,0.65,0.2,-0.36,-0.5717,1.01,0.03,,3.31,,,19.75,122.871,2874.56,3788858.0,104.195,109.772,107.332,False,0.0,False,-0.5129360732202506,0,False,0.4090909090909091,False,,0.5335646179795493,
2020-04-20,1.23,0.63,0.2,-0.31,-0.5767,0.94,0.02,,3.31,,,17.36,123.1033,2823.16,3788858.0,104.195,109.772,107.332,False,0.0,False,-0.5123102910987973,0,False,0.391304347826087,False,,0.5070904776775761,
2020-04-21,1.17,0.58,0.2,-0.38,-0.5885,0.96,0.01,,3.31,,,9.12,123.9116,2736.56,3788858.0,104.195,109.772,107.332,False,0.0,False,-0.514050185024312,0,False,0.375,False,,0.3969890930590494,
2020-04-22,1.22,0.63,0.22,-0.43,-0.5768,1.06,0.01,,3.31,,,13.77,123.9256,2799.31,3909352.0,104.195,109.772,107.332,False,0.0,False,-0.5175358278215666,0,False,0.375,False,,0.3930759713997288,
2020-04-23,1.18,0.61,0.22,-0.44,-0.5776,1.05,0.01,,3.33,,,15.06,123.7542,2797.8,3909352.0,104.195,109.772,107.332,False,0.0,False,-0.5160432759672758,0,False,0.375,False,,-0.1786461229047979,
2020-04-24,1.17,0.6,0.22,-0.51,-0.5799,1.11,0.03,,3.33,,,15.87,124.1615,2836.74,3909352.0,104.195,109.772,107.332,False,0.0,False,-0.5147558096718213,0,False,0.375,False,,-0.1495572264538687,
2020-04-27,1.25,0.67,0.24,-0.5,-0.561,1.17,0.03,,3.33,,,15.17,123.8843,2878.48,3909352.0,104.195,109.772,107.332,False,0.0,False,-0.5173974457409363,0,False,0.375,False,,-0.090583779713292,
2020-04-28,1.2,0.62,0.2,-0.52,-0.5715,1.14,0.01,,3.33,,,15.6,123.3693,2863.39,3909352.0,104.195,109.772,107.332,False,0.0,False,-0.517844552735991,0,False,0.375,False,,0.3125994063498177,
2020-04-29,1.24,0.63,0.2,-0.51,-0.5744,1.14,0.01,,3.33,,,17.86,122.7782,2939.51,3971419.0,104.195,109.772,107.332,False,0.0,False,-0.5168711318591852,0,False,0.375,False,,0.0678583693475955,
2020-04-30,1.28,0.64,0.2,-0.43,-0.5691,1.07,0.04,,3.23,,,18.11,122.327,2912.43,3971419.0,104.195,109.772,107.332,False,0.0,False,-0.5149490711954683,0,False,0.375,False,,0.189996171160412,
2020-05-01,1.27,0.64,0.2,-0.42,-0.5682,1.06,0.03,,3.23,,,18.49,123.1492,2830.71,3971419.0,104.195,109.772,107.332,False,0.0,False,-0.5089796074600289,0,False,0.36,False,,0.3126794402885626,
2020-05-04,1.29,0.64,0.19,-0.43,-0.5728,1.07,0.05,,3.23,,,20.4,123.2117,2842.74,3971419.0,104.195,109.772,107.332,False,0.0,False,-0.5078962482619556,0,False,0.36,False,,0.1464578589090845,
2020-05-05,1.32,0.66,0.19,-0.44,-0.5703,1.1,0.05,,3.23,,,25.46,122.803,2868.44,3971419.0,104.195,109.772,107.332,False,0.0,False,-0.5086780077258525,0,False,0.36,False,,0.3128626460490958,
2020-05-06,1.41,0.72,0.17,-0.38,-0.5556,1.1,0.05,,3.23,,,24.2,123.609,2848.42,4020191.0,104.195,109.772,107.332,False,0.0,False,-0.5041417748841903,0,False,0.36,False,,-0.180248849694996,
2020-05-07,1.31,0.63,0.13,-0.45,-0.5848,1.08,0.05,,3.26,,,24.23,123.1249,2881.19,4020191.0,104.195,109.772,107.332,False,0.0,False,-0.49705528114931696,0,False,0.36,False,,-0.180061862689052,
2020-05-08,1.39,0.69,0.16,-0.43,-0.5736,1.12,0.06,,3.26,,,24.23,122.5379,2929.8,4020191.0,104.195,109.772,107.332,False,0.0,False,-0.5001078585381009,0,False,0.36,False,,0.4368443529085064,
2020-05-11,1.43,0.73,0.17,-0.4,-0.5593,1.13,0.06,,3.26,,,25.53,123.2333,2930.32,4020191.0,104.195,109.772,107.332,False,0.0,False,-0.4985567854745435,0,False,0.36,False,,-0.0587654375565466,
2020-05-12,1.38,0.69,0.17,-0.4,-0.5674,1.09,0.06,,3.26,,,26.67,123.0592,2870.12,4020191.0,104.195,109.772,107.332,False,0.0,False,-0.4995305148223064,0,False,0.38461538461538464,False,,-0.180530194961113,
2020-05-13,1.35,0.64,0.16,-0.43,-0.583,1.07,0.04,,3.26,,,27.89,123.5408,2820.0,4057268.0,104.195,109.772,107.332,False,0.0,False,-0.500936571776096,0,False,0.37037037037037035,False,,0.1199342825357626,
2020-05-14,1.3,0.63,0.16,-0.43,-0.5918,1.06,0.02,,3.28,,,29.87,123.6429,2852.5,4057268.0,104.195,109.772,107.332,False,0.0,False,-0.5007389974612593,0,False,0.37037037037037035,False,,0.0777288006907332,
2020-05-15,1.32,0.64,0.16,-0.45,-0.5894,1.09,0.05,,3.28,,,30.95,123.5991,2863.7,4057268.0,104.195,109.772,107.332,False,0.0,False,-0.5012077206130171,0,False,0.37037037037037035,False,,0.1407854353162585,
2020-05-18,1.44,0.73,0.18,-0.44,-0.56,1.17,0.04,,3.28,,,33.3,122.7968,2953.91,4057268.0,104.195,109.772,107.332,False,0.0,False,-0.5083540024984493,0,False,0.37037037037037035,False,,0.1195446574857763,
2020-05-19,1.43,0.7,0.17,-0.45,-0.5629,1.15,0.04,,3.28,,,33.06,122.5655,2922.94,4057268.0,104.195,109.772,107.332,False,0.0,False,-0.5087760387524951,0,False,0.39285714285714285,False,,0.0598502772017571,
2020-05-20,1.4,0.68,0.16,-0.48,-0.5684,1.16,0.01,,3.28,,,34.76,122.1007,2971.61,4089331.0,104.195,109.772,107.332,False,0.0,False,-0.506650413440668,0,False,0.39285714285714285,False,,0.3167557281109811,
2020-05-21,1.4,0.68,0.17,-0.46,-0.5698,1.14,0.02,,3.24,,,34.78,122.0914,2948.51,4089331.0,104.195,109.772,107.332,False,0.0,False,-0.5010432186487543,0,False,0.39285714285714285,False,,0.5448315597143344,
2020-05-22,1.37,0.66,0.17,-0.46,-0.5787,1.12,0.04,,3.24,,,33.8,122.3211,2955.45,4089331.0,104.195,109.772,107.332,False,0.0,False,-0.49861148643104464,0,False,0.39285714285714285,False,,0.5847264715682287,
2020-05-25,1.37,0.66,0.17,-0.46,-0.5787,1.12,0.04,,3.24,,,33.8,122.3211,2955.45,4089331.0,104.195,109.772,107.332,False,0.0,False,-0.49883339269398164,0,False,0.39285714285714285,False,,0.5823684846395769,
2020-05-26,1.43,0.69,0.18,-0.44,-0.5722,1.13,0.06,,3.24,,,33.95,121.3864,2991.77,4089331.0,104.195,109.772,107.332,False,0.0,False,-0.5013302668991372,0,False,0.39285714285714285,False,,0.222115665944579,
2020-05-27,1.44,0.68,0.19,-0.46,-0.5768,1.14,0.06,,3.24,,,32.73,121.5677,3036.13,4109512.0,104.195,109.772,107.332,False,0.0,False,-0.5073693428297404,0,False,0.39285714285714285,False,,0.1781600111381765,
2020-05-28,1.47,0.7,0.17,-0.48,-0.5741,1.18,0.06,,3.15,,,33.98,121.0138,3029.73,4109512.0,104.195,109.772,107.332,False,0.0,False,-0.5177630756381849,0,False,0.39285714285714285,False,,0.2290089525511111,
2020-05-29,1.41,0.65,0.16,-0.5,-0.5904,1.15,0.06,,3.15,,,34.15,120.9458,3044.31,4109512.0,104.195,109.772,107.332,False,0.0,False,-0.5107783611318975,0,False,0.39285714285714285,False,,0.2285406174306224,
2020-06-01,1.46,0.66,0.14,-0.52,-0.5922,1.18,0.06,,3.15,,,36.74,120.2686,3055.73,4109512.0,104.195,109.772,107.332,False,0.0,False,-0.5147455371816297,0,False,0.39285714285714285,False,,0.2280749512303856,
2020-06-02,1.48,0.68,0.17,-0.5,-0.5869,1.18,0.07,,3.15,,,37.72,119.6854,3080.82,4109512.0,104.195,109.772,107.332,False,0.0,False,-0.5072764359892632,0,False,0.39285714285714285,False,,0.2235664230771978,
2020-06-03,1.56,0.77,0.19,-0.44,-0.5583,1.21,0.06,,3.15,,,37.98,119.2556,3122.87,4134356.0,104.195,109.772,107.332,False,0.0,False,-0.5102045598783987,0,False,0.39285714285714285,False,,0.9416829981240796,
2020-06-04,1.61,0.82,0.19,-0.4,-0.5345,1.22,0.07,,3.18,,,38.41,119.3014,3112.35,4134356.0,104.195,109.772,107.332,True,1.0,False,-0.464348893092022,0,False,0.39285714285714285,False,,1.3070858583892575,黄
2020-06-05,1.68,0.91,0.22,-0.36,-0.4952,1.27,0.07,,3.18,,,41.0,118.8138,3193.93,4134356.0,104.195,109.772,107.332,True,2.0,False,-0.445771691234808,0,False,0.39285714285714285,False,,2.9479098022654004,红
2020-06-08,1.65,0.88,0.22,-0.4,-0.4925,1.28,0.07,,3.18,,,39.66,118.6621,3232.39,4134356.0,104.195,109.772,107.332,True,3.0,False,-0.47136452458896777,0,False,0.39285714285714285,False,,2.4126454646852977,红
2020-06-09,1.59,0.84,0.2,-0.42,-0.5105,1.26,0.08,,3.18,,,40.45,118.5893,3207.18,4134356.0,104.195,109.772,107.332,True,4.0,False,-0.5480822055535474,0,False,0.39285714285714285,False,,1.6858311705787803,黄
2020-06-10,1.53,0.75,0.17,-0.52,-0.5455,1.27,0.07,,3.18,,,41.18,118.5231,3190.14,4150409.0,104.195,109.772,107.332,False,4.0,False,-0.5483926449903918,0,False,0.39285714285714285,False,,0.645808726279849,
2020-06-11,1.41,0.66,0.19,-0.55,-0.5767,1.21,0.08,,3.21,,,37.76,119.2347,3002.1,4150409.0,104.195,109.772,107.332,False,4.0,False,-0.4801412064508681,0,False,0.3793103448275862,False,,0.5062954095880587,
2020-06-12,1.45,0.71,0.19,-0.5,-0.576,1.21,0.08,,3.21,,,38.54,119.6645,3041.31,4150409.0,104.195,109.772,107.332,False,4.0,False,-0.41968963415354027,0,False,0.3793103448275862,False,,0.5049149146908662,
2020-06-15,1.45,0.71,0.19,-0.52,-0.5773,1.23,0.09,,3.21,,,39.44,119.9539,3066.59,4150409.0,104.195,109.772,107.332,False,4.0,False,-0.5619627169356267,0,False,0.3793103448275862,False,,0.5249208630274497,
2020-06-16,1.54,0.75,0.21,-0.52,-0.5665,1.27,0.09,,3.21,,,40.75,119.567,3124.74,4150409.0,104.195,109.772,107.332,False,4.0,False,-0.5688810268655996,0,False,0.3793103448275862,False,,0.4422998045495134,
2020-06-17,1.52,0.74,0.19,-0.52,-0.5676,1.26,0.09,,3.21,,,40.47,119.9105,3113.49,4169340.0,104.195,109.772,107.332,False,4.0,False,-0.5316283643592231,0,False,0.3793103448275862,False,,0.441382666494913,
2020-06-18,1.47,0.71,0.19,-0.57,-0.5748,1.28,0.09,,3.13,,,41.75,120.2173,3115.34,4169340.0,104.195,109.772,107.332,False,4.0,False,-0.5102663260785008,0,False,0.3793103448275862,False,,0.4404713190691105,
2020-06-19,1.47,0.7,0.19,-0.6,-0.5772,1.3,0.09,,3.13,,,42.33,120.2186,3097.74,4169340.0,104.195,109.772,107.332,False,4.0,False,-0.47737616701733915,0,False,0.3793103448275862,False,,0.4395657009576877,
2020-06-22,1.46,0.71,0.19,-0.63,-0.5763,1.34,0.08,,3.13,,,43.2,119.7532,3117.86,4169340.0,104.195,109.772,107.332,False,4.0,False,-0.47603719862193217,0,False,0.3793103448275862,False,,0.4172015915044266,
2020-06-23,1.49,0.72,0.18,-0.66,-0.5756,1.38,0.07,,3.13,,,42.72,119.3285,3131.29,4169340.0,104.195,109.772,107.332,False,4.0,False,-0.5578605079642435,0,False,0.3793103448275862,False,,0.2798182661132626,
2020-06-24,1.44,0.69,0.19,-0.64,-0.5837,1.33,0.08,,3.13,,,40.4,119.9744,3050.33,4197404.0,104.195,109.772,107.332,False,4.0,False,-0.5316648511196319,0,False,0.36666666666666664,False,,0.365425591035902,
2020-06-25,1.43,0.68,0.17,-0.65,-0.5852,1.33,0.09,,3.13,,,41.18,120.2997,3083.76,4197404.0,104.195,109.772,107.332,False,4.0,False,-0.5509850568179164,0,False,0.36666666666666664,False,,0.1011135837059054,
2020-06-26,1.37,0.64,0.17,-0.68,-0.5986,1.32,0.08,,3.13,,,40.97,120.533,3009.05,4197404.0,104.195,109.772,107.332,False,4.0,False,-0.5623313091708991,0,False,0.3548387096774194,False,,0.0794710734340994,
2020-06-29,1.39,0.64,0.16,-0.7,-0.6082,1.34,0.08,,3.13,,,41.58,120.6658,3053.24,4197404.0,104.195,109.772,107.332,False,4.0,False,-0.5319417662983355,0,False,0.3548387096774194,False,,0.079383143573969,
2020-06-30,1.41,0.66,0.16,-0.68,-0.6055,1.34,0.1,,3.13,,,41.64,120.4649,3100.29,4197404.0,104.195,109.772,107.332,False,4.0,False,-0.5349749615837394,0,False,0.3548387096774194,False,,-0.0682372824004851,
2020-07-01,1.43,0.69,0.17,-0.68,-0.5934,1.37,0.11,,3.13,,,42.18,120.0808,3115.86,4213220.0,100.005,111.491,104.121,False,4.0,False,-0.5345865633327469,0,False,0.3548387096774194,False,,-0.0465907214317044,
2020-07-02,1.43,0.68,0.16,-0.73,-0.5953,1.41,0.11,,3.07,,,43.19,119.8555,3130.01,4213220.0,100.005,111.491,104.121,False,4.0,False,-0.5336182439418551,0,False,0.3548387096774194,False,,-0.0465508401550221,
2020-07-03,1.43,0.68,0.16,-0.73,-0.5953,1.41,0.11,,3.07,,,42.92,119.8555,3130.01,4213220.0,100.005,111.491,104.121,False,4.0,False,-0.5558879407405668,0,False,0.3548387096774194,False,,0.2914881764073158,
2020-07-06,1.45,0.69,0.16,-0.76,-0.5905,1.45,0.1,,3.07,,,42.73,119.2852,3179.72,4213220.0,100.005,111.491,104.121,False,4.0,False,-0.5583551253224206,0,False,0.3548387096774194,False,,0.4094029666441824,
2020-07-07,1.38,0.65,0.16,-0.78,-0.6023,1.43,0.1,,3.07,,,43.28,119.5717,3145.32,4213220.0,100.005,111.491,104.121,False,4.0,False,-0.5801222448513571,0,False,0.34375,False,,-0.1830835354253603,
2020-07-08,1.39,0.67,0.16,-0.75,-0.6027,1.42,0.1,,3.07,,,43.67,119.5525,3169.94,4231355.0,100.005,111.491,104.121,False,4.0,False,-0.5813097056509356,0,False,0.34375,False,,-0.1829071633054902,
2020-07-09,1.32,0.62,0.16,-0.77,-0.6144,1.39,0.1,,3.03,,,42.35,119.5129,3152.05,4231355.0,100.005,111.491,104.121,False,4.0,False,-0.5968113292336352,0,False,0.34375,False,,-0.1827313000446346,
2020-07-10,1.33,0.65,0.16,-0.76,-0.6057,1.41,0.1,,3.03,,,43.27,119.3509,3185.04,4231355.0,100.005,111.491,104.121,False,4.0,False,-0.6128045061471113,0,False,0.34375,False,,-0.1825559432001144,
2020-07-13,1.33,0.64,0.16,-0.78,-0.6074,1.42,0.1,,3.03,,,42.85,119.1891,3155.22,4231355.0,100.005,111.491,104.121,False,4.0,False,-0.5946114732678505,0,False,0.34375,False,,-0.1823810903456378,
2020-07-14,1.3,0.63,0.14,-0.78,-0.6126,1.41,0.11,,3.03,,,42.97,119.3901,3197.52,4231355.0,100.005,111.491,104.121,False,4.0,False,-0.5922981728657483,0,False,0.34375,False,,-0.1822067390711592,
2020-07-15,1.33,0.64,0.16,-0.77,-0.6127,1.41,0.13,,3.03,,,43.96,119.0331,3226.56,4253229.0,100.005,111.491,104.121,False,4.0,False,-0.5842410039940594,0,False,0.34375,False,,-0.1820328869827395,
2020-07-16,1.31,0.62,0.16,-0.79,-0.6139,1.41,0.12,,2.98,,,43.71,118.9275,3215.57,4253229.0,100.005,111.491,104.121,False,4.0,False,-0.5841002677407898,0,False,0.34375,False,,-0.1818595317024077,
2020-07-17,1.33,0.64,0.14,-0.82,-0.609,1.46,0.12,,2.98,,,43.53,119.124,3224.73,4253229.0,100.005,111.491,104.121,False,4.0,False,-0.5686154355919332,0,False,0.34375,False,,-0.1816866708680247,
2020-07-20,1.32,0.62,0.16,-0.84,-0.611,1.46,0.12,,2.98,,,43.3,119.0483,3251.84,4253229.0,100.005,111.491,104.121,False,4.0,False,-0.5513476674215618,0,False,0.34375,False,,-0.1815143021331476,
2020-07-21,1.31,0.61,0.14,-0.87,-0.6176,1.48,0.11,,2.98,,,44.31,118.4042,3257.3,4253229.0,100.005,111.491,104.121,False,4.0,False,-0.5509071270619298,0,False,0.3548387096774194,False,,-0.1813424231668961,
2020-07-22,1.29,0.6,0.14,-0.88,-0.6206,1.48,0.1,,2.98,,,43.98,118.1337,3276.02,4265878.0,100.005,111.491,104.121,False,4.0,False,-0.5557372907946792,0,False,0.3548387096774194,False,,-0.1811710316538199,
2020-07-23,1.24,0.59,0.16,-0.9,-0.6238,1.49,0.1,,3.01,,,42.96,118.0613,3235.66,4265878.0,100.005,111.491,104.121,False,4.0,False,-0.5475812366394546,0,False,0.375,False,,-0.06386605197834,
2020-07-24,1.23,0.59,0.14,-0.92,-0.6238,1.51,0.1,,3.01,,,43.29,118.1329,3215.63,4265878.0,100.005,111.491,104.121,False,4.0,False,-0.5440634054634661,0,False,0.375,False,,-0.0638083610655137,
2020-07-27,1.25,0.62,0.15,-0.9,-0.6158,1.52,0.1,,3.01,,,43.39,117.3869,3239.41,4265878.0,100.005,111.491,104.121,False,4.0,False,-0.5515330464133136,0,False,0.3548387096774194,False,,0.3245862938379918,
2020-07-28,1.22,0.59,0.14,-0.92,-0.6253,1.51,0.1,,3.01,,,43.11,117.3189,3218.44,4265878.0,100.005,111.491,104.121,False,4.0,False,-0.5608542251378816,0,False,0.3548387096774194,False,,-0.1804902943570077,
2020-07-29,1.24,0.58,0.12,-0.95,-0.6309,1.53,0.09,,3.01,,,43.51,117.2126,3258.44,4293563.0,100.005,111.491,104.121,False,4.0,False,-0.577265407743068,0,False,0.3548387096774194,False,,-0.1803213059090019,
2020-07-30,1.2,0.55,0.11,-0.97,-0.6417,1.52,0.1,,2.99,,,42.98,117.4008,3246.22,4293563.0,100.005,111.491,104.121,False,4.0,False,-0.5790756095425171,0,False,0.3548387096774194,False,,-0.1801527913382525,
2020-07-31,1.2,0.55,0.11,-1.0,-0.6471,1.55,0.1,,2.99,,,43.13,117.2082,3271.12,4293563.0,100.005,111.491,104.121,False,4.0,False,-0.5767112615022687,0,False,0.3548387096774194,False,,-0.1799847484337231,
2020-08-03,1.23,0.56,0.11,-1.02,-0.6458,1.58,0.1,,2.99,,,43.76,117.8074,3294.61,4293563.0,100.005,111.491,104.121,False,4.0,False,-0.6100872095191822,0,False,0.3548387096774194,False,,-0.1798171749987963,
2020-08-04,1.19,0.52,0.11,-1.05,-0.6587,1.57,0.09,,2.99,,,43.99,117.7833,3306.51,4293563.0,100.005,111.491,104.121,False,4.0,False,-0.6598286513156107,0,False,0.3548387096774194,False,,-0.179650068851152,
2020-08-05,1.22,0.55,0.11,-1.06,-0.6519,1.61,0.09,,2.99,,,44.92,116.8736,3327.77,4305651.0,100.005,111.491,104.121,False,4.0,False,-0.6514692281593942,0,False,0.3548387096774194,False,,-0.1794834278226484,
2020-08-06,1.2,0.55,0.11,-1.08,-0.6527,1.63,0.09,,2.88,,,45.04,117.0422,3349.16,4305651.0,100.005,111.491,104.121,False,4.0,False,-0.6618057345366531,0,False,0.3548387096774194,False,,-0.1793172497592039,
2020-08-07,1.23,0.57,0.13,-1.04,-0.6443,1.61,0.09,,2.88,,,44.07,117.6239,3351.28,4305651.0,100.005,111.491,104.121,False,4.0,False,-0.6503077832628823,0,False,0.3548387096774194,False,,-0.1791515325206794,
2020-08-10,1.25,0.59,0.14,-1.02,-0.6385,1.61,0.09,,2.88,,,44.19,117.5821,3360.47,4305651.0,100.005,111.491,104.121,False,4.0,False,-0.6361640319268915,0,False,0.3548387096774194,False,,0.1825415219805125,
2020-08-11,1.32,0.64,0.16,-0.99,-0.6187,1.63,0.1,,2.88,,,43.68,117.3781,3333.69,4305651.0,100.005,111.491,104.121,False,4.0,False,-0.6090168962443954,0,False,0.3548387096774194,False,,1.2612354207963157,黄
2020-08-12,1.37,0.69,0.16,-0.98,-0.5991,1.67,0.09,,2.88,,,45.09,117.2559,3380.35,4320093.0,100.005,111.491,104.121,False,4.0,False,-0.6152346759118646,0,False,0.3548387096774194,False,,-0.0117675931493615,
2020-08-13,1.42,0.71,0.16,-0.96,-0.5826,1.67,0.09,,2.96,,,44.87,117.1193,3373.43,4320093.0,100.005,111.491,104.121,False,4.0,False,-0.5722090456800815,0,False,0.3548387096774194,False,,0.4175008509299327,
2020-08-14,1.45,0.71,0.14,-0.94,-0.581,1.65,0.09,,2.96,,,44.86,116.9395,3372.85,4320093.0,100.005,111.491,104.121,False,4.0,False,-0.5658633596647417,0,False,0.3548387096774194,False,,1.4921275603021602,黄
2020-08-17,1.43,0.69,0.14,-0.97,-0.5868,1.66,0.1,,2.96,,,44.91,116.749,3381.99,4320093.0,100.005,111.491,104.121,False,4.0,False,-0.5829323836901081,0,False,0.3333333333333333,False,,1.009677543790083,黄
2020-08-18,1.4,0.67,0.14,-1.01,-0.5933,1.68,0.09,,2.96,,,45.34,116.5593,3389.78,4320093.0,100.005,111.491,104.121,False,4.0,False,-0.5843237190569168,0,False,0.3448275862068966,False,,0.6217818310221336,
2020-08-19,1.42,0.68,0.14,-0.99,-0.5932,1.67,0.09,,2.96,,,45.21,116.567,3374.85,4345544.0,100.005,111.491,104.121,False,4.0,False,-0.5817309598372457,0,False,0.32142857142857145,False,,0.620594175094145,
2020-08-20,1.38,0.65,0.13,-0.97,-0.6026,1.62,0.07,,2.99,,,44.56,116.8126,3385.51,4345544.0,100.005,111.491,104.121,False,4.0,False,-0.5770743339922987,0,False,0.32142857142857145,False,,0.5749660517925612,
2020-08-21,1.35,0.64,0.16,-1.0,-0.6063,1.64,0.07,,2.99,,,43.94,117.0572,3397.16,4345544.0,100.005,111.491,104.121,False,4.0,False,-0.5711175254399065,0,False,0.2962962962962963,False,,0.5738355755795782,
2020-08-24,1.35,0.65,0.14,-1.02,-0.6037,1.67,0.08,,2.99,,,44.43,116.912,3431.28,4345544.0,100.005,111.491,104.121,False,4.0,False,-0.5821178594642096,0,False,0.2962962962962963,False,,0.5949661260924448,
2020-08-25,1.39,0.69,0.15,-1.01,-0.5933,1.7,0.08,,2.99,,,46.01,116.8206,3443.62,4345544.0,100.005,111.491,104.121,False,4.0,False,-0.5833892271155552,0,False,0.2962962962962963,False,,0.4001162141266443,
2020-08-26,1.41,0.69,0.16,-1.03,-0.5889,1.72,0.07,,2.99,,,45.79,116.6243,3478.73,4358559.0,100.005,111.491,104.121,False,4.0,False,-0.5971842643989824,0,False,0.2692307692307692,False,,0.1161747606513828,
2020-08-27,1.5,0.74,0.16,-0.99,-0.5721,1.73,0.07,,2.91,,,44.84,116.649,3484.55,4358559.0,100.005,111.491,104.121,True,4.0,False,-0.5860392452759127,0,False,0.2692307692307692,False,,0.8932682353116119,
2020-08-28,1.52,0.74,0.14,-1.03,-0.5723,1.77,0.07,,2.91,,,45.22,115.9374,3508.01,4358559.0,100.005,111.491,104.121,True,4.0,False,-0.5833340672787622,0,False,0.28,False,,1.0087862912745311,黄
2020-08-31,1.49,0.72,0.14,-1.08,-0.5781,1.8,0.09,,2.91,,,45.22,115.7586,3500.31,4358559.0,100.005,111.491,104.121,True,4.0,False,-0.5814043786899894,0,False,0.25,False,,0.6493574195406684,
2020-09-01,1.43,0.68,0.13,-1.08,-0.5926,1.76,0.09,,2.91,,,45.72,115.5687,3526.65,4358559.0,100.005,111.491,104.121,True,4.0,False,-0.5892892846285102,0,False,0.2608695652173913,False,,0.4320865428960562,
2020-09-02,1.38,0.66,0.14,-1.07,-0.6008,1.73,0.09,,2.91,,,42.7,116.0304,3580.84,4386637.0,100.005,111.491,104.121,False,4.0,False,-0.5334470122475459,0,False,0.2608695652173913,False,,0.0133227060722874,
2020-09-03,1.34,0.63,0.13,-1.02,-0.614,1.65,0.1,,2.93,,,42.72,116.0685,3455.06,4386637.0,100.005,111.491,104.121,False,4.0,False,-0.5520178290576134,0,False,0.2608695652173913,False,,0.0301735228015175,
2020-09-04,1.46,0.72,0.14,-0.98,-0.5878,1.7,0.09,,2.93,,,41.1,116.0347,3426.96,4386637.0,100.005,111.491,104.121,True,5.0,False,-0.4701659874788808,0,False,0.2727272727272727,False,,0.0134061696590084,
2020-09-07,1.46,0.72,0.14,-0.98,-0.5878,1.7,0.09,,2.93,,,40.67,116.0347,3426.96,4386637.0,100.005,111.491,104.121,False,5.0,False,-0.4793735798081085,0,False,0.2727272727272727,False,,0.0134520528440057,
2020-09-08,1.43,0.69,0.14,-0.99,-0.5932,1.68,0.09,,2.93,,,38.53,116.4618,3331.84,4386637.0,100.005,111.491,104.121,False,5.0,False,-0.35732932625962033,0,False,0.2727272727272727,False,,0.2000424257817499,
2020-09-09,1.45,0.71,0.14,-1.0,-0.5913,1.71,0.09,,2.93,,,39.98,116.1291,3398.96,4393621.0,100.005,111.491,104.121,False,5.0,False,-0.349232099474448,0,False,0.2727272727272727,False,,0.0236383098941968,
2020-09-10,1.43,0.68,0.14,-1.01,-0.5975,1.69,0.09,,2.86,,,39.27,115.8806,3339.19,4393621.0,100.005,111.491,104.121,False,5.0,False,-0.3690203199669301,0,False,0.3181818181818182,False,,0.4142918626370349,
2020-09-11,1.42,0.67,0.13,-0.98,-0.6019,1.65,0.09,,2.86,,,38.8,116.0866,3340.97,4393621.0,100.005,111.491,104.121,False,5.0,False,-0.3435379202296375,0,False,0.3181818181818182,False,,0.0367899539265002,
2020-09-14,1.42,0.68,0.14,-0.97,-0.6009,1.65,0.09,,2.86,,,38.57,115.6428,3383.54,4393621.0,100.005,111.491,104.121,False,5.0,False,-0.3455263969158958,0,False,0.2857142857142857,False,,0.0371504403202351,
2020-09-15,1.43,0.68,0.14,-0.99,-0.6001,1.67,0.1,,2.86,,,39.54,115.5908,3401.2,4393621.0,100.005,111.491,104.121,False,5.0,False,-0.34742488656789666,0,False,0.3,False,,-0.1780344223893671,
2020-09-16,1.45,0.69,0.14,-0.99,-0.5961,1.68,0.1,,2.86,,,41.23,115.3537,3385.49,4407005.0,100.005,111.491,104.121,False,5.0,False,-0.3403211836502432,0,False,0.3,False,,-0.1768229099831719,
2020-09-17,1.43,0.69,0.13,-0.97,-0.5935,1.66,0.1,,2.87,,,42.35,115.4392,3357.01,4407005.0,100.005,111.491,104.121,False,5.0,False,-0.33608986104788424,0,False,0.3,False,,-0.0641981981873607,
2020-09-18,1.45,0.7,0.14,-0.97,-0.589,1.67,0.09,,2.87,,,42.16,115.2395,3319.47,4407005.0,100.005,111.491,104.121,False,5.0,False,-0.3241223076975845,0,False,0.3333333333333333,False,,0.1762490277742152,
2020-09-21,1.43,0.68,0.14,-0.94,-0.5938,1.62,0.08,,2.87,,,40.37,116.378,3281.06,4407005.0,100.005,111.491,104.121,False,5.0,False,-0.3069534106068144,0,False,0.2857142857142857,False,,-0.1847377987336593,
2020-09-22,1.42,0.68,0.13,-0.94,-0.5971,1.62,0.07,,2.87,,,40.84,116.5438,3315.57,4407005.0,100.005,111.491,104.121,False,5.0,False,-0.31313811782467077,0,False,0.2857142857142857,False,,-0.0608897065606538,
2020-09-23,1.42,0.68,0.14,-0.92,-0.5968,1.6,0.06,,2.87,,,41.09,117.2526,3236.92,4431523.0,100.005,111.491,104.121,False,5.0,False,-0.2596768163037802,0,False,0.23809523809523808,False,,0.1596408913717909,
2020-09-24,1.4,0.67,0.14,-0.91,-0.5983,1.58,0.07,,2.9,,,41.24,117.5473,3246.59,4431523.0,100.005,111.491,104.121,False,5.0,False,-0.26200354707524304,0,False,0.25,False,,-0.1842490106938007,
2020-09-25,1.4,0.66,0.12,-0.92,-0.6024,1.58,0.08,,2.9,,,40.91,117.8679,3298.46,4431523.0,100.005,111.491,104.121,False,5.0,False,-0.23637610613063972,0,False,0.25,False,,-0.1840869416822036,
2020-09-28,1.42,0.67,0.14,-0.94,-0.6034,1.61,0.08,,2.9,,,41.59,117.6178,3351.6,4431523.0,100.005,111.491,104.121,False,5.0,False,-0.23726092595152748,0,False,0.2631578947368421,False,,-0.1839252996887284,
2020-09-29,1.41,0.66,0.11,-0.98,-0.6068,1.64,0.07,,2.9,,,40.33,117.526,3335.47,4431523.0,100.005,111.491,104.121,False,5.0,False,-0.24225863646821297,0,False,0.2631578947368421,False,,-0.1837640828411446,
2020-09-30,1.46,0.69,0.13,-0.94,-0.5978,1.63,0.08,,2.9,,,40.3,116.946,3363.0,4445477.0,100.005,111.491,104.121,False,5.0,False,-0.25130550639339316,0,False,0.2631578947368421,False,,-0.0627633694248557,
2020-10-01,1.45,0.68,0.14,-0.95,-0.5961,1.63,0.08,,2.88,,,39.75,116.7227,3380.8,4445477.0,102.798,110.599,107.625,False,5.0,False,-0.2436323513238645,0,False,0.2631578947368421,False,,-0.0627143090693795,
2020-10-02,1.48,0.7,0.13,-0.94,-0.5889,1.64,0.1,,2.88,,,38.0,116.7321,3348.44,4445477.0,102.798,110.599,107.625,False,5.0,False,-0.2062799879277441,0,False,0.2631578947368421,False,,0.3003779960882586,
2020-10-05,1.57,0.78,0.14,-0.9,-0.5618,1.68,0.09,,2.88,,,39.78,116.1767,3408.63,4445477.0,102.798,110.599,107.625,False,5.0,False,-0.25605524199660007,0,False,0.2631578947368421,False,,1.14323156974998,黄
2020-10-06,1.56,0.76,0.14,-0.9,-0.5601,1.66,0.1,,2.88,,,41.27,116.2681,3360.95,4445477.0,102.798,110.599,107.625,False,5.0,False,-0.2581264087025215,0,False,0.2631578947368421,False,,1.0183838300143149,黄
2020-10-07,1.6,0.81,0.16,-0.9,-0.5446,1.71,0.09,,2.88,,,40.62,116.3447,3419.45,4469848.0,102.798,110.599,107.625,False,5.0,False,-0.27899650604773657,0,False,0.2631578947368421,False,,1.2523536758258118,黄
2020-10-08,1.57,0.78,0.13,-0.94,-0.5497,1.72,0.08,,2.87,,,42.0,116.1657,3446.83,4469848.0,102.798,110.599,107.625,False,5.0,False,-0.2585549256184319,0,False,0.2777777777777778,False,,1.008389107619919,黄
2020-10-09,1.58,0.79,0.16,-0.94,-0.5449,1.73,0.09,,2.87,,,41.63,115.2757,3477.13,4469848.0,102.798,110.599,107.625,False,5.0,False,-0.2715999215838619,0,False,0.2777777777777778,False,,0.8858422946756962,
2020-10-12,1.58,0.79,0.16,-0.94,-0.5449,1.73,0.09,,2.87,,,40.5,115.2757,3534.22,4469848.0,102.798,110.599,107.625,False,5.0,False,-0.26361274897067843,0,False,0.2777777777777778,False,,-0.0703892925899206,
2020-10-13,1.52,0.74,0.16,-0.96,-0.5607,1.7,0.09,,2.87,,,41.34,115.9107,3511.93,4469848.0,102.798,110.599,107.625,False,5.0,False,-0.27246986320816424,0,False,0.29411764705882354,False,,-0.0686209522929965,
2020-10-14,1.5,0.73,0.14,-0.96,-0.5689,1.69,0.09,,2.87,,,41.81,115.6872,3488.67,4484978.0,102.798,110.599,107.625,False,5.0,False,-0.27543886757286384,0,False,0.3125,False,,-0.0678906160717373,
2020-10-15,1.52,0.74,0.14,-0.95,-0.5662,1.69,0.1,,2.81,,,41.61,116.0964,3483.34,4484978.0,102.798,110.599,107.625,False,5.0,False,-0.284443522420984,0,False,0.3125,False,,-0.0499262484953949,
2020-10-16,1.52,0.76,0.14,-0.95,-0.5626,1.71,0.09,,2.81,,,41.34,115.7679,3483.81,4484978.0,102.798,110.599,107.625,False,5.0,False,-0.2833078735705345,0,False,0.3125,False,,-0.0663312395673877,
2020-10-19,1.55,0.78,0.16,-0.93,-0.5544,1.71,0.09,,2.81,,,41.29,115.4031,3426.92,4484978.0,102.798,110.599,107.625,False,5.0,False,-0.26539034351111296,0,False,0.35294117647058826,False,,-0.0655545141158377,
2020-10-20,1.6,0.81,0.14,-0.91,-0.5427,1.72,0.08,,2.81,,,41.62,115.2485,3443.12,4484978.0,102.798,110.599,107.625,False,5.0,False,-0.26285889427444625,0,False,0.35294117647058826,False,,0.6495923308150444,
2020-10-21,1.62,0.83,0.14,-0.91,-0.5322,1.74,0.07,,2.81,,,40.09,114.9108,3435.56,4509778.0,102.798,110.599,107.625,False,5.0,False,-0.25870492115391214,0,False,0.35294117647058826,False,,1.0055987523028702,黄
2020-10-22,1.67,0.87,0.16,-0.89,-0.5141,1.76,0.07,,2.8,,,41.28,115.1158,3453.49,4509778.0,102.798,110.599,107.625,True,6.0,False,-0.2566210500327171,0,False,0.35294117647058826,False,,1.3560026209701654,黄
2020-10-23,1.64,0.85,0.18,-0.9,-0.5131,1.75,0.08,,2.8,,,40.71,115.0126,3465.39,4509778.0,102.798,110.599,107.625,True,7.0,False,-0.2425566973286099,0,False,0.35294117647058826,False,,0.8769062204435558,
2020-10-26,1.59,0.81,0.16,-0.91,-0.525,1.72,0.09,,2.8,,,39.06,115.2797,3400.97,4509778.0,102.798,110.599,107.625,False,7.0,False,-0.28602684429110276,0,False,0.35294117647058826,False,,0.163300756901951,
2020-10-27,1.57,0.79,0.16,-0.92,-0.5352,1.71,0.09,,2.8,,,39.72,115.0131,3390.68,4509778.0,102.798,110.599,107.625,False,7.0,False,-0.2846286536579302,0,False,0.35294117647058826,False,,0.1454605730224135,
2020-10-28,1.56,0.79,0.16,-0.91,-0.5381,1.7,0.08,,2.8,,,37.86,115.8023,3271.03,4527186.0,102.798,110.599,107.625,False,7.0,False,-0.2724144001999522,0,False,0.3333333333333333,False,,-0.122586730445042,
2020-10-29,1.62,0.85,0.16,-0.86,-0.5198,1.71,0.09,,2.81,,,36.56,116.3069,3310.11,4527186.0,102.798,110.599,107.625,True,8.0,False,-0.29133379178049595,0,False,0.3333333333333333,False,,0.2776508783130184,
2020-10-30,1.65,0.88,0.14,-0.82,-0.5045,1.7,0.09,,2.81,,,36.33,116.1354,3269.96,4527186.0,102.798,110.599,107.625,True,9.0,False,-0.2867718816262196,0,False,0.3684210526315789,False,,0.2775138964064481,
2020-11-02,1.63,0.87,0.16,-0.84,-0.5034,1.71,0.11,,2.81,,,37.78,116.2361,3310.24,4527186.0,102.798,110.599,107.625,False,9.0,False,-0.2700087312876572,0,False,0.3684210526315789,False,,0.3119986657613932,
2020-11-03,1.66,0.9,0.17,-0.82,-0.4944,1.72,0.1,,2.81,,,38.17,115.4802,3369.16,4527186.0,102.798,110.599,107.625,False,9.0,False,-0.2858523350462905,0,False,0.3684210526315789,False,,0.2940801819209364,
2020-11-04,1.55,0.78,0.14,-0.86,-0.5281,1.64,0.1,,2.81,,,39.68,115.1677,3443.44,4538087.0,102.798,110.599,107.625,False,9.0,False,-0.14051564531611677,0,False,0.3333333333333333,False,,0.2939206212664103,
2020-11-05,1.54,0.79,0.14,-0.87,-0.5356,1.66,0.11,,2.78,,,39.47,114.4556,3510.45,4538087.0,102.798,110.599,107.625,False,9.0,False,-0.14188114942911928,0,False,0.35294117647058826,False,,0.3111089886256231,
2020-11-06,1.6,0.83,0.16,-0.82,-0.5249,1.65,0.1,,2.78,,,38.08,113.9919,3509.44,4538087.0,102.798,110.599,107.625,False,9.0,False,-0.15758353712466583,0,False,0.35294117647058826,False,,0.2935663735204546,
2020-11-09,1.73,0.96,0.17,-0.77,-0.4818,1.73,0.1,,2.78,,,40.93,114.0895,3550.5,4538087.0,102.798,110.599,107.625,True,10.0,True,-0.17011129939446407,0,False,0.35294117647058826,False,,0.8821822049864924,
2020-11-10,1.75,0.98,0.19,-0.78,-0.4599,1.76,0.1,,2.78,,,42.25,114.0757,3545.53,4538087.0,102.798,110.599,107.625,True,11.0,True,-0.17049492684116327,0,False,0.35294117647058826,False,,0.7608251558911602,
2020-11-11,1.75,0.98,0.19,-0.78,-0.4599,1.76,0.1,,2.78,,,42.5,114.0757,3572.66,4552731.0,102.798,110.599,107.625,True,12.0,True,-0.16896245377065203,0,False,0.3125,False,,2.1611447639150527,红
2020-11-12,1.64,0.88,0.17,-0.83,-0.485,1.71,0.09,,2.84,,,42.16,114.2843,3537.01,4552731.0,102.798,110.599,107.625,False,12.0,True,-0.19641252584635865,0,False,0.3125,False,,0.862855444381301,
2020-11-13,1.65,0.89,0.17,-0.83,-0.4863,1.72,0.09,,2.84,,,41.51,114.2397,3585.15,4552731.0,102.798,110.599,107.625,False,12.0,True,-0.19933877120070678,0,False,0.3125,False,,-0.0511728398240201,
2020-11-16,1.66,0.91,0.19,-0.81,-0.4837,1.72,0.1,,2.84,,,42.71,113.8312,3626.91,4552731.0,102.798,110.599,107.625,False,12.0,True,-0.20508377592783547,0,False,0.3125,False,,-0.0331917343750462,
2020-11-17,1.62,0.87,0.18,-0.83,-0.4956,1.7,0.09,,2.84,,,42.54,113.682,3609.53,4552731.0,102.798,110.599,107.625,False,12.0,True,-0.21440876940255782,0,False,0.3125,False,,0.0110139742181101,
2020-11-18,1.62,0.88,0.16,-0.82,-0.4932,1.7,0.07,,2.84,,,42.91,113.46,3567.79,4584423.0,102.798,110.599,107.625,False,12.0,True,-0.2116121380195252,0,False,0.35294117647058826,False,,-0.0235646453332469,
2020-11-19,1.58,0.86,0.18,-0.84,-0.4987,1.7,0.06,,2.72,,,43.09,113.694,3581.87,4584423.0,102.798,110.599,107.625,False,11.0,True,-0.20748193673926224,0,False,0.35294117647058826,False,,-0.1949241318071676,
2020-11-20,1.53,0.83,0.16,-0.86,-0.506,1.69,0.05,,2.72,,,43.79,113.489,3557.54,4584423.0,102.798,110.599,107.625,False,10.0,True,-0.21176245484415895,0,False,0.35294117647058826,False,,-0.194760371342607,
2020-11-23,1.56,0.86,0.16,-0.85,-0.5011,1.71,0.05,,2.72,,,45.0,113.7548,3577.59,4584423.0,102.798,110.599,107.625,False,9.0,False,-0.21675197893683534,0,False,0.35294117647058826,False,,0.1517644992197527,
2020-11-24,1.6,0.88,0.16,-0.86,-0.4949,1.74,0.07,,2.72,,,46.63,113.4316,3635.41,4584423.0,102.798,110.599,107.625,False,8.0,False,-0.22386945137818423,0,False,0.35294117647058826,False,,-0.0764042412409222,
2020-11-25,1.62,0.88,0.17,-0.87,-0.4938,1.75,0.08,,2.72,,,47.3,113.1823,3629.65,4606580.0,102.798,110.599,107.625,False,8.0,False,-0.22477824566939464,0,False,0.35294117647058826,False,,-0.0865643579320031,
2020-11-26,1.62,0.88,0.17,-0.87,-0.4938,1.75,0.08,,2.72,,,46.32,113.1823,3629.65,4606580.0,102.798,110.599,107.625,False,8.0,False,-0.2234950370896053,0,False,0.35294117647058826,False,,0.0420939937250262,
2020-11-27,1.57,0.84,0.16,-0.91,-0.5053,1.75,0.08,,2.72,,,46.88,113.1823,3638.35,4606580.0,102.798,110.599,107.625,False,7.0,False,-0.230964292307653,0,False,0.35294117647058826,False,,-0.0762281192462036,
2020-11-30,1.58,0.84,0.16,-0.93,-0.5084,1.77,0.09,,2.72,,,46.84,113.2256,3621.63,4606580.0,102.798,110.599,107.625,False,7.0,False,-0.2452343436452421,0,False,0.35294117647058826,False,,-0.0677106894152303,
2020-12-01,1.66,0.92,0.17,-0.89,-0.4835,1.81,0.08,,2.72,,,47.03,112.8063,3662.45,4606580.0,102.798,110.599,107.625,False,7.0,False,-0.23977267922778428,0,False,0.35294117647058826,False,,0.2793484609104976,
2020-12-02,1.7,0.95,0.16,-0.9,-0.4703,1.85,0.08,,2.72,,,47.8,112.6115,3669.01,4614410.0,102.798,110.599,107.625,True,8.0,False,-0.278441969164067,0,False,0.35294117647058826,False,,0.6339357326324787,
2020-12-03,1.67,0.92,0.16,-0.94,-0.474,1.86,0.08,,2.71,,,48.37,112.0236,3666.72,4614410.0,102.798,110.599,107.625,False,8.0,False,-0.2785684192505569,0,False,0.35294117647058826,False,,0.2780466355702994,
2020-12-04,1.73,0.97,0.16,-0.92,-0.4621,1.89,0.09,,2.71,,,49.1,111.7778,3699.12,4614410.0,102.798,110.599,107.625,False,8.0,False,-0.26605049955887744,0,False,0.375,False,,1.3375320458386488,黄
2020-12-07,1.69,0.94,0.14,-0.94,-0.4708,1.88,0.08,,2.71,,,48.63,111.8385,3691.96,4614410.0,102.798,110.599,107.625,False,8.0,False,-0.26338345484964754,0,False,0.375,False,,0.9798861882188288,
2020-12-08,1.67,0.92,0.14,-0.97,-0.4775,1.89,0.07,,2.71,,,48.84,111.8639,3702.25,4614410.0,102.798,110.599,107.625,False,8.0,False,-0.2447909202349375,0,False,0.375,False,,0.0694810125141817,
2020-12-09,1.69,0.95,0.16,-0.96,-0.4707,1.91,0.08,,2.71,,,48.81,112.0305,3672.82,4630538.0,102.798,110.599,107.625,False,8.0,False,-0.23293692452144316,0,False,0.375,False,,-0.1980862955124774,
2020-12-10,1.65,0.92,0.14,-0.96,-0.4793,1.88,0.08,,2.71,,,50.33,111.9788,3668.1,4630538.0,102.798,110.599,107.625,False,8.0,False,-0.23421416740811812,0,False,0.375,False,,-0.197922504029219,
2020-12-11,1.63,0.9,0.11,-0.97,-0.4893,1.87,0.08,,2.71,,,50.01,112.1417,3663.46,4630538.0,102.798,110.599,107.625,False,8.0,False,-0.2364235531751838,0,False,0.375,False,,-0.1977591182676738,
2020-12-14,1.63,0.9,0.13,-0.98,-0.4924,1.88,0.08,,2.71,,,50.27,112.1708,3647.49,4630538.0,102.798,110.599,107.625,False,8.0,False,-0.23866220135296434,0,False,0.375,False,,-0.1975961365552957,
2020-12-15,1.65,0.92,0.11,-0.99,-0.4865,1.91,0.09,,2.71,,,50.77,111.8601,3694.62,4630538.0,102.798,110.599,107.625,False,8.0,False,-0.2435650740594445,0,False,0.375,False,,-0.1974335572291773,
2020-12-16,1.66,0.92,0.13,-1.0,-0.4854,1.92,0.09,,2.71,,,50.83,111.7157,3701.17,4662841.0,102.798,110.599,107.625,False,8.0,False,-0.24925551320890066,0,False,0.375,False,,-0.1972713786359784,
2020-12-17,1.68,0.94,0.13,-1.0,-0.4794,1.94,0.09,,2.67,,,51.2,111.2226,3722.48,4662841.0,102.798,110.599,107.625,False,8.0,False,-0.24252501611189947,0,False,0.4,False,,0.039358830097918,
2020-12-18,1.7,0.95,0.13,-1.0,-0.4747,1.95,0.09,,2.67,,,52.17,111.6071,3709.41,4662841.0,102.798,110.599,107.625,False,8.0,False,-0.24335787188716917,0,False,0.4,False,,0.3941436326326812,
2020-12-21,1.68,0.95,0.13,-1.0,-0.4728,1.95,0.09,,2.67,,,50.61,111.9415,3694.92,4662841.0,102.798,110.599,107.625,False,8.0,False,-0.2506245122651252,0,False,0.42857142857142855,False,,0.3936913267486179,
2020-12-22,1.65,0.93,0.13,-1.01,-0.4808,1.94,0.07,,2.67,,,49.88,112.1947,3687.26,4662841.0,102.798,110.599,107.625,False,8.0,False,-0.2543048310756088,0,False,0.42857142857142855,False,,0.2810816999637396,
2020-12-23,1.7,0.96,0.13,-1.01,-0.4728,1.97,0.06,,2.67,,,51.05,111.9807,3690.01,4682881.0,102.798,110.599,107.625,False,8.0,False,-0.26415908750000766,0,False,0.42857142857142855,False,,0.1525730999539893,
2020-12-24,1.66,0.94,0.13,-1.03,-0.4771,1.97,0.08,,2.66,,,50.88,111.9807,3703.06,4682881.0,102.798,110.599,107.625,False,8.0,False,-0.2623548731133998,0,False,0.42857142857142855,False,,0.1880831488012665,
2020-12-25,1.66,0.94,0.13,-1.03,-0.4771,1.97,0.08,,2.66,,,50.88,111.9807,3703.06,4682881.0,102.798,110.599,107.625,False,8.0,False,-0.25990503422725353,0,False,0.42857142857142855,False,,0.188037381734409,
2020-12-28,1.67,0.94,0.13,-1.03,-0.4799,1.97,0.09,,2.66,,,50.88,111.9752,3735.36,4682881.0,102.798,110.599,107.625,False,8.0,False,-0.2526082535779311,0,False,0.42857142857142855,False,,0.1225060714712076,
2020-12-29,1.67,0.94,0.12,-1.02,-0.4805,1.96,0.1,,2.66,,,50.44,111.5172,3727.04,4682881.0,102.798,110.599,107.625,False,8.0,False,-0.25555506606245465,0,False,0.42857142857142855,False,,-0.0789959715308122,
2020-12-30,1.66,0.93,0.12,-1.03,-0.4819,1.96,0.09,,2.66,,,50.74,111.3084,3732.04,4688916.0,102.798,110.599,107.625,False,8.0,False,-0.26583492827024535,0,False,0.46153846153846156,False,,-0.1977470613237416,
2020-12-31,1.65,0.93,0.13,-1.06,-0.4849,1.99,0.07,,2.67,,,51.22,111.3169,3756.07,4688916.0,102.798,110.599,107.625,False,8.0,False,-0.22500804423757204,0,False,0.46153846153846156,False,,-0.1975870569700723,
2021-01-01,1.65,0.93,0.13,-1.06,-0.4849,1.99,0.07,,2.67,,,51.22,111.3169,3756.07,4688916.0,100.601,111.394,106.937,False,8.0,False,-0.21464390375750367,0,False,0.46153846153846156,False,,-0.1974274404690318,
2021-01-04,1.66,0.93,0.11,-1.08,-0.4881,2.01,0.1,,2.67,,,50.37,111.2075,3700.65,4688916.0,100.601,111.394,106.937,False,8.0,False,-0.1849015472964561,0,False,0.5,False,,-0.197268210255931,
2021-01-05,1.7,0.96,0.13,-1.07,-0.4793,2.03,0.11,,2.67,,,53.16,110.9574,3726.86,4688916.0,100.601,111.394,106.937,False,8.0,False,-0.2024764456123822,0,False,0.5,False,,0.0410895148181485,
2021-01-06,1.81,1.04,0.14,-1.02,-0.4475,2.06,0.1,,2.67,,,53.8,110.8502,3748.14,4699421.0,100.601,111.394,106.937,False,8.0,False,-0.20897597952483454,0,False,0.5,False,,1.1099589324536594,黄
2021-01-07,1.85,1.08,0.14,-1.01,-0.4236,2.09,0.1,,2.65,,,53.7,111.3042,3803.79,4699421.0,100.601,111.394,106.937,True,9.0,False,-0.2323953276903234,0,False,0.5,False,,1.5736643235017835,黄
2021-01-08,1.87,1.13,0.14,-0.93,-0.4005,2.06,0.09,,2.65,,,55.51,111.2847,3824.68,4699421.0,100.601,111.394,106.937,True,10.0,True,-0.2242463149474029,0,False,0.5,False,,2.135534429462101,红
2021-01-11,1.88,1.15,0.14,-0.91,-0.3852,2.06,0.09,,2.65,,,54.84,111.8257,3799.61,4699421.0,100.601,111.394,106.937,True,11.0,True,-0.21378437436497452,0,False,0.5,False,,-0.1998175428506877,
2021-01-12,1.88,1.15,0.14,-0.93,-0.3809,2.08,0.08,,2.65,,,55.98,111.5501,3801.19,4699421.0,100.601,111.394,106.937,True,12.0,True,-0.21462158008603086,0,False,0.5,False,,-0.199657197380489,
2021-01-13,1.82,1.1,0.14,-0.96,-0.3927,2.06,0.08,,2.65,,,55.52,111.3622,3809.84,4723733.0,100.601,111.394,106.937,True,13.0,True,-0.20992544504436084,0,False,0.5,False,,-0.1994972373878897,
2021-01-14,1.88,1.15,0.16,-0.94,-0.3834,2.09,0.08,,2.79,,,55.76,111.1567,3795.54,4723733.0,100.601,111.394,106.937,True,13.0,True,-0.21422249491791243,0,False,0.5,False,,0.6182806411011796,
2021-01-15,1.85,1.11,0.13,-0.99,-0.3951,2.1,0.08,,2.79,,,54.8,111.5106,3768.25,4723733.0,100.601,111.394,106.937,True,13.0,True,-0.22520459376154325,0,False,0.46153846153846156,False,,-0.2001188422240722,
2021-01-18,1.85,1.11,0.13,-0.99,-0.3951,2.1,0.08,,2.79,,,54.21,111.5106,3768.25,4723733.0,100.601,111.394,106.937,True,14.0,True,-0.22847489011569305,0,False,0.46153846153846156,False,,-0.1999590725684913,
2021-01-19,1.84,1.1,0.14,-1.0,-0.4013,2.1,0.07,,2.79,,,55.38,111.4527,3798.91,4723733.0,100.601,111.394,106.937,True,15.0,True,-0.21935584862077137,0,False,0.46153846153846156,False,,-0.1997996850535434,
2021-01-20,1.84,1.1,0.13,-1.02,-0.4036,2.12,0.06,,2.79,,,55.66,111.4527,3851.85,4743552.0,100.601,111.394,106.937,False,15.0,True,-0.21702284258397456,0,False,0.46153846153846156,False,,-0.199640678158024,
2021-01-21,1.87,1.12,0.13,-0.98,-0.3986,2.1,0.04,,2.77,,,55.68,111.1973,3853.07,4743552.0,100.601,111.394,106.937,True,15.0,True,-0.18498436550859962,0,False,0.46153846153846156,False,,-0.1994820503691944,
2021-01-22,1.85,1.1,0.13,-0.99,-0.4035,2.09,0.05,,2.77,,,55.22,111.5516,3841.47,4743552.0,100.601,111.394,106.937,True,15.0,True,-0.18496995816767953,0,False,0.46153846153846156,False,,-0.1993238001827207,
2021-01-25,1.8,1.05,0.13,-1.03,-0.4199,2.08,0.06,,2.77,,,55.44,111.8676,3855.36,4743552.0,100.601,111.394,106.937,False,15.0,True,-0.1994694713845153,0,False,0.46153846153846156,False,,-0.1991659261026142,
2021-01-26,1.8,1.05,0.11,-1.03,-0.4235,2.08,0.03,,2.77,,,55.26,111.6572,3849.62,4743552.0,100.601,111.394,106.937,False,15.0,True,-0.17725654926730858,0,False,0.46153846153846156,False,,-0.0763426998294878,
2021-01-27,1.79,1.04,0.12,-1.04,-0.4295,2.08,0.03,,2.77,,,55.07,112.0782,3750.77,4766107.0,100.601,111.394,106.937,False,15.0,True,-0.2036643445917115,0,False,0.42857142857142855,False,,-0.1297565926244839,
2021-01-28,1.81,1.07,0.12,-1.06,-0.4219,2.13,0.04,,2.73,,,54.87,112.0059,3787.38,4766107.0,100.601,111.394,106.937,False,15.0,True,-0.22088403931325198,0,False,0.42857142857142855,False,,-0.1986945456645433,
2021-01-29,1.87,1.11,0.11,-1.02,-0.4041,2.13,0.06,,2.73,,,55.25,111.9511,3714.24,4766107.0,100.601,111.394,106.937,False,15.0,True,-0.15646365333464762,0,False,0.4666666666666667,False,,-0.1880515726441358,
2021-02-01,1.84,1.09,0.11,-1.02,-0.409,2.11,0.07,,2.73,,,56.42,112.4189,3773.86,4766107.0,100.601,111.394,106.937,False,14.0,True,-0.2954011181331363,0,False,0.4666666666666667,False,,-0.1694912504394473,
2021-02-02,1.87,1.12,0.11,-1.03,-0.3998,2.15,0.07,,2.73,,,57.62,112.2862,3826.31,4766107.0,100.601,111.394,106.937,False,13.0,True,-0.3123941904576356,0,False,0.4666666666666667,False,,-0.1982264971169339,
2021-02-03,1.92,1.15,0.11,-1.04,-0.3854,2.19,0.07,,2.73,,,58.61,112.2567,3830.17,4772074.0,100.601,111.394,106.937,False,12.0,True,-0.31647561531540946,0,False,0.4666666666666667,False,,-0.1980712145823512,
2021-02-04,1.93,1.15,0.11,-1.02,-0.3787,2.17,0.05,,2.73,,,58.98,112.7469,3871.74,4772074.0,100.601,111.394,106.937,False,12.0,True,-0.2727247115576478,0,False,0.4666666666666667,False,,-0.197916296479625,
2021-02-05,1.97,1.19,0.09,-1.02,-0.3671,2.21,0.02,,2.73,,,59.48,112.2379,3886.83,4772074.0,100.601,111.394,106.937,False,12.0,True,-0.2789947591985853,0,False,0.4666666666666667,False,,-0.1977617413852587,
2021-02-08,1.96,1.19,0.11,-1.03,-0.3611,2.22,0.02,,2.73,,,60.17,112.0428,3915.59,4772074.0,100.601,111.394,106.937,False,12.0,True,-0.27914813906503766,0,False,0.4666666666666667,False,,0.9792160349441672,
2021-02-09,1.95,1.18,0.11,-1.04,-0.3611,2.22,0.05,,2.73,,,60.74,111.7675,3911.23,4772074.0,100.601,111.394,106.937,False,12.0,True,-0.23081463685653258,0,False,0.4666666666666667,False,,0.5073524667461822,
2021-02-10,1.92,1.15,0.11,-1.06,-0.3721,2.21,0.06,,2.73,,,61.17,111.5834,3909.88,4798901.0,100.601,111.394,106.937,False,12.0,True,-0.23208235611323338,0,False,0.4666666666666667,False,,-0.1484745631869002,
2021-02-11,1.94,1.16,0.11,-1.04,-0.3723,2.2,0.06,,2.73,,,61.09,111.5272,3916.38,4798901.0,100.601,111.394,106.937,False,12.0,True,-0.22417094281734629,0,False,0.4666666666666667,False,,-0.0801379547231409,
2021-02-12,2.01,1.2,0.11,-1.01,-0.3555,2.21,0.05,,2.73,,,62.47,111.4889,3934.83,4798901.0,100.601,111.394,106.937,False,12.0,True,-0.21553289612922805,0,False,0.4666666666666667,False,,-0.0812612268443655,
2021-02-15,2.01,1.2,0.11,-1.01,-0.3555,2.21,0.05,,2.73,,,63.58,111.4889,3934.83,4798901.0,100.601,111.394,106.937,False,12.0,True,-0.22567204822813922,0,False,0.4666666666666667,False,,-0.0812053775717893,
2021-02-16,2.08,1.3,0.13,-0.94,-0.3167,2.24,0.06,,2.73,,,63.96,111.7879,3932.59,4798901.0,100.601,111.394,106.937,False,12.0,True,-0.20005088128481935,0,False,0.4666666666666667,False,,-0.1291205451831933,
2021-02-17,2.06,1.29,0.11,-0.92,-0.3047,2.21,0.06,,2.73,,,65.02,112.0204,3931.33,4824057.0,100.601,111.394,106.937,False,12.0,True,-0.18440127376526502,0,False,0.4666666666666667,False,,0.0170696068422382,
2021-02-18,2.08,1.29,0.11,-0.87,-0.2999,2.16,0.03,,2.81,,,64.09,112.1603,3913.97,4824057.0,100.601,111.394,106.937,False,12.0,True,-0.1810588619239924,0,False,0.4666666666666667,False,,-0.1988311880641508,
2021-02-19,2.14,1.34,0.11,-0.8,-0.281,2.14,0.02,,2.81,,,62.84,111.7058,3906.71,4824057.0,100.601,111.394,106.937,False,12.0,True,-0.16063350371280302,0,False,0.4666666666666667,False,,-0.1986777945990942,
2021-02-22,2.19,1.37,0.11,-0.79,-0.2651,2.16,0.03,,2.81,,,64.73,111.918,3876.5,4824057.0,100.601,111.394,106.937,False,12.0,True,-0.14303482902579223,0,False,0.4666666666666667,False,,-0.1985247556789703,
2021-02-23,2.21,1.37,0.11,-0.79,-0.262,2.16,0.01,,2.81,,,65.16,111.8981,3881.37,4824057.0,100.601,111.394,106.937,False,12.0,True,-0.14237487680109495,0,False,0.4666666666666667,False,,-0.162417674040493,
2021-02-24,2.24,1.38,0.12,-0.79,-0.2515,2.17,0.02,,2.81,,,66.85,111.7212,3925.43,4844574.0,100.601,111.394,106.937,True,12.0,True,-0.14863789308972625,0,False,0.4666666666666667,False,,0.8657068542104034,
2021-02-25,2.33,1.54,0.17,-0.6,-0.1743,2.14,0.03,,2.97,,,66.69,111.9253,3829.34,4844574.0,100.601,111.394,106.937,True,13.0,True,0.0978014817185851,1,False,0.4375,False,,2.703043375234865,红
2021-02-26,2.17,1.44,0.14,-0.71,-0.1807,2.15,0.01,,2.97,,,65.86,112.8306,3811.15,4844574.0,100.601,111.394,106.937,False,13.0,True,0.10145737783588464,2,False,0.4666666666666667,False,,0.4839807782630938,
2021-03-01,2.23,1.45,0.13,-0.71,-0.19,2.16,0.02,,2.97,,,64.56,112.5263,3901.82,4844574.0,100.601,111.394,106.937,False,13.0,True,0.09463687377486965,3,False,0.4666666666666667,False,,0.4974253003055793,
2021-03-02,2.21,1.42,0.13,-0.78,-0.2057,2.2,0.04,,2.97,,,63.17,112.5342,3870.29,4844574.0,100.601,111.394,106.937,False,13.0,True,0.0797644607493025,4,False,0.4666666666666667,False,,0.852896938949112,
2021-03-03,2.25,1.47,0.14,-0.74,-0.1887,2.21,0.04,,2.97,,,64.7,112.7617,3819.72,4867279.0,100.601,111.394,106.937,False,13.0,True,0.12397343343633697,5,False,0.4666666666666667,False,,0.8472857307790567,
2021-03-04,2.3,1.54,0.14,-0.66,-0.1585,2.2,0.02,,3.02,,,67.32,112.7037,3768.47,4867279.0,100.601,111.394,106.937,True,14.0,True,0.1649164568144181,6,False,0.5,False,,0.8063718746460653,
2021-03-05,2.28,1.56,0.14,-0.66,-0.1425,2.22,0.02,,3.02,,,69.95,113.7487,3841.94,4867279.0,100.601,111.394,106.937,False,14.0,True,0.14801842250098896,7,False,0.4666666666666667,False,,0.8003296694256103,
2021-03-08,2.31,1.59,0.17,-0.62,-0.1189,2.21,0.02,,3.02,,,68.0,114.2678,3821.35,4867279.0,100.601,111.394,106.937,False,14.0,True,0.14616141614982578,8,False,0.4666666666666667,False,,0.7943596863905322,
2021-03-09,2.26,1.55,0.17,-0.66,-0.1271,2.21,0.02,,3.02,,,67.03,113.928,3875.44,4867279.0,100.601,111.394,106.937,False,14.0,True,0.17722629558431496,9,False,0.4666666666666667,False,,-0.1964554060507469,
2021-03-10,2.24,1.53,0.16,-0.73,-0.1398,2.26,0.02,,3.02,,,67.53,113.5881,3898.81,4889007.0,100.601,111.394,106.937,False,14.0,True,0.1868060068563251,10,False,0.4666666666666667,False,,-0.196128388827088,
2021-03-11,2.29,1.54,0.14,-0.74,-0.143,2.28,0.01,,3.05,,,69.34,112.9214,3939.34,4889007.0,100.601,111.394,106.937,False,14.0,True,0.18852522540434358,11,False,0.4666666666666667,False,,-0.1951573413142855,
2021-03-12,2.4,1.64,0.14,-0.62,-0.1082,2.26,0.01,,3.05,,,68.87,113.0269,3943.34,4889007.0,100.601,111.394,106.937,False,14.0,True,0.1882436584704172,12,False,0.4666666666666667,False,,0.7342123920562269,
2021-03-15,2.37,1.62,0.14,-0.65,-0.1034,2.27,0.01,,3.05,,,68.78,113.1928,3968.94,4889007.0,100.601,111.394,106.937,False,14.0,True,0.19390634188779773,13,False,0.42857142857142855,False,,0.1522940959850474,
2021-03-16,2.38,1.62,0.15,-0.68,-0.1021,2.3,0.01,,3.05,,,67.95,112.9839,3962.71,4889007.0,100.601,111.394,106.937,False,14.0,True,0.19469340998808232,14,False,0.46153846153846156,False,,0.6158492191631981,
2021-03-17,2.42,1.63,0.13,-0.67,-0.1044,2.3,0.01,,3.05,,,67.73,113.1589,3974.12,4911633.0,100.601,111.394,106.937,False,14.0,True,0.19523471410360035,15,False,0.46153846153846156,False,,0.9606283647065396,
2021-03-18,2.45,1.71,0.16,-0.56,-0.0738,2.27,0.01,,3.09,,,62.11,112.7744,3915.46,4911633.0,100.601,111.394,106.937,False,14.0,True,0.23453149705339035,16,False,0.5384615384615384,True,,1.755123356396547,黄
2021-03-19,2.45,1.74,0.16,-0.57,-0.0515,2.31,0.01,,3.09,,,64.0,112.9756,3913.1,4911633.0,100.601,111.394,106.937,False,14.0,True,0.2408480619455153,17,False,0.5384615384615384,True,,0.9465824122132612,
2021-03-22,2.38,1.69,0.15,-0.64,-0.061,2.33,0.01,,3.09,,,63.89,113.0023,3940.59,4911633.0,100.601,111.394,106.937,False,14.0,True,0.25103050656343306,18,False,0.5384615384615384,True,,0.6008515826610497,
2021-03-23,2.34,1.63,0.15,-0.66,-0.0808,2.29,0.01,,3.09,,,59.96,113.2916,3910.52,4911633.0,100.601,111.394,106.937,False,14.0,True,0.21699180817322186,19,False,0.5384615384615384,True,,-0.1152392190081954,
2021-03-24,2.31,1.62,0.14,-0.69,-0.093,2.31,0.01,,3.09,,,63.7,113.6565,3889.14,4921302.0,100.601,111.394,106.937,False,14.0,True,0.2110491973796126,20,True,0.5384615384615384,True,,-0.201496783587317,
2021-03-25,2.34,1.63,0.14,-0.69,-0.0944,2.32,0.01,,3.17,,,61.21,114.0016,3909.52,4921302.0,100.601,111.394,106.937,False,14.0,True,0.20866052405650312,21,True,0.5384615384615384,True,,-0.0995801513629081,
2021-03-26,2.37,1.67,0.14,-0.67,-0.0804,2.34,0.01,,3.17,,,63.77,113.7406,3974.54,4921302.0,100.601,111.394,106.937,False,14.0,True,0.1875956856828531,22,True,0.5384615384615384,True,,-0.0996889596245087,
2021-03-29,2.43,1.73,0.14,-0.63,-0.0587,2.36,0.01,,3.17,,,64.06,113.9314,3971.09,4921302.0,100.601,111.394,106.937,False,14.0,True,0.189321746156654,23,True,0.5384615384615384,True,,-0.099854690170074,
2021-03-30,2.38,1.73,0.16,-0.62,-0.0481,2.35,0.01,,3.17,,,63.28,114.203,3958.55,4921302.0,100.601,111.394,106.937,False,14.0,True,0.1848036541868605,24,True,0.5384615384615384,True,,-0.201496783587317,
2021-03-31,2.41,1.74,0.16,-0.63,-0.0374,2.37,0.01,,3.17,,,63.52,113.8234,3972.89,4942277.0,100.601,111.394,106.937,False,14.0,True,0.18557570801453316,25,True,0.5833333333333334,True,,-0.201496783587317,
2021-04-01,2.34,1.69,0.17,-0.66,-0.0473,2.35,0.01,,3.18,,,63.85,113.7389,4019.87,4942277.0,100.417,111.626,108.449,False,13.0,True,0.21805117819408992,26,True,0.5833333333333334,True,,0.4850699458053032,
2021-04-02,2.35,1.72,0.19,-0.64,-0.0318,2.36,0.01,,3.18,,,63.85,113.7315,4019.87,4942277.0,100.417,111.626,108.449,True,13.0,True,0.22355911040436013,27,True,0.5833333333333334,True,,0.3696563754781727,
2021-04-05,2.36,1.73,0.17,-0.62,-0.0335,2.35,0.01,,3.18,,,63.85,113.394,4077.91,4942277.0,100.417,111.626,108.449,False,12.0,True,0.2378450900293303,28,True,0.5833333333333334,True,,-0.2030080094839142,
2021-04-06,2.32,1.67,0.16,-0.65,-0.0569,2.32,0.01,,3.18,,,61.47,113.1464,4073.94,4942277.0,100.417,111.626,108.449,False,11.0,True,0.24686081778265667,29,True,0.5833333333333334,True,,-0.1524552477226824,
2021-04-07,2.35,1.68,0.16,-0.66,-0.0623,2.34,0.01,,3.18,,,61.86,113.2436,4079.95,4959033.0,100.417,111.626,108.449,False,10.0,True,0.25614674192317927,30,True,0.5833333333333334,True,,-0.1523977486127687,
2021-04-08,2.32,1.64,0.14,-0.69,-0.078,2.33,0.01,,3.13,,,62.09,113.0917,4097.17,4959033.0,100.417,111.626,108.449,False,9.0,False,0.25702508490566417,31,True,0.5833333333333334,True,,-0.1524331010334021,
2021-04-09,2.34,1.67,0.16,-0.64,-0.0716,2.31,0.01,,3.13,,,61.89,113.2028,4128.8,4959033.0,100.417,111.626,108.449,False,8.0,False,0.25045120353579237,32,True,0.5833333333333334,True,,-0.2023018986723145,
2021-04-12,2.34,1.69,0.18,-0.64,-0.0639,2.33,0.01,,3.13,,,62.38,113.1815,4127.99,4959033.0,100.417,111.626,108.449,False,7.0,False,0.25263967705868634,33,True,0.5833333333333334,True,,-0.0556266456559948,
2021-04-13,2.32,1.64,0.16,-0.69,-0.0816,2.33,0.01,,3.13,,,62.83,113.0391,4141.59,4959033.0,100.417,111.626,108.449,False,6.0,False,0.24729151647615746,34,True,0.5454545454545454,True,,-0.2023018986723145,
2021-04-14,2.32,1.64,0.16,-0.69,-0.0809,2.33,0.01,,3.13,,,66.11,112.7849,4124.66,4973499.0,100.417,111.626,108.449,False,6.0,False,0.26548212347708494,35,True,0.5454545454545454,True,,-0.2023018986723145,
2021-04-15,2.23,1.56,0.16,-0.77,-0.1094,2.33,0.01,,3.04,,,66.13,112.6181,4170.42,4973499.0,100.417,111.626,108.449,False,5.0,False,0.28717751878186354,36,True,0.5454545454545454,True,,-0.2023018986723145,
2021-04-16,2.26,1.59,0.16,-0.77,-0.1065,2.36,0.01,,3.04,,,65.98,112.4814,4185.47,4973499.0,100.417,111.626,108.449,False,4.0,False,0.2818282452485216,37,True,0.5454545454545454,True,,-0.2023018986723145,
2021-04-19,2.29,1.61,0.16,-0.73,-0.1005,2.34,0.01,,3.04,,,66.54,112.1835,4163.26,4973499.0,100.417,111.626,108.449,False,4.0,False,0.2837930922479294,38,True,0.5454545454545454,True,,-0.2023018986723145,
2021-04-20,2.27,1.58,0.15,-0.74,-0.1124,2.32,0.01,,3.04,,,65.34,112.2354,4134.94,4973499.0,100.417,111.626,108.449,False,4.0,False,0.2687390726989852,39,True,0.6,True,,-0.2007542790326502,
2021-04-21,2.26,1.57,0.15,-0.76,-0.1189,2.33,0.01,,3.04,,,64.02,112.1771,4173.42,5000306.0,100.417,111.626,108.449,False,4.0,False,0.27793528730040246,40,True,0.6,True,,-0.1521888457331649,
2021-04-22,2.24,1.57,0.16,-0.76,-0.1217,2.33,0.01,,2.97,,,65.07,112.2297,4134.98,5000306.0,100.417,111.626,108.449,False,4.0,False,0.270946371636068,41,True,0.6666666666666666,True,,-0.0878992029162724,
2021-04-23,2.25,1.58,0.16,-0.76,-0.1149,2.34,0.01,,2.97,,,65.75,112.0889,4180.17,5000306.0,100.417,111.626,108.449,False,4.0,False,0.2693132796805882,42,True,0.6666666666666666,True,,-0.2024712674071381,
2021-04-26,2.24,1.58,0.18,-0.78,-0.1114,2.36,0.01,,2.97,,,65.5,111.8109,4187.62,5000306.0,100.417,111.626,108.449,False,4.0,False,0.30880327555491793,43,True,0.625,True,,0.0877130660387455,
2021-04-27,2.29,1.63,0.17,-0.76,-0.094,2.39,0.01,,2.97,,,66.25,111.9097,4186.72,5000306.0,100.417,111.626,108.449,False,4.0,False,0.3191782881322914,44,True,0.625,True,,0.3695375756377119,
2021-04-28,2.29,1.63,0.17,-0.78,-0.0908,2.41,0.01,,2.97,,,67.08,111.7909,4183.18,5014762.0,100.417,111.626,108.449,False,4.0,False,0.3057361802741089,45,True,0.625,True,,0.4829254111226459,
2021-04-29,2.31,1.65,0.16,-0.77,-0.0846,2.42,0.01,,2.98,,,68.26,111.7464,4211.47,5014762.0,100.417,111.626,108.449,False,4.0,False,0.2924241341694342,46,True,0.625,True,,0.7098112087326276,
2021-04-30,2.3,1.65,0.16,-0.76,-0.0826,2.41,0.01,,2.98,,,67.73,112.0839,4181.17,5014762.0,100.417,111.626,108.449,False,4.0,False,0.3035225504519649,47,True,0.625,True,,0.5939180346578554,
2021-05-03,2.3,1.63,0.16,-0.79,-0.0924,2.42,0.01,,2.98,,,67.73,112.005,4192.66,5014762.0,100.417,111.626,108.449,False,4.0,False,0.30423431417830155,48,True,0.625,True,,-0.10253405619897,
2021-05-04,2.27,1.61,0.16,-0.81,-0.1006,2.42,0.01,,2.98,,,68.91,112.2896,4164.66,5014762.0,100.417,111.626,108.449,False,4.0,False,0.2914081084394257,49,True,0.625,True,,-0.2058311356753183,
2021-05-05,2.25,1.59,0.16,-0.88,-0.1119,2.47,0.01,,2.98,,,69.71,112.1514,4167.59,5040418.0,100.417,111.626,108.449,False,4.0,False,0.295572704757082,50,True,0.625,True,,-0.2052380539581734,
2021-05-06,2.24,1.58,0.16,-0.87,-0.1159,2.45,0.01,,2.96,,,68.62,111.8401,4201.62,5040418.0,100.417,111.626,108.449,False,4.0,False,0.2982504188286144,51,True,0.625,True,,-0.2052380539581734,
2021-05-07,2.28,1.6,0.14,-0.89,-0.1191,2.49,0.01,,2.96,,,68.73,111.0249,4232.6,5040418.0,100.417,111.626,108.449,False,4.0,False,0.2952947822806427,52,True,0.625,True,,-0.2052380539581734,
2021-05-10,2.32,1.63,0.16,-0.91,-0.1115,2.54,0.01,,2.96,,,68.61,110.7905,4188.43,5040418.0,100.417,111.626,108.449,False,4.0,False,0.3061328366666622,53,True,0.6666666666666666,True,,-0.2052380539581734,
2021-05-11,2.35,1.64,0.16,-0.89,-0.1029,2.53,0.01,,2.96,,,68.83,110.8921,4152.1,5040418.0,100.417,111.626,108.449,False,4.0,False,0.3041030090518246,54,True,0.6666666666666666,True,,0.1370857414190808,
2021-05-12,2.4,1.69,0.16,-0.85,-0.0765,2.54,0.01,,2.96,,,69.62,111.5636,4063.04,5054395.0,100.417,111.626,108.449,False,4.0,False,0.33234803437391847,55,True,0.6,True,,0.933358217111056,
2021-05-13,2.39,1.66,0.16,-0.85,-0.0785,2.51,0.01,,2.94,,,67.36,111.5955,4112.5,5054395.0,100.417,111.626,108.449,False,4.0,False,0.3438140307684489,56,True,0.5555555555555556,True,,0.7032835751634813,
2021-05-14,2.35,1.63,0.16,-0.88,-0.0861,2.51,0.01,,2.94,,,69.24,111.1353,4173.85,5054395.0,100.417,111.626,108.449,False,4.0,False,0.3641841761308213,57,True,0.5555555555555556,True,,-0.2077164382416883,
2021-05-17,2.36,1.64,0.16,-0.9,-0.0856,2.54,0.01,,2.94,,,69.62,111.079,4163.29,5054395.0,100.417,111.626,108.449,False,4.0,False,0.36565630072796745,58,True,0.5555555555555556,True,,-0.2077164382416883,
2021-05-18,2.37,1.64,0.16,-0.88,-0.0878,2.52,0.01,,2.94,,,69.01,110.8317,4127.83,5054395.0,100.417,111.626,108.449,False,4.0,False,0.36273813868623656,59,True,0.5555555555555556,True,,-0.2077164382416883,
2021-05-19,2.38,1.68,0.16,-0.8,-0.0721,2.48,0.01,,2.94,,,66.88,110.8807,4115.68,5071821.0,100.417,111.626,108.449,False,3.0,False,0.3642332775554197,60,True,0.5555555555555556,True,,-0.2077164382416883,
2021-05-20,2.34,1.63,0.15,-0.78,-0.0858,2.41,0.01,,3.0,,,65.18,110.8605,4159.12,5071821.0,100.417,111.626,108.449,False,2.0,False,0.37197214066770773,61,True,0.5555555555555556,True,,-0.2077164382416883,
2021-05-21,2.33,1.63,0.17,-0.8,-0.087,2.43,0.01,,3.0,,,66.72,111.0576,4155.86,5071821.0,100.417,111.626,108.449,False,2.0,False,0.3715111932503029,62,True,0.5555555555555556,True,,-0.2077164382416883,
2021-05-24,2.31,1.61,0.15,-0.83,-0.0952,2.44,0.01,,3.0,,,68.59,110.9118,4197.05,5071821.0,100.417,111.626,108.449,False,2.0,False,0.3824632828759871,63,True,0.5555555555555556,True,,-0.2077164382416883,
2021-05-25,2.26,1.56,0.15,-0.86,-0.115,2.42,0.01,,3.0,,,68.8,110.842,4188.13,5071821.0,100.417,111.626,108.449,False,2.0,False,0.2523255629546124,64,True,0.5555555555555556,True,,-0.2077164382416883,
2021-05-26,2.27,1.58,0.14,-0.82,-0.118,2.4,0.01,,3.0,,,68.93,110.8677,4195.99,5087157.0,100.417,111.626,108.449,False,2.0,False,0.3004692035775537,65,True,0.5555555555555556,True,,-0.2077164382416883,
2021-05-27,2.29,1.61,0.14,-0.81,-0.1089,2.42,0.01,,2.95,,,69.43,110.8688,4200.88,5087157.0,100.417,111.626,108.449,False,1.0,False,0.32529155265278714,66,True,0.5555555555555556,True,,-0.2077164382416883,
2021-05-28,2.26,1.58,0.14,-0.84,-0.1156,2.42,0.01,,2.95,,,69.36,110.7576,4204.11,5087157.0,100.417,111.626,108.449,False,1.0,False,0.3441093706995195,67,True,0.5555555555555556,True,,-0.2077164382416883,
2021-05-31,2.26,1.58,0.14,-0.84,-0.1156,2.42,0.01,,2.95,,,69.36,110.7576,4204.11,5087157.0,100.417,111.626,108.449,False,1.0,False,0.31881483403595,68,True,0.5555555555555556,True,,-0.2077164382416883,
2021-06-01,2.3,1.62,0.16,-0.84,-0.106,2.46,0.01,,2.95,,,70.03,110.5046,4202.04,5087157.0,100.417,111.626,108.449,False,1.0,False,0.2789341864592385,69,True,0.5555555555555556,True,,0.4744006764479861,
2021-06-02,2.28,1.59,0.13,-0.85,-0.1105,2.44,0.01,,2.95,,,70.6,110.5799,4208.12,5119023.0,100.417,111.626,108.449,False,1.0,False,0.31076514137481054,70,True,0.5555555555555556,True,,-0.0942608061987801,
2021-06-03,2.3,1.63,0.16,-0.79,-0.0966,2.42,0.01,,2.99,,,70.71,111.1782,4192.85,5119023.0,100.417,111.626,108.449,False,1.0,False,0.3102802173213076,71,True,0.5555555555555556,True,,-0.2077718033053019,
2021-06-04,2.24,1.56,0.14,-0.84,-0.1173,2.4,0.01,,2.99,,,71.3,110.7521,4229.89,5119023.0,100.417,111.626,108.449,False,1.0,False,0.3088340195863424,72,True,0.5555555555555556,True,,-0.2076023678786901,
2021-06-07,2.25,1.57,0.16,-0.82,-0.121,2.39,0.01,,2.99,,,70.89,110.5155,4226.52,5119023.0,100.417,111.626,108.449,False,1.0,False,0.3056994134687614,73,True,0.5555555555555556,True,,-0.2076023678786901,
2021-06-08,2.21,1.53,0.14,-0.83,-0.1344,2.36,0.01,,2.99,,,71.39,110.649,4227.26,5119023.0,100.417,111.626,108.449,False,1.0,False,0.30946239511112356,74,True,0.5555555555555556,True,,-0.2076023678786901,
2021-06-09,2.17,1.5,0.16,-0.82,-0.1517,2.32,0.01,,2.99,,,71.31,110.5707,4219.55,5129891.0,100.417,111.626,108.449,False,1.0,False,0.3225802501622085,75,True,0.5555555555555556,True,,-0.2076023678786901,
2021-06-10,2.15,1.45,0.14,-0.9,-0.1699,2.35,0.01,,2.96,,,71.65,110.5456,4239.18,5129891.0,100.417,111.626,108.449,False,1.0,False,0.323853739401847,76,True,0.5555555555555556,True,,-0.2076023678786901,
2021-06-11,2.15,1.47,0.16,-0.85,-0.1681,2.32,0.01,,2.96,,,72.05,111.0933,4247.44,5129891.0,100.417,111.626,108.449,False,1.0,False,0.3214018767929094,77,True,0.5555555555555556,True,,-0.2076023678786901,
2021-06-14,2.19,1.51,0.16,-0.85,-0.1543,2.36,0.01,,2.96,,,72.27,110.9659,4255.15,5129891.0,100.417,111.626,108.449,False,1.0,False,0.3175322381098313,78,True,0.5555555555555556,True,,-0.2076023678786901,
2021-06-15,2.2,1.51,0.16,-0.87,-0.1492,2.38,0.01,,2.96,,,73.38,111.3507,4246.59,5129891.0,100.417,111.626,108.449,False,1.0,False,0.25534348103169224,79,True,0.5555555555555556,True,,-0.2076023678786901,
2021-06-16,2.2,1.57,0.21,-0.75,-0.1173,2.32,0.01,,2.96,,,73.88,111.1165,4223.7,5153771.0,100.417,111.626,108.449,False,1.0,False,0.27258155849633686,80,True,0.5555555555555556,True,,-0.2076023678786901,
2021-06-17,2.11,1.52,0.23,-0.75,-0.1198,2.27,0.05,,2.93,,,72.92,112.5772,4221.86,5153771.0,100.417,111.626,108.449,False,1.0,False,0.25008999275145083,81,True,0.5555555555555556,True,,-0.2067995888247339,
2021-06-18,2.01,1.45,0.26,-0.79,-0.1365,2.24,0.05,,2.93,,,73.1,113.0408,4166.45,5153771.0,100.417,111.626,108.449,False,1.0,False,0.21295629683198697,82,True,0.5,False,,-0.2057209288551171,
2021-06-21,2.11,1.5,0.27,-0.75,-0.1317,2.25,0.05,,2.93,,,74.49,112.8391,4224.79,5153771.0,100.417,111.626,108.449,False,1.0,False,0.16592744334614476,83,True,0.5,False,,-0.2048311887726153,
2021-06-22,2.1,1.48,0.25,-0.83,-0.1387,2.31,0.05,,2.93,,,74.92,112.9174,4246.44,5153771.0,100.417,111.626,108.449,False,1.0,False,0.17304392707992589,84,True,0.5,False,,-0.1954966399231245,
2021-06-23,2.11,1.5,0.26,-0.84,-0.1332,2.34,0.05,,2.93,,,75.22,112.3819,4241.84,5163445.0,100.417,111.626,108.449,False,1.0,False,0.22800232114299024,85,True,0.5,False,,-0.2043360812532786,
2021-06-24,2.1,1.49,0.26,-0.81,-0.1312,2.3,0.05,,3.02,,,75.95,112.326,4266.49,5163445.0,100.417,111.626,108.449,False,1.0,False,0.2272880351852759,86,True,0.5,False,,-0.2035307437098106,
2021-06-25,2.16,1.54,0.28,-0.8,-0.1179,2.34,0.05,,3.02,,,76.45,111.9655,4280.7,5163445.0,100.417,111.626,108.449,False,0.0,False,0.21482139338751194,87,True,0.5,False,,0.8248450919430438,
2021-06-28,2.1,1.49,0.25,-0.84,-0.1302,2.33,0.05,,3.02,,,74.78,112.0248,4290.61,5163445.0,100.417,111.626,108.449,False,0.0,False,0.2174738816698745,88,True,0.5,False,,-0.2045470587503657,
2021-06-29,2.1,1.49,0.27,-0.83,-0.1336,2.32,0.05,,3.02,,,75.38,112.2613,4291.8,5163445.0,100.417,111.626,108.449,False,0.0,False,0.19128099279805807,89,True,0.4444444444444444,False,,-0.0903295157915329,
2021-06-30,2.06,1.45,0.25,-0.87,-0.1466,2.32,0.05,,3.02,,,76.94,112.5533,4297.5,5183385.0,100.417,111.626,108.449,False,0.0,False,0.18924701957561965,90,True,0.4444444444444444,False,,-0.1159420805990306,
2021-07-01,2.07,1.48,0.25,-0.87,-0.1415,2.35,0.05,,2.98,,,76.69,112.74,4319.94,5183385.0,100.748,110.948,110.544,False,0.0,False,0.19661701045044688,91,True,0.4444444444444444,False,,-0.1165746071908205,
2021-07-02,2.05,1.44,0.24,-0.89,-0.1545,2.33,0.05,,2.98,,,77.51,112.5425,4352.34,5183385.0,100.748,110.948,110.544,False,0.0,False,0.22199481872613688,92,True,0.4444444444444444,False,,-0.1170448439261999,
2021-07-05,2.05,1.44,0.24,-0.89,-0.1545,2.33,0.05,,2.98,,,78.34,112.5425,4352.34,5183385.0,100.748,110.948,110.544,False,0.0,False,0.22290213541210743,93,True,0.4444444444444444,False,,-0.1175376943637112,
2021-07-06,2.0,1.37,0.22,-0.94,-0.1832,2.31,0.05,,2.98,,,75.81,112.9516,4343.54,5183385.0,100.748,110.948,110.544,False,0.0,False,0.19674292307183586,94,True,0.4444444444444444,False,,-0.0194457977190042,
2021-07-07,1.94,1.33,0.22,-0.95,-0.2054,2.28,0.05,,2.98,,,74.31,113.1048,4358.13,5201725.0,100.748,110.948,110.544,False,0.0,False,0.22046144101212028,95,True,0.4444444444444444,False,,-0.0199381339422384,
2021-07-08,1.91,1.3,0.19,-0.92,-0.2278,2.22,0.05,,2.9,,,75.07,113.0776,4320.82,5201725.0,100.748,110.948,110.544,False,0.0,False,0.19998458649733977,96,True,0.4444444444444444,False,,-0.0202986615148323,
2021-07-09,1.99,1.37,0.23,-0.91,-0.2116,2.28,0.05,,2.9,,,77.14,112.8375,4369.55,5201725.0,100.748,110.948,110.544,False,0.0,False,0.13314245954852993,97,True,0.4444444444444444,False,,0.2207186196344227,
2021-07-12,2.0,1.38,0.23,-0.95,-0.2032,2.33,0.05,,2.9,,,76.77,112.7611,4384.63,5201725.0,100.748,110.948,110.544,False,0.0,False,0.12968723495308143,98,True,0.4444444444444444,False,,0.2221367465031644,
2021-07-13,2.04,1.42,0.26,-0.94,-0.1852,2.36,0.05,,2.9,,,77.5,113.0063,4369.21,5201725.0,100.748,110.948,110.544,False,0.0,False,0.09450835905422768,99,True,0.4444444444444444,False,,0.6327999000308835,
2021-07-14,1.98,1.37,0.23,-0.97,-0.2003,2.34,0.05,,2.9,,,75.74,112.8801,4374.3,5222570.0,100.748,110.948,110.544,False,0.0,False,0.10165875374071033,100,True,0.4444444444444444,False,,0.629914329986342,
2021-07-15,1.92,1.31,0.23,-1.01,-0.2204,2.32,0.05,,2.88,,,74.53,113.0041,4360.03,5222570.0,100.748,110.948,110.544,False,0.0,False,0.07563841413053075,101,True,0.4444444444444444,False,,0.6270691380427548,
2021-07-16,1.93,1.31,0.25,-1.02,-0.224,2.33,0.05,,2.88,,,74.46,113.0428,4327.16,5222570.0,100.748,110.948,110.544,False,0.0,False,0.09120256399182926,102,True,0.4444444444444444,False,,0.6243746317026126,
2021-07-19,1.81,1.19,0.21,-1.05,-0.2673,2.24,0.05,,2.88,,,69.33,113.5472,4258.49,5222570.0,100.748,110.948,110.544,False,0.0,False,-0.03404617850783084,0,False,0.4,False,,0.6218840705732489,
2021-07-20,1.88,1.23,0.2,-1.03,-0.2755,2.26,0.05,,2.88,,,70.03,113.7502,4323.06,5222570.0,100.748,110.948,110.544,False,0.0,False,-0.07520600945800512,0,False,0.4,False,,0.2180847491646331,
2021-07-21,1.94,1.3,0.22,-0.98,-0.2545,2.28,0.05,,2.88,,,72.54,113.3926,4358.69,5242987.0,100.748,110.948,110.544,False,0.0,False,-0.09717134290801911,0,False,0.4,False,,-0.0411496432010595,
2021-07-22,1.9,1.27,0.2,-1.01,-0.2597,2.28,0.05,,2.78,,,74.25,113.4695,4367.48,5242987.0,100.748,110.948,110.544,False,0.0,False,-0.09465908260718994,0,False,0.4444444444444444,False,,-0.2036576637791394,
2021-07-23,1.92,1.3,0.22,-1.05,-0.2523,2.35,0.05,,2.78,,,74.86,113.4398,4411.79,5242987.0,100.748,110.948,110.544,False,0.0,False,-0.11592207077869257,0,False,0.4444444444444444,False,,-0.2030645966870294,
2021-07-26,1.93,1.29,0.22,-1.11,-0.2498,2.4,0.05,,2.78,,,74.79,113.2238,4422.3,5242987.0,100.748,110.948,110.544,False,0.0,False,-0.11606187083299178,0,False,0.375,False,,0.9381200373640532,
2021-07-27,1.89,1.25,0.2,-1.13,-0.2623,2.38,0.05,,2.78,,,74.87,113.2227,4401.46,5242987.0,100.748,110.948,110.544,False,0.0,False,-0.11782519152127395,0,False,0.375,False,,0.0240259857608109,
2021-07-28,1.9,1.26,0.2,-1.15,-0.2628,2.41,0.05,,2.78,,,75.09,113.1807,4400.64,5263740.0,100.748,110.948,110.544,False,0.0,False,-0.12081312651772462,0,False,0.375,False,,-0.2044475392099177,
2021-07-29,1.91,1.28,0.2,-1.15,-0.257,2.43,0.05,0.15,2.8,,,76.3,112.4834,4419.15,5263740.0,100.748,110.948,110.544,False,0.0,False,-0.12683622730301303,0,False,0.375,False,-10.0,-0.0903699461267626,
2021-07-30,1.89,1.24,0.19,-1.16,-0.268,2.4,0.05,0.15,2.8,,,77.72,112.6714,4395.26,5263740.0,100.748,110.948,110.544,False,0.0,False,-0.1326557891706452,0,False,0.375,False,-10.0,-0.1445818513470688,
2021-08-02,1.86,1.2,0.17,-1.17,-0.2882,2.37,0.05,0.15,2.8,,,73.91,112.6691,4387.16,5263740.0,100.748,110.948,110.544,False,0.0,False,-0.13691887352996107,0,False,0.375,False,-10.0,-0.144575965808523,
2021-08-03,1.85,1.19,0.17,-1.19,-0.2986,2.38,0.05,0.15,2.8,,,73.24,112.8228,4423.15,5263740.0,100.748,110.948,110.544,False,0.0,False,-0.13689847668417338,0,False,0.375,False,-10.0,-0.2046169014308307,
2021-08-04,1.83,1.19,0.17,-1.16,-0.2987,2.35,0.05,0.15,2.8,,,70.99,112.8953,4402.66,5277635.0,100.748,110.948,110.544,False,0.0,False,-0.12584544863298427,0,False,0.375,False,-10.0,-0.2036575666256573,
2021-08-05,1.86,1.23,0.21,-1.1,-0.2811,2.33,0.05,0.15,2.77,,,72.14,112.7674,4429.1,5277635.0,100.748,110.948,110.544,False,0.0,False,-0.16469380459311173,0,False,0.375,False,-10.0,-0.2027681475621696,
2021-08-06,1.94,1.31,0.21,-1.06,-0.2517,2.37,0.05,0.15,2.77,,,71.02,113.3088,4436.52,5277635.0,100.748,110.948,110.544,False,0.0,False,-0.17356332402894542,0,False,0.375,False,-10.0,-0.201750356548841,
2021-08-09,1.96,1.33,0.23,-1.04,-0.2347,2.37,0.05,0.15,2.77,,,69.65,113.4521,4432.35,5277635.0,100.748,110.948,110.544,False,0.0,False,-0.26856090505198865,0,False,0.375,False,-10.0,-0.201044016051545,
2021-08-10,1.99,1.36,0.24,-1.04,-0.2165,2.4,0.05,0.15,2.77,,,71.14,113.4973,4436.75,5277635.0,100.748,110.948,110.544,False,0.0,False,-0.29104043305111194,0,False,0.375,False,-10.0,-0.2003377846898114,
2021-08-11,1.99,1.35,0.23,-1.07,-0.2153,2.42,0.05,0.15,2.77,,,71.99,113.282,4447.7,5303495.0,100.748,110.948,110.544,False,0.0,False,-0.32763287755688003,0,False,0.375,False,-10.0,-0.199446709107741,
2021-08-12,2.03,1.36,0.23,-1.05,-0.2063,2.41,0.05,0.15,2.87,,,71.79,113.2691,4460.83,5303495.0,100.748,110.948,110.544,False,0.0,False,-0.33368595615416896,0,False,0.375,False,-10.0,-0.1983514161477679,
2021-08-13,1.94,1.29,0.23,-1.08,-0.2244,2.37,0.05,0.15,2.87,,,70.9,113.0615,4468.0,5303495.0,100.748,110.948,110.544,False,0.0,False,-0.33626662352086467,0,False,0.375,False,-10.0,-0.1972838632308975,
2021-08-16,1.92,1.26,0.21,-1.1,-0.244,2.36,0.05,0.15,2.87,,,70.07,113.1698,4479.71,5303495.0,100.748,110.948,110.544,False,0.0,False,-0.35135070351831416,0,False,0.375,False,-10.0,-0.1963170756023166,
2021-08-17,1.92,1.26,0.23,-1.07,-0.2468,2.33,0.05,0.15,2.87,,,69.4,113.6174,4448.08,5303495.0,100.748,110.948,110.544,False,0.0,False,-0.3807063671571563,0,False,0.375,False,-10.0,-0.1952906294154829,
2021-08-18,1.91,1.27,0.23,-1.05,-0.2456,2.32,0.05,0.15,2.87,,,68.61,113.6959,4400.27,5323651.0,100.748,110.948,110.544,False,0.0,False,-0.3562463228622477,0,False,0.3333333333333333,False,-10.0,-0.1945812447666562,
2021-08-19,1.88,1.24,0.22,-1.04,-0.2518,2.28,0.05,0.15,2.86,,,66.8,114.1106,4405.8,5323651.0,100.748,110.948,110.544,False,0.0,False,-0.37080220983648154,0,False,0.3333333333333333,False,-10.0,-0.1945812447666562,
2021-08-20,1.87,1.26,0.23,-1.01,-0.2471,2.27,0.05,0.15,2.86,,,65.51,114.5009,4441.67,5323651.0,100.748,110.948,110.544,False,0.0,False,-0.3726092907041967,0,False,0.375,False,-10.0,-0.1945812447666562,
2021-08-23,1.87,1.25,0.23,-1.02,-0.2508,2.27,0.05,0.15,2.86,,,69.07,113.9418,4479.53,5323651.0,100.748,110.948,110.544,False,0.0,False,-0.3647544726392468,0,False,0.375,False,-10.0,-0.1945812447666562,
2021-08-24,1.91,1.29,0.24,-1.01,-0.2393,2.3,0.05,0.15,2.86,,,71.21,113.6795,4486.23,5323651.0,100.748,110.948,110.544,False,0.0,False,-0.36441618772594636,0,False,0.375,False,-10.0,-0.1945812447666562,
2021-08-25,1.96,1.35,0.23,-1.0,-0.219,2.35,0.05,0.15,2.86,,,72.12,113.6322,4496.19,5346372.0,100.748,110.948,110.544,False,0.0,False,-0.3627826377086502,0,False,0.375,False,-10.0,0.72986866952719,
2021-08-26,1.94,1.34,0.25,-0.99,-0.2119,2.33,0.05,0.15,2.87,,,70.42,113.7883,4470.0,5346372.0,100.748,110.948,110.544,False,0.0,False,-0.3619257590785569,0,False,0.42857142857142855,False,-10.0,0.957453822800438,
2021-08-27,1.91,1.31,0.22,-1.08,-0.2233,2.39,0.05,0.15,2.87,,,72.26,113.3404,4509.37,5346372.0,100.748,110.948,110.544,False,0.0,False,-0.35105195150365387,0,False,0.3333333333333333,False,-10.0,0.3795474691714999,
2021-08-30,1.9,1.29,0.2,-1.08,-0.235,2.37,0.05,0.15,2.87,,,72.26,113.246,4528.79,5346372.0,100.748,110.948,110.544,False,0.0,False,-0.3483291739112859,0,False,0.3333333333333333,False,-10.0,0.2635405750952289,
2021-08-31,1.92,1.3,0.2,-1.03,-0.2339,2.33,0.05,0.15,2.87,,,73.45,113.1076,4522.68,5346372.0,100.748,110.948,110.544,False,0.0,False,-0.3643020685431367,0,False,0.3333333333333333,False,-10.0,-0.082716411980879,
2021-09-01,1.92,1.31,0.2,-1.03,-0.2337,2.34,0.05,0.15,2.87,,,71.99,112.8732,4524.09,5365670.0,100.748,110.948,110.544,False,0.0,False,-0.4095400026984549,0,False,0.3333333333333333,False,-10.0,-0.1980920714966442,
2021-09-02,1.9,1.29,0.2,-1.03,-0.2369,2.32,0.05,0.15,2.87,,,73.56,112.7863,4536.95,5365670.0,100.748,110.948,110.544,False,0.0,False,-0.40949599544158494,0,False,0.3333333333333333,False,-10.0,-0.1980920714966442,
2021-09-03,1.94,1.33,0.21,-1.01,-0.2295,2.34,0.05,0.15,2.87,,,73.07,112.5476,4535.43,5365670.0,100.748,110.948,110.544,False,0.0,False,-0.4014711530836343,0,False,0.3333333333333333,False,-10.0,0.0323572991849257,
2021-09-06,1.94,1.33,0.21,-1.01,-0.2295,2.34,0.05,0.15,2.87,,,72.43,112.5476,4535.43,5365670.0,100.748,110.948,110.544,False,0.0,False,-0.39793671845605405,0,False,0.3333333333333333,False,-10.0,0.2625009108063778,
2021-09-07,1.99,1.38,0.22,-0.98,-0.2107,2.36,0.05,0.15,2.87,,,71.52,112.9795,4520.03,5365670.0,100.748,110.948,110.544,False,0.0,False,-0.3922888457659651,0,False,0.3333333333333333,False,-10.0,0.7218693000103801,
2021-09-08,1.95,1.35,0.22,-1.03,-0.2155,2.38,0.05,0.15,2.87,,,72.36,113.2319,4514.07,5372741.0,100.748,110.948,110.544,False,0.0,False,-0.39430750750579024,0,False,0.3333333333333333,False,-10.0,-0.199977306083957,
2021-09-09,1.9,1.3,0.23,-1.08,-0.2268,2.38,0.05,0.15,2.88,,,71.32,113.043,4493.28,5372741.0,100.748,110.948,110.544,False,0.0,False,-0.40576329392741173,0,False,0.3333333333333333,False,-10.0,-0.199977306083957,
2021-09-10,1.94,1.35,0.23,-1.05,-0.2163,2.4,0.05,0.15,2.88,,,72.44,112.9425,4458.58,5372741.0,100.748,110.948,110.544,False,0.0,False,-0.3657740063287701,0,False,0.2,False,-10.0,-0.199977306083957,
2021-09-13,1.91,1.33,0.21,-1.04,-0.2205,2.37,0.05,0.15,2.88,,,72.97,113.0341,4468.73,5372741.0,100.748,110.948,110.544,False,0.0,False,-0.4000589281312727,0,False,0.2,False,-10.0,-0.199977306083957,
2021-09-14,1.85,1.28,0.21,-1.05,-0.2348,2.33,0.05,0.15,2.88,,,73.05,113.0061,4443.05,5372741.0,100.748,110.948,110.544,False,0.0,False,-0.4124773346873315,0,False,0.2,False,-10.0,-0.199977306083957,
2021-09-15,1.87,1.31,0.21,-1.04,-0.23,2.35,0.05,0.15,2.88,,,74.84,112.9773,4480.7,5391872.0,100.748,110.948,110.544,False,0.0,False,-0.38511245050589255,0,False,0.2,False,-10.0,-0.199977306083957,
2021-09-16,1.88,1.34,0.23,-1.01,-0.2146,2.35,0.05,0.15,2.86,,,75.14,113.3036,4473.75,5391872.0,100.748,110.948,110.544,False,0.0,False,-0.3487315104639534,0,False,0.2,False,-10.0,-0.199977306083957,
2021-09-17,1.91,1.37,0.23,-0.96,-0.1965,2.33,0.05,0.15,2.86,,,74.64,113.5989,4432.99,5391872.0,100.748,110.948,110.544,False,0.0,False,-0.3234570155297358,0,False,0.2,False,-10.0,-0.199977306083957,
2021-09-20,1.85,1.31,0.23,-0.98,-0.2121,2.29,0.05,0.15,2.86,,,73.59,113.9422,4357.73,5391872.0,100.748,110.948,110.544,False,0.0,False,-0.3657709792659655,0,False,0.16666666666666666,False,-10.0,-0.199977306083957,
2021-09-21,1.86,1.33,0.22,-0.96,-0.211,2.29,0.05,0.15,2.86,,,73.65,113.8179,4354.19,5391872.0,100.748,110.948,110.544,False,0.0,False,-0.36786652727417307,0,False,0.16666666666666666,False,-10.0,-0.199977306083957,
2021-09-22,1.84,1.32,0.25,-0.96,-0.2083,2.28,0.05,0.15,2.86,,,75.5,113.6223,4395.64,5413374.0,100.748,110.948,110.544,False,0.0,False,-0.3528310399975444,0,False,0.16666666666666666,False,-10.0,-0.199977306083957,
2021-09-23,1.92,1.41,0.27,-0.9,-0.1731,2.31,0.05,0.15,2.88,,,76.44,113.513,4448.98,5413374.0,100.748,110.948,110.544,False,0.0,False,-0.40442463828828856,0,False,0.16666666666666666,False,-10.0,-0.199977306083957,
2021-09-24,1.99,1.47,0.29,-0.87,-0.1448,2.34,0.05,0.15,2.88,,,77.42,113.7597,4455.48,5413374.0,100.748,110.948,110.544,False,0.0,False,-0.4005496221115754,0,False,0.16666666666666666,False,-10.0,-0.199977306083957,
2021-09-27,1.99,1.48,0.31,-0.87,-0.1278,2.35,0.05,0.15,2.88,,,78.85,113.7432,4443.11,5413374.0,100.748,110.948,110.544,False,0.0,False,-0.40232229875895203,0,False,0.16666666666666666,False,-10.0,1.742340162063143,黄
2021-09-28,2.07,1.54,0.31,-0.84,-0.1048,2.38,0.05,0.15,2.88,,,78.3,114.2469,4352.63,5413374.0,100.748,110.948,110.544,False,0.0,False,-0.2925594693536325,0,False,0.14285714285714285,False,-10.0,-0.1998443922829446,
2021-09-29,2.09,1.55,0.3,-0.82,-0.0969,2.37,0.05,0.15,2.88,,,77.86,114.7092,4359.46,5431056.0,100.748,110.948,110.544,False,0.0,False,-0.315545076072669,0,False,0.14285714285714285,False,-10.0,-0.1987799310885716,
2021-09-30,2.08,1.52,0.28,-0.85,-0.1031,2.37,0.05,0.15,3.01,,,77.81,114.6403,4307.54,5431056.0,100.748,110.948,110.544,False,0.0,False,-0.32735171626541526,0,False,0.25,False,-10.0,-0.1978876751519017,
2021-10-01,2.04,1.48,0.27,-0.9,-0.1222,2.38,0.05,0.15,3.01,,,79.4,114.3798,4357.04,5431056.0,99.573,111.578,111.499,False,0.0,False,-0.29169101402840036,0,False,0.25,False,-10.0,-0.1968199087139193,
2021-10-04,2.05,1.49,0.27,-0.89,-0.1227,2.38,0.05,0.15,3.01,,,81.44,114.2739,4300.46,5431056.0,99.573,111.578,111.499,False,0.0,False,-0.28941518728084,0,False,0.3333333333333333,False,-10.0,-0.1968199087139193,
2021-10-05,2.1,1.54,0.28,-0.91,-0.1072,2.45,0.05,0.15,3.01,,,82.72,114.3654,4345.72,5431056.0,99.573,111.578,111.499,False,0.0,False,-0.2975312451336305,0,False,0.3333333333333333,False,-10.0,0.1761673384353084,
2021-10-06,2.08,1.53,0.3,-0.9,-0.1038,2.43,0.05,0.15,3.01,,,81.39,114.7185,4363.55,5449277.0,99.573,111.578,111.499,False,0.0,False,-0.2643825563691348,0,False,0.3333333333333333,False,-10.0,0.1758872753894968,
2021-10-07,2.13,1.58,0.32,-0.88,-0.0862,2.46,0.05,0.15,2.99,,,82.34,114.5044,4399.76,5449277.0,99.573,111.578,111.499,False,0.0,False,-0.2791665581496299,0,False,0.3333333333333333,False,-10.0,0.4940689623968082,
2021-10-08,2.16,1.61,0.32,-0.89,-0.0688,2.5,0.05,0.15,2.99,,,82.17,114.5986,4391.34,5449277.0,99.573,111.578,111.499,False,0.0,False,-0.2847563204779377,0,False,0.3333333333333333,False,-10.0,0.1755112813564989,
2021-10-11,2.16,1.61,0.32,-0.89,-0.0688,2.5,0.05,0.15,2.99,,,83.75,114.5986,4361.19,5449277.0,99.573,111.578,111.499,False,0.0,False,-0.29141048004007725,0,False,0.3333333333333333,False,-10.0,0.175384815118327,
2021-10-12,2.1,1.59,0.35,-0.9,-0.0653,2.49,0.05,0.15,2.99,,,83.53,114.7542,4350.65,5449277.0,99.573,111.578,111.499,False,0.0,False,-0.288544504102753,0,False,0.3333333333333333,False,-10.0,0.5042851574229731,
2021-10-13,2.05,1.56,0.37,-0.96,-0.0676,2.52,0.05,0.15,2.99,,,83.53,114.4705,4363.8,5465924.0,99.573,111.578,111.499,False,0.0,False,-0.28149212471586943,0,False,0.3333333333333333,False,-10.0,0.3595180720117004,
2021-10-14,2.02,1.52,0.36,-1.0,-0.0836,2.52,0.05,0.15,3.05,,,83.86,114.2053,4438.26,5465924.0,99.573,111.578,111.499,False,0.0,False,-0.13536946670911984,0,False,0.3333333333333333,False,-10.0,0.3574093620547765,
2021-10-15,2.05,1.59,0.41,-0.97,-0.0606,2.56,0.05,0.15,3.05,,,84.67,114.0905,4471.37,5465924.0,99.573,111.578,111.499,False,0.0,False,-0.13274530610111346,0,False,0.3333333333333333,False,-10.0,0.3553517699039554,
2021-10-18,2.01,1.59,0.44,-0.95,-0.0499,2.54,0.05,0.15,3.05,,,84.13,113.9899,4486.46,5465924.0,99.573,111.578,111.499,False,0.0,False,-0.10474259388680793,0,False,0.3333333333333333,False,-10.0,0.3534579325338478,
2021-10-19,2.09,1.65,0.41,-0.89,-0.0333,2.54,0.03,0.15,3.05,,,85.02,113.647,4519.63,5465924.0,99.573,111.578,111.499,True,1.0,False,-0.12941576091703128,0,False,0.3333333333333333,False,-12.0,0.4924532699366158,
2021-10-20,2.12,1.65,0.4,-0.92,-0.0286,2.57,0.03,0.15,3.05,,,85.76,113.5083,4536.19,5499267.0,99.573,111.578,111.499,True,2.0,False,-0.11577181593163619,0,False,0.3333333333333333,False,-12.0,0.8352966598971014,
2021-10-21,2.13,1.68,0.45,-0.96,-0.006,2.64,0.03,0.15,3.09,,,84.58,113.6188,4549.78,5499267.0,99.573,111.578,111.499,False,2.0,False,-0.1212248731353759,0,False,0.3333333333333333,False,-12.0,1.6266684746113018,黄
2021-10-22,2.08,1.66,0.48,-0.98,-0.0077,2.64,0.05,0.15,3.09,,,85.43,113.67,4544.9,5499267.0,99.573,111.578,111.499,True,3.0,False,-0.1100535204312066,0,False,0.3333333333333333,False,-10.0,0.5970718906102183,
2021-10-25,2.09,1.64,0.47,-1.02,-0.0183,2.66,0.04,0.15,3.09,,,84.85,113.605,4566.48,5499267.0,99.573,111.578,111.499,True,4.0,False,-0.10254108089915702,0,False,0.3333333333333333,False,-10.999999999999998,0.3679635040249009,
2021-10-26,2.05,1.63,0.47,-1.06,-0.0236,2.69,0.05,0.15,3.09,,,85.11,113.674,4574.79,5499267.0,99.573,111.578,111.499,False,4.0,False,-0.09822939420040583,0,False,0.3333333333333333,False,-10.0,0.0097960126141819,
2021-10-27,1.95,1.54,0.5,-1.11,-0.0486,2.65,0.05,0.15,3.09,,,84.12,113.6218,4551.68,5513329.0,99.573,111.578,111.499,False,4.0,False,-0.11050004210847149,0,False,0.3333333333333333,False,-10.0,0.0929631310785674,
2021-10-28,1.96,1.57,0.5,-1.0,-0.0429,2.57,0.05,0.15,3.14,,,83.4,113.4389,4596.42,5513329.0,99.573,111.578,111.499,False,4.0,False,-0.11678799640932351,0,False,0.3333333333333333,False,-10.0,0.1942695035435198,
2021-10-29,1.93,1.55,0.48,-0.96,-0.0441,2.51,0.05,0.15,3.14,,,83.1,114.1349,4605.38,5513329.0,99.573,111.578,111.499,False,4.0,False,-0.12281795986482594,0,False,0.3333333333333333,False,-10.0,0.1933407127222459,
2021-11-01,1.98,1.58,0.5,-0.92,-0.0342,2.5,0.05,0.15,3.14,,,84.51,114.2067,4613.67,5513329.0,99.573,111.578,111.499,False,4.0,False,-0.12264457155935014,0,False,0.3333333333333333,False,-10.0,0.1923845217804308,
2021-11-02,1.96,1.56,0.46,-0.95,-0.05,2.51,0.05,0.15,3.14,,,84.42,114.2847,4630.65,5513329.0,99.573,111.578,111.499,False,4.0,False,-0.10769636485842209,0,False,0.25,False,-10.0,0.0529365590135058,
2021-11-03,2.0,1.6,0.47,-0.93,-0.0381,2.53,0.05,0.15,3.14,,,81.1,114.3593,4660.57,5533219.0,99.573,111.578,111.499,False,4.0,False,-0.11815667487670416,0,False,0.25,False,-10.0,0.0522113277234744,
2021-11-04,1.96,1.53,0.41,-1.03,-0.0673,2.56,0.05,0.15,3.09,,,80.15,114.3558,4680.06,5533219.0,99.573,111.578,111.499,False,4.0,False,-0.10129488598552809,0,False,0.2857142857142857,False,-10.0,0.0517409288014484,
2021-11-05,1.87,1.45,0.39,-1.09,-0.1019,2.54,0.05,0.15,3.09,,,82.43,114.0732,4697.53,5533219.0,99.573,111.578,111.499,False,4.0,False,-0.0841422615288658,0,False,0.2857142857142857,False,-10.0,0.0511015322030711,
2021-11-08,1.89,1.51,0.45,-1.11,-0.0839,2.62,0.05,0.15,3.09,,,83.22,113.8256,4701.7,5533219.0,99.573,111.578,111.499,False,4.0,False,-0.08375412248645853,0,False,0.2857142857142857,False,-10.0,0.0593901664251341,
2021-11-09,1.83,1.46,0.41,-1.17,-0.1019,2.63,0.05,0.15,3.09,,,84.52,113.762,4685.25,5533219.0,99.573,111.578,111.499,False,4.0,False,-0.09439465488165749,0,False,0.2857142857142857,False,-10.0,-0.1944783127027767,
2021-11-10,1.92,1.56,0.51,-1.14,-0.0558,2.7,0.05,0.15,2.98,,,82.91,114.1484,4646.71,5552607.0,99.573,111.578,111.499,False,4.0,False,-0.0470828640290445,0,False,0.2857142857142857,False,-10.0,-0.1078911814792641,
2021-11-11,1.92,1.56,0.51,-1.14,-0.0558,2.7,0.05,0.15,2.98,,,83.4,114.1484,4649.27,5552607.0,99.573,111.578,111.499,False,4.0,False,-0.05120090938766044,0,False,0.2857142857142857,False,-10.0,0.1400659504882037,
2021-11-12,1.95,1.58,0.53,-1.15,-0.0373,2.73,0.05,0.15,2.98,,,82.9,114.5144,4682.85,5552607.0,99.573,111.578,111.499,False,4.0,False,-0.05460957259291418,0,False,0.2857142857142857,False,-10.0,-0.1077123484432642,
2021-11-15,2.01,1.63,0.53,-1.13,-0.0172,2.76,0.05,0.15,2.98,,,81.94,114.5876,4682.8,5552607.0,99.573,111.578,111.499,False,4.0,False,-0.055985973221891035,0,False,0.2857142857142857,False,-10.0,-0.1077198588822591,
2021-11-16,2.02,1.63,0.54,-1.1,-0.0079,2.73,0.05,0.15,2.98,,,82.85,115.136,4700.9,5552607.0,99.573,111.578,111.499,False,4.0,False,-0.05574821729518543,0,False,0.2857142857142857,False,-10.0,-0.202250402644604,
2021-11-17,2.0,1.6,0.52,-1.1,-0.0145,2.7,0.05,0.15,2.98,,,80.67,115.0263,4688.67,5573525.0,99.573,111.578,111.499,False,4.0,False,-0.05728860273145018,0,False,0.2857142857142857,False,-10.0,-0.202250402644604,
2021-11-18,1.97,1.59,0.52,-1.14,-0.0226,2.73,0.05,0.15,3.1,,,82.45,115.0678,4704.54,5573525.0,99.573,111.578,111.499,False,4.0,False,-0.0623195332804248,0,False,0.2857142857142857,False,-10.0,-0.202250402644604,
2021-11-19,1.91,1.54,0.52,-1.11,-0.0334,2.65,0.05,0.15,3.1,,,80.24,115.2187,4697.96,5573525.0,99.573,111.578,111.499,False,4.0,False,-0.0670670449562023,0,False,0.2857142857142857,False,-10.0,-0.202250402644604,
2021-11-22,1.98,1.63,0.63,-0.98,0.0019,2.61,0.05,0.15,3.1,,,80.97,115.6481,4682.94,5573525.0,99.573,111.578,111.499,False,4.0,False,-0.04241890441642206,0,False,0.2857142857142857,False,-10.0,-0.0472258040483068,
2021-11-23,2.02,1.67,0.6,-0.95,0.0187,2.62,0.05,0.15,3.1,,,83.43,116.0118,4690.7,5573525.0,99.573,111.578,111.499,False,4.0,False,-0.03894957042516358,0,False,0.2857142857142857,False,-10.0,-0.202250402644604,
2021-11-24,1.96,1.64,0.64,-0.97,0.0205,2.61,0.05,0.15,3.1,,,82.37,116.2711,4701.46,5578900.0,99.573,111.578,111.499,False,4.0,False,-0.05225987942689293,0,False,0.2857142857142857,False,-10.0,-0.202250402644604,
2021-11-25,1.96,1.64,0.64,-0.97,0.0205,2.61,0.05,0.15,3.1,,,82.05,116.2711,4701.46,5578900.0,99.573,111.578,111.499,False,4.0,False,-0.05795789597450083,0,False,0.2857142857142857,False,-10.0,-0.202250402644604,
2021-11-26,1.83,1.48,0.5,-1.07,-0.0483,2.55,0.05,0.15,3.1,,,72.37,116.5103,4594.62,5578900.0,99.573,111.578,111.499,False,4.0,False,-0.22479109188465685,0,False,0.25,False,-10.0,-0.202250402644604,
2021-11-29,1.87,1.52,0.51,-1.02,-0.0568,2.54,0.05,0.15,3.1,,,73.34,116.581,4655.27,5578900.0,99.573,111.578,111.499,False,4.0,False,-0.2397758449749874,0,False,0.25,False,-10.0,-0.202250402644604,
2021-11-30,1.78,1.43,0.52,-1.07,-0.0822,2.5,0.05,0.15,3.1,,,70.86,116.2071,4567.0,5578900.0,99.573,111.578,111.499,False,4.0,False,-0.29889001789520653,0,False,0.3333333333333333,False,-10.0,-0.2020817414429799,
2021-12-01,1.77,1.43,0.56,-1.01,-0.0871,2.44,0.05,0.15,3.1,,,69.53,115.889,4513.04,5592119.0,99.573,111.578,111.499,False,4.0,False,-0.29656255051429437,0,False,0.4,False,-10.0,-0.2014909293884009,
2021-12-02,1.76,1.44,0.63,-1.03,-0.0782,2.47,0.05,0.15,3.11,,,70.56,116.018,4577.1,5592119.0,99.573,111.578,111.499,False,4.0,False,-0.29409540645417276,0,False,0.4,False,-10.0,0.7832522376628449,
2021-12-03,1.69,1.35,0.6,-1.08,-0.1105,2.43,0.05,0.15,3.11,,,70.71,116.2377,4538.43,5592119.0,99.573,111.578,111.499,False,4.0,False,-0.3237064881565816,0,False,0.4,False,-10.0,0.749528779284686,
2021-12-06,1.75,1.43,0.65,-1.01,-0.092,2.44,0.05,0.15,3.11,,,73.38,116.1538,4591.67,5592119.0,99.573,111.578,111.499,False,4.0,False,-0.34639228630924757,0,False,0.4,False,-10.0,0.7180367215878887,
2021-12-07,1.8,1.48,0.7,-0.99,-0.0694,2.47,0.05,0.15,3.11,,,75.54,115.8555,4686.75,5592119.0,99.573,111.578,111.499,False,4.0,False,-0.35824194162306616,0,False,0.4,False,-10.0,0.3767215425693575,
2021-12-08,1.87,1.52,0.68,-1.0,-0.0593,2.52,0.05,0.15,3.11,,,75.94,115.4418,4701.21,5604169.0,99.573,111.578,111.499,False,4.0,False,-0.379673831796222,0,False,0.4,False,-10.0,0.8349200278489627,
2021-12-09,1.87,1.49,0.7,-0.98,-0.0617,2.47,0.05,0.15,3.1,,,74.1,115.7784,4667.45,5604169.0,99.573,111.578,111.499,False,4.0,False,-0.38726172772068423,0,False,0.4,False,-10.0,0.3738346360870758,
2021-12-10,1.88,1.48,0.67,-0.96,-0.0641,2.44,0.05,0.15,3.1,,,74.98,115.5732,4712.02,5604169.0,99.573,111.578,111.499,False,4.0,False,-0.3723476701096981,0,False,0.4,False,-10.0,1.2865182894103997,黄
2021-12-13,1.81,1.42,0.66,-0.98,-0.0822,2.4,0.05,0.15,3.1,,,74.12,115.842,4668.97,5604169.0,99.573,111.578,111.499,False,4.0,False,-0.38195537347378183,0,False,0.4444444444444444,False,-10.0,-0.2024008990405434,
2021-12-14,1.82,1.44,0.67,-0.93,-0.0789,2.37,0.05,0.15,3.1,,,73.37,116.2397,4634.09,5604169.0,99.573,111.578,111.499,False,4.0,False,-0.377020397366037,0,False,0.4444444444444444,False,-10.0,-0.2024008990405434,
2021-12-15,1.86,1.47,0.69,-0.92,-0.0671,2.39,0.05,0.15,3.1,,,73.71,116.4219,4709.85,5638289.0,99.573,111.578,111.499,False,4.0,False,-0.3972490782298024,0,False,0.4444444444444444,False,-10.0,-0.2024008990405434,
2021-12-16,1.87,1.44,0.64,-0.98,-0.0875,2.42,0.05,0.15,3.12,,,74.64,115.7146,4668.67,5638289.0,99.573,111.578,111.499,False,4.0,False,-0.38086715363913487,0,False,0.4444444444444444,False,-10.0,-0.2024008990405434,
2021-12-17,1.82,1.41,0.66,-0.97,-0.0967,2.38,0.05,0.15,3.12,,,72.97,115.791,4620.64,5638289.0,99.573,111.578,111.499,False,4.0,False,-0.3893920867358298,0,False,0.4,False,-10.0,-0.2024008990405434,
2021-12-20,1.85,1.43,0.65,-0.96,-0.1022,2.39,0.04,0.15,3.12,,,70.51,116.0092,4568.02,5638289.0,99.573,111.578,111.499,False,4.0,False,-0.38179201460484585,0,False,0.36363636363636365,False,-10.999999999999998,-0.2024008990405434,
2021-12-21,1.89,1.48,0.7,-0.96,-0.0823,2.44,0.05,0.15,3.12,,,72.85,116.1089,4649.23,5638289.0,99.573,111.578,111.499,False,4.0,False,-0.37602815595078665,0,False,0.36363636363636365,False,-10.0,0.255105769717202,
2021-12-22,1.86,1.46,0.68,-1.01,-0.0814,2.47,0.05,0.15,3.12,,,74.69,115.7485,4696.56,5649823.0,99.573,111.578,111.499,False,4.0,False,-0.36854525899694546,0,False,0.36363636363636365,False,-10.0,-0.202993902269032,
2021-12-23,1.91,1.5,0.71,-0.97,-0.0698,2.47,0.05,0.15,3.05,,,76.26,115.5337,4725.79,5649823.0,99.573,111.578,111.499,False,4.0,False,-0.37503556073090394,0,False,0.36363636363636365,False,-10.0,0.4830003457425552,
2021-12-24,1.91,1.5,0.71,-0.97,-0.0698,2.47,0.05,0.15,3.05,,,75.24,115.5337,4725.79,5649823.0,99.573,111.578,111.499,False,4.0,False,-0.4465229846314707,0,False,0.36363636363636365,False,-10.0,0.8236420780880492,
2021-12-27,1.88,1.48,0.76,-1.02,-0.0696,2.5,0.05,0.15,3.05,,,75.24,115.4684,4791.19,5649823.0,99.573,111.578,111.499,False,4.0,False,-0.43031991702450656,0,False,0.36363636363636365,False,-10.0,0.3657053327581231,
2021-12-28,1.9,1.49,0.74,-1.01,-0.0707,2.5,0.05,0.15,3.05,,,75.24,115.4192,4786.35,5649823.0,99.573,111.578,111.499,False,4.0,False,-0.42318235708495927,0,False,0.36363636363636365,False,-10.0,-0.0914345504886994,
2021-12-29,1.96,1.55,0.75,-0.98,-0.0501,2.53,0.05,0.15,3.05,,,78.63,115.3678,4793.06,5652272.0,99.573,111.578,111.499,False,4.0,False,-0.4393273378895276,0,False,0.36363636363636365,False,-10.0,0.8198749227282338,
2021-12-30,1.93,1.52,0.73,-1.06,-0.0548,2.58,0.05,0.15,3.11,,,78.61,115.283,4778.73,5652272.0,99.573,111.578,111.499,False,4.0,False,-0.4580358534555892,0,False,0.36363636363636365,False,-10.0,0.0211253890510558,
2021-12-31,1.9,1.52,0.73,-1.04,-0.0588,2.56,0.05,0.15,3.11,,,77.24,115.283,4766.18,5652272.0,99.573,111.578,111.499,True,5.0,False,-0.44762004740519995,0,False,0.36363636363636365,False,-10.0,0.020825941643077,
2022-01-03,2.01,1.63,0.78,-0.97,-0.0167,2.6,0.05,0.15,3.11,,,78.25,115.4101,4796.56,5652272.0,99.12,110.176,113.45,True,6.0,False,-0.4506764139172184,0,False,0.36363636363636365,False,-10.0,1.4929962900455769,黄
2022-01-04,2.07,1.66,0.77,-0.91,0.0002,2.57,0.05,0.15,3.11,,,79.39,115.3103,4793.54,5652272.0,99.12,110.176,113.45,True,7.0,False,-0.4401157325241842,0,False,0.36363636363636365,False,-10.0,1.7042135425317642,黄
2022-01-05,2.09,1.71,0.83,-0.82,0.0263,2.53,0.05,0.15,3.11,,,80.6,115.137,4700.58,5661277.0,99.12,110.176,113.45,True,8.0,False,-0.3855194694739401,0,False,0.4166666666666667,False,-10.0,1.5789085862668264,黄
2022-01-06,2.09,1.73,0.88,-0.73,0.0477,2.46,0.05,0.15,3.22,,,81.99,115.4046,4696.05,5661277.0,99.12,110.176,113.45,True,9.0,False,-0.3855947478012764,0,False,0.4166666666666667,False,-10.0,-0.2103436396544338,
2022-01-07,2.11,1.76,0.87,-0.72,0.0673,2.48,0.05,0.15,3.22,,,82.28,115.0451,4677.03,5661277.0,99.12,110.176,113.45,True,10.0,True,-0.37644699864058045,0,False,0.4166666666666667,False,-10.0,2.4312351877467724,红
2022-01-10,2.11,1.78,0.92,-0.7,0.0774,2.48,0.05,0.15,3.22,,,81.56,115.2216,4670.29,5661277.0,99.12,110.176,113.45,True,11.0,True,-0.3779522558475961,0,False,0.4166666666666667,False,-10.0,1.4307232049778076,黄
2022-01-11,2.08,1.75,0.9,-0.79,0.0711,2.54,0.05,0.15,3.22,,,84.98,114.8332,4713.07,5661277.0,99.12,110.176,113.45,True,11.0,True,-0.4025415144990755,0,False,0.45454545454545453,False,-10.0,0.7714404759819212,
2022-01-12,2.08,1.74,0.92,-0.74,0.065,2.48,0.05,0.15,3.22,,,85.83,114.355,4726.35,5684737.0,99.12,110.176,113.45,True,11.0,True,-0.3924720820915367,0,False,0.45454545454545453,False,-10.0,0.1151112540656907,
2022-01-13,2.05,1.7,0.91,-0.73,0.0486,2.43,0.05,0.15,3.45,,,85.8,114.177,4659.03,5684737.0,99.12,110.176,113.45,True,12.0,True,-0.40470539146861406,0,False,0.5,False,-10.0,-0.2128690527445933,
2022-01-14,2.12,1.78,0.99,-0.66,0.0764,2.44,0.05,0.15,3.45,,,87.17,114.3825,4662.85,5684737.0,99.12,110.176,113.45,True,12.0,True,-0.38923633412959807,0,False,0.5,False,-10.0,0.0059293051076861,
2022-01-17,2.12,1.78,0.99,-0.66,0.0764,2.44,0.05,0.15,3.45,,,87.82,114.3825,4662.85,5684737.0,99.12,110.176,113.45,True,12.0,True,-0.3899155006245351,0,False,0.5,False,-10.0,-0.2127318978879481,
2022-01-18,2.18,1.87,1.06,-0.59,0.1132,2.46,0.05,0.15,3.45,,,88.83,114.7373,4577.11,5684737.0,99.12,110.176,113.45,True,13.0,True,-0.3089927626940793,0,False,0.46153846153846156,False,-10.0,1.0941842258709151,黄
2022-01-19,2.14,1.83,1.04,-0.57,0.1079,2.4,0.05,0.15,3.45,,,89.64,114.6109,4532.76,5693341.0,99.12,110.176,113.45,True,14.0,True,-0.31840906499776683,0,False,0.46153846153846156,False,-10.0,-0.2136470385692614,
2022-01-20,2.14,1.83,1.08,-0.5,0.1035,2.33,0.04,0.15,3.56,,,89.75,114.4642,4482.73,5693341.0,99.12,110.176,113.45,True,15.0,True,-0.3208660672067141,0,False,0.5,False,-10.999999999999998,-0.0951747893113363,
2022-01-21,2.07,1.75,1.01,-0.59,0.0719,2.34,0.05,0.15,3.56,,,89.75,114.6125,4397.94,5693341.0,99.12,110.176,113.45,True,16.0,True,-0.3552346785822102,0,False,0.4666666666666667,False,-10.0,-0.0771865683465948,
2022-01-24,2.1,1.75,0.99,-0.63,0.0584,2.38,0.04,0.15,3.56,,,87.74,115.2034,4410.13,5693341.0,99.12,110.176,113.45,True,17.0,True,-0.35058593481798483,0,False,0.4666666666666667,False,-10.999999999999998,-0.2124985595076945,
2022-01-25,2.12,1.78,1.02,-0.63,0.0662,2.41,0.05,0.15,3.56,,,89.49,115.1654,4356.45,5693341.0,99.12,110.176,113.45,True,18.0,True,-0.3303643168619892,0,False,0.5,False,-10.0,-0.2124985595076945,
2022-01-26,2.16,1.85,1.13,-0.53,0.1015,2.38,0.04,0.15,3.56,,,91.22,115.0922,4349.93,5716217.0,99.12,110.176,113.45,True,19.0,True,-0.3275545005992714,0,False,0.5,False,-10.999999999999998,-0.2124985595076945,
2022-01-27,2.09,1.81,1.18,-0.59,0.0994,2.4,0.04,0.15,3.55,,,90.7,115.978,4326.51,5716217.0,99.12,110.176,113.45,False,19.0,True,-0.33008230999900107,0,False,0.5,False,-10.999999999999998,-0.2124985595076945,
2022-01-28,2.07,1.78,1.15,-0.66,0.0789,2.44,0.05,0.15,3.55,,,91.47,116.0393,4431.85,5716217.0,99.12,110.176,113.45,False,19.0,True,-0.2899988894666946,0,False,0.5,False,-10.0,-0.2124985595076945,
2022-01-31,2.11,1.79,1.18,-0.65,0.0721,2.44,0.05,0.15,3.55,,,92.35,115.566,4515.55,5716217.0,99.12,110.176,113.45,False,19.0,True,-0.2799113234910543,0,False,0.5,False,-10.0,-0.2124985595076945,
2022-02-01,2.12,1.81,1.18,-0.62,0.0735,2.43,0.05,0.15,3.55,,,90.24,115.3685,4546.54,5716217.0,99.12,110.176,113.45,False,19.0,True,-0.29776664562345956,0,False,0.5,False,-10.0,-0.2124985595076945,
2022-02-02,2.11,1.78,1.16,-0.63,0.0641,2.41,0.05,0.15,3.55,,,91.43,115.1538,4589.38,5728109.0,99.12,110.176,113.45,False,19.0,True,-0.3018604035485678,0,False,0.5,False,-10.0,-0.2124985595076945,
2022-02-03,2.14,1.82,1.19,-0.56,0.078,2.38,0.05,0.15,3.55,,,92.99,114.9065,4477.44,5728109.0,99.12,110.176,113.45,False,19.0,True,-0.2640947553879351,0,False,0.5294117647058824,True,-10.0,-0.1036637802291714,
2022-02-04,2.23,1.93,1.31,-0.48,0.124,2.41,0.05,0.15,3.55,,,96.86,115.1362,4500.53,5728109.0,99.12,110.176,113.45,False,19.0,True,-0.2702637739869612,0,False,0.5294117647058824,True,-10.0,1.412781325102907,黄
2022-02-07,2.22,1.92,1.3,-0.48,0.1219,2.4,0.05,0.15,3.55,,,97.28,115.0098,4483.87,5728109.0,99.12,110.176,113.45,False,19.0,True,-0.30183214697354893,0,False,0.5294117647058824,True,-10.0,1.1897040143686308,黄
2022-02-08,2.25,1.96,1.35,-0.46,0.1375,2.42,0.05,0.15,3.55,,,96.07,115.0892,4521.54,5728109.0,99.12,110.176,113.45,False,19.0,True,-0.3082996006018762,0,False,0.5294117647058824,True,-10.0,1.3965271557218626,黄
2022-02-09,2.25,1.94,1.36,-0.48,0.1408,2.42,0.04,0.15,3.55,,,94.95,114.8232,4587.18,5731864.0,99.12,110.176,113.45,False,19.0,True,-0.28989921152222814,0,False,0.5294117647058824,True,-10.999999999999998,1.493021655789048,黄
2022-02-10,2.3,2.03,1.61,-0.42,0.1787,2.45,0.05,0.15,3.69,,,96.37,114.5527,4504.08,5731864.0,99.12,110.176,113.45,False,19.0,True,-0.23657852505623483,0,False,0.5882352941176471,True,-10.0,2.0029769551650745,红
2022-02-11,2.24,1.92,1.5,-0.51,0.1368,2.43,0.05,0.15,3.69,,,97.5,114.8413,4418.64,5731864.0,99.12,110.176,113.45,False,19.0,True,-0.27995298868173174,0,False,0.5555555555555556,True,-10.0,-0.2174868490525587,
2022-02-14,2.29,1.98,1.58,-0.5,0.1441,2.48,0.05,0.15,3.69,,,101.66,115.1946,4401.67,5731864.0,99.12,110.176,113.45,False,19.0,True,-0.2726283829254081,0,False,0.5555555555555556,True,-10.0,-0.2174868490525587,
2022-02-15,2.37,2.05,1.58,-0.43,0.1615,2.48,0.05,0.15,3.69,,,98.43,114.93,4471.07,5731864.0,99.12,110.176,113.45,False,19.0,True,-0.2946874095470654,0,False,0.5555555555555556,True,-10.0,0.7319313902273348,
2022-02-16,2.34,2.03,1.52,-0.43,0.157,2.46,0.05,0.15,3.69,,,97.44,114.6886,4475.01,5738619.0,99.12,110.176,113.45,False,19.0,True,-0.29461540796932983,0,False,0.5555555555555556,True,-10.0,0.7297338376572408,
2022-02-17,2.31,1.97,1.49,-0.46,0.138,2.43,0.05,0.15,3.92,,,95.28,114.6755,4380.26,5738619.0,99.12,110.176,113.45,False,19.0,True,-0.3296178873076732,0,False,0.5789473684210527,True,-10.0,-0.2194363079019005,
2022-02-18,2.24,1.92,1.47,-0.49,0.1211,2.41,0.05,0.15,3.92,,,96.18,114.7982,4348.87,5738619.0,99.12,110.176,113.45,False,19.0,True,-0.3334872018437596,0,False,0.5789473684210527,True,-10.0,-0.2194363079019005,
2022-02-21,2.24,1.92,1.47,-0.49,0.1211,2.41,0.05,0.15,3.92,,,98.95,114.7982,4348.87,5738619.0,99.12,110.176,113.45,True,20.0,True,-0.33769146155219054,0,False,0.5789473684210527,True,-10.0,-0.2194363079019005,
2022-02-22,2.24,1.94,1.56,-0.51,0.1216,2.45,0.05,0.15,3.92,,,98.73,114.7002,4304.76,5738619.0,99.12,110.176,113.45,True,21.0,True,-0.33264922461082524,0,False,0.6,True,-10.0,-0.2194363079019005,
2022-02-23,2.29,1.99,1.58,-0.54,0.1372,2.53,0.05,0.15,3.92,,,99.29,114.6668,4225.5,5741778.0,99.12,110.176,113.45,False,21.0,True,-0.2435302257335193,0,False,0.6190476190476191,True,-10.0,-0.2194363079019005,
2022-02-24,2.28,1.96,1.54,-0.59,0.1312,2.55,0.05,0.15,3.89,,,101.29,115.9419,4288.7,5741778.0,99.12,110.176,113.45,False,21.0,True,-0.21253691648327616,0,False,0.6190476190476191,True,-10.0,-0.2183647426066776,
2022-02-25,2.29,1.97,1.55,-0.57,0.1391,2.54,0.05,0.15,3.89,,,98.56,115.2577,4384.65,5741778.0,99.12,110.176,113.45,True,22.0,True,-0.16840466948859562,0,False,0.6190476190476191,True,-10.0,-0.2172961001764934,
2022-02-28,2.17,1.83,1.44,-0.79,0.0768,2.62,0.05,0.15,3.89,,,103.08,115.2224,4373.94,5741778.0,99.12,110.176,113.45,False,22.0,True,-0.16306211596682754,0,False,0.6190476190476191,True,-10.0,-0.2163184982689816,
2022-03-01,2.11,1.72,1.31,-0.9,0.0117,2.62,0.05,0.15,3.89,,,110.93,115.7962,4306.26,5741778.0,99.12,110.176,113.45,False,22.0,True,-0.1986352590932148,0,False,0.5909090909090909,True,-10.0,-0.2158761474954733,
2022-03-02,2.24,1.86,1.5,-0.85,0.0638,2.71,0.05,0.15,3.89,,,118.94,115.7623,4386.54,5749106.0,99.12,110.176,113.45,False,22.0,True,-0.23555311705812595,0,False,0.5909090909090909,True,-10.0,-0.2154340367891896,
2022-03-03,2.24,1.86,1.53,-0.83,0.0684,2.69,0.05,0.15,3.76,,,115.36,115.9495,4363.49,5749106.0,99.12,110.176,113.45,False,22.0,True,-0.21917598923795278,0,False,0.5909090909090909,True,-10.0,-0.2154340367891896,
2022-03-04,2.16,1.74,1.5,-0.93,0.0239,2.67,0.05,0.15,3.76,,,123.86,116.6503,4328.87,5749106.0,99.12,110.176,113.45,False,22.0,True,-0.21400249432941904,0,False,0.5909090909090909,True,-10.0,-0.2154340367891896,
2022-03-07,2.19,1.78,1.55,-0.99,0.028,2.77,0.05,0.15,3.76,,,129.02,117.3278,4201.09,5749106.0,99.12,110.176,113.45,False,22.0,True,-0.17734152230366018,0,False,0.5652173913043478,True,-10.0,-0.2146660521867034,
2022-03-08,2.24,1.86,1.63,-1.04,0.0626,2.9,0.05,0.15,3.76,,,133.18,117.6176,4170.7,5749106.0,99.12,110.176,113.45,False,22.0,True,-0.16114380113493856,0,False,0.5652173913043478,True,-10.0,-0.2142243961891493,
2022-03-09,2.29,1.94,1.68,-0.9,0.0949,2.84,0.05,0.15,3.76,,,116.58,116.5961,4277.88,5753385.0,99.12,110.176,113.45,False,22.0,True,-0.20299550394944124,0,False,0.5652173913043478,True,-10.0,-0.2142243961891493,
2022-03-10,2.38,1.98,1.72,-0.88,0.1233,2.86,0.05,0.15,3.85,,,114.54,116.7401,4259.52,5753385.0,99.12,110.176,113.45,False,22.0,True,-0.19140284756297127,0,False,0.5652173913043478,True,-10.0,-0.2142243961891493,
2022-03-11,2.36,2.0,1.75,-0.94,0.1393,2.94,0.05,0.15,3.85,,,118.11,117.0192,4204.31,5753385.0,99.12,110.176,113.45,False,22.0,True,-0.18910310673419997,0,False,0.5416666666666666,True,-10.0,-0.2142243961891493,
2022-03-14,2.47,2.14,1.87,-0.79,0.1947,2.93,0.05,0.15,3.85,,,110.39,117.1506,4173.11,5753385.0,99.12,110.176,113.45,False,22.0,True,-0.15980939010381973,0,False,0.5416666666666666,True,-10.0,3.488462118704003,红
2022-03-15,2.49,2.15,1.85,-0.69,0.2069,2.84,0.05,0.15,3.85,,,105.14,117.246,4262.45,5753385.0,99.12,110.176,113.45,False,22.0,True,-0.14986825494845332,0,False,0.5652173913043478,True,-10.0,2.71085387788818,红
2022-03-16,2.46,2.19,1.95,-0.61,0.2366,2.8,0.05,0.15,3.85,,,104.61,116.8073,4357.86,5758267.0,99.12,110.176,113.45,False,22.0,True,-0.1527392054651727,0,False,0.5652173913043478,True,-10.0,-0.2118292014735343,
2022-03-17,2.5,2.2,1.94,-0.71,0.2502,2.91,0.3,0.4,4.16,,,113.5,116.0467,4411.67,5758267.0,99.12,110.176,113.45,False,22.0,True,-0.15348327933063272,0,False,0.5652173913043478,True,-10.000000000000004,1.9817126147081296,黄
2022-03-18,2.42,2.14,1.97,-0.72,0.2377,2.86,0.3,0.4,4.16,,,114.32,116.1378,4463.12,5758267.0,99.12,110.176,113.45,False,22.0,True,-0.12035073763059848,0,False,0.5652173913043478,True,-10.000000000000004,1.1777405553529987,黄
2022-03-21,2.55,2.32,2.14,-0.58,0.297,2.9,0.29,0.4,4.16,,,122.29,115.9398,4461.18,5758267.0,99.12,110.176,113.45,False,22.0,True,-0.12164755806591727,0,False,0.5652173913043478,True,-11.000000000000004,1.5628712868153387,黄
2022-03-22,2.6,2.38,2.18,-0.53,0.3307,2.91,0.28,0.4,4.16,,,121.53,116.0824,4511.61,5758267.0,99.12,110.176,113.45,False,22.0,True,-0.12811115009732227,0,False,0.5652173913043478,True,-12.0,2.0312599901155117,红
2022-03-23,2.52,2.32,2.13,-0.62,0.3191,2.94,0.27,0.4,4.16,,,127.52,116.005,4456.24,5759149.0,99.12,110.176,113.45,False,22.0,True,-0.14264281976881985,0,False,0.6086956521739131,True,-13.0,1.0498854525566186,黄
2022-03-24,2.51,2.34,2.13,-0.58,0.3255,2.92,0.27,0.4,4.42,,,123.98,115.9599,4520.16,5759149.0,99.12,110.176,113.45,False,22.0,True,-0.15436034452531408,0,False,0.6086956521739131,True,-13.0,1.1416564859809115,黄
2022-03-25,2.6,2.48,2.3,-0.47,0.3918,2.95,0.28,0.4,4.42,,,122.67,115.7921,4543.06,5759149.0,99.12,110.176,113.45,False,21.0,True,-0.16326848186078977,0,False,0.5909090909090909,True,-12.0,3.004408712999195,红
2022-03-28,2.57,2.46,2.35,-0.49,0.3914,2.95,0.28,0.4,4.42,,,114.5,116.1911,4575.52,5759149.0,99.12,110.176,113.45,False,20.0,True,-0.15611813396014126,0,False,0.5909090909090909,True,-12.0,0.2729949899039556,
2022-03-29,2.53,2.41,2.35,-0.45,0.3684,2.86,0.28,0.4,4.42,,,112.79,115.5679,4631.6,5759149.0,99.12,110.176,113.45,True,20.0,True,-0.13700430840495684,0,False,0.5714285714285714,True,-12.0,0.067911815933173,
2022-03-30,2.48,2.35,2.31,-0.51,0.3389,2.86,0.27,0.4,4.42,,,115.59,115.0818,4602.45,5760030.0,99.12,110.176,113.45,True,20.0,True,-0.14287663925293725,0,False,0.5714285714285714,True,-13.0,0.0675434829698941,
2022-03-31,2.44,2.32,2.28,-0.52,0.32,2.84,0.29,0.4,4.67,,,107.29,115.2218,4530.41,5760030.0,99.12,110.176,113.45,True,20.0,True,-0.14281112560383682,0,False,0.5454545454545454,True,-11.000000000000004,-0.2166654583579642,
2022-04-01,2.44,2.39,2.44,-0.41,0.3539,2.8,0.3,0.4,4.67,,,106.13,115.4814,4545.86,5760030.0,97.499,109.36,114.442,True,20.0,True,-0.1463465807996347,0,False,0.5454545454545454,True,-10.000000000000004,-0.2166654583579642,
2022-04-04,2.48,2.42,2.43,-0.38,0.3562,2.8,0.3,0.4,4.67,,,108.15,115.4112,4582.64,5760030.0,97.499,109.36,114.442,True,20.0,True,-0.16515158472182745,0,False,0.5454545454545454,True,-10.000000000000004,-0.2166654583579642,
2022-04-05,2.57,2.54,2.51,-0.3,0.4026,2.84,0.3,0.4,4.67,,,106.6,115.73,4525.12,5760030.0,97.499,109.36,114.442,True,20.0,True,-0.13679869069534467,0,False,0.5217391304347826,True,-10.000000000000004,-0.1984777439903686,
2022-04-06,2.63,2.61,2.5,-0.22,0.4281,2.83,0.3,0.4,4.67,,,100.81,115.9995,4481.15,5761052.0,97.499,109.36,114.442,True,20.0,True,-0.1272979068791523,0,False,0.5217391304347826,True,-10.000000000000004,-0.1980719562549053,
2022-04-07,2.69,2.66,2.47,-0.16,0.4482,2.82,0.3,0.4,4.72,,,99.83,116.3512,4500.21,5761052.0,97.499,109.36,114.442,True,20.0,True,-0.13010766718010813,0,False,0.5217391304347826,True,-10.000000000000004,-0.1975392815496713,
2022-04-08,2.76,2.72,2.53,-0.15,0.4805,2.87,0.3,0.4,4.72,,,101.26,116.4176,4488.28,5761052.0,97.499,109.36,114.442,True,20.0,True,-0.13681182190431515,0,False,0.5217391304347826,True,-10.000000000000004,-0.1970668805818562,
2022-04-11,2.84,2.79,2.5,-0.12,0.4966,2.91,0.3,0.4,4.72,,,97.92,116.5401,4412.53,5761052.0,97.499,109.36,114.442,True,20.0,True,-0.121100213728802,0,False,0.5,False,-10.000000000000004,0.0305384308993672,
2022-04-12,2.82,2.72,2.39,-0.14,0.4628,2.86,0.29,0.4,4.72,,,104.42,116.3866,4397.45,5761052.0,97.499,109.36,114.442,True,20.0,True,-0.11159067762932186,0,False,0.5,False,-11.000000000000004,-0.2166654583579642,
2022-04-13,2.81,2.7,2.37,-0.1,0.4507,2.8,0.29,0.4,4.72,,,108.49,116.2796,4446.59,5762054.0,97.499,109.36,114.442,True,20.0,True,-0.10217628254048196,0,False,0.5,False,-11.000000000000004,-0.2166654583579642,
2022-04-14,2.92,2.83,2.47,-0.06,0.4991,2.89,0.29,0.4,5.0,,,110.83,116.7558,4392.59,5762054.0,97.499,109.36,114.442,False,19.0,True,-0.0770916988612997,0,False,0.48,False,-11.000000000000004,-0.2166654583579642,
2022-04-15,2.92,2.83,2.47,-0.06,0.4991,2.89,0.29,0.4,5.0,,,110.83,116.7017,4392.59,5762054.0,97.499,109.36,114.442,False,18.0,True,-0.10179588573375406,0,False,0.48,False,-11.000000000000004,-0.2166654583579642,
2022-04-18,2.95,2.85,2.46,-0.07,0.5119,2.92,0.29,0.4,5.0,,,110.83,116.8441,4391.69,5762054.0,97.499,109.36,114.442,False,17.0,True,-0.0936195888878095,0,False,0.48,False,-11.000000000000004,-0.2166654583579642,
2022-04-19,3.01,2.93,2.61,0.0,0.5547,2.93,0.28,0.4,5.0,,,105.49,117.1324,4462.21,5762054.0,97.499,109.36,114.442,False,16.0,True,-0.10726770217334448,0,False,0.48,False,-12.0,-0.2166654583579642,
2022-04-20,2.9,2.85,2.6,-0.07,0.5389,2.92,0.27,0.4,5.0,,,105.05,116.7306,4459.45,5763035.0,97.499,109.36,114.442,False,15.0,True,-0.07716346433516767,0,False,0.48,False,-13.0,-0.2166654583579642,
2022-04-21,2.94,2.9,2.68,-0.12,0.5622,3.02,0.26,0.4,5.11,,,107.2,117.1432,4393.66,5763035.0,97.499,109.36,114.442,False,15.0,True,-0.06864409723607244,0,False,0.46153846153846156,False,-14.000000000000002,-0.2166654583579642,
2022-04-22,2.95,2.9,2.72,-0.08,0.5622,2.98,0.27,0.4,5.11,,,105.15,118.0186,4271.78,5763035.0,97.499,109.36,114.442,False,15.0,True,-0.07782435984289257,0,False,0.4444444444444444,False,-13.0,-0.2166654583579642,
2022-04-25,2.88,2.81,2.63,-0.1,0.51,2.91,0.27,0.4,5.11,,,99.27,118.6271,4296.12,5763035.0,97.499,109.36,114.442,False,15.0,True,-0.06724538260414004,0,False,0.4444444444444444,False,-13.0,-0.2166654583579642,
2022-04-26,2.86,2.77,2.54,-0.08,0.4752,2.85,0.27,0.4,5.11,,,102.89,118.9624,4175.2,5763035.0,97.499,109.36,114.442,False,15.0,True,-0.08581353852186088,0,False,0.42857142857142855,False,-13.0,-0.2166654583579642,
2022-04-27,2.91,2.82,2.58,-0.06,0.4848,2.88,0.28,0.4,5.11,,,103.3,119.4708,4183.96,5764013.0,97.499,109.36,114.442,False,15.0,True,-0.10909658690039109,0,False,0.42857142857142855,False,-12.0,-0.0606564009040655,
2022-04-28,2.92,2.85,2.63,-0.12,0.5063,2.97,0.28,0.4,5.1,,,105.78,120.0675,4287.5,5764013.0,97.499,109.36,114.442,False,15.0,True,-0.11572348308020337,0,False,0.42857142857142855,False,-12.0,-0.2166654583579642,
2022-04-29,2.96,2.89,2.7,0.01,0.534,2.88,0.28,0.4,5.1,,,108.36,119.4933,4131.93,5764013.0,97.499,109.36,114.442,False,15.0,True,-0.0970678754273022,0,False,0.4482758620689655,False,-12.0,-0.2166654583579642,
2022-05-02,3.07,2.99,2.73,0.18,0.5674,2.81,0.3,0.4,5.1,,,108.36,119.8825,4155.38,5764013.0,97.499,109.36,114.442,False,15.0,True,-0.11411694884384634,0,False,0.4482758620689655,False,-10.000000000000004,-0.2166654583579642,
2022-05-03,3.03,2.97,2.78,0.14,0.5728,2.83,0.3,0.4,5.1,,,104.94,119.7043,4175.48,5764013.0,97.499,109.36,114.442,False,15.0,True,-0.12029566949530912,0,False,0.4482758620689655,False,-10.000000000000004,-0.215804057013334,
2022-05-04,3.01,2.93,2.66,0.07,0.55,2.86,0.3,0.4,5.1,,,110.53,119.5592,4300.17,5765229.0,97.499,109.36,114.442,False,15.0,True,-0.0810435092197769,0,False,0.4482758620689655,False,-10.000000000000004,-0.2154040462486625,
2022-05-05,3.15,3.05,2.71,0.18,0.5935,2.87,0.79,0.9,5.27,,,112.11,120.0068,4146.87,5765229.0,97.499,109.36,114.442,False,15.0,True,-0.022201607012287274,0,False,0.43333333333333335,False,-10.999999999999998,1.665640218207385,黄
2022-05-06,3.23,3.12,2.72,0.26,0.633,2.86,0.78,0.9,5.27,,,113.86,119.8577,4123.34,5765229.0,97.499,109.36,114.442,False,15.0,True,-0.015665185774458672,0,False,0.43333333333333335,False,-12.0,-0.2161859866267826,
2022-05-09,3.19,3.05,2.61,0.3,0.5996,2.75,0.78,0.9,5.27,,,106.67,120.4972,3991.24,5765229.0,97.499,109.36,114.442,False,15.0,True,-0.062240812918923846,0,False,0.41935483870967744,False,-12.0,-0.2161859866267826,
2022-05-10,3.12,2.99,2.62,0.34,0.5752,2.65,0.78,0.9,5.27,,,102.61,120.7742,4001.05,5765229.0,97.499,109.36,114.442,False,15.0,True,-0.0750614654268008,0,False,0.41935483870967744,False,-12.0,-0.2161859866267826,
2022-05-11,3.05,2.91,2.66,0.21,0.5519,2.7,0.78,0.9,5.27,,,107.7,120.3925,3935.18,5766625.0,97.499,109.36,114.442,False,15.0,True,-0.06499965656493834,0,False,0.4375,False,-12.0,-0.2161859866267826,
2022-05-12,3.0,2.84,2.56,0.25,0.5079,2.59,0.79,0.9,5.3,,,108.06,121.2796,3930.08,5766625.0,97.499,109.36,114.442,False,15.0,True,-0.06539758392880723,0,False,0.4375,False,-10.999999999999998,-0.2161859866267826,
2022-05-13,3.1,2.93,2.61,0.24,0.5264,2.69,0.79,0.9,5.3,,,112.12,120.8442,4023.89,5766625.0,97.499,109.36,114.442,False,15.0,True,-0.07816376691422317,0,False,0.4375,False,-10.999999999999998,-0.2161859866267826,
2022-05-16,3.09,2.88,2.58,0.2,0.4971,2.68,0.8,0.9,5.3,,,114.86,120.6881,4008.01,5766625.0,97.499,109.36,114.442,False,14.0,True,-0.08113130608925037,0,False,0.4375,False,-9.999999999999998,-0.2161859866267826,
2022-05-17,3.17,2.98,2.71,0.27,0.5312,2.71,0.8,0.9,5.3,,,112.89,119.8871,4088.85,5766625.0,97.499,109.36,114.442,False,13.0,True,-0.08561416409386385,0,False,0.4375,False,-9.999999999999998,-0.2161859866267826,
2022-05-18,3.07,2.89,2.68,0.17,0.5054,2.72,0.79,0.9,5.3,,,110.04,120.0274,3923.68,5768021.0,97.499,109.36,114.442,False,13.0,True,-0.1309985748909537,0,False,0.42424242424242425,False,-10.999999999999998,-0.2161859866267826,
2022-05-19,3.05,2.84,2.63,0.25,0.4799,2.59,0.79,0.9,5.25,,,113.22,119.4278,3900.79,5768021.0,97.499,109.36,114.442,False,13.0,True,-0.1341643930977528,0,False,0.42424242424242425,False,-10.999999999999998,0.0552015692789082,
2022-05-20,2.99,2.78,2.6,0.23,0.4552,2.55,0.78,0.9,5.25,,,113.63,119.3677,3901.36,5768021.0,97.499,109.36,114.442,False,12.0,True,-0.132446987253819,0,False,0.42424242424242425,False,-12.0,0.0366073628661566,
2022-05-23,3.08,2.86,2.65,0.26,0.4769,2.6,0.78,0.9,5.25,,,115.13,118.7169,3973.75,5768021.0,97.499,109.36,114.442,False,12.0,True,-0.15689662536436844,0,False,0.4375,False,-12.0,0.0362865684303229,
2022-05-24,2.98,2.76,2.5,0.21,0.434,2.55,0.78,0.9,5.25,,,115.77,118.6245,3941.48,5768021.0,97.499,109.36,114.442,False,12.0,True,-0.17481029974458617,0,False,0.4375,False,-12.0,-0.2159108138856486,
2022-05-25,2.97,2.75,2.48,0.19,0.4152,2.56,0.78,0.9,5.25,,,116.41,118.9598,3978.73,5769417.0,97.499,109.36,114.442,False,12.0,True,-0.17466241500900134,0,False,0.41935483870967744,False,-12.0,-0.2159108138856486,
2022-05-26,2.99,2.75,2.46,0.13,0.4094,2.62,0.78,0.9,5.1,,,119.81,118.7687,4057.84,5769417.0,97.499,109.36,114.442,False,12.0,True,-0.17197066187866403,0,False,0.4,False,-12.0,-0.2159108138856486,
2022-05-27,2.97,2.74,2.47,0.11,0.4099,2.63,0.78,0.9,5.1,,,121.19,118.2834,4158.24,5769417.0,97.499,109.36,114.442,False,12.0,True,-0.13994071118938406,0,False,0.4,False,-12.0,-0.2159108138856486,
2022-05-30,2.97,2.74,2.47,0.11,0.4099,2.63,0.78,0.9,5.1,,,123.01,118.2834,4158.24,5769417.0,97.499,109.36,114.442,False,12.0,True,-0.11118082298917922,0,False,0.4,False,-12.0,-0.2159108138856486,
2022-05-31,3.07,2.85,2.53,0.21,0.4417,2.64,0.79,0.9,5.1,,,125.53,118.0704,4132.15,5769417.0,97.499,109.36,114.442,False,12.0,True,-0.10130492150968545,0,False,0.4,False,-10.999999999999998,0.6291044289095526,
2022-06-01,3.09,2.94,2.66,0.29,0.4892,2.65,0.8,0.9,5.1,,,122.2,118.6954,4101.23,5770779.0,97.499,109.36,114.442,False,12.0,True,-0.08264037240139104,0,False,0.4,False,-9.999999999999998,1.5567593988823776,黄
2022-06-02,3.09,2.92,2.65,0.26,0.4907,2.66,0.79,0.9,5.09,,,122.2,118.0658,4176.82,5770779.0,97.499,109.36,114.442,False,12.0,True,-0.08233118039766606,0,False,0.4,False,-10.999999999999998,1.361293936287009,黄
2022-06-03,3.11,2.96,2.66,0.22,0.4997,2.74,0.78,0.9,5.09,,,125.68,118.2153,4108.54,5770779.0,97.499,109.36,114.442,False,12.0,True,-0.08348809999219166,0,False,0.3870967741935484,False,-12.0,1.807693467922705,黄
2022-06-06,3.19,3.04,2.73,0.28,0.5301,2.76,0.78,0.9,5.09,,,124.99,118.3081,4121.43,5770779.0,97.499,109.36,114.442,False,12.0,True,-0.06455875377867741,0,False,0.3870967741935484,False,-12.0,-0.218806247446663,
2022-06-07,3.13,2.98,2.75,0.25,0.5151,2.73,0.77,0.9,5.09,,,126.89,118.4414,4160.68,5770779.0,97.499,109.36,114.442,False,12.0,True,-0.05418374874939495,0,False,0.3870967741935484,False,-13.0,-0.0284165553296442,
2022-06-08,3.18,3.03,2.78,0.28,0.5239,2.75,0.76,0.9,5.09,,,129.2,118.3951,4115.77,5771393.0,97.499,109.36,114.442,False,12.0,True,-0.04970299710063063,0,False,0.40625,False,-14.000000000000002,0.6107055599749031,
2022-06-09,3.18,3.04,2.83,0.29,0.5314,2.75,0.75,0.9,5.23,,,128.47,118.9226,4017.82,5771393.0,97.499,109.36,114.442,True,13.0,True,-0.06498850387924496,0,False,0.3939393939393939,False,-15.000000000000002,-0.1258268985541536,
2022-06-10,3.2,3.15,3.06,0.39,0.5873,2.76,0.75,0.9,5.23,,,127.44,119.9981,3900.86,5771393.0,97.499,109.36,114.442,True,14.0,True,-0.026764106322919787,0,False,0.38235294117647056,False,-15.000000000000002,-0.1256698739140194,
2022-06-13,3.42,3.43,3.4,0.69,0.6825,2.74,0.73,0.9,5.23,,,128.44,121.1523,3749.63,5771393.0,97.499,109.36,114.442,False,14.0,True,0.1051480555708421,1,False,0.38235294117647056,False,-17.000000000000004,-0.1623317544336053,
2022-06-14,3.45,3.49,3.45,0.89,0.7001,2.6,0.69,0.9,5.23,,,127.02,121.6669,3735.48,5771393.0,97.499,109.36,114.442,False,14.0,True,0.10441800935595974,2,False,0.3939393939393939,False,-21.000000000000007,-0.0605098709698103,
2022-06-15,3.39,3.33,3.2,0.63,0.6176,2.7,0.7,0.9,5.23,,,124.96,121.6403,3789.99,5762730.0,97.499,109.36,114.442,False,14.0,True,0.12421909280531038,3,False,0.3939393939393939,False,-20.000000000000007,-0.0422028806969376,
2022-06-16,3.35,3.28,3.14,0.66,0.584,2.62,1.45,1.65,5.78,,,125.78,120.6714,3666.77,5762730.0,97.499,109.36,114.442,False,14.0,True,0.10485787673169841,4,False,0.4117647058823529,False,-19.999999999999996,-0.0418134193847719,
2022-06-17,3.3,3.25,3.17,0.67,0.5783,2.58,1.45,1.65,5.78,,,119.22,121.2369,3674.84,5762730.0,97.499,109.36,114.442,False,14.0,True,0.11625188977904663,5,False,0.4117647058823529,False,-19.999999999999996,-0.0414717605222181,
2022-06-20,3.3,3.25,3.17,0.67,0.5783,2.58,1.45,1.65,5.78,,,118.25,121.2369,3674.84,5762730.0,97.499,109.36,114.442,False,14.0,True,0.12640929676961854,6,False,0.4117647058823529,False,-19.999999999999996,-0.0411289086199234,
2022-06-21,3.39,3.31,3.21,0.7,0.583,2.61,1.45,1.65,5.78,,,118.51,120.6427,3764.79,5762730.0,97.499,109.36,114.442,False,13.0,True,0.1105702793683309,7,False,0.4117647058823529,False,-19.999999999999996,0.2894902958170713,
2022-06-22,3.25,3.16,3.06,0.62,0.5207,2.54,1.45,1.65,5.78,,,115.54,120.5197,3759.89,5763344.0,97.499,109.36,114.442,False,12.0,True,0.12417229633361018,8,False,0.4117647058823529,False,-19.999999999999996,-0.0443739491774687,
2022-06-23,3.21,3.09,3.01,0.59,0.4726,2.5,1.44,1.65,5.81,,,114.5,120.7622,3795.73,5763344.0,97.499,109.36,114.442,False,11.0,True,0.1313401238122691,9,False,0.4117647058823529,False,-20.999999999999996,0.3247356557882409,
2022-06-24,3.26,3.13,3.04,0.57,0.4663,2.56,1.46,1.65,5.81,,,117.36,120.4853,3911.74,5763344.0,97.499,109.36,114.442,False,10.0,True,0.10676622263098696,10,False,0.4117647058823529,False,-18.999999999999993,0.3588132692729892,
2022-06-27,3.31,3.2,3.08,0.65,0.4825,2.55,1.5,1.65,5.81,,,119.69,120.1736,3900.11,5763344.0,97.499,109.36,114.442,False,9.0,False,0.11063402321811973,11,False,0.4117647058823529,False,-14.999999999999991,0.6896814804955307,
2022-06-28,3.3,3.2,3.1,0.72,0.4837,2.48,1.52,1.65,5.81,,,122.21,120.62,3821.55,5763344.0,97.499,109.36,114.442,False,8.0,False,0.11439678153789848,12,False,0.4,False,-12.99999999999999,0.2550039416115283,
2022-06-29,3.22,3.1,3.06,0.74,0.4462,2.36,1.51,1.65,5.81,,,120.8,120.9616,3818.83,5763933.0,97.499,109.36,114.442,False,7.0,False,0.11949980452377361,13,False,0.4,False,-13.99999999999999,0.2356817264229889,
2022-06-30,3.14,2.98,2.92,0.65,0.389,2.33,1.5,1.65,5.7,,,119.78,120.9652,3785.38,5763933.0,97.499,109.36,114.442,False,6.0,False,0.11079995041660896,14,False,0.38235294117647056,False,-14.999999999999991,0.2168806737585477,
2022-07-01,3.11,2.88,2.84,0.54,0.3228,2.34,1.52,1.65,5.7,,,119.21,121.5058,3825.33,5763933.0,98.166,109.423,116.407,False,5.0,False,0.11423553871893985,15,False,0.38235294117647056,False,-12.99999999999999,0.2525937701273085,
2022-07-04,3.11,2.88,2.84,0.54,0.3228,2.34,1.52,1.65,5.7,,,121.8,121.5058,3825.33,5763933.0,98.166,109.423,116.407,False,4.0,False,0.10968421151527528,16,False,0.38235294117647056,False,-12.99999999999999,0.2516000508759223,
2022-07-05,3.05,2.82,2.82,0.52,0.2772,2.3,1.54,1.65,5.7,,,110.49,122.6203,3831.39,5763933.0,98.166,109.423,116.407,False,3.0,False,0.11590864361197692,17,False,0.38235294117647056,False,-10.999999999999988,-0.1087864172016712,
2022-07-06,3.14,2.93,2.97,0.64,0.3081,2.29,1.54,1.65,5.7,,,108.54,123.0073,3845.08,5744344.0,98.166,109.423,116.407,False,2.0,False,0.10726241947510519,18,False,0.38235294117647056,False,-10.999999999999988,-0.1085978609975343,
2022-07-07,3.2,3.01,3.03,0.68,0.3386,2.33,1.54,1.65,5.3,,,113.4,122.7257,3902.62,5744344.0,98.166,109.423,116.407,False,2.0,False,0.0810814013023046,19,False,0.38235294117647056,False,-10.999999999999988,-0.1084565108608293,
2022-07-08,3.27,3.09,3.12,0.72,0.3757,2.37,1.53,1.65,5.3,,,113.95,122.4662,3899.38,5744344.0,98.166,109.423,116.407,False,2.0,False,0.08166131366351409,20,True,0.36363636363636365,False,-11.99999999999999,-0.1265919689254967,
2022-07-11,3.18,2.99,3.07,0.67,0.3286,2.32,1.53,1.65,5.3,,,114.85,123.2974,3854.43,5744344.0,98.166,109.423,116.407,False,2.0,False,0.0658570064782103,21,True,0.35294117647058826,False,-11.99999999999999,-0.2185182736050694,
2022-07-12,3.13,2.96,3.03,0.64,0.2901,2.32,1.54,1.65,5.3,,,106.98,123.4524,3818.8,5744344.0,98.166,109.423,116.407,False,2.0,False,0.04997039415943673,22,True,0.35294117647058826,False,-10.999999999999988,-0.1128637541524856,
2022-07-13,3.08,2.91,3.13,0.6,0.2564,2.31,1.53,1.65,5.3,,,107.17,123.2834,3801.78,5745528.0,98.166,109.423,116.407,False,2.0,False,0.048385517524954035,23,True,0.36363636363636365,False,-11.99999999999999,-0.2185182736050694,
2022-07-14,3.11,2.96,3.15,0.62,0.2533,2.34,1.53,1.65,5.51,,,107.74,124.0622,3790.38,5745528.0,98.166,109.423,116.407,False,2.0,False,0.04913822451522857,24,True,0.36363636363636365,False,-11.99999999999999,-0.2185182736050694,
2022-07-15,3.1,2.93,3.13,0.57,0.2428,2.36,1.54,1.65,5.51,,,112.26,123.4765,3863.16,5745528.0,98.166,109.423,116.407,False,2.0,False,0.07311855069051931,25,True,0.34375,False,-10.999999999999988,-0.2185182736050694,
2022-07-18,3.14,2.96,3.15,0.59,0.2352,2.37,1.54,1.65,5.51,,,117.27,122.7727,3830.85,5745528.0,98.166,109.423,116.407,False,2.0,False,0.07417404799541659,26,True,0.3548387096774194,False,-10.999999999999988,-0.2185182736050694,
2022-07-19,3.17,3.01,3.23,0.62,0.2497,2.39,1.54,1.65,5.51,,,114.96,122.4819,3936.69,5745528.0,98.166,109.423,116.407,False,2.0,False,0.04994051092377535,27,True,0.3548387096774194,False,-10.999999999999988,0.241545479378985,
2022-07-20,3.17,3.04,3.25,0.66,0.264,2.38,1.53,1.65,5.51,,,115.86,122.5997,3959.9,5733027.0,98.166,109.423,116.407,False,2.0,False,0.04901004095644153,28,True,0.3333333333333333,False,-11.99999999999999,0.97468729843306,
2022-07-21,3.08,2.91,3.1,0.58,0.2026,2.33,1.53,1.65,5.54,,,112.81,122.9032,3998.95,5733027.0,98.166,109.423,116.407,False,2.0,False,0.05755867657776861,29,True,0.3333333333333333,False,-11.99999999999999,-0.2201769611403608,
2022-07-22,3.0,2.77,2.98,0.43,0.1365,2.34,1.52,1.65,5.54,,,106.77,122.451,3961.63,5733027.0,98.166,109.423,116.407,False,2.0,False,0.05638299160882834,30,True,0.3333333333333333,False,-12.99999999999999,-0.2201769611403608,
2022-07-25,3.04,2.81,3.0,0.45,0.1234,2.36,1.53,1.65,5.54,,,108.23,122.4594,3966.84,5733027.0,98.166,109.423,116.407,False,2.0,False,0.057112048984284104,31,True,0.3333333333333333,False,-11.99999999999999,-0.2201769611403608,
2022-07-26,3.03,2.81,3.02,0.45,0.1207,2.36,1.53,1.65,5.54,,,107.32,122.7581,3921.05,5733027.0,98.166,109.423,116.407,False,2.0,False,0.06697067084257724,32,True,0.3225806451612903,False,-11.99999999999999,-0.2201769611403608,
2022-07-27,3.03,2.78,2.96,0.36,0.1066,2.42,1.53,1.65,5.54,,,109.64,122.8169,4023.61,5734180.0,98.166,109.423,116.407,False,2.0,False,0.06010423326183343,33,True,0.3225806451612903,False,-11.99999999999999,-0.2201769611403608,
2022-07-28,3.02,2.68,2.85,0.2,0.0618,2.48,2.28,2.4,5.3,,,109.68,122.1161,4072.43,5734180.0,98.166,109.423,116.407,False,2.0,False,0.0808256596807289,34,True,0.3225806451612903,False,-12.00000000000001,-0.2201769611403608,
2022-07-29,3.0,2.67,2.89,0.14,0.0544,2.53,2.27,2.4,5.3,,,111.51,121.7678,4130.29,5734180.0,98.166,109.423,116.407,False,2.0,False,0.08042911780351401,35,True,0.3,False,-12.99999999999999,-0.2194021716157778,
2022-08-01,2.92,2.6,2.9,0.09,0.021,2.51,2.28,2.4,5.3,,,106.09,121.4109,4118.63,5734180.0,98.166,109.423,116.407,False,2.0,False,0.06789917419943085,36,True,0.3,False,-12.00000000000001,-0.2187998084754553,
2022-08-02,3.0,2.75,3.06,0.27,0.075,2.48,2.3,2.4,5.3,,,106.51,121.9486,4091.19,5734180.0,98.166,109.423,116.407,False,2.0,False,0.028346637518003127,37,True,0.3,False,-10.000000000000009,-0.2177428403979146,
2022-08-03,2.96,2.73,3.1,0.23,0.0836,2.5,2.29,2.4,5.3,,,101.82,122.3888,4155.17,5719119.0,98.166,109.423,116.407,False,2.0,False,0.025831207505951734,38,True,0.3,False,-10.999999999999988,-0.2171907104896827,
2022-08-04,2.97,2.68,3.03,0.22,0.0564,2.46,2.29,2.4,4.99,,,97.99,121.8333,4151.94,5719119.0,98.166,109.423,116.407,False,2.0,False,0.052097161553745774,39,True,0.3,False,-10.999999999999988,-0.2170342288903701,
2022-08-05,3.06,2.83,3.24,0.37,0.116,2.46,2.28,2.4,4.99,,,100.31,122.321,4145.19,5719119.0,98.166,109.423,116.407,False,2.0,False,0.05408283537366866,40,True,0.27586206896551724,False,-12.00000000000001,-0.2162588839008789,
2022-08-08,3.0,2.77,3.21,0.29,0.0948,2.48,2.28,2.4,4.99,,,103.46,121.8783,4140.06,5719119.0,98.166,109.423,116.407,False,2.0,False,0.06989533557231739,41,True,0.2857142857142857,False,-12.00000000000001,-0.2175297514052597,
2022-08-09,3.01,2.8,3.28,0.33,0.0996,2.47,2.29,2.4,4.99,,,103.81,121.8614,4122.47,5719119.0,98.166,109.423,116.407,False,2.0,False,0.07401634886899627,42,True,0.2857142857142857,False,-10.999999999999988,0.2776133716523801,
2022-08-10,3.04,2.78,3.23,0.35,0.0895,2.43,2.28,2.4,4.99,,,105.06,120.7543,4210.24,5720572.0,98.166,109.423,116.407,False,2.0,False,0.10620195600271423,43,True,0.2857142857142857,False,-12.00000000000001,0.2784152690607036,
2022-08-11,3.15,2.87,3.23,0.4,0.1194,2.47,2.28,2.4,5.22,,,107.19,120.7163,4207.27,5720572.0,98.166,109.423,116.407,False,2.0,False,0.11025991645639606,44,True,0.2857142857142857,False,-12.00000000000001,1.6521854552575737,黄
2022-08-12,3.12,2.84,3.25,0.37,0.121,2.47,2.28,2.4,5.22,,,103.7,121.018,4280.15,5720572.0,98.166,109.423,116.407,False,2.0,False,0.14261748511703362,45,True,0.25925925925925924,False,-12.00000000000001,-0.1191021179531894,
2022-08-15,3.1,2.79,3.2,0.35,0.0934,2.44,2.29,2.4,5.22,,,98.25,121.4315,4297.14,5720572.0,98.166,109.423,116.407,False,2.0,False,0.20436604879479184,46,True,0.25925925925925924,False,-10.999999999999988,-0.0209593720374291,
2022-08-16,3.11,2.82,3.25,0.38,0.1,2.44,2.29,2.4,5.22,,,95.36,121.6807,4305.2,5720572.0,98.166,109.423,116.407,False,2.0,False,0.21002061242514272,47,True,0.25925925925925924,False,-10.999999999999988,-0.0212223819550158,
2022-08-17,3.15,2.89,3.28,0.43,0.1331,2.46,2.29,2.4,5.22,,,97.22,122.0711,4274.04,5699175.0,98.166,109.423,116.407,False,2.0,False,0.2186496910035909,48,True,0.23076923076923078,False,-10.999999999999988,-0.2180827593536925,
2022-08-18,3.14,2.88,3.22,0.36,0.1326,2.52,2.28,2.4,5.13,,,96.35,122.3627,4283.74,5699175.0,98.166,109.423,116.407,False,2.0,False,0.241633377362824,49,True,0.2,False,-12.00000000000001,-0.2180827593536925,
2022-08-19,3.22,2.98,3.25,0.43,0.1691,2.55,2.28,2.4,5.13,,,96.45,123.0501,4228.48,5699175.0,98.166,109.423,116.407,False,2.0,False,0.2730879436447981,50,True,0.19230769230769232,False,-12.00000000000001,-0.2180827593536925,
2022-08-22,3.24,3.03,3.32,0.46,0.1955,2.57,2.28,2.4,5.13,,,95.06,123.605,4137.99,5699175.0,98.166,109.423,116.407,False,2.0,False,0.2803114395577934,51,True,0.18518518518518517,False,-12.00000000000001,-0.2180827593536925,
2022-08-23,3.26,3.05,3.29,0.47,0.2065,2.58,2.27,2.4,5.13,,,99.49,123.0547,4128.73,5699175.0,98.166,109.423,116.407,False,2.0,False,0.2835805568121389,52,True,0.18518518518518517,False,-12.99999999999999,-0.2180827593536925,
2022-08-24,3.32,3.11,3.36,0.49,0.2325,2.62,2.27,2.4,5.13,,,99.87,123.109,4140.77,5700628.0,98.166,109.423,116.407,False,2.0,False,0.28210613285865804,53,True,0.19230769230769232,False,-12.99999999999999,-0.2180827593536925,
2022-08-25,3.25,3.03,3.35,0.43,0.209,2.6,2.28,2.4,5.55,,,98.81,123.0586,4199.12,5700628.0,98.166,109.423,116.407,False,2.0,False,0.29387102471008886,54,True,0.19230769230769232,False,-12.00000000000001,-0.2180827593536925,
2022-08-26,3.21,3.04,3.37,0.47,0.2142,2.57,2.28,2.4,5.55,,,101.13,123.0656,4057.66,5700628.0,98.166,109.423,116.407,False,2.0,False,0.2793111356089505,55,True,0.18518518518518517,False,-12.00000000000001,-0.2180827593536925,
2022-08-29,3.25,3.12,3.42,0.54,0.2304,2.58,2.28,2.4,5.55,,,101.13,123.4686,4030.61,5700628.0,98.166,109.423,116.407,False,2.0,False,0.27816039229500533,56,True,0.18518518518518517,False,-12.00000000000001,0.6659165978499644,
2022-08-30,3.23,3.11,3.46,0.56,0.2329,2.55,2.29,2.4,5.55,,,99.34,123.6848,3986.16,5700628.0,98.166,109.423,116.407,False,2.0,False,0.2731019969258895,57,True,0.18518518518518517,False,-10.999999999999988,-0.2190241310115888,
2022-08-31,3.27,3.15,3.45,0.67,0.2419,2.48,2.29,2.4,5.55,,,96.55,123.535,3955.0,5694997.0,98.166,109.423,116.407,False,2.0,False,0.27084695083223925,58,True,0.18518518518518517,False,-10.999999999999988,-0.2190241310115888,
2022-09-01,3.37,3.26,3.51,0.81,0.2854,2.45,2.29,2.4,5.66,,,92.24,124.4006,3966.85,5694997.0,98.166,109.423,116.407,False,1.0,False,0.2677911476003834,59,True,0.18518518518518517,False,-10.999999999999988,-0.2190241310115888,
2022-09-02,3.35,3.2,3.4,0.73,0.2692,2.47,2.29,2.4,5.66,,,93.09,123.7743,3924.26,5694997.0,98.166,109.423,116.407,False,0.0,False,0.2503917261085646,60,True,0.21428571428571427,False,-10.999999999999988,-0.2179555440876902,
2022-09-05,3.35,3.2,3.4,0.73,0.2692,2.47,2.29,2.4,5.66,,,94.22,123.7743,3924.26,5694997.0,98.166,109.423,116.407,False,0.0,False,0.245624880697407,61,True,0.2222222222222222,False,-10.999999999999988,-0.2174778646348894,
2022-09-06,3.49,3.33,3.5,0.85,0.3095,2.48,2.29,2.4,5.66,,,91.43,124.767,3908.19,5694997.0,98.166,109.423,116.407,False,0.0,False,0.2503235062898188,62,True,0.2222222222222222,False,-10.999999999999988,-0.2166366216602278,
2022-09-07,3.42,3.27,3.45,0.82,0.2906,2.45,2.28,2.4,5.66,,,86.83,124.8408,3979.87,5690760.0,98.166,109.423,116.407,False,0.0,False,0.23039879601293609,63,True,0.2222222222222222,False,-12.00000000000001,-0.2160869239165427,
2022-09-08,3.45,3.29,3.48,0.88,0.2937,2.41,2.28,2.4,5.89,,,87.99,124.578,4006.18,5690760.0,98.166,109.423,116.407,False,0.0,False,0.08637102478636785,64,True,0.2222222222222222,False,-12.00000000000001,-0.2150478492031842,
2022-09-09,3.47,3.33,3.56,0.91,0.3072,2.42,2.28,2.4,5.89,,,91.68,123.7874,4067.36,5690760.0,98.166,109.423,116.407,False,0.0,False,0.07084925289011933,65,True,0.2222222222222222,False,-12.00000000000001,-0.2140865839437525,
2022-09-12,3.53,3.37,3.58,0.95,0.31,2.42,2.28,2.4,5.89,,,93.45,123.3332,4110.41,5690760.0,98.166,109.423,116.407,False,0.0,False,0.03098304249936629,66,True,0.2222222222222222,False,-12.00000000000001,1.5169699593862171,黄
2022-09-13,3.51,3.42,3.75,0.98,0.3268,2.44,2.28,2.4,5.89,,,92.04,124.4242,3932.69,5690760.0,98.166,109.423,116.407,False,0.0,False,0.09471279835589015,67,True,0.21428571428571427,False,-12.00000000000001,0.7003636584948405,
2022-09-14,3.47,3.41,3.78,0.95,0.3222,2.46,2.27,2.4,5.89,,,92.83,124.4509,3946.01,5687031.0,98.166,109.423,116.407,False,0.0,False,0.0947449054033235,68,True,0.21428571428571427,False,-12.99999999999999,1.2028293664848553,黄
2022-09-15,3.48,3.45,3.87,1.02,0.3397,2.43,2.28,2.4,6.02,,,89.28,124.8843,3901.35,5687031.0,98.166,109.423,116.407,False,0.0,False,0.10159204367566664,69,True,0.17857142857142858,False,-12.00000000000001,-0.2161339610520765,
2022-09-16,3.52,3.45,3.85,1.07,0.3342,2.38,2.27,2.4,6.02,,,89.43,124.8794,3873.33,5687031.0,98.166,109.423,116.407,False,0.0,False,0.12707001016208908,70,True,0.17857142857142858,False,-12.99999999999999,-0.215980701278389,
2022-09-19,3.52,3.49,3.95,1.15,0.339,2.34,2.27,2.4,6.02,,,89.43,125.0104,3899.89,5687031.0,98.166,109.423,116.407,False,0.0,False,0.13274240485027267,71,True,0.17857142857142858,False,-12.99999999999999,-0.2154384187584405,
2022-09-20,3.59,3.57,3.96,1.17,0.366,2.4,2.26,2.4,6.02,,,89.62,125.1248,3855.93,5687031.0,98.166,109.423,116.407,False,0.0,False,0.13558535988599768,72,True,0.1724137931034483,False,-14.000000000000012,-0.214790179361352,
2022-09-21,3.5,3.51,4.02,1.13,0.3618,2.38,2.25,2.4,6.02,,,89.86,125.7399,3789.93,5673919.0,98.166,109.423,116.407,False,0.0,False,0.13666887390221355,73,True,0.16666666666666666,False,-14.999999999999991,-0.214047593046547,
2022-09-22,3.65,3.7,4.11,1.29,0.4323,2.41,2.99,3.15,6.29,,,90.4,126.1667,3757.99,5673919.0,98.166,109.423,116.407,False,0.0,False,0.15220802895848534,74,True,0.16666666666666666,False,-15.99999999999997,-0.214047593046547,
2022-09-23,3.61,3.69,4.2,1.32,0.4584,2.37,2.99,3.15,6.29,,,84.29,127.2853,3693.23,5673919.0,98.166,109.423,116.407,False,0.0,False,0.15044066073439566,75,True,0.16666666666666666,False,-15.99999999999997,-0.214047593046547,
2022-09-26,3.72,3.88,4.27,1.56,0.5291,2.32,2.99,3.15,6.29,,,82.55,128.4539,3655.04,5673919.0,98.166,109.423,116.407,False,0.0,False,0.17490008977657148,76,True,0.16129032258064516,False,-15.99999999999997,-0.214047593046547,
2022-09-27,3.87,3.97,4.3,1.64,0.5774,2.33,2.98,3.15,6.29,,,85.97,128.4386,3647.29,5673919.0,98.166,109.423,116.407,False,0.0,False,0.1992328309151284,77,True,0.16129032258064516,False,-16.999999999999993,-0.214047593046547,
2022-09-28,3.7,3.72,4.07,1.39,0.4845,2.33,2.98,3.15,6.29,,,89.55,128.0884,3719.04,5671848.0,98.166,109.423,116.407,False,0.0,False,0.24450728045405404,78,True,0.16666666666666666,False,-16.999999999999993,-0.214047593046547,
2022-09-29,3.71,3.76,4.16,1.57,0.4863,2.19,2.96,3.15,6.7,,,89.41,127.5437,3640.47,5671848.0,98.166,109.423,116.407,False,0.0,False,0.24774794491658292,79,True,0.1935483870967742,False,-18.999999999999993,-0.2136239876631669,
2022-09-30,3.79,3.83,4.22,1.68,0.5169,2.15,2.98,3.15,6.7,,,88.9,127.5148,3585.62,5671848.0,98.166,109.423,116.407,False,0.0,False,0.25546483250141266,80,True,0.21875,False,-16.999999999999993,-0.2136239876631669,
2022-10-03,3.73,3.67,4.12,1.43,0.4509,2.24,3.0,3.15,6.7,,,90.68,127.0813,3678.43,5671848.0,96.9,110.047,115.899,False,0.0,False,0.3135806631611667,81,True,0.21875,False,-14.999999999999991,-0.2136239876631669,
2022-10-04,3.7,3.62,4.1,1.38,0.4088,2.24,3.04,3.15,6.7,,,93.74,126.1819,3790.93,5671848.0,96.9,110.047,115.899,False,0.0,False,0.34585060222512526,82,True,0.22580645161290322,False,-10.999999999999988,-0.2136239876631669,
2022-10-05,3.78,3.76,4.15,1.54,0.4514,2.22,3.04,3.15,6.7,,,94.35,126.8616,3783.28,5633926.0,96.9,110.047,115.899,False,0.0,False,0.3433545369506978,83,True,0.22580645161290322,False,-10.999999999999988,0.1913676839002745,
2022-10-06,3.81,3.83,4.23,1.61,0.4908,2.22,3.05,3.15,6.66,,,95.65,127.2493,3744.52,5633926.0,96.9,110.047,115.899,False,0.0,False,0.3726980530859057,84,True,0.21875,False,-10.000000000000009,0.4943183310589465,
2022-10-07,3.86,3.89,4.3,1.62,0.5241,2.27,3.05,3.15,6.66,,,98.88,127.3111,3639.66,5633926.0,96.9,110.047,115.899,False,0.0,False,0.3852083535024447,85,True,0.21875,False,-10.000000000000009,0.3920723565146575,
2022-10-10,3.86,3.89,4.3,1.62,0.5241,2.27,3.05,3.15,6.66,,,97.13,127.3111,3612.39,5633926.0,96.9,110.047,115.899,False,0.0,False,0.38855971977017634,86,True,0.21875,False,-10.000000000000009,-0.2157335932975384,
2022-10-11,3.92,3.93,4.3,1.62,0.5328,2.31,3.05,3.15,6.66,,,95.17,127.6641,3588.84,5633926.0,96.9,110.047,115.899,False,0.0,False,0.3892896627882371,87,True,0.21875,False,-10.000000000000009,-0.2157335932975384,
2022-10-12,3.9,3.91,4.28,1.62,0.518,2.29,3.04,3.15,6.66,,,93.44,128.1481,3577.03,5629841.0,96.9,110.047,115.899,False,0.0,False,0.3819001273612404,88,True,0.21875,False,-10.999999999999988,-0.2157335932975384,
2022-10-13,3.97,3.97,4.47,1.63,0.538,2.34,3.04,3.15,6.92,,,95.16,127.7286,3669.91,5629841.0,96.9,110.047,115.899,False,0.0,False,0.35449663808024606,89,True,0.21875,False,-10.999999999999988,-0.2157335932975384,
2022-10-14,3.99,4.0,4.48,1.59,0.5487,2.41,3.04,3.15,6.92,,,92.22,128.3325,3583.07,5629841.0,96.9,110.047,115.899,False,0.0,False,0.3764554675747006,90,True,0.21875,False,-10.999999999999988,-0.2157335932975384,
2022-10-17,4.04,4.02,4.45,1.57,0.5333,2.45,3.05,3.15,6.92,,,91.04,127.6448,3677.95,5629841.0,96.9,110.047,115.899,False,0.0,False,0.36660562993179613,91,True,0.22580645161290322,False,-10.000000000000009,-0.2157335932975384,
2022-10-18,4.04,4.01,4.43,1.6,0.5091,2.41,3.04,3.15,6.92,,,89.46,127.9153,3719.98,5629841.0,96.9,110.047,115.899,False,0.0,False,0.3586908357688845,92,True,0.22580645161290322,False,-10.999999999999988,-0.2157335932975384,
2022-10-19,4.15,4.14,4.55,1.72,0.5475,2.42,3.04,3.15,6.92,,,91.34,128.3968,3695.16,5611953.0,96.9,110.047,115.899,False,0.0,False,0.39236009035677333,93,True,0.23333333333333334,False,-10.999999999999988,-0.2157335932975384,
2022-10-20,4.24,4.24,4.62,1.73,0.5903,2.51,3.03,3.15,6.94,,,91.52,128.0052,3665.78,5611953.0,96.9,110.047,115.899,False,0.0,False,0.3966949486158432,94,True,0.23333333333333334,False,-12.00000000000001,-0.2157335932975384,
2022-10-21,4.33,4.21,4.49,1.69,0.5784,2.52,3.02,3.15,6.94,,,91.82,127.6735,3752.75,5611953.0,96.9,110.047,115.899,False,0.0,False,0.40930000201120065,95,True,0.23333333333333334,False,-12.99999999999999,1.890818703983807,黄
2022-10-24,4.4,4.25,4.5,1.66,0.5835,2.59,3.01,3.15,6.94,,,91.57,128.0304,3797.34,5611953.0,96.9,110.047,115.899,True,1.0,False,0.39641947353219636,96,True,0.20689655172413793,False,-14.000000000000012,-0.2164917729868437,
2022-10-25,4.26,4.1,4.42,1.59,0.538,2.51,3.02,3.15,6.94,,,91.76,127.3771,3859.11,5611953.0,96.9,110.047,115.899,False,1.0,False,0.40538967444188656,97,True,0.20689655172413793,False,-12.99999999999999,0.6859484267700465,
2022-10-26,4.19,4.04,4.39,1.6,0.504,2.44,3.03,3.15,6.94,,,92.93,126.4723,3830.6,5608738.0,96.9,110.047,115.899,True,2.0,False,0.39156220735171376,98,True,0.20689655172413793,False,-12.00000000000001,-0.2166222743986632,
2022-10-27,4.12,3.96,4.3,1.51,0.4638,2.45,3.04,3.15,7.08,,,94.17,126.7028,3807.3,5608738.0,96.9,110.047,115.899,True,3.0,False,0.38567651970656186,99,True,0.20689655172413793,False,-10.999999999999988,-0.2166222743986632,
2022-10-28,4.15,4.02,4.41,1.51,0.4838,2.51,3.05,3.15,7.08,,,94.64,127.2135,3901.06,5608738.0,96.9,110.047,115.899,True,4.0,False,0.3616145136045627,100,True,0.21428571428571427,False,-10.000000000000009,-0.2162015740392474,
2022-10-31,4.22,4.1,4.51,1.58,0.5055,2.52,3.05,3.15,7.08,,,93.3,127.6219,3871.98,5608738.0,96.9,110.047,115.899,False,4.0,False,0.35982667057085704,101,True,0.21428571428571427,False,-10.000000000000009,-0.2154641410498281,
2022-11-01,4.14,4.07,4.54,1.56,0.5052,2.51,3.05,3.15,7.08,,,95.12,127.3987,3856.1,5608738.0,96.9,110.047,115.899,False,4.0,False,0.3584825920266643,102,True,0.2222222222222222,False,-10.000000000000009,-0.2154641410498281,
2022-11-02,4.15,4.1,4.61,1.57,0.511,2.53,3.05,3.15,7.08,,,96.07,127.3115,3759.69,5574965.0,96.9,110.047,115.899,False,4.0,False,0.3616263901825171,103,True,0.25,False,-10.000000000000009,-0.2143881017520028,
2022-11-03,4.18,4.14,4.71,1.74,0.5325,2.4,3.8,3.9,6.95,,,95.29,128.1743,3719.89,5574965.0,96.9,110.047,115.899,False,4.0,False,0.36574086798053945,104,True,0.21428571428571427,False,-10.000000000000009,-0.2140960097110726,
2022-11-04,4.27,4.17,4.66,1.69,0.5394,2.48,3.8,3.9,6.95,,,99.53,127.1468,3770.55,5574965.0,96.9,110.047,115.899,True,5.0,False,0.3611399705416992,105,True,0.21428571428571427,False,-10.000000000000009,1.2905745045642891,黄
2022-11-07,4.34,4.22,4.72,1.69,0.5583,2.53,3.78,3.9,6.95,,,99.87,126.3062,3806.8,5574965.0,96.9,110.047,115.899,True,6.0,False,0.34919325211208285,106,True,0.21428571428571427,False,-12.00000000000001,0.9856046724425054,
2022-11-08,4.28,4.14,4.67,1.64,0.5282,2.5,3.78,3.9,6.95,,,96.85,125.633,3828.11,5574965.0,96.9,110.047,115.899,True,7.0,False,0.3562356158548973,107,True,0.21428571428571427,False,-12.00000000000001,0.4850131674559282,
2022-11-09,4.31,4.12,4.61,1.7,0.5127,2.42,3.78,3.9,6.95,,,93.05,125.9861,3748.57,5575232.0,96.9,110.047,115.899,True,8.0,False,0.3333832198997193,108,True,0.20689655172413793,False,-12.00000000000001,-0.0149553682861772,
2022-11-10,4.03,3.82,4.34,1.43,0.3746,2.39,3.78,3.9,7.08,,,94.25,124.7044,3956.37,5575232.0,96.9,110.047,115.899,False,8.0,False,0.46257756429737773,109,True,0.21428571428571427,False,-12.00000000000001,-0.2139897532407111,
2022-11-11,4.03,3.82,4.34,1.43,0.3746,2.39,3.78,3.9,7.08,,,96.37,124.7044,3992.93,5575232.0,96.9,110.047,115.899,False,8.0,False,0.4635608744509274,110,True,0.21428571428571427,False,-12.00000000000001,-0.2136984666344688,
2022-11-14,4.07,3.88,4.4,1.51,0.3593,2.37,3.79,3.9,7.08,,,93.59,123.4277,3957.25,5575232.0,96.9,110.047,115.899,False,8.0,False,0.4638955610391576,111,True,0.21428571428571427,False,-10.999999999999988,-0.2136984666344688,
2022-11-15,3.98,3.8,4.37,1.45,0.3227,2.35,3.8,3.9,7.08,,,94.3,123.039,3991.73,5575232.0,96.9,110.047,115.899,False,8.0,False,0.46774572800615044,112,True,0.21428571428571427,False,-10.000000000000009,-0.2136984666344688,
2022-11-16,3.85,3.67,4.35,1.38,0.2659,2.29,3.81,3.9,7.08,,,92.61,123.2817,3958.79,5535051.0,96.9,110.047,115.899,False,8.0,False,0.44047852000384174,113,True,0.21428571428571427,False,-8.999999999999986,-0.2136984666344688,
2022-11-17,3.89,3.77,4.43,1.49,0.2864,2.28,3.8,3.9,6.61,,,91.0,123.977,3946.56,5535051.0,96.9,110.047,115.899,False,8.0,False,0.43641962324757877,114,True,0.21428571428571427,False,-10.000000000000009,-0.2136984666344688,
2022-11-18,3.92,3.82,4.51,1.57,0.3073,2.25,3.8,3.9,6.61,,,88.93,123.8524,3965.34,5535051.0,96.9,110.047,115.899,False,8.0,False,0.43320092287780576,115,True,0.21428571428571427,False,-10.000000000000009,-0.2136984666344688,
2022-11-21,3.91,3.83,4.48,1.52,0.3176,2.31,3.8,3.9,6.61,,,88.44,124.7009,3949.94,5535051.0,96.9,110.047,115.899,False,8.0,False,0.4359569085780598,116,True,0.21428571428571427,False,-10.000000000000009,-0.2136984666344688,
2022-11-22,3.83,3.76,4.47,1.44,0.2838,2.32,3.8,3.9,6.61,,,88.65,124.2365,4003.58,5535051.0,96.9,110.047,115.899,False,8.0,False,0.4348892523074438,117,True,0.21428571428571427,False,-10.000000000000009,0.0444894014689581,
2022-11-23,3.74,3.71,4.46,1.39,0.2493,2.32,3.79,3.9,6.58,,,85.9,123.7574,4027.26,5535323.0,96.9,110.047,115.899,False,8.0,False,0.4514739258882757,118,True,0.21428571428571427,False,-10.999999999999988,-0.0061692308294475,
2022-11-24,3.74,3.71,4.46,1.39,0.2493,2.32,3.79,3.9,6.58,,,85.59,123.7574,4027.26,5535323.0,96.9,110.047,115.899,False,8.0,False,0.4490827516929997,119,True,0.21428571428571427,False,-10.999999999999988,-0.0085840819390382,
2022-11-25,3.74,3.68,4.42,1.36,0.2252,2.32,3.8,3.9,6.58,,,83.4,123.3386,4026.12,5535323.0,96.9,110.047,115.899,False,8.0,False,0.45242145875880346,120,True,0.21428571428571427,False,-10.000000000000009,0.0372787720148085,
2022-11-28,3.74,3.69,4.46,1.43,0.2188,2.26,3.8,3.9,6.58,,,83.5,123.6032,3963.94,5535323.0,96.9,110.047,115.899,False,8.0,False,0.44786318267438546,121,True,0.21428571428571427,False,-10.000000000000009,0.0350446454216531,
2022-11-29,3.81,3.75,4.48,1.5,0.2343,2.25,3.81,3.9,6.58,,,83.22,123.6615,3957.63,5535323.0,96.9,110.047,115.899,False,8.0,False,0.4557525071970605,122,True,0.21428571428571427,False,-8.999999999999986,0.4564360606030798,
2022-11-30,3.8,3.68,4.38,1.34,0.1996,2.34,3.82,3.9,6.58,,,85.61,123.5175,4080.11,5515984.0,96.9,110.047,115.899,False,8.0,False,0.4784982663618699,123,True,0.21428571428571427,False,-8.000000000000007,0.5015629184411418,
2022-12-01,3.64,3.53,4.25,1.17,0.1372,2.36,3.82,3.9,6.49,,,86.28,122.0045,4076.57,5515984.0,96.9,110.047,115.899,False,8.0,False,0.46412649871522466,124,True,0.18518518518518517,False,-8.000000000000007,0.4986806802663953,
2022-12-02,3.56,3.51,4.28,1.08,0.119,2.43,3.81,3.9,6.49,,,86.54,122.0102,4071.7,5515984.0,96.9,110.047,115.899,False,8.0,False,0.46447444275536376,125,True,0.19230769230769232,False,-8.999999999999986,0.4470163692104704,
2022-12-05,3.62,3.6,4.41,1.21,0.1541,2.39,3.81,3.9,6.49,,,83.36,122.6384,3998.84,5515984.0,96.9,110.047,115.899,False,8.0,False,0.4673647927862749,126,True,0.19230769230769232,False,-8.999999999999986,0.4439531419742347,
2022-12-06,3.52,3.51,4.34,1.2,0.1251,2.31,3.8,3.9,6.49,,,79.92,123.0191,3941.26,5515984.0,96.9,110.047,115.899,False,8.0,False,0.4478089123909634,127,True,0.19230769230769232,False,-10.000000000000009,0.4345472214593883,
2022-12-07,3.42,3.42,4.26,1.16,0.0796,2.26,3.8,3.9,6.49,,,77.11,122.7608,3933.92,5514496.0,96.9,110.047,115.899,False,8.0,False,0.4522623885682249,128,True,0.19230769230769232,False,-10.000000000000009,-0.2131162939525437,
2022-12-08,3.44,3.48,4.31,1.2,0.1027,2.28,3.8,3.9,6.33,,,76.02,122.4152,3963.51,5514496.0,96.9,110.047,115.899,False,8.0,False,0.4517173910451697,129,True,0.19230769230769232,False,-10.000000000000009,-0.2131162939525437,
2022-12-09,3.56,3.57,4.33,1.31,0.1316,2.26,3.8,3.9,6.33,,,76.37,122.4201,3934.38,5514496.0,96.9,110.047,115.899,False,8.0,False,0.4585541511129638,130,True,0.16,False,-10.000000000000009,-0.2131162939525437,
2022-12-12,3.57,3.61,4.39,1.33,0.1474,2.28,3.8,3.9,6.33,,,78.0,122.7714,3990.56,5514496.0,96.9,110.047,115.899,False,8.0,False,0.4490749876923871,131,True,0.16,False,-10.000000000000009,-0.1370187756085868,
2022-12-13,3.53,3.51,4.22,1.27,0.0979,2.24,3.8,3.9,6.33,,,80.14,121.8493,4019.65,5514496.0,96.9,110.047,115.899,False,8.0,False,0.4492813077820288,132,True,0.16,False,-10.000000000000009,-0.1037084380930599,
2022-12-14,3.52,3.49,4.23,1.3,0.0833,2.19,3.8,3.9,6.33,,,83.33,121.8226,3995.32,5513754.0,96.9,110.047,115.899,False,8.0,False,0.44787808491624376,133,True,0.16,False,-10.000000000000009,0.4880440599527229,
2022-12-15,3.48,3.44,4.23,1.28,0.0693,2.16,4.32,4.4,6.31,,,82.34,122.5519,3895.75,5513754.0,96.9,110.047,115.899,False,8.0,False,0.4284789088195701,134,True,0.15384615384615385,False,-8.000000000000007,-0.004202417195261,
2022-12-16,3.53,3.48,4.17,1.35,0.0716,2.13,4.32,4.4,6.31,,,80.2,122.6505,3852.36,5513754.0,96.9,110.047,115.899,False,8.0,False,0.42553407702836266,135,True,0.14814814814814814,False,-8.000000000000007,-0.0034397210428627,
2022-12-19,3.62,3.57,4.25,1.42,0.1055,2.15,4.3,4.4,6.31,,,81.66,122.5275,3817.66,5513754.0,96.9,110.047,115.899,False,8.0,False,0.44667466376161236,136,True,0.14814814814814814,False,-10.000000000000053,-0.1009868344884572,
2022-12-20,3.74,3.69,4.25,1.45,0.1552,2.24,4.3,4.4,6.31,,,79.45,122.1357,3821.62,5513754.0,96.9,110.047,115.899,False,8.0,False,0.43786236111151755,137,True,0.14814814814814814,False,-10.000000000000053,-0.0496785270100776,
2022-12-21,3.74,3.68,4.21,1.41,0.1712,2.27,4.3,4.4,6.31,,,80.25,122.2828,3878.44,5501030.0,96.9,110.047,115.899,False,8.0,False,0.4429883415828751,138,True,0.15384615384615385,False,-10.000000000000053,-0.2137845175662457,
2022-12-22,3.73,3.67,4.24,1.48,0.1782,2.19,4.3,4.4,6.27,,,79.58,122.2419,3822.39,5501030.0,96.9,110.047,115.899,False,8.0,False,0.4322039227175153,139,True,0.18518518518518517,False,-10.000000000000053,2.065643277944657,红
2022-12-23,3.82,3.75,4.31,1.55,0.2097,2.2,4.3,4.4,6.27,,,82.45,121.9743,3844.82,5501030.0,96.9,110.047,115.899,False,8.0,False,0.42477633084175265,140,True,0.18518518518518517,False,-10.000000000000053,2.42041834476317,红
2022-12-26,3.82,3.75,4.31,1.55,0.2097,2.2,4.3,4.4,6.27,,,82.45,121.9743,3844.82,5501030.0,96.9,110.047,115.899,False,8.0,False,0.4024004616390994,141,True,0.18518518518518517,False,-10.000000000000053,1.5303648648379302,黄
2022-12-27,3.93,3.84,4.32,1.58,0.2482,2.26,4.3,4.4,6.27,,,82.45,121.7539,3829.25,5501030.0,96.9,110.047,115.899,False,8.0,False,0.39981214277640864,142,True,0.18518518518518517,False,-10.000000000000053,1.2326103159470074,黄
2022-12-28,3.98,3.88,4.31,1.6,0.2671,2.28,4.3,4.4,6.27,,,81.7,122.0075,3783.22,5500834.0,96.9,110.047,115.899,True,9.0,False,0.3949524518469941,143,True,0.17857142857142858,False,-10.000000000000053,1.700156255597375,黄
2022-12-29,3.92,3.83,4.34,1.56,0.2607,2.27,4.3,4.4,6.42,,,80.96,121.6577,3849.28,5500834.0,96.9,110.047,115.899,True,10.0,True,0.3694646662973721,144,True,0.17857142857142858,False,-10.000000000000053,1.3087708778981682,黄
2022-12-30,3.97,3.88,4.41,1.58,0.2801,2.3,4.3,4.4,6.42,,,82.82,121.4256,3839.5,5500834.0,96.9,110.047,115.899,True,11.0,True,0.3615482257657083,145,True,0.17857142857142858,False,-10.000000000000053,1.0180717379770534,黄
2023-01-02,3.97,3.88,4.41,1.58,0.2801,2.3,4.3,4.4,6.42,,,82.82,121.4256,3839.5,5500834.0,96.555,110.298,116.544,True,12.0,True,0.3662545828205214,146,True,0.17857142857142858,False,-10.000000000000053,1.0137895244703383,黄
2023-01-03,3.88,3.79,4.4,1.53,0.2448,2.26,4.31,4.4,6.42,,,80.36,122.0905,3824.14,5500834.0,96.555,110.298,116.544,True,13.0,True,0.34990567713195597,147,True,0.18518518518518517,False,-9.000000000000075,-0.1507495468765216,
2023-01-04,3.81,3.69,4.36,1.47,0.1936,2.22,4.3,4.4,6.42,,,75.31,121.5008,3852.97,5457751.0,96.555,110.298,116.544,True,14.0,True,0.34154057681082767,148,True,0.18518518518518517,False,-10.000000000000053,-0.199350963998125,
2023-01-05,3.78,3.71,4.45,1.49,0.1847,2.22,4.31,4.4,6.48,,,76.73,122.1017,3808.1,5457751.0,96.555,110.298,116.544,True,15.0,True,0.34393479681163003,149,True,0.17857142857142858,False,-9.000000000000075,-0.1489856577729631,
2023-01-06,3.67,3.55,4.24,1.34,0.1036,2.21,4.31,4.4,6.48,,,76.41,121.0852,3895.08,5457751.0,96.555,110.298,116.544,False,15.0,True,0.3703312090116719,150,True,0.17857142857142858,False,-9.000000000000075,-0.1483660669825802,
2023-01-09,3.66,3.53,4.19,1.31,0.0675,2.22,4.31,4.4,6.48,,,77.5,120.1508,3892.09,5457751.0,96.555,110.298,116.544,False,15.0,True,0.37104985315301164,151,True,0.17857142857142858,False,-9.000000000000075,-0.1476917327387271,
2023-01-10,3.74,3.61,4.24,1.37,0.0817,2.24,4.31,4.4,6.48,,,78.4,120.2483,3919.25,5457751.0,96.555,110.298,116.544,False,15.0,True,0.3935434784396333,152,True,0.17857142857142858,False,-9.000000000000075,-0.220292076292016,
2023-01-11,3.67,3.54,4.2,1.31,0.0591,2.23,4.3,4.4,6.48,,,81.11,120.1614,3969.61,5456426.0,96.555,110.298,116.544,False,15.0,True,0.3973094826344926,153,True,0.17857142857142858,False,-10.000000000000053,-0.220292076292016,
2023-01-12,3.56,3.43,4.12,1.22,0.0107,2.21,4.3,4.4,6.33,,,82.59,119.4218,3983.17,5456426.0,96.555,110.298,116.544,False,15.0,True,0.41564271349331694,154,True,0.17857142857142858,False,-10.000000000000053,-0.220292076292016,
2023-01-13,3.61,3.49,4.22,1.31,0.0217,2.18,4.3,4.4,6.33,,,83.43,119.1673,3999.09,5456426.0,96.555,110.298,116.544,False,15.0,True,0.4121347718326882,155,True,0.17857142857142858,False,-10.000000000000053,-0.220292076292016,
2023-01-16,3.61,3.49,4.22,1.31,0.0217,2.18,4.3,4.4,6.33,,,82.65,119.1673,3999.09,5456426.0,96.555,110.298,116.544,False,14.0,True,0.40703485156828606,156,True,0.17857142857142858,False,-10.000000000000053,-0.220292076292016,
2023-01-17,3.64,3.53,4.18,1.36,0.0258,2.17,4.31,4.4,6.33,,,84.38,119.2121,3990.97,5456426.0,96.555,110.298,116.544,False,14.0,True,0.4005976391910221,157,True,0.17857142857142858,False,-9.000000000000075,-0.220292076292016,
2023-01-18,3.54,3.37,4.06,1.25,-0.0393,2.12,4.3,4.4,6.33,,,83.78,119.0755,3928.86,5436722.0,96.555,110.298,116.544,False,13.0,True,0.35198890902029284,158,True,0.21428571428571427,False,-10.000000000000053,-0.220292076292016,
2023-01-19,3.57,3.39,4.09,1.19,-0.0412,2.2,4.31,4.4,6.15,,,85.08,119.6107,3898.85,5436722.0,96.555,110.298,116.544,False,12.0,True,0.36653306851064094,159,True,0.21428571428571427,False,-9.000000000000075,-0.220292076292016,
2023-01-20,3.66,3.48,4.14,1.25,-0.0137,2.23,4.3,4.4,6.15,,,86.96,119.3486,3972.61,5436722.0,96.555,110.298,116.544,False,11.0,True,0.30915352998370743,160,True,0.21428571428571427,False,-10.000000000000053,-0.220292076292016,
2023-01-23,3.69,3.52,4.21,1.24,0.0098,2.28,4.3,4.4,6.15,,,87.54,119.1434,4019.81,5436722.0,96.555,110.298,116.544,False,11.0,True,0.3064152481577264,161,True,0.21428571428571427,False,-10.000000000000053,0.064186153760913,
2023-01-24,3.62,3.46,4.12,1.19,-0.0043,2.27,4.3,4.4,6.15,,,85.25,119.0958,4016.95,5436722.0,96.555,110.298,116.544,False,11.0,True,0.3141990848704033,162,True,0.21428571428571427,False,-10.000000000000053,-0.2206948574519125,
2023-01-25,3.62,3.46,4.11,1.17,-0.0108,2.29,4.31,4.4,6.15,,,85.08,118.9686,4016.22,5435582.0,96.555,110.298,116.544,False,11.0,True,0.3493645231676217,163,True,0.21428571428571427,False,-9.000000000000075,0.6322280846745785,
2023-01-26,3.62,3.49,4.17,1.16,0.0027,2.33,4.3,4.4,6.13,,,86.29,119.021,4060.43,5435582.0,96.555,110.298,116.544,False,11.0,True,0.3341528637848541,164,True,0.21428571428571427,False,-10.000000000000053,0.7249269781974226,
2023-01-27,3.64,3.52,4.19,1.19,0.0167,2.33,4.3,4.4,6.13,,,85.36,118.9223,4070.56,5435582.0,96.555,110.298,116.544,False,10.0,True,0.33465113796917295,165,True,0.21428571428571427,False,-10.000000000000053,0.1559248854084632,
2023-01-30,3.66,3.55,4.25,1.26,0.0344,2.29,4.3,4.4,6.13,,,84.9,118.8953,4017.77,5435582.0,96.555,110.298,116.544,False,9.0,False,0.33497675998320753,166,True,0.2413793103448276,False,-10.000000000000053,0.0607980826051177,
2023-01-31,3.65,3.52,4.21,1.28,0.0255,2.24,4.31,4.4,6.13,,,83.42,118.9802,4076.6,5435582.0,96.555,110.298,116.544,False,8.0,False,0.33036065567210177,167,True,0.2413793103448276,False,-9.000000000000075,0.3442926616662304,
2023-02-01,3.55,3.39,4.09,1.14,-0.0305,2.25,4.31,4.4,6.13,,,81.61,118.6259,4119.21,5397388.0,96.555,110.298,116.544,False,7.0,False,0.3505076306171427,168,True,0.2413793103448276,False,-9.000000000000075,-0.2242226325886002,
2023-02-02,3.55,3.4,4.09,1.18,-0.0405,2.22,4.56,4.65,6.09,,,80.57,118.3421,4179.76,5397388.0,96.555,110.298,116.544,False,7.0,False,0.3534383710461551,169,True,0.2413793103448276,False,-9.000000000000075,-0.2242226325886002,
2023-02-03,3.63,3.53,4.3,1.31,0.0174,2.22,4.55,4.65,6.09,,,78.85,119.5095,4136.48,5397388.0,96.555,110.298,116.544,False,7.0,False,0.365767941425817,170,True,0.23333333333333334,False,-10.000000000000053,-0.2242226325886002,
2023-02-06,3.67,3.63,4.44,1.38,0.0693,2.25,4.55,4.65,6.09,,,80.48,120.541,4111.08,5397388.0,96.555,110.298,116.544,False,7.0,False,0.384724341676754,171,True,0.23333333333333334,False,-10.000000000000053,-0.2242226325886002,
2023-02-07,3.72,3.67,4.47,1.36,0.0942,2.31,4.55,4.65,6.09,,,82.92,120.3475,4164.0,5397388.0,96.555,110.298,116.544,False,7.0,False,0.17388467928533877,172,True,0.23333333333333334,False,-10.000000000000053,-0.2242226325886002,
2023-02-08,3.7,3.63,4.45,1.29,0.0919,2.34,4.55,4.65,6.09,,,84.17,120.1436,4117.86,5397022.0,96.555,110.298,116.544,False,7.0,False,0.16442481303662926,173,True,0.25806451612903225,False,-10.000000000000053,-0.2242226325886002,
2023-02-09,3.75,3.67,4.48,1.34,0.105,2.33,4.55,4.65,6.12,,,83.46,119.9781,4081.5,5397022.0,96.555,110.298,116.544,False,7.0,False,0.16107300790630444,174,True,0.25806451612903225,False,-10.000000000000053,-0.2242226325886002,
2023-02-10,3.83,3.74,4.5,1.41,0.1324,2.33,4.55,4.65,6.12,,,85.46,120.1419,4090.46,5397022.0,96.555,110.298,116.544,False,7.0,False,0.14662303744538135,175,True,0.25806451612903225,False,-10.000000000000053,-0.2242226325886002,
2023-02-13,3.79,3.72,4.52,1.41,0.128,2.31,4.55,4.65,6.12,,,85.98,119.9828,4137.29,5397022.0,96.555,110.298,116.544,False,7.0,False,0.17814862434547327,176,True,0.26666666666666666,False,-10.000000000000053,0.6268516077162224,
2023-02-14,3.81,3.77,4.6,1.46,0.1512,2.31,4.55,4.65,6.12,,,84.96,119.9229,4136.13,5397022.0,96.555,110.298,116.544,False,7.0,False,0.1734913156185239,177,True,0.27586206896551724,False,-10.000000000000053,0.719373135095113,
2023-02-15,3.85,3.81,4.62,1.46,0.188,2.35,4.55,4.65,6.12,,,84.11,120.4557,4147.6,5364607.0,96.555,110.298,116.544,False,7.0,False,0.1763799495594823,178,True,0.27586206896551724,False,-10.000000000000053,-0.2261172858574343,
2023-02-16,3.92,3.86,4.62,1.49,0.1943,2.37,4.55,4.65,6.32,,,83.84,120.4651,4090.41,5364607.0,96.555,110.298,116.544,False,7.0,False,0.187429588917819,179,True,0.26666666666666666,False,-10.000000000000053,-0.2261172858574343,
2023-02-17,3.88,3.82,4.6,1.46,0.1817,2.36,4.55,4.65,6.32,,,81.97,120.5526,4079.09,5364607.0,96.555,110.298,116.544,False,7.0,False,0.16833240788447518,180,True,0.26666666666666666,False,-10.000000000000053,-0.2261172858574343,
2023-02-20,3.88,3.82,4.6,1.46,0.1817,2.36,4.55,4.65,6.32,,,82.79,120.5526,4079.09,5364607.0,96.555,110.298,116.544,False,7.0,False,0.16334260002243217,181,True,0.27586206896551724,False,-10.000000000000053,-0.2261172858574343,
2023-02-21,3.98,3.95,4.67,1.53,0.2253,2.42,4.55,4.65,6.32,,,82.14,120.6256,3997.34,5364607.0,96.555,110.298,116.544,False,7.0,False,0.20619169431384235,182,True,0.26666666666666666,False,-10.000000000000053,-0.2261172858574343,
2023-02-22,3.94,3.93,4.66,1.52,0.2457,2.41,4.55,4.65,6.32,,,79.55,120.8389,3991.05,5364291.0,96.555,110.298,116.544,False,7.0,False,0.2057738538859463,183,True,0.27586206896551724,False,-10.000000000000053,-0.2261172858574343,
2023-02-23,3.88,3.88,4.66,1.49,0.2362,2.39,4.55,4.65,6.5,,,82.08,121.0896,4012.32,5364291.0,96.555,110.298,116.544,False,7.0,False,0.21137731545616867,184,True,0.27586206896551724,False,-10.000000000000053,-0.157807706166681,
2023-02-24,3.93,3.95,4.78,1.57,0.2691,2.38,4.55,4.65,6.5,,,82.31,121.5681,3970.04,5364291.0,96.555,110.298,116.544,False,7.0,False,0.22175944461046604,185,True,0.26666666666666666,False,-10.000000000000053,-0.1571835922932776,
2023-02-27,3.93,3.92,4.78,1.56,0.261,2.36,4.55,4.65,6.5,,,81.24,121.3941,3982.24,5364291.0,96.555,110.298,116.544,False,7.0,False,0.19174708220308517,186,True,0.2413793103448276,False,-10.000000000000053,-0.1566185537731635,
2023-02-28,3.93,3.92,4.81,1.49,0.258,2.43,4.55,4.65,6.5,,,83.21,121.3341,3970.15,5364291.0,96.555,110.298,116.544,False,7.0,False,0.2007199230112903,187,True,0.2413793103448276,False,-10.000000000000053,-0.0128136894651754,
2023-03-01,3.97,4.01,4.89,1.57,0.2929,2.44,4.55,4.65,6.5,,,83.68,120.6347,3951.39,5336147.0,96.555,110.298,116.544,False,7.0,False,0.20682967173269323,188,True,0.2413793103448276,False,-10.000000000000053,0.5289533259566572,
2023-03-02,4.03,4.08,4.89,1.6,0.3251,2.48,4.55,4.65,6.65,,,84.15,121.1302,3981.35,5336147.0,96.555,110.298,116.544,False,7.0,False,0.16792892466441528,189,True,0.2413793103448276,False,-10.000000000000053,-0.0107239499089679,
2023-03-03,3.9,3.97,4.86,1.45,0.3012,2.52,4.55,4.65,6.65,,,85.74,120.7742,4045.64,5336147.0,96.555,110.298,116.544,False,7.0,False,0.24007720076052957,190,True,0.2413793103448276,False,-10.000000000000053,-0.0095962731000037,
2023-03-06,3.92,3.98,4.89,1.49,0.2844,2.49,4.55,4.65,6.65,,,85.86,120.485,4048.42,5336147.0,96.555,110.298,116.544,True,8.0,False,0.24929499464143698,191,True,0.2413793103448276,False,-10.000000000000053,0.3457052121171782,
2023-03-07,3.88,3.97,5.0,1.59,0.2848,2.38,4.55,4.65,6.65,,,83.03,121.4623,3986.37,5336147.0,96.555,110.298,116.544,False,8.0,False,0.2485677343904052,192,True,0.23333333333333334,False,-10.000000000000053,-0.1174160432602294,
2023-03-08,3.88,3.98,5.05,1.66,0.2799,2.32,4.55,4.65,6.65,,,82.1,121.4511,3992.01,5335948.0,96.555,110.298,116.544,False,8.0,False,0.23814656181239596,193,True,0.2413793103448276,False,-10.000000000000053,0.194244304404915,
2023-03-09,3.88,3.93,4.9,1.63,0.2372,2.3,4.55,4.65,6.73,,,81.0,121.4458,3918.32,5335948.0,96.555,110.298,116.544,False,8.0,False,0.22263344662702247,194,True,0.26666666666666666,False,-10.000000000000053,0.0097549921631956,
2023-03-10,3.7,3.7,4.6,1.44,0.1327,2.26,4.55,4.65,6.73,,,82.3,121.2421,3861.59,5335948.0,96.555,110.298,116.544,False,8.0,False,0.12002421896432633,195,True,0.3,False,-10.000000000000053,0.0114280002156111,
2023-03-13,3.7,3.55,4.03,1.31,0.0372,2.24,4.55,4.65,6.73,,,79.67,120.8897,3855.76,5335948.0,96.555,110.298,116.544,False,8.0,False,0.11586971483135956,196,True,0.3,False,-10.000000000000053,0.0131688400451449,
2023-03-14,3.77,3.64,4.2,1.33,0.072,2.31,4.55,4.65,6.73,,,76.77,121.0141,3919.29,5335948.0,96.555,110.298,116.544,False,8.0,False,0.11431870746555423,197,True,0.3,False,-10.000000000000053,0.0769964337670525,
2023-03-15,3.7,3.51,3.93,1.22,0.0324,2.29,4.58,4.65,6.73,,,74.3,122.1079,3891.93,5328927.0,96.555,110.298,116.544,False,8.0,False,0.08467662544764039,198,True,0.3103448275862069,False,-7.000000000000028,0.2276776788925671,
2023-03-16,3.71,3.56,4.14,1.34,0.072,2.22,4.57,4.65,6.6,,,73.12,121.7221,3960.28,5328927.0,96.555,110.298,116.544,False,8.0,False,0.04983404755995969,199,True,0.32142857142857145,False,-8.000000000000007,0.1786051752342178,
2023-03-17,3.6,3.39,3.81,1.29,0.0156,2.1,4.55,4.65,6.6,,,71.03,121.5643,3916.64,5328927.0,96.555,110.298,116.544,False,8.0,False,0.011845299651204606,200,True,0.3448275862068966,False,-10.000000000000053,0.07894118960363,
2023-03-20,3.65,3.47,3.92,1.33,0.0386,2.14,4.55,4.65,6.6,,,72.42,121.0141,3951.57,5328927.0,96.555,110.298,116.544,False,8.0,False,-0.0038366543629506536,0,False,0.35714285714285715,False,-10.000000000000053,0.0793420492176064,
2023-03-21,3.73,3.59,4.17,1.36,0.0934,2.23,4.55,4.65,6.6,,,74.78,120.8958,4002.87,5328927.0,96.555,110.298,116.544,False,8.0,False,-0.03085927866125713,0,False,0.37037037037037035,False,-10.000000000000053,-0.2032703471078744,
2023-03-22,3.68,3.48,3.96,1.2,0.0371,2.28,4.55,4.65,6.6,,,76.08,120.6217,3936.97,5328976.0,96.555,110.298,116.544,False,7.0,False,-0.05634390052332183,0,False,0.39285714285714285,False,-10.000000000000053,-0.2025998157677182,
2023-03-23,3.66,3.38,3.76,1.19,-0.0229,2.19,4.8,4.9,6.42,,,74.31,119.7587,3948.72,5328976.0,96.555,110.298,116.544,False,6.0,False,-0.05128512084413458,0,False,0.39285714285714285,False,-10.000000000000053,-0.0078556194311083,
2023-03-24,3.64,3.38,3.76,1.16,-0.0271,2.22,4.8,4.9,6.42,,,73.63,120.4598,3970.99,5328976.0,96.555,110.298,116.544,False,5.0,False,-0.060842156955903656,0,False,0.37037037037037035,False,-10.000000000000053,-0.0072538030782937,
2023-03-27,3.77,3.53,3.94,1.29,0.0321,2.24,4.81,4.9,6.42,,,76.8,120.2541,3977.53,5328976.0,96.555,110.298,116.544,False,4.0,False,-0.07357108813336073,0,False,0.34615384615384615,False,-9.000000000000075,0.3477284632539541,
2023-03-28,3.77,3.55,4.02,1.24,0.0575,2.31,4.84,4.9,6.42,,,78.07,119.7138,3971.27,5328976.0,96.555,110.298,116.544,False,3.0,False,-0.08847434747587213,0,False,0.34615384615384615,False,-6.00000000000005,0.0892182091303084,
2023-03-29,3.78,3.57,4.08,1.24,0.0723,2.33,4.83,4.9,6.42,,,77.51,119.7258,4027.81,5329303.0,96.555,110.298,116.544,False,2.0,False,-0.09713580690573521,0,False,0.34615384615384615,False,-7.000000000000028,0.6319022850729473,
2023-03-30,3.74,3.55,4.1,1.21,0.0593,2.34,4.82,4.9,6.32,,,78.45,119.4078,4050.83,5329303.0,96.555,110.298,116.544,False,1.0,False,-0.09567114019173212,0,False,0.34615384615384615,False,-8.000000000000007,1.3832696099816253,黄
2023-03-31,3.67,3.48,4.06,1.16,0.0305,2.32,4.87,4.9,6.32,,,79.19,119.3602,4109.31,5329303.0,96.555,110.298,116.544,False,1.0,False,-0.07080249004485915,0,False,0.36,False,-3.000000000000025,0.71907879018964,
2023-04-03,3.64,3.43,3.97,1.14,-0.0103,2.29,4.84,4.9,6.32,,,85.81,119.3204,4124.51,5329303.0,96.709,111.404,117.231,False,1.0,False,-0.08084161562234096,0,False,0.375,False,-6.00000000000005,0.1268409275913064,
2023-04-04,3.6,3.35,3.84,1.1,-0.0603,2.25,4.83,4.9,6.32,,,85.7,119.142,4100.6,5329303.0,96.709,111.404,117.231,False,1.0,False,-0.09694497003810364,0,False,0.375,False,-7.000000000000028,0.0208451759575913,
2023-04-05,3.56,3.3,3.79,1.07,-0.087,2.23,4.81,4.9,6.32,,,85.89,119.2953,4090.38,5280287.0,96.709,111.404,117.231,False,1.0,False,-0.1742859743962104,0,False,0.375,False,-9.000000000000075,-0.0781078131209612,
2023-04-06,3.54,3.3,3.82,1.06,-0.0988,2.24,4.81,4.9,6.28,,,86.56,119.3072,4105.02,5280287.0,96.709,111.404,117.231,False,1.0,False,-0.17395221167397312,0,False,0.375,False,-9.000000000000075,-0.0768168304421383,
2023-04-07,3.61,3.39,3.97,1.14,-0.065,2.25,4.81,4.9,6.28,,,86.56,119.3547,4105.02,5280287.0,96.709,111.404,117.231,False,1.0,False,-0.16221761057208653,0,False,0.375,False,-9.000000000000075,-0.0757104128977228,
2023-04-10,3.62,3.41,4.0,1.14,-0.0614,2.27,4.81,4.9,6.28,,,86.56,119.7948,4109.11,5280287.0,96.709,111.404,117.231,False,1.0,False,-0.18184673482193464,0,False,0.391304347826087,False,-9.000000000000075,-0.0744557448922456,
2023-04-11,3.62,3.43,4.03,1.14,-0.0554,2.29,4.8,4.9,6.28,,,87.32,119.5248,4108.94,5280287.0,96.709,111.404,117.231,False,1.0,False,-0.1907935862638621,0,False,0.391304347826087,False,-10.000000000000053,-0.2249135071506505,
2023-04-12,3.64,3.41,3.95,1.14,-0.0744,2.27,4.8,4.9,6.28,,,88.31,119.003,4091.95,5280914.0,96.709,111.404,117.231,False,1.0,False,-0.18888846225100064,0,False,0.391304347826087,False,-10.000000000000053,0.8115525705702182,
2023-04-13,3.69,3.45,3.96,1.16,-0.0647,2.29,4.8,4.9,6.27,,,86.51,118.3915,4146.22,5280914.0,96.709,111.404,117.231,False,1.0,False,-0.19668802896413606,0,False,0.391304347826087,False,-10.000000000000053,1.1830470784205014,黄
2023-04-14,3.74,3.52,4.08,1.22,-0.0316,2.3,4.8,4.9,6.27,,,87.31,118.8567,4137.64,5280914.0,96.709,111.404,117.231,False,1.0,False,-0.19416405877420165,0,False,0.391304347826087,False,-10.000000000000053,0.9916965605855944,
2023-04-17,3.81,3.6,4.18,1.28,-0.0001,2.32,4.8,4.9,6.27,,,85.63,119.2787,4151.32,5280914.0,96.709,111.404,117.231,False,1.0,False,-0.15142143255651758,0,False,0.391304347826087,False,-10.000000000000053,1.5421364560807935,黄
2023-04-18,3.79,3.58,4.19,1.3,-0.0012,2.28,4.8,4.9,6.27,,,85.48,119.1049,4154.87,5280914.0,96.709,111.404,117.231,False,1.0,False,-0.1554890803427824,0,False,0.391304347826087,False,-10.000000000000053,1.1637087840115905,黄
2023-04-19,3.79,3.6,4.24,1.32,0.0082,2.28,4.8,4.9,6.27,,,85.34,119.303,4154.52,5265070.0,96.709,111.404,117.231,False,1.0,False,-0.12593761511151616,0,False,0.391304347826087,False,-10.000000000000053,-0.2284694637668077,
2023-04-20,3.75,3.54,4.14,1.28,-0.0156,2.26,4.8,4.9,6.39,,,83.29,119.1199,4129.79,5265070.0,96.709,111.404,117.231,True,2.0,False,-0.1256866563793741,0,False,0.391304347826087,False,-10.000000000000053,-0.2284694637668077,
2023-04-21,3.78,3.57,4.17,1.29,-0.0079,2.28,4.8,4.9,6.39,,,83.36,119.3117,4133.52,5265070.0,96.709,111.404,117.231,True,3.0,False,-0.12482884674237622,0,False,0.391304347826087,False,-10.000000000000053,-0.2281935158033512,
2023-04-24,3.73,3.52,4.12,1.24,-0.0317,2.28,4.8,4.9,6.39,,,84.23,119.2039,4137.04,5265070.0,96.709,111.404,117.231,False,3.0,False,-0.12395986973761396,0,False,0.391304347826087,False,-10.000000000000053,-0.2281935158033512,
2023-04-25,3.65,3.4,3.86,1.15,-0.0912,2.25,4.8,4.9,6.39,,,82.13,119.613,4071.63,5265070.0,96.709,111.404,117.231,False,3.0,False,-0.15513291678997404,0,False,0.375,False,-10.000000000000053,-0.2281935158033512,
2023-04-26,3.7,3.43,3.9,1.18,-0.0899,2.25,4.8,4.9,6.39,,,79.19,119.3228,4055.99,5265728.0,96.709,111.404,117.231,False,3.0,False,-0.15067238836715516,0,False,0.375,False,-10.000000000000053,-0.2281935158033512,
2023-04-27,3.76,3.53,4.07,1.26,-0.0424,2.27,4.81,4.9,6.43,,,80.11,119.4298,4135.35,5265728.0,96.709,111.404,117.231,False,3.0,False,-0.19610823851728693,0,False,0.34782608695652173,False,-9.000000000000075,-0.2272798767291781,
2023-04-28,3.67,3.44,4.04,1.26,-0.0635,2.18,4.81,4.9,6.43,,,81.32,119.2248,4169.48,5265728.0,96.709,111.404,117.231,False,3.0,False,-0.19076542306445887,0,False,0.36363636363636365,False,-9.000000000000075,-0.2262478901080075,
2023-05-01,3.84,3.59,4.14,1.36,-0.0289,2.23,4.81,4.9,6.43,,,81.32,119.4435,4167.87,5265728.0,96.709,111.404,117.231,False,3.0,False,-0.21728572156266543,0,False,0.36363636363636365,False,-9.000000000000075,-0.2259186046329012,
2023-05-02,3.72,3.44,3.97,1.24,-0.088,2.2,4.81,4.9,6.43,,,76.71,119.6105,4119.58,5265728.0,96.709,111.404,117.231,False,3.0,False,-0.2470805997193396,0,False,0.34782608695652173,False,-9.000000000000075,0.154753471321752,
2023-05-03,3.7,3.38,3.89,1.18,-0.1313,2.2,4.81,4.9,6.43,,,72.91,119.1233,4090.75,5222684.0,96.709,111.404,117.231,False,3.0,False,-0.2894995917719049,0,False,0.34782608695652173,False,-9.000000000000075,-0.22467404115607,
2023-05-04,3.73,3.37,3.75,1.18,-0.1615,2.19,5.06,5.15,6.39,,,73.0,119.0465,4061.22,5222684.0,96.709,111.404,117.231,False,3.0,False,-0.30732638497761755,0,False,0.36363636363636365,False,-9.000000000000075,-0.22467404115607,
2023-05-05,3.76,3.44,3.92,1.23,-0.1285,2.21,5.06,5.15,6.39,,,75.85,118.5548,4136.25,5222684.0,96.709,111.404,117.231,False,3.0,False,-0.3180516576505562,0,False,0.36363636363636365,False,-9.000000000000075,-0.22467404115607,
2023-05-08,3.84,3.52,4.0,1.29,-0.0927,2.23,5.06,5.15,6.39,,,75.85,118.5759,4138.12,5222684.0,96.709,111.404,117.231,False,3.0,False,-0.3114052971006042,0,False,0.36363636363636365,False,-9.000000000000075,-0.22467404115607,
2023-05-09,3.85,3.53,4.01,1.3,-0.0816,2.23,5.06,5.15,6.39,,,77.76,118.8239,4119.17,5222684.0,96.709,111.404,117.231,False,3.0,False,-0.3205447835263376,0,False,0.36363636363636365,False,-9.000000000000075,0.6333747951860677,
2023-05-10,3.8,3.43,3.9,1.26,-0.1165,2.17,5.06,5.15,6.39,,,76.7,118.5864,4137.64,5223146.0,96.709,111.404,117.231,False,3.0,False,-0.3067399484284093,0,False,0.36363636363636365,False,-9.000000000000075,0.2509684480905898,
2023-05-11,3.73,3.39,3.89,1.23,-0.1353,2.16,5.05,5.15,6.35,,,75.32,119.0303,4130.62,5223146.0,96.709,111.404,117.231,False,3.0,False,-0.31493937609401096,0,False,0.36363636363636365,False,-10.000000000000053,-0.0356048660673499,
2023-05-12,3.78,3.46,3.98,1.28,-0.1103,2.18,5.05,5.15,6.35,,,74.54,119.3671,4124.08,5223146.0,96.709,111.404,117.231,False,3.0,False,-0.3116584411935512,0,False,0.36363636363636365,False,-10.000000000000053,-0.2265075522156956,
2023-05-15,3.84,3.5,3.99,1.31,-0.096,2.19,5.06,5.15,6.35,,,75.46,119.1608,4136.28,5223146.0,96.709,111.404,117.231,False,3.0,False,-0.31180496867743107,0,False,0.36363636363636365,False,-9.000000000000075,-0.2265075522156956,
2023-05-16,3.87,3.54,4.06,1.35,-0.0738,2.19,5.05,5.15,6.35,,,75.15,119.1743,4109.9,5223146.0,96.709,111.404,117.231,False,3.0,False,-0.326941111728969,0,False,0.36363636363636365,False,-10.000000000000053,-0.2265075522156956,
2023-05-17,3.88,3.57,4.12,1.35,-0.0543,2.22,5.05,5.15,6.35,,,76.98,119.607,4158.77,5194610.0,96.709,111.404,117.231,False,3.0,False,-0.3293680252786534,0,False,0.36363636363636365,False,-10.000000000000053,-0.2265075522156956,
2023-05-18,3.91,3.65,4.24,1.42,-0.0172,2.23,5.05,5.15,6.39,,,75.75,120.0886,4198.05,5194610.0,96.709,111.404,117.231,False,3.0,False,-0.34004184955481087,0,False,0.36363636363636365,False,-10.000000000000053,-0.2265075522156956,
2023-05-19,3.95,3.7,4.28,1.46,0.0112,2.24,5.05,5.15,6.39,,,75.42,119.7751,4191.98,5194610.0,96.709,111.404,117.231,False,3.0,False,-0.4200762855921091,0,False,0.36363636363636365,False,-10.000000000000053,-0.2265075522156956,
2023-05-22,3.97,3.72,4.29,1.48,0.0144,2.24,5.05,5.15,6.39,,,75.77,120.0875,4192.63,5194610.0,96.709,111.404,117.231,False,3.0,False,-0.41892936867522707,0,False,0.36363636363636365,False,-10.000000000000053,-0.2265075522156956,
2023-05-23,3.96,3.7,4.26,1.44,0.0106,2.26,5.05,5.15,6.39,,,76.66,120.3204,4145.58,5194610.0,96.709,111.404,117.231,False,3.0,False,-0.4241944759888537,0,False,0.36363636363636365,False,-10.000000000000053,-0.2265075522156956,
2023-05-24,3.97,3.73,4.31,1.48,0.0168,2.25,5.05,5.15,6.39,,,77.99,120.4752,4115.24,5194961.0,96.709,111.404,117.231,False,3.0,False,-0.4414400022230935,0,False,0.36363636363636365,False,-10.000000000000053,-0.2265075522156956,
2023-05-25,4.01,3.83,4.5,1.58,0.065,2.25,5.06,5.15,6.57,,,75.66,120.8413,4151.28,5194961.0,96.709,111.404,117.231,False,3.0,False,-0.45330265676274684,0,False,0.36363636363636365,False,-9.000000000000075,-0.2265075522156956,
2023-05-26,3.96,3.8,4.54,1.57,0.0776,2.23,5.06,5.15,6.57,,,76.33,120.6304,4205.45,5194961.0,96.709,111.404,117.231,False,3.0,False,-0.43957503510433626,0,False,0.36363636363636365,False,-9.000000000000075,-0.2265075522156956,
2023-05-29,3.96,3.8,4.54,1.57,0.0776,2.23,5.06,5.15,6.57,,,76.33,120.6304,4205.45,5194961.0,96.709,111.404,117.231,False,2.0,False,-0.45723732663718725,0,False,0.36363636363636365,False,-9.000000000000075,-0.2259863587030318,
2023-05-30,3.9,3.69,4.46,1.47,0.0236,2.22,5.06,5.15,6.57,,,73.38,120.5546,4205.52,5194961.0,96.709,111.404,117.231,False,2.0,False,-0.4473709900815922,0,False,0.38095238095238093,False,-9.000000000000075,-0.2253624854272735,
2023-05-31,3.85,3.64,4.4,1.46,-0.0186,2.18,5.08,5.15,6.57,,,71.98,120.9662,4179.83,5164237.0,96.709,111.404,117.231,False,2.0,False,-0.5043029944616149,0,False,0.4,False,-7.000000000000028,-0.2253624854272735,
2023-06-01,3.84,3.61,4.33,1.45,-0.0441,2.16,5.08,5.15,6.79,,,74.18,120.0491,4221.02,5164237.0,96.709,111.404,117.231,False,2.0,False,-0.4947011946267648,0,False,0.4,False,-7.000000000000028,-0.2253624854272735,
2023-06-02,3.88,3.69,4.5,1.51,-0.0067,2.18,5.07,5.15,6.79,,,76.0,120.0049,4282.37,5164237.0,96.709,111.404,117.231,False,2.0,False,-0.5183818564157585,0,False,0.4,False,-8.000000000000007,-0.2253624854272735,
2023-06-05,3.89,3.69,4.46,1.5,-0.0018,2.19,5.06,5.15,6.79,,,76.61,120.0048,4273.79,5164237.0,96.709,111.404,117.231,False,2.0,False,-0.5175804657676902,0,False,0.4,False,-9.000000000000075,-0.2253624854272735,
2023-06-06,3.87,3.7,4.51,1.5,0.0072,2.2,5.05,5.15,6.79,,,76.22,119.9718,4283.85,5164237.0,96.709,111.404,117.231,False,2.0,False,-0.5196670591889336,0,False,0.4,False,-10.000000000000053,-0.1300527851997776,
2023-06-07,3.95,3.79,4.56,1.58,0.0486,2.21,5.05,5.15,6.79,,,76.85,119.859,4267.52,5161822.0,96.709,111.404,117.231,False,2.0,False,-0.4594851961247344,0,False,0.4,False,-10.000000000000053,1.1999929169857364,黄
2023-06-08,3.89,3.73,4.52,1.53,0.0363,2.2,5.05,5.15,6.71,,,75.88,119.5712,4293.93,5161822.0,96.709,111.404,117.231,False,2.0,False,-0.4518584633160394,0,False,0.4,False,-10.000000000000053,0.911282472808317,
2023-06-09,3.89,3.75,4.59,1.55,0.0509,2.2,5.05,5.15,6.71,,,74.74,119.4322,4298.86,5161822.0,96.709,111.404,117.231,False,2.0,False,-0.4334082792536971,0,False,0.42105263157894735,False,-10.000000000000053,0.3410291679538653,
2023-06-12,3.87,3.73,4.55,1.56,0.0448,2.17,5.05,5.15,6.71,,,71.8,119.6376,4338.93,5161822.0,96.709,111.404,117.231,False,2.0,False,-0.4091697935181668,0,False,0.4444444444444444,False,-10.000000000000053,0.1507574452044717,
2023-06-13,3.94,3.84,4.67,1.64,0.0879,2.2,5.05,5.15,6.71,,,74.24,119.1899,4369.01,5161822.0,96.709,111.404,117.231,False,2.0,False,-0.4099585294738155,0,False,0.4444444444444444,False,-10.000000000000053,1.0946379071033163,黄
2023-06-14,3.9,3.83,4.74,1.62,0.1029,2.21,5.05,5.15,6.71,,,73.39,118.776,4372.59,5160251.0,96.709,111.404,117.231,True,3.0,False,-0.3727851550000783,0,False,0.4444444444444444,False,-10.000000000000053,0.1480579518831428,
2023-06-15,3.85,3.72,4.62,1.51,0.0598,2.21,5.06,5.15,6.69,,,75.75,118.5521,4425.84,5160251.0,96.709,111.404,117.231,False,3.0,False,-0.3137533308685339,0,False,0.4444444444444444,False,-9.000000000000075,-0.1851587230444346,
2023-06-16,3.86,3.77,4.7,1.55,0.0709,2.22,5.05,5.15,6.69,,,76.76,118.4184,4409.59,5160251.0,96.709,111.404,117.231,False,3.0,False,-0.2760703181357701,0,False,0.4117647058823529,False,-10.000000000000053,-0.0414318355610529,
2023-06-19,3.86,3.77,4.7,1.55,0.0709,2.22,5.05,5.15,6.69,,,76.09,118.4184,4409.59,5160251.0,96.709,111.404,117.231,False,3.0,False,-0.2281430216906902,0,False,0.4117647058823529,False,-10.000000000000053,0.1473394176079439,
2023-06-20,3.83,3.74,4.68,1.52,0.0548,2.22,5.05,5.15,6.69,,,75.79,118.938,4388.71,5160251.0,96.709,111.404,117.231,False,3.0,False,-0.242805974626132,0,False,0.4117647058823529,False,-10.000000000000053,-0.2265393849421013,
2023-06-21,3.81,3.72,4.68,1.51,0.0411,2.21,5.05,5.15,6.69,,,76.92,118.727,4365.69,5145712.0,96.709,111.404,117.231,False,3.0,False,-0.2479752599620327,0,False,0.4117647058823529,False,-10.000000000000053,-0.2312114735105112,
2023-06-22,3.88,3.8,4.77,1.56,0.0653,2.24,5.05,5.15,6.67,,,73.93,118.7552,4381.89,5145712.0,96.709,111.404,117.231,False,3.0,False,-0.2603649445722112,0,False,0.4375,False,-10.000000000000053,0.0204666133881342,
2023-06-23,3.82,3.74,4.71,1.53,0.054,2.21,5.05,5.15,6.67,,,73.56,119.152,4348.33,5145712.0,96.709,111.404,117.231,False,3.0,False,-0.27690991367900314,0,False,0.4375,False,-10.000000000000053,0.0208936580003378,
2023-06-26,3.83,3.72,4.65,1.54,0.0355,2.18,5.05,5.15,6.67,,,73.86,119.0761,4328.82,5145712.0,96.709,111.404,117.231,False,3.0,False,-0.2790850725625001,0,False,0.4375,False,-10.000000000000053,-0.2312114735105112,
2023-06-27,3.84,3.77,4.74,1.57,0.0485,2.2,5.05,5.15,6.67,,,71.88,118.8949,4378.41,5145712.0,96.709,111.404,117.231,False,3.0,False,-0.2943967420156637,0,False,0.4375,False,-10.000000000000053,0.0523331895585963,
2023-06-28,3.81,3.71,4.71,1.53,0.0273,2.18,5.06,5.15,6.67,,,73.64,119.3382,4376.86,5145080.0,96.709,111.404,117.231,False,3.0,False,-0.34006124902295387,0,False,0.4375,False,-9.000000000000075,-0.0378476046899041,
2023-06-29,3.92,3.85,4.87,1.65,0.096,2.2,5.06,5.15,6.71,,,73.86,119.527,4396.44,5145080.0,96.709,111.404,117.231,True,4.0,False,-0.3506769959316238,0,False,0.4375,False,-9.000000000000075,-0.0375473065597474,
2023-06-30,3.85,3.81,4.87,1.59,0.1019,2.22,5.09,5.15,6.71,,,74.51,119.3606,4450.38,5145080.0,96.709,111.404,117.231,False,4.0,False,-0.3124319217953353,0,False,0.4666666666666667,False,-6.00000000000005,0.112554338814077,
2023-07-03,3.87,3.86,4.94,1.61,0.1221,2.25,5.06,5.15,6.71,,,74.52,119.2119,4455.59,5145080.0,96.251,112.786,117.571,True,5.0,False,-0.30628394414070464,0,False,0.4666666666666667,False,-9.000000000000075,-0.0302453614057959,
2023-07-04,3.87,3.86,4.94,1.61,0.1221,2.25,5.06,5.15,6.71,,,76.23,119.2119,4455.59,5145080.0,96.251,112.786,117.571,True,6.0,False,-0.307499435184666,0,False,0.4666666666666667,False,-9.000000000000075,-0.0299856871759087,
2023-07-05,3.95,3.95,4.94,1.69,0.1531,2.26,5.06,5.15,6.71,,,76.74,119.3483,4446.82,5106460.0,96.251,112.786,117.571,True,7.0,False,-0.3017053799329299,0,False,0.4666666666666667,False,-9.000000000000075,-0.0294326923703562,
2023-07-06,4.01,4.05,4.99,1.78,0.2043,2.27,5.06,5.15,6.81,,,76.72,119.8193,4411.59,5106460.0,96.251,112.786,117.571,False,7.0,False,-0.2664870562874154,0,False,0.4666666666666667,False,-9.000000000000075,-0.0287004681639229,
2023-07-07,4.05,4.06,4.94,1.79,0.218,2.27,5.06,5.15,6.81,,,78.77,119.0761,4398.95,5106460.0,96.251,112.786,117.571,True,8.0,False,-0.26636093220057655,0,False,0.4666666666666667,False,-9.000000000000075,2.1122960341188075,红
2023-07-10,4.05,4.01,4.85,1.76,0.1862,2.25,5.06,5.15,6.81,,,77.83,118.9548,4409.53,5106460.0,96.251,112.786,117.571,True,9.0,False,-0.258500433820791,0,False,0.4666666666666667,False,-9.000000000000075,1.1743689898686722,黄
2023-07-11,4.03,3.99,4.88,1.75,0.1741,2.24,5.06,5.15,6.81,,,79.54,118.7344,4439.26,5106460.0,96.251,112.786,117.571,True,10.0,True,-0.24518756136184963,0,False,0.4666666666666667,False,-9.000000000000075,0.9854323111152674,
2023-07-12,3.96,3.86,4.72,1.6,0.1097,2.26,5.05,5.15,6.81,,,80.35,117.6385,4472.16,5104348.0,96.251,112.786,117.571,False,10.0,True,-0.21692717411854515,0,False,0.4666666666666667,False,-10.000000000000053,-0.2302415618379021,
2023-07-13,3.9,3.76,4.59,1.52,0.0474,2.24,5.06,5.15,6.96,,,81.31,117.1831,4510.04,5104348.0,96.251,112.786,117.571,False,9.0,False,-0.1850523256211396,0,False,0.42857142857142855,False,-9.000000000000075,-0.0935830356643984,
2023-07-14,3.93,3.83,4.74,1.59,0.0617,2.24,5.05,5.15,6.96,,,79.9,117.0463,4505.42,5104348.0,96.251,112.786,117.571,False,8.0,False,-0.17839230557797348,0,False,0.42857142857142855,False,-10.000000000000053,-0.1423855084026309,
2023-07-17,3.94,3.81,4.74,1.56,0.054,2.25,5.06,5.15,6.96,,,77.8,117.1267,4522.79,5104348.0,96.251,112.786,117.571,False,8.0,False,-0.17705873041603484,0,False,0.42857142857142855,False,-9.000000000000075,-0.091253097018075,
2023-07-18,3.91,3.8,4.74,1.57,0.045,2.23,5.06,5.15,6.96,,,79.54,117.0264,4554.98,5104348.0,96.251,112.786,117.571,False,8.0,False,-0.16132031617209466,0,False,0.42857142857142855,False,-9.000000000000075,-0.0812487095865503,
2023-07-19,3.84,3.75,4.74,1.53,0.0259,2.22,5.05,5.15,6.96,,,79.38,117.3462,4565.72,5083036.0,96.251,112.786,117.571,False,8.0,False,-0.1600169203448676,0,False,0.42857142857142855,False,-10.000000000000053,-0.1171533119497165,
2023-07-20,3.91,3.85,4.8,1.5,0.0598,2.35,5.06,5.15,6.78,,,79.62,117.5947,4534.87,5083036.0,96.251,112.786,117.571,False,8.0,False,-0.13087060483487772,0,False,0.42857142857142855,False,-9.000000000000075,-0.2302415618379021,
2023-07-21,3.91,3.84,4.82,1.49,0.0685,2.35,5.05,5.15,6.78,,,81.06,117.9418,4536.34,5083036.0,96.251,112.786,117.571,False,8.0,False,-0.06809037858359349,0,False,0.42857142857142855,False,-10.000000000000053,-0.2293237273616951,
2023-07-24,3.92,3.86,4.81,1.48,0.0889,2.38,5.05,5.15,6.78,,,82.53,117.8124,4554.64,5083036.0,96.251,112.786,117.571,False,8.0,False,-0.07377970149034664,0,False,0.42857142857142855,False,-10.000000000000053,-0.1931839167141472,
2023-07-25,3.95,3.91,4.85,1.52,0.1136,2.39,5.06,5.15,6.78,,,83.46,117.8565,4567.46,5083036.0,96.251,112.786,117.571,False,8.0,False,-0.020725340001589227,0,False,0.38461538461538464,False,-9.000000000000075,0.0034120304134916,
2023-07-26,3.94,3.86,4.82,1.5,0.1016,2.36,5.06,5.15,6.78,,,82.98,117.76,4566.75,5080981.0,96.251,112.786,117.571,False,8.0,False,-0.04821884811152924,0,False,0.38461538461538464,False,-9.000000000000075,0.8613606346430634,
2023-07-27,4.06,4.01,4.91,1.64,0.1536,2.37,5.31,5.4,6.81,,,84.28,117.8938,4537.41,5080981.0,96.251,112.786,117.571,True,9.0,False,-0.016455482116240913,0,False,0.38461538461538464,False,-9.000000000000075,0.1633064245453095,
2023-07-28,4.03,3.96,4.87,1.58,0.1433,2.38,5.3,5.4,6.81,,,84.49,117.788,4582.23,5080981.0,96.251,112.786,117.571,False,9.0,False,0.08013819750307918,1,False,0.38461538461538464,False,-10.000000000000053,0.894230996714515,
2023-07-31,4.02,3.97,4.88,1.6,0.1462,2.37,5.31,5.4,6.81,,,85.22,117.8241,4588.96,5080981.0,96.251,112.786,117.571,False,9.0,False,0.10580856414681113,2,False,0.4166666666666667,False,-9.000000000000075,0.1647119318631615,
2023-08-01,4.11,4.05,4.92,1.68,0.1782,2.37,5.31,5.4,6.81,,,85.34,118.5738,4576.73,5080981.0,96.251,112.786,117.571,True,10.0,True,0.12584707138808715,3,False,0.4166666666666667,False,-9.000000000000075,0.0766914000584474,
2023-08-02,4.17,4.08,4.88,1.72,0.1871,2.36,5.3,5.4,6.81,,,84.01,119.1268,4513.39,5048025.0,96.251,112.786,117.571,False,10.0,True,0.17979175706957268,4,False,0.38461538461538464,False,-10.000000000000053,0.0277655690665399,
2023-08-03,4.32,4.2,4.9,1.83,0.2234,2.37,5.3,5.4,6.9,,,86.19,119.3963,4501.89,5048025.0,96.251,112.786,117.571,True,11.0,True,0.19111651790574893,5,False,0.3333333333333333,False,-10.000000000000053,0.0285384532143086,
2023-08-04,4.21,4.05,4.78,1.67,0.1767,2.38,5.3,5.4,6.9,,,87.38,118.821,4478.03,5048025.0,96.251,112.786,117.571,False,11.0,True,0.14214561538230666,6,False,0.3333333333333333,False,-10.000000000000053,0.0293287452016329,
2023-08-07,4.27,4.09,4.76,1.68,0.1763,2.41,5.3,5.4,6.9,,,86.47,119.0809,4518.44,5048025.0,96.251,112.786,117.571,False,11.0,True,0.1219790607516124,7,False,0.3333333333333333,False,-10.000000000000053,0.0301196935910604,
2023-08-08,4.2,4.02,4.74,1.66,0.1501,2.36,5.3,5.4,6.9,,,88.0,119.6407,4499.38,5048025.0,96.251,112.786,117.571,False,11.0,True,0.10956480048816353,8,False,0.3333333333333333,False,-10.000000000000053,-0.2279856731578523,
2023-08-09,4.18,4.0,4.79,1.66,0.1469,2.34,5.3,5.4,6.9,,,89.31,119.476,4467.71,5048370.0,96.251,112.786,117.571,False,11.0,True,0.09317425356584472,9,False,0.3333333333333333,False,-10.000000000000053,-0.1646452243664616,
2023-08-10,4.24,4.09,4.82,1.76,0.1804,2.33,5.3,5.4,6.96,,,87.44,119.1581,4468.83,5048370.0,96.251,112.786,117.571,False,11.0,True,0.0972216678973792,10,False,0.3333333333333333,False,-10.000000000000053,-0.1463427555629031,
2023-08-11,4.27,4.16,4.89,1.8,0.2238,2.36,5.3,5.4,6.96,,,87.93,119.6268,4464.05,5048370.0,96.251,112.786,117.571,False,11.0,True,0.0943811925157347,11,False,0.36363636363636365,False,-10.000000000000053,-0.145675100966772,
2023-08-14,4.29,4.19,4.96,1.83,0.2442,2.36,5.3,5.4,6.96,,,87.4,120.0725,4489.72,5048370.0,96.251,112.786,117.571,False,11.0,True,0.10075114408090993,12,False,0.36363636363636365,False,-10.000000000000053,-0.1451043961088804,
2023-08-15,4.32,4.21,4.92,1.89,0.257,2.32,5.3,5.4,6.96,,,86.28,120.2127,4437.86,5048370.0,96.251,112.786,117.571,False,11.0,True,0.12696753510028813,13,False,0.3333333333333333,False,-10.000000000000053,-0.1416992476882476,
2023-08-16,4.38,4.28,4.97,1.96,0.2845,2.32,5.3,5.4,6.96,,,84.49,120.3551,4404.33,5006075.0,96.251,112.786,117.571,False,11.0,True,0.1403037443936533,14,False,0.36363636363636365,False,-10.000000000000053,-0.1405548513825697,
2023-08-17,4.41,4.3,4.94,1.97,0.3002,2.33,5.3,5.4,7.09,,,85.24,120.5242,4370.36,5006075.0,96.251,112.786,117.571,False,11.0,True,0.14155442973568352,15,False,0.36363636363636365,False,-10.000000000000053,-0.1391512170404713,
2023-08-18,4.38,4.26,4.92,1.94,0.2909,2.32,5.3,5.4,7.09,,,85.92,120.4321,4369.71,5006075.0,96.251,112.786,117.571,False,11.0,True,0.15622558674992912,16,False,0.36363636363636365,False,-10.000000000000053,-0.1383658964004299,
2023-08-21,4.45,4.34,4.97,2.0,0.319,2.34,5.3,5.4,7.09,,,85.44,120.4627,4399.77,5006075.0,96.251,112.786,117.571,False,11.0,True,0.13413149485779996,17,False,0.4,False,-10.000000000000053,-0.1374845340724718,
2023-08-22,4.42,4.34,5.02,1.99,0.344,2.35,5.3,5.4,7.09,,,84.7,120.3554,4387.55,5006075.0,96.251,112.786,117.571,False,11.0,True,0.16293364715849837,18,False,0.4,False,-10.000000000000053,-0.163789266807276,
2023-08-23,4.27,4.19,4.95,1.84,0.2849,2.35,5.3,5.4,7.09,,,83.94,120.0307,4436.01,5006494.0,96.251,112.786,117.571,False,11.0,True,0.19990896745367012,19,False,0.4,False,-10.000000000000053,0.3789842724471881,
2023-08-24,4.3,4.23,4.98,1.91,0.281,2.32,5.3,5.4,7.23,,,84.07,120.2354,4376.31,5006494.0,96.251,112.786,117.571,False,11.0,True,0.2088875723119289,20,True,0.36363636363636365,False,-10.000000000000053,-0.2272965472897113,
2023-08-25,4.3,4.25,5.03,1.92,0.287,2.33,5.3,5.4,7.23,,,85.42,120.5137,4405.71,5006494.0,96.251,112.786,117.571,False,11.0,True,0.21275134222330866,21,True,0.36363636363636365,False,-10.000000000000053,-0.2271525002917888,
2023-08-28,4.29,4.2,4.98,1.9,0.268,2.3,5.3,5.4,7.23,,,85.42,120.3155,4433.31,5006494.0,96.251,112.786,117.571,False,11.0,True,0.2397466400182389,22,True,0.36363636363636365,False,-10.000000000000053,-0.2266397185345704,
2023-08-29,4.23,4.12,4.87,1.83,0.2235,2.29,5.3,5.4,7.23,,,86.37,120.2669,4497.63,5006494.0,96.251,112.786,117.571,False,11.0,True,0.262558006247591,23,True,0.36363636363636365,False,-10.000000000000053,-0.063963797800754,
2023-08-30,4.23,4.12,4.9,1.86,0.2192,2.26,5.3,5.4,7.23,,,86.62,119.7937,4514.87,5006839.0,96.251,112.786,117.571,False,11.0,True,0.31035969837932753,24,True,0.4,False,-10.000000000000053,-0.0632391425781177,
2023-08-31,4.2,4.09,4.85,1.85,0.2064,2.24,5.31,5.4,7.18,,,87.29,120.225,4507.66,5006839.0,96.251,112.786,117.571,False,11.0,True,0.3072017912761995,25,True,0.4,False,-9.000000000000075,-0.0125544405384538,
2023-09-01,4.29,4.18,4.87,1.92,0.2341,2.26,5.31,5.4,7.18,,,89.98,120.759,4515.77,5006839.0,96.251,112.786,117.571,False,11.0,True,0.30103863054109953,26,True,0.3333333333333333,False,-9.000000000000075,-0.0119032708631446,
2023-09-04,4.29,4.18,4.87,1.92,0.2341,2.26,5.31,5.4,7.18,,,90.42,120.759,4515.77,5006839.0,96.251,112.786,117.571,False,11.0,True,0.29136012076402223,27,True,0.25,False,-9.000000000000075,-0.0111861840895304,
2023-09-05,4.38,4.27,4.94,1.98,0.2709,2.29,5.31,5.4,7.18,,,91.25,121.4345,4496.83,5006839.0,96.251,112.786,117.571,False,11.0,True,0.29239663022876866,28,True,0.25,False,-9.000000000000075,-0.0104323251018876,
2023-09-06,4.37,4.3,5.01,2.0,0.3118,2.3,5.3,5.4,7.18,,,91.79,121.8671,4465.48,4988471.0,96.251,112.786,117.571,False,10.0,True,0.29507290608564507,29,True,0.25,False,-10.000000000000053,-0.0594058382450781,
2023-09-07,4.36,4.27,4.94,1.95,0.2928,2.32,5.31,5.4,7.12,,,91.16,121.9528,4451.14,4988471.0,96.251,112.786,117.571,False,10.0,True,0.2838912817969193,30,True,0.25,False,-9.000000000000075,-0.0083166679653418,
2023-09-08,4.33,4.26,4.98,1.93,0.2894,2.33,5.3,5.4,7.12,,,91.85,121.9475,4457.49,4988471.0,96.251,112.786,117.571,False,10.0,True,0.31705282844520605,31,True,0.25,False,-10.000000000000053,-0.0572354343457495,
2023-09-11,4.37,4.29,4.97,1.94,0.2943,2.35,5.3,5.4,7.12,,,91.97,121.3386,4487.46,4988471.0,96.251,112.786,117.571,False,10.0,True,0.30879355721683127,32,True,0.14285714285714285,False,-10.000000000000053,0.3113153785961338,
2023-09-12,4.35,4.27,4.98,1.93,0.2912,2.34,5.3,5.4,7.12,,,93.58,121.2913,4461.9,4988471.0,96.251,112.786,117.571,False,10.0,True,0.2621084520882509,33,True,0.14285714285714285,False,-10.000000000000053,-0.0240933606568605,
2023-09-13,4.34,4.25,4.96,1.9,0.2823,2.35,5.3,5.4,7.12,,,93.04,121.0549,4467.44,4982479.0,96.251,112.786,117.571,False,10.0,True,0.2581851800345295,34,True,0.14285714285714285,False,-10.000000000000053,0.2290129986967752,
2023-09-14,4.39,4.29,5.0,1.95,0.2937,2.34,5.3,5.4,7.18,,,95.2,121.2395,4505.1,4982479.0,96.251,112.786,117.571,False,10.0,True,0.24444262487391777,35,True,0.0,False,-10.000000000000053,0.2294654595874545,
2023-09-15,4.42,4.33,5.02,1.98,0.3248,2.35,5.31,5.4,7.18,,,95.55,121.199,4450.32,4982479.0,96.251,112.786,117.571,False,10.0,True,0.2605098356432513,36,True,0.14285714285714285,False,-9.000000000000075,0.4419389980168898,
2023-09-18,4.4,4.32,5.05,1.96,0.3342,2.36,5.31,5.4,7.18,,,95.95,121.1938,4453.53,4982479.0,96.251,112.786,117.571,False,10.0,True,0.2686986203485227,37,True,0.14285714285714285,False,-9.000000000000075,0.2796204134811139,
2023-09-19,4.43,4.37,5.08,2.0,0.3539,2.37,5.31,5.4,7.18,,,96.11,121.1645,4443.95,4982479.0,96.251,112.786,117.571,False,10.0,True,0.28363341868253894,38,True,0.14285714285714285,False,-9.000000000000075,0.7251889261803347,
2023-09-20,4.4,4.35,5.12,2.0,0.3546,2.35,5.3,5.4,7.18,,,94.56,120.9648,4402.2,4960735.0,96.251,112.786,117.571,False,10.0,True,0.29420035797860306,39,True,0.14285714285714285,False,-10.000000000000053,0.7230270093989918,
2023-09-21,4.56,4.49,5.12,2.11,0.4021,2.38,5.3,5.4,7.19,,,93.7,121.5528,4330.0,4960735.0,96.251,112.786,117.571,False,9.0,False,0.3533302905715559,40,True,0.125,False,-10.000000000000053,0.028634493190436,
2023-09-22,4.53,4.44,5.1,2.07,0.4001,2.37,5.3,5.4,7.19,,,93.99,121.5306,4320.06,4960735.0,96.251,112.786,117.571,False,9.0,False,0.37096917619224284,41,True,0.125,False,-10.000000000000053,0.0298100710645623,
2023-09-25,4.67,4.55,5.09,2.18,0.4318,2.37,5.31,5.4,7.19,,,94.01,122.1143,4337.44,4960735.0,96.251,112.786,117.571,False,8.0,False,0.3528575224556961,42,True,0.125,False,-9.000000000000075,0.0809198642712362,
2023-09-26,4.7,4.56,5.04,2.23,0.4471,2.33,5.31,5.4,7.19,,,94.46,122.4742,4273.53,4960735.0,96.251,112.786,117.571,False,7.0,False,0.3723100966260418,43,True,0.1111111111111111,False,-9.000000000000075,-0.057556545558632,
2023-09-27,4.73,4.61,5.1,2.27,0.4779,2.34,5.32,5.4,7.19,,,97.1,122.9895,4274.51,4958138.0,96.251,112.786,117.571,False,6.0,False,0.3584535142629857,44,True,0.1111111111111111,False,-8.000000000000007,0.035717459353484,
2023-09-28,4.71,4.59,5.04,2.2,0.472,2.39,5.31,5.4,7.31,,,96.64,122.5342,4299.7,4958138.0,96.251,112.786,117.571,False,6.0,False,0.3662514452031603,45,True,0.1111111111111111,False,-9.000000000000075,0.1573980519879756,
2023-09-29,4.73,4.59,5.03,2.24,0.47,2.35,5.31,5.4,7.31,,,95.86,122.3077,4288.05,4958138.0,96.251,112.786,117.571,False,5.0,False,0.36483892340807644,46,True,0.1111111111111111,False,-9.000000000000075,0.1588418693260047,
2023-10-02,4.81,4.69,5.12,2.34,0.5083,2.35,5.32,5.4,7.31,,,91.21,123.0545,4288.39,4958138.0,96.224,113.881,117.93,False,4.0,False,0.3577526292173147,47,True,0.1111111111111111,False,-8.000000000000007,0.2101551312438817,
2023-10-03,4.95,4.81,5.15,2.45,0.561,2.36,5.33,5.4,7.31,,,94.46,123.7848,4229.45,4958138.0,96.224,113.881,117.93,False,3.0,False,0.3753015492609568,48,True,0.1,False,-7.000000000000028,0.2666996684357595,
2023-10-04,4.87,4.73,5.05,2.4,0.5429,2.33,5.32,5.4,7.31,,,89.83,123.5946,4263.75,4930410.0,96.224,113.881,117.93,False,3.0,False,0.39263248042006865,49,True,0.1,False,-8.000000000000007,0.2182299298907214,
2023-10-05,4.89,4.72,5.03,2.41,0.5338,2.31,5.32,5.4,7.49,,,88.28,123.8993,4258.19,4930410.0,96.224,113.881,117.93,False,3.0,False,0.38877516863339057,50,True,0.1,False,-8.000000000000007,0.2197742636046562,
2023-10-06,4.95,4.78,5.08,2.47,0.5494,2.31,5.31,5.4,7.49,,,87.86,123.3563,4308.5,4930410.0,96.224,113.881,117.93,False,3.0,False,0.35384281049936944,51,True,0.1,False,-9.000000000000075,0.1704058795189814,
2023-10-09,4.95,4.78,5.08,2.47,0.5494,2.31,5.31,5.4,7.49,,,91.37,123.3563,4335.66,4930410.0,96.224,113.881,117.93,False,3.0,False,0.33200030412940273,52,True,0.1,False,-9.000000000000075,0.1710379033647511,
2023-10-10,4.85,4.66,4.96,2.34,0.5082,2.32,5.31,5.4,7.49,1.29,4.26,90.7,122.9282,4358.24,4930410.0,96.224,113.881,117.93,False,3.0,False,0.32221435925823877,53,True,0.1,False,-9.000000000000075,0.3153814063997538,
2023-10-11,4.73,4.58,4.99,2.26,0.4753,2.32,5.31,5.4,7.49,1.27,4.25,87.58,122.7697,4376.95,4928507.0,96.224,113.881,117.93,False,3.0,False,0.3321060600100337,54,True,0.1,False,-9.000000000000075,0.0064056850797174,
2023-10-12,4.86,4.7,5.06,2.36,0.5158,2.34,5.31,5.4,7.57,1.26,4.25,88.4,123.2101,4349.61,4928507.0,96.224,113.881,117.93,False,3.0,False,0.3410632406561422,55,True,0.1,False,-9.000000000000075,0.1489738961653001,
2023-10-13,4.78,4.63,5.04,2.29,0.5009,2.34,5.31,5.4,7.57,1.27,4.3,94.33,123.5954,4327.78,4928507.0,96.224,113.881,117.93,False,3.0,False,0.3209520359496146,56,True,0.1,False,-9.000000000000075,0.1490773775930712,
2023-10-16,4.87,4.71,5.09,2.33,0.528,2.38,5.31,5.4,7.57,1.27,4.27,90.99,123.3185,4373.63,4928507.0,96.224,113.881,117.93,False,3.0,False,0.28353909849561537,57,True,0.1,False,-9.000000000000075,0.1491164386756248,
2023-10-17,4.94,4.83,5.19,2.42,0.5866,2.41,5.31,5.4,7.57,1.27,4.25,92.52,123.1202,4373.2,4928507.0,96.224,113.881,117.93,False,3.0,False,0.2642996891979003,58,True,0.1,False,-9.000000000000075,0.1503170306820865,
2023-10-18,5.0,4.91,5.19,2.47,0.6229,2.44,5.3,5.4,7.57,1.29,4.32,91.99,123.8148,4314.6,4913457.0,96.224,113.881,117.93,False,3.0,False,0.2816069383411699,59,True,0.1,False,-10.000000000000053,0.0198557180290863,
2023-10-19,5.11,4.98,5.14,2.49,0.6589,2.49,5.3,5.4,7.63,1.31,4.37,93.12,123.798,4278.0,4913457.0,96.224,113.881,117.93,False,2.0,False,0.29203651243247203,60,True,0.1,False,-10.000000000000053,-0.0128101964828351,
2023-10-20,5.09,4.93,5.07,2.46,0.6484,2.47,5.3,5.4,7.63,1.33,4.52,93.72,123.612,4224.16,4913457.0,96.224,113.881,117.93,False,2.0,False,0.2654617123973879,61,True,0.18181818181818182,False,-10.000000000000053,-0.0120512712179653,
2023-10-23,5.01,4.86,5.05,2.45,0.6222,2.41,5.3,5.4,7.63,1.33,4.51,91.88,123.2846,4217.04,4913457.0,96.224,113.881,117.93,False,2.0,False,0.26072795141618343,62,True,0.18181818181818182,False,-10.000000000000053,1.206333903632154,黄
2023-10-24,4.96,4.83,5.02,2.43,0.614,2.4,5.3,5.4,7.63,1.31,4.41,88.0,123.6416,4247.68,4913457.0,96.224,113.881,117.93,False,1.0,False,0.25561815243787417,63,True,0.18181818181818182,False,-10.000000000000053,0.02237865974385,
2023-10-25,5.09,4.95,5.08,2.52,0.6527,2.43,5.3,5.4,7.63,1.3,4.37,90.14,123.7871,4186.77,4912200.0,96.224,113.881,117.93,False,1.0,False,0.2716782624903231,64,True,0.18181818181818182,False,-10.000000000000053,0.1619998683828313,
2023-10-26,5.01,4.86,5.02,2.44,0.6267,2.42,5.31,5.4,7.79,1.3,4.5,88.45,124.0064,4137.23,4912200.0,96.224,113.881,117.93,False,0.0,False,0.2300478431335675,65,True,0.16666666666666666,False,-9.000000000000075,-0.148691785508863,
2023-10-27,5.03,4.84,4.99,2.42,0.6091,2.42,5.31,5.4,7.79,1.31,4.53,90.73,123.62,4117.37,4912200.0,96.224,113.881,117.93,False,0.0,False,0.2257713390722858,66,True,0.16666666666666666,False,-9.000000000000075,-0.1476337373442615,
2023-10-30,5.04,4.88,5.03,2.44,0.6183,2.44,5.31,5.4,7.79,1.32,4.5,90.73,123.4076,4166.82,4912200.0,96.224,113.881,117.93,False,0.0,False,0.2071936998984359,67,True,0.16666666666666666,False,-9.000000000000075,-0.1465791564456003,
2023-10-31,5.04,4.88,5.07,2.46,0.6231,2.42,5.35,5.4,7.79,1.32,4.42,86.82,123.8364,4193.8,4912200.0,96.224,113.881,117.93,False,0.0,False,0.20792037851848252,68,True,0.16666666666666666,False,-5.000000000000071,0.0203232161059945,
2023-11-01,4.96,4.77,4.95,2.36,0.5727,2.41,5.32,5.4,7.79,1.33,4.47,86.92,123.7922,4237.86,4872601.0,96.224,113.881,117.93,False,0.0,False,0.2729681597297617,69,True,0.16666666666666666,False,-8.000000000000007,-0.1285940812963509,
2023-11-02,4.82,4.67,4.98,2.27,0.5361,2.4,5.33,5.4,7.76,1.29,4.15,89.02,122.8818,4317.78,4872601.0,96.224,113.881,117.93,False,0.0,False,0.3291814531388935,70,True,0.16666666666666666,False,-7.000000000000028,-0.0779849467608483,
2023-11-03,4.77,4.57,4.83,2.18,0.4743,2.39,5.32,5.4,7.76,1.29,4.04,87.55,121.7564,4358.34,4872601.0,96.224,113.881,117.93,False,0.0,False,0.3616713681807716,71,True,0.16666666666666666,False,-8.000000000000007,-0.1273274695766123,
2023-11-06,4.84,4.67,4.93,2.25,0.4988,2.42,5.32,5.4,7.76,1.28,4.0,87.31,121.6484,4365.98,4872601.0,96.224,113.881,117.93,False,0.0,False,0.3589886624215157,72,True,0.16666666666666666,False,-8.000000000000007,-0.1266102566884598,
2023-11-07,4.75,4.58,4.91,2.19,0.4733,2.39,5.32,5.4,7.76,1.29,4.08,83.43,122.0777,4378.38,4872601.0,96.224,113.881,117.93,False,0.0,False,0.3666331709520392,73,True,0.16666666666666666,False,-8.000000000000007,0.1613164197520457,
2023-11-08,4.64,4.49,4.93,2.15,0.4517,2.34,5.32,5.4,7.76,1.28,4.08,81.46,122.0926,4382.78,4872914.0,96.224,113.881,117.93,False,0.0,False,0.36545908034893176,74,True,0.16666666666666666,False,-8.000000000000007,0.2334230824351639,
2023-11-09,4.77,4.62,5.03,2.29,0.5006,2.33,5.32,5.4,7.5,1.27,4.04,81.74,122.1281,4347.35,4872914.0,96.224,113.881,117.93,False,0.0,False,0.38587516677073935,75,True,0.16666666666666666,False,-8.000000000000007,0.4688963489291397,
2023-11-10,4.73,4.61,5.04,2.29,0.5113,2.32,5.32,5.4,7.5,1.26,4.03,83.66,122.1281,4415.24,4872914.0,96.224,113.881,117.93,False,0.0,False,0.3832479165045233,76,True,0.16666666666666666,False,-8.000000000000007,0.4678089751358423,
2023-11-13,4.75,4.63,5.02,2.32,0.5159,2.31,5.32,5.4,7.5,1.25,4.03,84.09,122.4264,4411.55,4872914.0,96.224,113.881,117.93,False,0.0,False,0.37536055697506515,77,True,0.16666666666666666,False,-8.000000000000007,0.4667071224668422,
2023-11-14,4.61,4.44,4.8,2.16,0.4265,2.28,5.32,5.4,7.5,1.23,3.92,84.2,121.35,4495.7,4872914.0,96.224,113.881,117.93,False,0.0,False,0.4306645348419777,78,True,0.16666666666666666,False,-8.000000000000007,0.4914779219073795,
2023-11-15,4.68,4.53,4.9,2.22,0.4434,2.31,5.32,5.4,7.5,1.22,3.89,82.4,121.0749,4502.88,4842619.0,96.224,113.881,117.93,False,0.0,False,0.4256059131798696,79,True,0.18181818181818182,False,-8.000000000000007,0.4926842241768339,
2023-11-16,4.63,4.45,4.83,2.18,0.4159,2.27,5.32,5.4,7.44,1.21,4.02,77.73,121.1754,4508.24,4842619.0,96.224,113.881,117.93,False,0.0,False,0.4405362460274472,80,True,0.18181818181818182,False,-8.000000000000007,0.4924042276663257,
2023-11-17,4.59,4.44,4.88,2.16,0.4088,2.28,5.32,5.4,7.44,1.2,3.99,81.22,120.8477,4514.02,4842619.0,96.224,113.881,117.93,False,0.0,False,0.4412980412360193,81,True,0.18181818181818182,False,-8.000000000000007,0.4923594533297745,
2023-11-20,4.57,4.42,4.89,2.12,0.3965,2.3,5.31,5.4,7.44,1.18,3.92,83.25,120.2533,4547.38,4842619.0,96.224,113.881,117.93,False,0.0,False,0.42172322552585856,82,True,0.18181818181818182,False,-9.000000000000075,-0.058945915306868,
2023-11-21,4.57,4.41,4.86,2.16,0.3857,2.25,5.31,5.4,7.44,1.17,3.95,82.42,120.2241,4538.19,4842619.0,96.224,113.881,117.93,False,0.0,False,0.41730694683182395,83,True,0.18181818181818182,False,-9.000000000000075,0.0358356748533619,
2023-11-22,4.55,4.42,4.89,2.16,0.3873,2.26,5.31,5.4,7.29,1.15,3.9,81.76,120.6802,4556.62,4842936.0,96.224,113.881,117.93,False,0.0,False,0.42081795405080846,84,True,0.18181818181818182,False,-9.000000000000075,0.0358054000567937,
2023-11-23,4.55,4.42,4.89,2.16,0.3873,2.26,5.31,5.4,7.29,1.15,3.9,80.85,120.6802,4556.62,4842936.0,96.224,113.881,117.93,False,0.0,False,0.41607638725023566,85,True,0.18181818181818182,False,-9.000000000000075,0.0364691657140747,
2023-11-24,4.6,4.47,4.92,2.21,0.4162,2.26,5.32,5.4,7.29,1.14,3.85,79.82,120.2105,4559.34,4842936.0,96.224,113.881,117.93,False,0.0,False,0.39651281679362727,86,True,0.18181818181818182,False,-8.000000000000007,0.0869346975320124,
2023-11-27,4.53,4.39,4.84,2.18,0.3827,2.21,5.32,5.4,7.29,1.14,3.89,79.49,120.173,4550.43,4842936.0,96.224,113.881,117.93,False,0.0,False,0.38724851653186043,87,True,0.18181818181818182,False,-8.000000000000007,0.2314737411181859,
2023-11-28,4.52,4.34,4.73,2.12,0.3486,2.22,5.32,5.4,7.29,1.14,3.9,81.66,119.5904,4554.89,4842936.0,96.224,113.881,117.93,False,0.0,False,0.3891736411692854,88,True,0.18181818181818182,False,-8.000000000000007,0.6167764573965455,
2023-11-29,4.44,4.27,4.64,2.06,0.3149,2.21,5.31,5.4,7.29,1.11,3.8,82.98,119.8159,4550.58,4843174.0,96.224,113.881,117.93,False,0.0,False,0.3922167473142446,89,True,0.18181818181818182,False,-9.000000000000075,0.5663262126689003,
2023-11-30,4.54,4.37,4.73,2.14,0.3449,2.23,5.33,5.4,7.22,1.11,3.84,81.72,120.2434,4567.8,4843174.0,96.224,113.881,117.93,False,0.0,False,0.37677290185847967,90,True,0.18181818181818182,False,-7.000000000000028,0.6656506532005467,
2023-12-01,4.4,4.22,4.56,2.0,0.2922,2.22,5.39,5.4,7.22,1.11,3.87,78.72,119.9424,4594.63,4843174.0,96.224,113.881,117.93,False,0.0,False,0.3800262960677009,91,True,0.18181818181818182,False,-1.0000000000000675,0.9645913297134592,
2023-12-04,4.43,4.28,4.64,2.07,0.3084,2.21,5.37,5.4,7.22,1.1,3.8,78.16,120.4727,4569.78,4843174.0,96.224,113.881,117.93,False,0.0,False,0.38285453403040626,92,True,0.18181818181818182,False,-3.000000000000025,0.8635911952489177,
2023-12-05,4.3,4.18,4.57,2.01,0.2737,2.17,5.33,5.4,7.22,1.11,3.8,77.27,120.7913,4567.18,4843174.0,96.224,113.881,117.93,False,0.0,False,0.379006267818713,93,True,0.18181818181818182,False,-7.000000000000028,0.7113618967910348,
2023-12-06,4.22,4.12,4.6,1.98,0.2458,2.14,5.32,5.4,7.22,1.12,3.79,74.33,120.5334,4549.34,4812820.0,96.224,113.881,117.93,False,0.0,False,0.3698824490471289,94,True,0.18181818181818182,False,-8.000000000000007,0.6603722893147905,
2023-12-07,4.25,4.14,4.58,1.97,0.2399,2.17,5.32,5.4,7.03,1.11,3.77,74.21,120.6013,4585.59,4812820.0,96.224,113.881,117.93,False,0.0,False,0.3702724619459078,95,True,0.18181818181818182,False,-8.000000000000007,0.6594736042590843,
2023-12-08,4.31,4.23,4.71,2.02,0.2801,2.21,5.32,5.4,7.03,1.1,3.75,75.94,120.7607,4604.37,4812820.0,96.224,113.881,117.93,False,0.0,False,0.3619234097275229,96,True,0.18181818181818182,False,-8.000000000000007,0.658372198464311,
2023-12-11,4.32,4.23,4.71,2.04,0.2898,2.19,5.32,5.4,7.03,1.1,3.79,75.75,120.9279,4622.44,4812820.0,96.224,113.881,117.93,False,0.0,False,0.3612310283958723,97,True,0.18181818181818182,False,-8.000000000000007,0.5082330847187027,
2023-12-12,4.3,4.2,4.73,2.04,0.2781,2.16,5.31,5.4,7.03,1.09,3.76,74.11,120.6817,4643.7,4812820.0,96.224,113.881,117.93,False,0.0,False,0.3749451437498127,98,True,0.18181818181818182,False,-9.000000000000075,0.3660687097853554,
2023-12-13,4.19,4.04,4.46,1.88,0.202,2.16,5.31,5.4,7.03,1.08,3.79,74.14,121.1571,4707.09,4809734.0,96.224,113.881,117.93,False,0.0,False,0.40087045008369554,99,True,0.18181818181818182,False,-9.000000000000075,0.365630160085972,
2023-12-14,4.03,3.92,4.37,1.7,0.1418,2.22,5.31,5.4,6.95,1.04,3.47,77.05,119.5683,4719.55,4809734.0,96.224,113.881,117.93,False,0.0,False,0.3992278518544653,100,True,0.18181818181818182,False,-9.000000000000075,0.3649764035288846,
2023-12-15,4.0,3.91,4.44,1.69,0.1259,2.22,5.32,5.4,6.95,1.04,3.51,76.84,119.7382,4719.19,4809734.0,96.224,113.881,117.93,False,0.0,False,0.3967678047765246,101,True,0.18181818181818182,False,-8.000000000000007,0.4142835298260487,
2023-12-18,4.05,3.95,4.43,1.74,0.132,2.21,5.32,5.4,6.95,1.05,3.51,78.89,119.9102,4740.56,4809734.0,96.224,113.881,117.93,False,0.0,False,0.4002240871366258,102,True,0.18181818181818182,False,-8.000000000000007,0.4136875513814908,
2023-12-19,4.03,3.93,4.41,1.74,0.1308,2.19,5.31,5.4,6.95,1.05,3.46,79.82,119.4632,4768.37,4809734.0,96.224,113.881,117.93,False,0.0,False,0.3595172782373784,103,True,0.18181818181818182,False,-9.000000000000075,0.3441987217287051,
2023-12-20,3.98,3.86,4.34,1.67,0.1007,2.19,5.31,5.4,6.95,1.06,3.43,81.1,119.5435,4698.35,4792329.0,96.224,113.881,117.93,False,0.0,False,0.3256588581628857,104,True,0.16666666666666666,False,-9.000000000000075,0.5089708504404498,
2023-12-21,4.03,3.89,4.33,1.7,0.1039,2.19,5.31,5.4,6.67,1.07,3.41,80.73,119.3168,4746.75,4792329.0,96.224,113.881,117.93,False,0.0,False,0.3268703486384531,105,True,0.16666666666666666,False,-9.000000000000075,0.2661387857088712,
2023-12-22,4.05,3.9,4.31,1.71,0.1065,2.19,5.32,5.4,6.67,1.07,3.39,80.23,119.0625,4754.63,4792329.0,96.224,113.881,117.93,False,0.0,False,0.32966552441656527,106,True,0.16666666666666666,False,-8.000000000000007,0.3161487396919819,
2023-12-25,4.05,3.9,4.31,1.71,0.1065,2.19,5.32,5.4,6.67,1.07,3.39,80.23,119.0625,4754.63,4792329.0,96.224,113.881,117.93,False,0.0,False,0.32924256967921844,107,True,0.16666666666666666,False,-8.000000000000007,0.316231491776655,
2023-12-26,4.04,3.89,4.26,1.71,0.1095,2.18,5.35,5.4,6.67,1.06,3.37,80.23,118.8875,4774.75,4792329.0,96.224,113.881,117.93,False,0.0,False,0.3287099521784703,108,True,0.16666666666666666,False,-5.000000000000071,0.4153518249047108,
2023-12-27,3.95,3.79,4.2,1.64,0.0681,2.15,5.39,5.4,6.67,1.05,3.34,80.97,118.4729,4781.58,4790547.0,96.224,113.881,117.93,False,0.0,False,0.32426114989715726,109,True,0.16666666666666666,False,-1.0000000000000675,0.8189750683814208,
2023-12-28,3.98,3.84,4.26,1.68,0.0756,2.16,5.4,5.4,6.61,1.04,3.32,79.04,118.4104,4783.35,4790547.0,96.224,113.881,117.93,False,0.0,False,0.3252668214424459,110,True,0.16666666666666666,False,0.0,0.8441479530816922,
2023-12-29,4.03,3.88,4.23,1.72,0.0917,2.16,5.38,5.4,6.61,1.04,3.34,77.69,118.4208,4769.83,4790547.0,96.224,113.881,117.93,False,0.0,False,0.29036300252633,111,True,0.16666666666666666,False,-2.000000000000046,0.7435635381339505,
2024-01-01,4.03,3.88,4.23,1.72,0.0917,2.16,5.38,5.4,6.61,1.04,3.39,77.69,118.4208,4769.83,4790547.0,96.882,113.947,119.531,False,0.0,False,0.28252397867386986,112,True,0.16666666666666666,False,-2.000000000000046,0.7428110196922746,
2024-01-02,4.08,3.95,4.33,1.74,0.1253,2.21,5.4,5.4,6.61,1.06,3.54,76.24,119.2686,4742.83,4790547.0,96.882,113.947,119.531,False,0.0,False,0.2951401591925787,113,True,0.16666666666666666,False,0.0,0.7959401367950415,
2024-01-03,4.05,3.91,4.33,1.71,0.12,2.2,5.39,5.4,6.61,1.09,3.71,77.18,119.6958,4704.81,4753330.0,96.882,113.947,119.531,False,0.0,False,0.3114483176354397,114,True,0.16666666666666666,False,-1.0000000000000675,0.7452815253036732,
2024-01-04,4.13,3.99,4.38,1.77,0.1492,2.22,5.32,5.4,6.62,1.09,3.69,75.79,119.6208,4688.68,4753330.0,96.882,113.947,119.531,False,0.0,False,0.32231570989174435,115,True,0.16666666666666666,False,-8.000000000000007,0.3953807569293429,
2024-01-05,4.21,4.05,4.4,1.83,0.1779,2.22,5.31,5.4,6.62,1.09,3.68,78.31,119.388,4697.24,4753330.0,96.882,113.947,119.531,False,0.0,False,0.31256690213641963,116,True,0.16666666666666666,False,-9.000000000000075,0.3456706554615547,
2024-01-08,4.17,4.01,4.36,1.79,0.1683,2.22,5.31,5.4,6.62,1.08,3.63,75.47,119.2506,4763.54,4753330.0,96.882,113.947,119.531,False,0.0,False,0.3123770430487124,117,True,0.16666666666666666,False,-9.000000000000075,0.3458944280519483,
2024-01-09,4.18,4.02,4.36,1.8,0.1689,2.22,5.31,5.4,6.62,1.06,3.59,77.97,119.6666,4756.5,4753330.0,96.882,113.947,119.531,False,0.0,False,0.29500012803803033,118,True,0.16666666666666666,False,-9.000000000000075,0.1595264087893091,
2024-01-10,4.2,4.04,4.37,1.82,0.1764,2.22,5.31,5.4,6.62,1.04,3.5,78.46,119.7614,4783.45,4751515.0,96.882,113.947,119.531,False,0.0,False,0.3050628812039001,119,True,0.16666666666666666,False,-9.000000000000075,0.0780594423228542,
2024-01-11,4.18,3.98,4.26,1.76,0.1524,2.22,5.31,5.4,6.66,1.03,3.55,80.21,119.8916,4780.24,4751515.0,96.882,113.947,119.531,False,0.0,False,0.33225720802427566,120,True,0.16666666666666666,False,-9.000000000000075,0.221607879179562,
2024-01-12,4.2,3.96,4.14,1.69,0.1305,2.27,5.31,5.4,6.66,1.02,3.56,79.89,119.534,4783.83,4751515.0,96.882,113.947,119.531,False,0.0,False,0.33496714759392676,121,True,0.16666666666666666,False,-9.000000000000075,0.2215118937961566,
2024-01-15,4.2,3.96,4.14,1.69,0.1305,2.27,5.31,5.4,6.66,1.02,3.54,79.76,119.534,4783.83,4751515.0,96.882,113.947,119.531,False,0.0,False,0.30691540842886106,122,True,0.16666666666666666,False,-9.000000000000075,0.2213400139728146,
2024-01-16,4.3,4.07,4.22,1.77,0.1744,2.3,5.32,5.4,6.66,1.02,3.58,80.15,120.5759,4765.98,4751515.0,96.882,113.947,119.531,False,0.0,False,0.30056942303046247,123,True,0.16666666666666666,False,-8.000000000000007,0.2283783990435902,
2024-01-17,4.31,4.1,4.34,1.8,0.2078,2.3,5.32,5.4,6.66,1.02,3.62,78.88,121.0402,4739.21,4724025.0,96.882,113.947,119.531,False,0.0,False,0.3356290050866679,124,True,0.16666666666666666,False,-8.000000000000007,0.3869257727354738,
2024-01-18,4.37,4.14,4.34,1.8,0.2274,2.34,5.31,5.4,6.6,1.01,3.58,81.04,120.8895,4780.94,4724025.0,96.882,113.947,119.531,False,0.0,False,0.32909963214037313,125,True,0.16666666666666666,False,-9.000000000000075,-0.0762654620823942,
2024-01-19,4.36,4.15,4.39,1.81,0.2423,2.34,5.31,5.4,6.6,1.01,3.54,80.71,120.6442,4839.81,4724025.0,96.882,113.947,119.531,False,0.0,False,0.31468029004208503,126,True,0.16666666666666666,False,-9.000000000000075,-0.0754873859451163,
2024-01-22,4.32,4.11,4.37,1.8,0.2253,2.31,5.31,5.4,6.6,1.01,3.49,81.7,120.6178,4850.43,4724025.0,96.882,113.947,119.531,False,0.0,False,0.26317014468712957,127,True,0.16666666666666666,False,-9.000000000000075,-0.0748230371484075,
2024-01-23,4.38,4.14,4.31,1.85,0.2338,2.29,5.31,5.4,6.6,1.01,3.51,82.04,121.1001,4864.6,4724025.0,96.882,113.947,119.531,False,0.0,False,0.3149657605806688,128,True,0.16666666666666666,False,-9.000000000000075,0.2048048153510314,
2024-01-24,4.41,4.18,4.34,1.88,0.2518,2.3,5.31,5.4,6.6,0.99,3.44,82.15,120.4916,4868.55,4722302.0,96.882,113.947,119.531,False,0.0,False,0.3227279770667722,129,True,0.16666666666666666,False,-9.000000000000075,0.5777671004566242,
2024-01-25,4.38,4.14,4.28,1.85,0.2376,2.29,5.32,5.4,6.69,0.98,3.45,82.33,120.8311,4894.16,4722302.0,96.882,113.947,119.531,False,0.0,False,0.3496866769455306,130,True,0.18181818181818182,False,-8.000000000000007,0.1353502188381145,
2024-01-26,4.38,4.15,4.34,1.85,0.2461,2.3,5.32,5.4,6.69,0.97,3.39,83.34,120.6173,4890.97,4722302.0,96.882,113.947,119.531,False,0.0,False,0.35416453310497886,131,True,0.18181818181818182,False,-8.000000000000007,0.1370196982755636,
2024-01-29,4.31,4.08,4.29,1.78,0.2142,2.3,5.31,5.4,6.69,0.98,3.41,83.99,120.8538,4927.93,4722302.0,96.882,113.947,119.531,False,0.0,False,0.34208411299029784,132,True,0.18181818181818182,False,-9.000000000000075,0.0888034919772565,
2024-01-30,4.28,4.06,4.36,1.8,0.2101,2.26,5.31,5.4,6.69,1.0,3.42,84.14,120.6025,4924.97,4722302.0,96.882,113.947,119.531,False,0.0,False,0.3063170449283825,133,True,0.18181818181818182,False,-9.000000000000075,0.1094769098069719,
2024-01-31,4.22,3.99,4.27,1.73,0.1709,2.26,5.32,5.4,6.69,1.02,3.59,82.98,120.4331,4845.65,4692721.0,96.882,113.947,119.531,False,0.0,False,0.2224161482968206,134,True,0.25,False,-8.000000000000007,0.1593254696338392,
2024-02-01,4.1,3.87,4.2,1.68,0.1127,2.19,5.32,5.4,6.63,1.04,3.56,82.2,120.3335,4906.19,4692721.0,96.882,113.947,119.531,False,0.0,False,0.26142552338076896,135,True,0.25,False,-8.000000000000007,0.1594461628629629,
2024-02-02,4.22,4.03,4.36,1.82,0.1699,2.21,5.32,5.4,6.63,1.02,3.47,79.54,120.902,4958.61,4692721.0,96.882,113.947,119.531,False,0.0,False,0.19154992985917804,136,True,0.25,False,-8.000000000000007,0.1596333570534887,
2024-02-05,4.35,4.17,4.46,1.9,0.2345,2.27,5.31,5.4,6.63,1.0,3.5,79.3,121.349,4942.81,4692721.0,96.882,113.947,119.531,False,0.0,False,0.21527157542369516,137,True,0.25,False,-9.000000000000075,0.1098568580437947,
2024-02-06,4.29,4.09,4.39,1.85,0.216,2.24,5.31,5.4,6.63,1.0,3.52,80.46,120.9588,4954.23,4692721.0,96.882,113.947,119.531,False,0.0,False,0.17505561497007627,138,True,0.25,False,-9.000000000000075,0.1893467208288992,
2024-02-07,4.31,4.09,4.41,1.86,0.219,2.23,5.31,5.4,6.63,1.0,3.43,81.18,120.9049,4995.06,4692608.0,96.882,113.947,119.531,False,0.0,False,0.17760995317991468,139,True,0.2727272727272727,False,-9.000000000000075,0.3078877510588619,
2024-02-08,4.36,4.15,4.46,1.91,0.2472,2.24,5.31,5.4,6.64,0.99,3.38,83.01,121.0798,4997.91,4692608.0,96.882,113.947,119.531,False,0.0,False,0.177377251186924,140,True,0.2727272727272727,False,-9.000000000000075,0.1873907542762375,
2024-02-09,4.37,4.17,4.48,1.92,0.2606,2.25,5.31,5.4,6.64,1.0,3.33,83.58,121.039,5026.61,4692608.0,96.882,113.947,119.531,False,0.0,False,0.06317748626888711,141,True,0.2727272727272727,False,-9.000000000000075,0.1874477686181557,
2024-02-12,4.37,4.17,4.46,1.93,0.2603,2.24,5.31,5.4,6.64,1.0,3.35,83.88,120.9378,5021.84,4692608.0,96.882,113.947,119.531,False,0.0,False,0.06400433515263718,142,True,0.2727272727272727,False,-9.000000000000075,0.187505146513362,
2024-02-13,4.46,4.31,4.64,2.02,0.3229,2.29,5.31,5.4,6.64,0.99,3.36,84.72,121.5202,4953.17,4692608.0,96.882,113.947,119.531,False,0.0,False,0.14696177858341547,143,True,0.25,False,-9.000000000000075,0.2922388344589102,
2024-02-14,4.45,4.27,4.56,1.97,0.3169,2.3,5.3,5.4,6.64,0.98,3.38,84.41,121.4002,5000.62,4692495.0,96.882,113.947,119.531,False,0.0,False,0.15632068960977838,144,True,0.25,False,-10.000000000000053,0.2424515995848823,
2024-02-15,4.42,4.24,4.56,1.94,0.3048,2.3,5.31,5.4,6.77,0.97,3.35,84.33,121.2121,5029.73,4692495.0,96.882,113.947,119.531,False,0.0,False,0.1572913630590638,145,True,0.25,False,-9.000000000000075,0.2921768505420639,
2024-02-16,4.45,4.3,4.64,1.97,0.3265,2.33,5.3,5.4,6.77,0.96,3.34,84.88,121.1505,5005.57,4692495.0,96.882,113.947,119.531,False,0.0,False,0.17165942373769205,146,True,0.2727272727272727,False,-10.000000000000053,0.2423929279444139,
2024-02-19,4.45,4.3,4.64,1.97,0.3265,2.33,5.3,5.4,6.77,0.96,3.34,85.52,121.1505,5005.57,4692495.0,96.882,113.947,119.531,False,0.0,False,0.17309218810696295,147,True,0.2727272727272727,False,-10.000000000000053,0.2425991116479463,
2024-02-20,4.44,4.27,4.59,1.95,0.3179,2.32,5.3,5.4,6.77,0.96,3.37,84.78,121.0199,4975.51,4692495.0,96.882,113.947,119.531,False,0.0,False,0.16294543176138046,148,True,0.2727272727272727,False,-10.000000000000053,0.2984438327735199,
2024-02-21,4.49,4.32,4.64,1.98,0.3354,2.34,5.3,5.4,6.77,0.94,3.34,84.77,121.0379,4981.8,4661421.0,96.882,113.947,119.531,False,0.0,False,0.1616440970826046,149,True,0.2727272727272727,False,-10.000000000000053,0.3079505861566119,
2024-02-22,4.47,4.33,4.69,2.02,0.3464,2.31,5.3,5.4,6.9,0.93,3.22,85.84,121.102,5087.03,4661421.0,96.882,113.947,119.531,False,0.0,False,0.1540731341099322,150,True,0.2727272727272727,False,-10.000000000000053,0.688356369194496,
2024-02-23,4.37,4.26,4.67,1.96,0.3216,2.3,5.31,5.4,6.9,0.95,3.23,84.18,121.0369,5088.8,4661421.0,96.882,113.947,119.531,False,0.0,False,0.15127304631819377,151,True,0.2727272727272727,False,-9.000000000000075,0.1552765183638794,
2024-02-26,4.4,4.28,4.69,1.97,0.324,2.31,5.31,5.4,6.9,0.96,3.23,84.01,121.0592,5069.53,4661421.0,96.882,113.947,119.531,False,0.0,False,0.16258637494133235,152,True,0.2727272727272727,False,-9.000000000000075,0.4911615862672495,
2024-02-27,4.44,4.31,4.7,1.99,0.3332,2.32,5.31,5.4,6.9,0.96,3.26,83.8,120.9647,5078.18,4661421.0,96.882,113.947,119.531,False,0.0,False,0.17297000095294401,153,True,0.2727272727272727,False,-9.000000000000075,0.4744913907011473,
2024-02-28,4.4,4.27,4.64,1.94,0.3191,2.33,5.31,5.4,6.9,0.98,3.31,84.08,121.128,5069.76,4661257.0,96.882,113.947,119.531,False,0.0,False,0.1513569644321809,154,True,0.2727272727272727,False,-9.000000000000075,0.4740306766774408,
2024-02-29,4.38,4.25,4.64,1.92,0.3095,2.33,5.32,5.4,6.94,1.0,3.29,84.57,121.1824,5096.27,4661257.0,96.882,113.947,119.531,False,0.0,False,0.13988333189662736,155,True,0.2727272727272727,False,-8.000000000000007,0.5224268064613691,
2024-03-01,4.33,4.19,4.54,1.87,0.2769,2.32,5.31,5.4,6.94,1.01,3.32,84.82,121.0111,5137.08,4661257.0,96.882,113.947,119.531,False,0.0,False,0.16439920673383593,156,True,0.2727272727272727,False,-9.000000000000075,0.4719406576912545,
2024-03-04,4.36,4.22,4.61,1.88,0.2855,2.34,5.31,5.4,6.94,1.0,3.26,86.58,120.872,5130.95,4661257.0,96.882,113.947,119.531,False,0.0,False,0.1834348818716297,157,True,0.2727272727272727,False,-9.000000000000075,0.4713519747267016,
2024-03-05,4.27,4.13,4.54,1.81,0.2527,2.32,5.31,5.4,6.94,1.01,3.31,85.82,120.8846,5078.65,4661257.0,96.882,113.947,119.531,False,0.0,False,0.14071448033860615,158,True,0.25,False,-9.000000000000075,0.4436342394279466,
2024-03-06,4.24,4.11,4.55,1.81,0.2334,2.3,5.31,5.4,6.94,1.01,3.27,86.59,120.4649,5104.76,4631706.0,96.882,113.947,119.531,False,0.0,False,0.1539235169970163,159,True,0.25,False,-9.000000000000075,0.4428838219832985,
2024-03-07,4.25,4.09,4.5,1.81,0.2143,2.28,5.31,5.4,6.88,1.0,3.27,84.88,120.1909,5157.36,4631706.0,96.882,113.947,119.531,False,0.0,False,0.1580099163689789,160,True,0.25,False,-9.000000000000075,0.4432137633024248,
2024-03-08,4.26,4.09,4.48,1.81,0.206,2.28,5.31,5.4,6.88,0.99,3.26,84.29,119.975,5123.69,4631706.0,96.882,113.947,119.531,False,0.0,False,0.15426668872718713,161,True,0.25,False,-9.000000000000075,0.4424455076274748,
2024-03-11,4.26,4.1,4.51,1.83,0.2089,2.27,5.31,5.4,6.88,0.98,3.26,83.44,120.0394,5117.94,4631706.0,96.882,113.947,119.531,False,0.0,False,0.08942766758090313,162,True,0.18181818181818182,False,-9.000000000000075,0.3066999499567812,
2024-03-12,4.31,4.16,4.58,1.86,0.2352,2.3,5.31,5.4,6.88,0.97,3.2,83.66,120.1668,5175.27,4631706.0,96.882,113.947,119.531,False,0.0,False,0.061204019687306016,163,True,0.18181818181818182,False,-9.000000000000075,0.2992768441624843,
2024-03-13,4.35,4.19,4.61,1.89,0.253,2.3,5.31,5.4,6.88,0.95,3.15,83.95,119.9642,5165.31,4628851.0,96.882,113.947,119.531,False,0.0,False,0.06553831869643618,164,True,0.18181818181818182,False,-9.000000000000075,0.5886450837261231,
2024-03-14,4.44,4.29,4.68,1.99,0.2993,2.3,5.31,5.4,6.74,0.94,3.15,86.16,120.241,5150.48,4628851.0,96.882,113.947,119.531,False,0.0,False,0.08491167416649567,165,True,0.18181818181818182,False,-9.000000000000075,0.391343779931212,
2024-03-15,4.43,4.31,4.72,1.99,0.3209,2.32,5.31,5.4,6.74,0.93,3.16,85.39,120.4003,5117.09,4628851.0,96.882,113.947,119.531,False,0.0,False,0.08412603776558149,166,True,0.2,False,-9.000000000000075,0.3907688472938597,
2024-03-18,4.46,4.34,4.73,2.03,0.3378,2.31,5.31,5.4,6.74,0.92,3.13,86.47,120.5752,5149.42,4628851.0,96.882,113.947,119.531,False,0.0,False,0.1355390027379571,167,True,0.2,False,-9.000000000000075,0.3901625861719412,
2024-03-19,4.44,4.3,4.68,2.0,0.3261,2.3,5.31,5.4,6.74,0.92,3.1,87.36,120.9332,5178.51,4628851.0,96.882,113.947,119.531,False,0.0,False,0.1534742797044478,168,True,0.2,False,-9.000000000000075,0.273125588979095,
2024-03-20,4.45,4.27,4.59,1.96,0.3088,2.31,5.31,5.4,6.74,0.92,3.14,85.77,120.9289,5224.62,4620435.0,96.882,113.947,119.531,False,0.0,False,0.16276383472020217,169,True,0.2222222222222222,False,-9.000000000000075,0.2733524854277601,
2024-03-21,4.44,4.27,4.62,1.93,0.3083,2.34,5.31,5.4,6.87,0.91,3.05,84.92,120.8086,5241.53,4620435.0,96.882,113.947,119.531,False,0.0,False,0.16354522133791702,170,True,0.2222222222222222,False,-9.000000000000075,0.425652295394556,
2024-03-22,4.39,4.22,4.59,1.87,0.2852,2.35,5.31,5.4,6.87,0.92,3.08,84.87,121.1842,5234.18,4620435.0,96.882,113.947,119.531,False,0.0,False,0.1538778407138481,171,True,0.2222222222222222,False,-9.000000000000075,0.4256746246948467,
2024-03-25,4.42,4.25,4.54,1.92,0.2927,2.33,5.31,5.4,6.87,0.92,3.11,86.18,121.0295,5218.19,4620435.0,96.882,113.947,119.531,False,0.0,False,0.16205958422236086,172,True,0.2222222222222222,False,-9.000000000000075,0.4499229417442159,
2024-03-26,4.4,4.24,4.56,1.92,0.2909,2.32,5.32,5.4,6.87,0.93,3.15,85.91,121.0742,5203.58,4620435.0,96.882,113.947,119.531,False,0.0,False,0.15738057659781424,173,True,0.2222222222222222,False,-8.000000000000007,0.2132761058666522,
2024-03-27,4.36,4.2,4.54,1.88,0.2735,2.32,5.33,5.4,6.87,0.94,3.15,84.94,121.0089,5248.49,4618082.0,96.882,113.947,119.531,False,0.0,False,0.16376146030541022,174,True,0.25,False,-7.000000000000028,0.3778069836699518,
2024-03-28,4.34,4.2,4.59,1.88,0.2732,2.32,5.34,5.4,6.79,0.93,3.12,86.17,121.0635,5254.35,4618082.0,96.882,113.947,119.531,False,0.0,False,0.1640642449921895,175,True,0.25,False,-6.00000000000005,0.4272526379601333,
2024-03-29,4.34,4.2,4.59,1.88,0.2732,2.32,5.34,5.4,6.79,0.93,3.12,86.17,121.0191,5254.35,4618082.0,96.882,113.947,119.531,False,0.0,False,0.1465565405648196,176,True,0.25,False,-6.00000000000005,0.4266683829159629,
2024-04-01,4.47,4.33,4.72,1.98,0.3193,2.35,5.35,5.4,6.79,0.93,3.12,86.17,121.5151,5243.77,4618082.0,96.602,114.99,119.844,False,0.0,False,0.181859269374499,177,True,0.25,False,-5.000000000000071,0.4760180798658546,
2024-04-02,4.51,4.36,4.7,2.0,0.3425,2.36,5.34,5.4,6.79,0.93,3.23,87.63,121.3035,5205.81,4618082.0,96.602,114.99,119.844,False,0.0,False,0.1752179651411877,178,True,0.25,False,-6.00000000000005,0.3271021313598908,
2024-04-03,4.51,4.36,4.68,2.0,0.3469,2.36,5.32,5.4,6.79,0.92,3.23,90.6,121.0198,5211.49,4575162.0,96.602,114.99,119.844,False,0.0,False,0.1767213101095741,179,True,0.25,False,-8.000000000000007,0.2269464988605147,
2024-04-04,4.47,4.31,4.65,1.97,0.3344,2.34,5.32,5.4,6.82,0.92,3.24,90.32,120.7613,5147.21,4575162.0,96.602,114.99,119.844,False,0.0,False,0.11931471091264943,180,True,0.3333333333333333,False,-8.000000000000007,0.8904245348217399,
2024-04-05,4.54,4.39,4.73,2.02,0.362,2.37,5.32,5.4,6.82,0.92,3.18,92.81,120.9646,5204.34,4575162.0,96.602,114.99,119.844,False,0.0,False,0.08544322549557967,181,True,0.3333333333333333,False,-8.000000000000007,1.6708131976254084,黄
2024-04-08,4.55,4.42,4.78,2.04,0.383,2.38,5.31,5.4,6.82,0.91,3.15,91.73,120.7359,5202.39,4575162.0,96.602,114.99,119.844,False,0.0,False,0.08981018250121882,182,True,0.3333333333333333,False,-9.000000000000075,0.6843453906785509,
2024-04-09,4.5,4.36,4.74,2.0,0.3656,2.36,5.31,5.4,6.82,0.91,3.14,92.13,120.7048,5209.91,4575162.0,96.602,114.99,119.844,False,0.0,False,0.09563237495600248,183,True,0.3333333333333333,False,-9.000000000000075,0.2266373905336938,
2024-04-10,4.64,4.55,4.97,2.15,0.4428,2.4,5.31,5.4,6.82,0.89,3.1,91.57,121.5727,5160.64,4575846.0,96.602,114.99,119.844,False,0.0,False,0.1613265222414153,184,True,0.3333333333333333,False,-9.000000000000075,0.4951846520702584,
2024-04-11,4.65,4.56,4.93,2.16,0.4587,2.4,5.31,5.4,6.88,0.89,3.16,91.49,121.6081,5199.06,4575846.0,96.602,114.99,119.844,False,0.0,False,0.16071621647630227,185,True,0.375,False,-9.000000000000075,0.2768359217471045,
2024-04-12,4.61,4.5,4.88,2.11,0.4395,2.39,5.31,5.4,6.88,0.92,3.25,93.12,122.2885,5123.41,4575846.0,96.602,114.99,119.844,False,0.0,False,0.09918583076219244,186,True,0.3333333333333333,False,-9.000000000000075,0.2764496464370589,
2024-04-15,4.74,4.63,4.93,2.2,0.4788,2.43,5.32,5.4,6.88,0.92,3.28,90.84,122.425,5061.82,4575846.0,96.602,114.99,119.844,False,0.0,False,0.1449406791363784,187,True,0.2222222222222222,False,-8.000000000000007,0.3260176304250027,
2024-04-16,4.77,4.67,4.97,2.24,0.5079,2.43,5.31,5.4,6.88,0.95,3.36,91.29,123.1234,5051.41,4575846.0,96.602,114.99,119.844,False,0.0,False,0.15805179070004138,188,True,0.2222222222222222,False,-9.000000000000075,0.2643446440210862,
2024-04-17,4.71,4.59,4.93,2.2,0.4851,2.39,5.31,5.4,6.88,0.95,3.42,89.54,123.0207,5022.21,4539133.0,96.602,114.99,119.844,False,0.0,False,0.13872313091802096,189,True,0.2222222222222222,False,-9.000000000000075,-0.1149345606597347,
2024-04-18,4.74,4.64,4.98,2.24,0.5035,2.4,5.3,5.4,7.1,0.94,3.39,88.34,123.0017,5011.12,4539133.0,96.602,114.99,119.844,False,0.0,False,0.14016938283711183,190,True,0.25,False,-10.000000000000053,-0.2007118300355457,
2024-04-19,4.72,4.62,4.97,2.21,0.4994,2.41,5.31,5.4,7.1,0.94,3.37,87.96,123.1075,4967.23,4539133.0,96.602,114.99,119.844,False,0.0,False,0.1314021058273237,191,True,0.2857142857142857,False,-9.000000000000075,-0.2007118300355457,
2024-04-22,4.72,4.62,4.97,2.21,0.4998,2.41,5.31,5.4,7.1,0.93,3.29,87.3,123.0609,5010.6,4539133.0,96.602,114.99,119.844,False,0.0,False,0.13283606837629924,192,True,0.2857142857142857,False,-9.000000000000075,-0.2007118300355457,
2024-04-23,4.73,4.61,4.86,2.2,0.4891,2.41,5.31,5.4,7.1,0.92,3.2,88.29,122.7227,5070.55,4539133.0,96.602,114.99,119.844,False,0.0,False,0.13038764714299528,193,True,0.2857142857142857,False,-9.000000000000075,0.1879057978188137,
2024-04-24,4.78,4.65,4.89,2.24,0.5016,2.41,5.31,5.4,7.1,0.92,3.19,89.02,122.89,5071.63,4539799.0,96.602,114.99,119.844,False,0.0,False,0.13046506150701784,194,True,0.2857142857142857,False,-9.000000000000075,0.3893263171071912,
2024-04-25,4.82,4.7,4.96,2.28,0.5289,2.42,5.31,5.4,7.17,0.92,3.24,88.1,122.8384,5048.42,4539799.0,96.602,114.99,119.844,False,0.0,False,0.12026083207179292,195,True,0.2857142857142857,False,-9.000000000000075,0.3885310605617449,
2024-04-26,4.78,4.67,4.96,2.24,0.5243,2.43,5.32,5.4,7.17,0.9,3.16,89.95,122.9471,5099.96,4539799.0,96.602,114.99,119.844,False,0.0,False,0.1326068265659128,196,True,0.2857142857142857,False,-8.000000000000007,0.289544585539949,
2024-04-29,4.75,4.63,4.97,2.22,0.5058,2.41,5.32,5.4,7.17,0.9,3.12,88.44,122.5449,5116.17,4539799.0,96.602,114.99,119.844,False,0.0,False,0.19100596330071182,197,True,0.2857142857142857,False,-8.000000000000007,0.2267266760584514,
2024-04-30,4.79,4.69,5.04,2.28,0.5251,2.41,5.34,5.4,7.17,0.91,3.18,88.23,122.9853,5035.69,4539799.0,96.602,114.99,119.844,False,0.0,False,0.16615195252068274,198,True,0.25,False,-6.00000000000005,0.3719489126356075,
2024-05-01,4.74,4.63,4.96,2.25,0.4993,2.38,5.32,5.4,7.17,0.91,3.21,83.55,123.0168,5018.39,4517906.0,96.602,114.99,119.844,False,0.0,False,0.22304787094790238,199,True,0.25,False,-8.000000000000007,0.2713530689243566,
2024-05-02,4.72,4.58,4.87,2.21,0.4716,2.37,5.31,5.4,7.22,0.9,3.16,84.81,122.4384,5064.2,4517906.0,96.602,114.99,119.844,False,0.0,False,0.23052910502920973,200,True,0.25,False,-9.000000000000075,0.2205979279819875,
2024-05-03,4.66,4.5,4.81,2.15,0.4325,2.35,5.31,5.4,7.22,0.89,3.08,83.6,122.1375,5127.79,4517906.0,96.602,114.99,119.844,False,0.0,False,0.25939407518557395,201,True,0.25,False,-9.000000000000075,0.2203300882102023,
2024-05-06,4.64,4.49,4.82,2.14,0.4198,2.35,5.31,5.4,7.22,0.88,3.03,83.6,121.8913,5180.74,4517906.0,96.602,114.99,119.844,False,0.0,False,0.2620944353096342,202,True,0.25,False,-9.000000000000075,0.2200623004422602,
2024-05-07,4.61,4.47,4.82,2.15,0.4076,2.32,5.31,5.4,7.22,0.88,3.06,82.69,122.093,5187.7,4517906.0,96.602,114.99,119.844,False,0.0,False,0.2642257215476524,203,True,0.25,False,-9.000000000000075,-0.0705142494787051,
2024-05-08,4.64,4.48,4.84,2.17,0.4154,2.31,5.31,5.4,7.22,0.89,3.1,82.44,122.1926,5187.67,4518691.0,96.602,114.99,119.844,False,0.0,False,0.26839724486482763,204,True,0.25,False,-9.000000000000075,0.2521758218162175,
2024-05-09,4.6,4.45,4.8,2.13,0.4045,2.32,5.31,5.4,7.09,0.89,3.14,83.27,122.1634,5214.08,4518691.0,96.602,114.99,119.844,False,0.0,False,0.2730976234039894,205,True,0.25,False,-9.000000000000075,0.0849786481665528,
2024-05-10,4.64,4.5,4.87,2.16,0.4191,2.34,5.31,5.4,7.09,0.89,3.12,83.39,122.014,5222.68,4518691.0,96.602,114.99,119.844,False,0.0,False,0.21232151568774377,206,True,0.25,False,-9.000000000000075,0.0844897652017347,
2024-05-13,4.63,4.48,4.85,2.15,0.4164,2.33,5.31,5.4,7.09,0.9,3.14,83.18,122.0261,5221.42,4518691.0,96.602,114.99,119.844,False,0.0,False,0.19890516195948985,207,True,0.25,False,-9.000000000000075,0.0840304902325441,
2024-05-14,4.59,4.45,4.81,2.12,0.4013,2.33,5.31,5.4,7.09,0.9,3.14,81.0,121.9256,5246.68,4518691.0,96.602,114.99,119.844,False,0.0,False,0.19782515436764136,208,True,0.25,False,-9.000000000000075,-0.0044478954119793,
2024-05-15,4.52,4.36,4.73,2.05,0.3575,2.31,5.31,5.4,7.09,0.9,3.13,79.98,121.3543,5308.15,4488090.0,96.602,114.99,119.844,False,0.0,False,0.219766422796296,209,True,0.25,False,-9.000000000000075,-0.0041826110262708,
2024-05-16,4.52,4.38,4.78,2.07,0.3624,2.31,5.31,5.4,7.02,0.89,3.08,81.65,121.2236,5297.1,4488090.0,96.602,114.99,119.844,False,0.0,False,0.22162073998520637,210,True,0.25,False,-9.000000000000075,-0.0040915578171927,
2024-05-17,4.56,4.42,4.83,2.1,0.3742,2.32,5.31,5.4,7.02,0.89,3.09,82.24,121.2354,5303.27,4488090.0,96.602,114.99,119.844,False,0.0,False,0.23167722714764566,211,True,0.25,False,-9.000000000000075,-0.0040813155444449,
2024-05-20,4.58,4.44,4.82,2.11,0.3837,2.33,5.31,5.4,7.02,0.88,3.07,81.91,121.2289,5308.13,4488090.0,96.602,114.99,119.844,False,0.0,False,0.23345685156396379,212,True,0.25,False,-9.000000000000075,-0.0040813146574551,
2024-05-21,4.55,4.41,4.82,2.09,0.3755,2.32,5.31,5.4,7.02,0.89,3.07,81.22,121.3793,5321.41,4488090.0,96.602,114.99,119.844,False,0.0,False,0.2581539576828158,213,True,0.25,False,-9.000000000000075,-0.0160536788526913,
2024-05-22,4.55,4.43,4.86,2.1,0.3795,2.33,5.31,5.4,7.02,0.89,3.11,79.9,121.5462,5307.01,4488767.0,96.602,114.99,119.844,False,0.0,False,0.26497584901264937,214,True,0.25,False,-9.000000000000075,-0.0469785258543797,
2024-05-23,4.58,4.47,4.91,2.17,0.4075,2.3,5.31,5.4,6.94,0.89,3.1,79.25,121.7477,5267.84,4488767.0,96.602,114.99,119.844,False,0.0,False,0.2718008638263303,215,True,0.25,False,-9.000000000000075,0.0106284655317496,
2024-05-24,4.57,4.46,4.93,2.14,0.4142,2.32,5.32,5.4,6.94,0.89,3.11,78.92,121.6172,5304.72,4488767.0,96.602,114.99,119.844,False,0.0,False,0.2751510484756865,216,True,0.25,False,-8.000000000000007,0.0606498338803839,
2024-05-27,4.57,4.46,4.93,2.14,0.4142,2.32,5.32,5.4,6.94,0.89,3.12,78.92,121.6172,5304.72,4488767.0,96.602,114.99,119.844,False,0.0,False,0.28112910653085293,217,True,0.25,False,-8.000000000000007,0.0606513429009817,
2024-05-28,4.66,4.54,4.94,2.2,0.4321,2.34,5.32,5.4,6.94,0.88,3.09,81.34,121.43,5306.04,4488767.0,96.602,114.99,119.844,False,0.0,False,0.27486901385596596,218,True,0.25,False,-8.000000000000007,0.4287943949340243,
2024-05-29,4.74,4.61,4.96,2.25,0.4745,2.36,5.33,5.4,6.94,0.88,3.15,81.5,122.1641,5266.95,4489444.0,96.602,114.99,119.844,False,0.0,False,0.27549668026901875,219,True,0.25,False,-7.000000000000028,-0.062783593418741,
2024-05-30,4.69,4.55,4.92,2.19,0.4626,2.36,5.33,5.4,7.03,0.88,3.19,81.42,121.9601,5235.48,4489444.0,96.602,114.99,119.844,False,0.0,False,0.25172105186317817,220,True,0.25,False,-7.000000000000028,-0.0623589314491133,
2024-05-31,4.65,4.51,4.89,2.16,0.4418,2.35,5.34,5.4,7.03,0.88,3.2,79.41,122.098,5277.51,4489444.0,96.602,114.99,119.844,False,0.0,False,0.31830912499469954,221,True,0.25,False,-6.00000000000005,-0.0119978556814789,
2024-06-03,4.55,4.41,4.82,2.08,0.3898,2.33,5.35,5.4,7.03,0.88,3.17,76.45,122.3509,5283.4,4489444.0,96.602,114.99,119.844,False,0.0,False,0.30787207356653634,222,True,0.25,False,-5.000000000000071,0.0384851068600307,
2024-06-04,4.48,4.33,4.77,2.02,0.3464,2.31,5.33,5.4,7.03,0.9,3.22,75.33,122.7256,5291.34,4489444.0,96.602,114.99,119.844,False,0.0,False,0.30121571711902245,223,True,0.25,False,-7.000000000000028,-0.048174052767914,
2024-06-05,4.44,4.29,4.72,1.99,0.3195,2.3,5.33,5.4,7.03,0.91,3.2,75.41,122.5339,5354.03,4461236.0,96.602,114.99,119.844,False,0.0,False,0.31722293454177547,224,True,0.25,False,-7.000000000000028,-0.0460330277257626,
2024-06-06,4.43,4.28,4.72,2.0,0.3051,2.28,5.33,5.4,6.99,0.92,3.2,77.62,122.3713,5352.96,4461236.0,96.602,114.99,119.844,False,0.0,False,0.31622629733376445,225,True,0.25,False,-7.000000000000028,-0.0448770032642587,
2024-06-07,4.55,4.43,4.87,2.13,0.3606,2.3,5.33,5.4,6.99,0.9,3.15,78.12,123.549,5346.99,4461236.0,96.602,114.99,119.844,False,0.0,False,0.3428587561171155,226,True,0.25,False,-7.000000000000028,-0.0437058612036114,
2024-06-10,4.59,4.47,4.87,2.16,0.393,2.31,5.32,5.4,6.99,0.9,3.15,79.59,123.9125,5360.79,4461236.0,96.602,114.99,119.844,False,0.0,False,0.33702854883168387,227,True,0.25,False,-8.000000000000007,0.3117922450384959,
2024-06-11,4.53,4.39,4.81,2.12,0.3683,2.27,5.32,5.4,6.99,0.91,3.19,80.15,124.0349,5375.32,4461236.0,96.602,114.99,119.844,False,0.0,False,0.33250530565105846,228,True,0.25,False,-8.000000000000007,-0.1755365007149747,
2024-06-12,4.47,4.31,4.75,2.09,0.3297,2.22,5.31,5.4,6.99,0.9,3.09,80.52,123.8295,5421.03,4461661.0,96.602,114.99,119.844,False,0.0,False,0.346774259162732,229,True,0.25,False,-9.000000000000075,-0.200302859191499,
2024-06-13,4.4,4.24,4.68,2.03,0.2893,2.21,5.31,5.4,6.95,0.92,3.2,81.44,124.0235,5433.74,4461661.0,96.602,114.99,119.844,False,0.0,False,0.35609845876663965,230,True,0.2857142857142857,False,-9.000000000000075,0.081518058827388,
2024-06-14,4.34,4.2,4.67,2.03,0.2714,2.17,5.31,5.4,6.95,0.95,3.29,81.49,124.1694,5431.6,4461661.0,96.602,114.99,119.844,False,0.0,False,0.3481800154709687,231,True,0.2857142857142857,False,-9.000000000000075,0.0815579669006752,
2024-06-17,4.4,4.28,4.75,2.06,0.2908,2.22,5.33,5.4,6.95,0.95,3.26,82.45,124.239,5473.23,4461661.0,96.602,114.99,119.844,False,0.0,False,0.3134325008470304,232,True,0.2857142857142857,False,-7.000000000000028,0.1814863124667067,
2024-06-18,4.36,4.22,4.69,2.01,0.273,2.21,5.33,5.4,6.95,0.96,3.24,84.79,123.9776,5487.03,4461661.0,96.602,114.99,119.844,False,0.0,False,0.31539890215670097,233,True,0.2857142857142857,False,-7.000000000000028,0.0707246612730022,
2024-06-19,4.36,4.22,4.69,2.01,0.273,2.21,5.33,5.4,6.95,0.96,3.24,85.64,123.9776,5487.03,4453071.0,96.602,114.99,119.844,False,0.0,False,0.3215822842140779,234,True,0.2857142857142857,False,-7.000000000000028,0.0711054268467548,
2024-06-20,4.39,4.25,4.7,2.0,0.2803,2.25,5.32,5.4,6.87,0.96,3.23,85.92,124.192,5473.17,4453071.0,96.602,114.99,119.844,False,0.0,False,0.3211728132062767,235,True,0.2857142857142857,False,-8.000000000000007,0.0688733635317909,
2024-06-21,4.39,4.25,4.7,2.02,0.2839,2.23,5.31,5.4,6.87,0.96,3.21,86.42,124.1086,5464.62,4453071.0,96.602,114.99,119.844,False,0.0,False,0.32310787480908953,236,True,0.2857142857142857,False,-9.000000000000075,0.2930676172797034,
2024-06-24,4.38,4.25,4.71,2.03,0.2849,2.22,5.31,5.4,6.87,0.96,3.19,86.75,123.7125,5447.87,4453071.0,96.602,114.99,119.844,False,0.0,False,0.3141788152849446,237,True,0.2857142857142857,False,-9.000000000000075,0.0199852057252559,
2024-06-25,4.36,4.23,4.65,2.01,0.28,2.22,5.33,5.4,6.87,0.96,3.19,86.81,123.9417,5469.3,4453071.0,96.602,114.99,119.844,False,0.0,False,0.31599020909736064,238,True,0.2857142857142857,False,-7.000000000000028,-0.0087731482439987,
2024-06-26,4.45,4.32,4.71,2.06,0.3123,2.26,5.34,5.4,6.87,0.97,3.18,85.76,124.26,5477.9,4453571.0,96.602,114.99,119.844,False,0.0,False,0.3075468683982314,239,True,0.2857142857142857,False,-6.00000000000005,0.2216762011120934,
2024-06-27,4.43,4.29,4.7,2.03,0.3089,2.26,5.34,5.4,6.86,0.96,3.21,87.0,124.3379,5482.87,4453571.0,96.602,114.99,119.844,False,0.0,False,0.3045890245781872,240,True,0.2857142857142857,False,-6.00000000000005,-0.0366486134974879,
2024-06-28,4.51,4.36,4.71,2.08,0.3312,2.28,5.33,5.4,6.86,0.96,3.18,87.26,124.2103,5460.48,4453571.0,96.602,114.99,119.844,False,0.0,False,0.3081635055920262,241,True,0.2857142857142857,False,-7.000000000000028,-0.0862590960896959,
2024-07-01,4.64,4.48,4.77,2.16,0.3852,2.32,5.4,5.4,6.86,0.94,3.21,86.57,124.4667,5475.09,4453571.0,96.657,116.035,120.171,False,0.0,False,0.28982904044736385,242,True,0.2857142857142857,False,0.0,0.2633074292354087,
2024-07-02,4.6,4.43,4.74,2.13,0.3806,2.3,5.35,5.4,6.86,0.93,3.23,88.28,124.2917,5509.01,4453571.0,96.657,116.035,120.171,False,0.0,False,0.337586649972894,243,True,0.2857142857142857,False,-5.000000000000071,0.0697158389794171,
2024-07-03,4.53,4.36,4.71,2.09,0.354,2.27,5.33,5.4,6.95,0.93,3.25,88.25,123.7768,5537.02,4437894.0,96.657,116.035,120.171,False,0.0,False,0.3894153915506378,244,True,0.2857142857142857,False,-7.000000000000028,0.1939179374483269,
2024-07-04,4.53,4.36,4.71,2.09,0.354,2.27,5.33,5.4,6.95,0.93,3.25,88.34,123.7768,5537.02,4437894.0,96.657,116.035,120.171,False,0.0,False,0.3885194547363559,245,True,0.2857142857142857,False,-7.000000000000028,0.4883169399865811,
2024-07-05,4.47,4.28,4.6,2.0,0.311,2.28,5.32,5.4,6.95,0.92,3.27,88.66,123.4762,5567.19,4437894.0,96.657,116.035,120.171,False,0.0,False,0.3981396065893122,246,True,0.2857142857142857,False,-8.000000000000007,-0.0802155085707286,
2024-07-08,4.46,4.28,4.62,2.01,0.3012,2.27,5.32,5.4,6.95,0.92,3.2,87.15,123.3576,5572.85,4437894.0,96.657,116.035,120.171,False,0.0,False,0.3492437752216065,247,True,0.2857142857142857,False,-8.000000000000007,-0.079867784065351,
2024-07-09,4.49,4.3,4.62,2.04,0.3072,2.26,5.34,5.4,6.95,0.92,3.21,86.48,123.4071,5576.98,4437894.0,96.657,116.035,120.171,False,0.0,False,0.3564999821380056,248,True,0.2857142857142857,False,-6.00000000000005,-0.0448905175859317,
2024-07-10,4.47,4.28,4.62,2.01,0.3041,2.27,5.34,5.4,6.95,0.92,3.17,86.55,123.1895,5633.91,4438095.0,96.657,116.035,120.171,False,0.0,False,0.4238333518518065,249,True,0.2857142857142857,False,-6.00000000000005,-0.092161930650007,
2024-07-11,4.41,4.2,4.5,1.95,0.267,2.25,5.34,5.4,6.89,0.93,3.18,86.49,122.769,5584.54,4438095.0,96.657,116.035,120.171,False,0.0,False,0.31290459683855215,250,True,0.2857142857142857,False,-6.00000000000005,0.2318800875852864,
2024-07-12,4.39,4.18,4.45,1.94,0.2534,2.24,5.34,5.4,6.89,0.92,3.19,87.35,122.4404,5615.35,4438095.0,96.657,116.035,120.171,False,0.0,False,0.30808808226961326,251,True,0.2857142857142857,False,-6.00000000000005,0.2315584982879995,
2024-07-15,4.46,4.23,4.44,1.96,0.2683,2.27,5.34,5.4,6.89,0.92,3.13,86.42,122.6347,5631.22,4438095.0,96.657,116.035,120.171,False,0.0,False,0.34004471901881345,252,True,0.2857142857142857,False,-6.00000000000005,0.2312572861608099,
2024-07-16,4.38,4.17,4.43,1.91,0.2525,2.26,5.35,5.4,6.89,0.92,3.08,86.6,122.7264,5667.2,4438095.0,96.657,116.035,120.171,False,0.0,False,0.34046004328132307,253,True,0.2857142857142857,False,-5.000000000000071,0.228999889322336,
2024-07-17,4.37,4.16,4.42,1.9,0.2433,2.26,5.35,5.4,6.89,0.93,3.09,85.76,122.518,5588.27,4423552.0,96.657,116.035,120.171,False,0.0,False,0.33412348434362094,254,True,0.375,False,-5.000000000000071,0.0269291554936569,
2024-07-18,4.41,4.2,4.46,1.89,0.2586,2.31,5.34,5.4,6.77,0.93,3.09,86.26,122.7909,5544.59,4423552.0,96.657,116.035,120.171,False,0.0,False,0.35374008137406765,255,True,0.375,False,-6.00000000000005,0.1284776591264946,
2024-07-19,4.45,4.25,4.49,1.93,0.2807,2.32,5.34,5.4,6.77,0.93,3.09,85.19,123.147,5505.0,4423552.0,96.657,116.035,120.171,False,0.0,False,0.37589562280644173,256,True,0.375,False,-6.00000000000005,0.1282787020104015,
2024-07-22,4.48,4.26,4.5,1.96,0.2932,2.3,5.33,5.4,6.77,0.93,3.05,83.44,123.2172,5564.41,4423552.0,96.657,116.035,120.171,False,0.0,False,0.3602278134317874,257,True,0.375,False,-7.000000000000028,0.0781254692928873,
2024-07-23,4.48,4.25,4.4,1.96,0.2906,2.29,5.34,5.4,6.77,0.93,3.02,82.2,123.3843,5555.74,4423552.0,96.657,116.035,120.171,False,0.0,False,0.3479050880974392,258,True,0.375,False,-6.00000000000005,-0.1979503677174871,
2024-07-24,4.54,4.28,4.37,2.0,0.2998,2.28,5.34,5.4,6.77,0.96,3.1,83.01,123.5575,5427.13,4423725.0,96.657,116.035,120.171,False,0.0,False,0.3429715587411306,259,True,0.3333333333333333,False,-6.00000000000005,-0.0167596057861008,
2024-07-25,4.5,4.27,4.41,1.99,0.3036,2.28,5.35,5.4,6.78,0.95,3.08,82.58,123.5286,5399.22,4423725.0,96.657,116.035,120.171,False,0.0,False,0.337516942726025,260,True,0.25,False,-5.000000000000071,-0.0739448022611437,
2024-07-26,4.45,4.2,4.36,1.93,0.2767,2.27,5.35,5.4,6.78,0.95,3.1,81.35,123.672,5459.1,4423725.0,96.657,116.035,120.171,False,0.0,False,0.32715086749488803,261,True,0.25,False,-5.000000000000071,-0.0738748647264249,
2024-07-29,4.42,4.17,4.36,1.92,0.2624,2.25,5.33,5.4,6.78,0.95,3.13,80.94,124.1392,5463.54,4423725.0,96.657,116.035,120.171,False,0.0,False,0.34180486655925424,262,True,0.25,False,-7.000000000000028,-0.1736729984005658,
2024-07-30,4.4,4.15,4.35,1.9,0.2501,2.25,5.33,5.4,6.78,0.96,3.2,79.26,124.2855,5436.44,4423725.0,96.657,116.035,120.171,False,0.0,False,0.3252345385399644,263,True,0.25,False,-7.000000000000028,-0.1970007085580276,
2024-07-31,4.35,4.09,4.29,1.85,0.2197,2.24,5.38,5.4,6.78,0.97,3.25,81.39,123.6373,5522.3,4413615.0,96.657,116.035,120.171,False,0.0,False,0.31961634420629276,264,True,0.25,False,-2.000000000000046,-0.0195953485939682,
2024-08-01,4.27,3.99,4.16,1.79,0.1693,2.2,5.35,5.4,6.73,1.0,3.35,81.37,123.8693,5446.68,4413615.0,96.657,116.035,120.171,False,0.0,False,0.2426230235836979,265,True,0.2222222222222222,False,-5.000000000000071,-0.170286222267418,
2024-08-02,4.11,3.8,3.88,1.76,0.0817,2.04,5.35,5.4,6.73,1.06,3.72,78.35,123.4681,5346.56,4413615.0,96.657,116.035,120.171,False,0.0,False,0.07698440251107116,266,True,0.3,False,-5.000000000000071,-0.17044657859011,
2024-08-05,4.06,3.78,3.89,1.71,0.0646,2.07,5.32,5.4,6.73,1.12,3.93,77.51,123.5787,5186.33,4413615.0,96.657,116.035,120.171,False,0.0,False,0.05810028009426207,267,True,0.2727272727272727,False,-8.000000000000007,-0.1961190615622518,
2024-08-06,4.18,3.9,3.99,1.78,0.107,2.12,5.33,5.4,6.73,1.08,3.67,76.62,123.6532,5240.03,4413615.0,96.657,116.035,120.171,False,0.0,False,0.008894241432060787,268,True,0.2727272727272727,False,-7.000000000000028,-0.0424956820803504,
2024-08-07,4.26,3.96,4.0,1.85,0.1439,2.11,5.33,5.4,6.73,1.07,3.57,78.26,123.5698,5199.5,4413650.0,96.657,116.035,120.171,False,0.0,False,0.028962963422791643,269,True,0.3,False,-7.000000000000028,0.3098568405943879,
2024-08-08,4.28,3.99,4.04,1.87,0.1695,2.12,5.34,5.4,6.47,1.05,3.48,80.76,123.4466,5319.31,4413650.0,96.657,116.035,120.171,False,0.0,False,0.0009993813760373388,270,True,0.3,False,-6.00000000000005,0.2054459543024629,
2024-08-09,4.23,3.94,4.05,1.84,0.1631,2.1,5.34,5.4,6.47,1.05,3.49,81.07,122.9276,5344.16,4413650.0,96.657,116.035,120.171,False,0.0,False,0.0034971862846839433,271,True,0.3,False,-6.00000000000005,1.1806767581500377,黄
2024-08-12,4.19,3.9,4.01,1.79,0.1425,2.11,5.34,5.4,6.47,1.05,3.52,83.06,123.2204,5344.39,4413650.0,96.657,116.035,120.171,False,0.0,False,-0.02577414143946652,0,False,0.3,False,-6.00000000000005,0.979866241579334,
2024-08-13,4.16,3.85,3.93,1.76,0.1108,2.09,5.34,5.4,6.47,1.04,3.54,82.51,123.0146,5434.43,4413650.0,96.657,116.035,120.171,False,0.0,False,-0.006086003437035961,0,False,0.3,False,-6.00000000000005,0.1673988720479958,
2024-08-14,4.12,3.83,3.94,1.77,0.0962,2.06,5.33,5.4,6.47,1.02,3.46,82.15,122.4297,5455.21,4413685.0,96.657,116.035,120.171,False,0.0,False,-0.003960648211574479,0,False,0.3,False,-7.000000000000028,0.1172479620590672,
2024-08-15,4.18,3.92,4.08,1.8,0.1357,2.12,5.35,5.4,6.49,0.98,3.31,83.09,122.5844,5543.22,4413685.0,96.657,116.035,120.171,False,0.0,False,-0.04767299871962215,0,False,0.3,False,-5.000000000000071,0.2161732213151695,
2024-08-16,4.15,3.89,4.06,1.81,0.1321,2.08,5.32,5.4,6.49,0.98,3.29,81.56,122.3972,5554.25,4413685.0,96.657,116.035,120.171,False,0.0,False,-0.048000749417099156,0,False,0.3,False,-8.000000000000007,0.0659785205352993,
2024-08-19,4.11,3.86,4.06,1.79,0.1237,2.07,5.32,5.4,6.49,0.97,3.21,81.09,121.8788,5608.25,4413685.0,96.657,116.035,120.171,False,0.0,False,-0.0451732956026165,0,False,0.3,False,-8.000000000000007,0.0657838169530017,
2024-08-20,4.07,3.82,3.99,1.75,0.1034,2.07,5.32,5.4,6.49,0.98,3.25,78.85,121.7728,5597.12,4413685.0,96.657,116.035,120.171,False,0.0,False,-0.06013623103623598,0,False,0.3,False,-8.000000000000007,0.0814556315945625,
2024-08-21,4.06,3.79,3.92,1.72,0.0852,2.07,5.31,5.4,6.49,0.98,3.27,78.77,121.8535,5620.85,4398736.0,96.657,116.035,120.171,False,0.0,False,-0.058318094772903534,0,False,0.3,False,-9.000000000000075,-0.1972177568333759,
2024-08-22,4.13,3.86,3.99,1.76,0.1121,2.1,5.31,5.4,6.46,0.97,3.21,78.8,122.3626,5570.64,4398736.0,96.657,116.035,120.171,False,0.0,False,-0.03503102171734816,0,False,0.3,False,-9.000000000000075,-0.1972177568333759,
2024-08-23,4.1,3.81,3.9,1.68,0.0954,2.13,5.33,5.4,6.46,0.96,3.19,80.34,121.4597,5634.61,4398736.0,96.657,116.035,120.171,False,0.0,False,-0.02499254346583237,0,False,0.3,False,-7.000000000000028,-0.1972177568333759,
2024-08-26,4.11,3.82,3.91,1.67,0.1009,2.15,5.34,5.4,6.46,0.96,3.15,80.34,121.6943,5616.84,4398736.0,96.657,116.035,120.171,False,0.0,False,-0.04269852224259899,0,False,0.3,False,-6.00000000000005,-0.1972177568333759,
2024-08-27,4.13,3.83,3.83,1.68,0.1081,2.15,5.35,5.4,6.46,0.96,3.17,81.51,121.8672,5625.8,4398736.0,96.657,116.035,120.171,False,0.0,False,-0.03344552998313372,0,False,0.3,False,-5.000000000000071,0.364926010000495,
2024-08-28,4.13,3.84,3.83,1.69,0.1158,2.15,5.35,5.4,6.46,0.96,3.19,80.04,121.8943,5592.18,4398721.0,96.657,116.035,120.171,False,0.0,False,-0.035024605867286694,0,False,0.3333333333333333,False,-5.000000000000071,0.5224616316948119,
2024-08-29,4.15,3.87,3.87,1.71,0.1294,2.16,5.33,5.4,6.35,0.96,3.15,81.55,122.2333,5591.96,4398721.0,96.657,116.035,120.171,False,0.0,False,-0.03481640094305479,0,False,0.3333333333333333,False,-7.000000000000028,0.3413409278822071,
2024-08-30,4.2,3.91,3.91,1.76,0.148,2.15,5.32,5.4,6.35,0.95,3.13,80.2,122.3262,5648.4,4398721.0,96.657,116.035,120.171,False,0.0,False,-0.04861233637659749,0,False,0.3333333333333333,False,-8.000000000000007,0.2918449815063774,
2024-09-02,4.2,3.91,3.91,1.76,0.148,2.15,5.32,5.4,6.35,0.96,3.17,77.82,122.3262,5648.4,4398721.0,96.657,116.035,120.171,False,0.0,False,-0.06005965762599656,0,False,0.3333333333333333,False,-8.000000000000007,0.292353084223534,
2024-09-03,4.13,3.84,3.88,1.73,0.1265,2.11,5.34,5.4,6.35,0.98,3.31,76.46,122.7811,5528.93,4398721.0,96.657,116.035,120.171,False,0.0,False,-0.09625912391766044,0,False,0.3,False,-6.00000000000005,0.3536633055253452,
2024-09-04,4.06,3.77,3.76,1.7,0.0898,2.07,5.35,5.4,6.35,0.99,3.35,74.67,122.5144,5520.07,4388817.0,96.657,116.035,120.171,False,0.0,False,-0.11310579255242036,0,False,0.3,False,-5.000000000000071,0.4045028888451038,
2024-09-05,4.02,3.73,3.75,1.7,0.0748,2.03,5.35,5.4,6.35,0.99,3.29,74.47,122.4533,5503.41,4388817.0,96.657,116.035,120.171,False,0.0,False,-0.11339875949636159,0,False,0.3,False,-5.000000000000071,0.4051711354082589,
2024-09-06,4.03,3.72,3.66,1.69,0.0613,2.03,5.34,5.4,6.35,0.99,3.39,72.82,122.4991,5408.42,4388817.0,96.657,116.035,120.171,False,0.0,False,-0.11605726262333481,0,False,0.2727272727272727,False,-6.00000000000005,0.355923529455424,
2024-09-09,4.0,3.7,3.68,1.66,0.0574,2.04,5.34,5.4,6.35,0.99,3.36,72.37,122.7156,5471.05,4388817.0,96.657,116.035,120.171,False,0.0,False,-0.1308944345166875,0,False,0.2727272727272727,False,-6.00000000000005,0.3567044334815399,
2024-09-10,3.97,3.65,3.59,1.63,0.0379,2.02,5.33,5.4,6.35,1.01,3.46,70.34,123.0071,5495.52,4388817.0,96.657,116.035,120.171,False,0.0,False,-0.13014705916603925,0,False,0.2727272727272727,False,-7.000000000000028,0.1429655137331272,
2024-09-11,3.96,3.65,3.62,1.61,0.0355,2.04,5.32,5.4,6.35,1.01,3.44,70.31,122.7754,5554.13,4389017.0,96.657,116.035,120.171,False,0.0,False,-0.13143001559158904,0,False,0.2727272727272727,False,-8.000000000000007,0.0587782467804614,
2024-09-12,4.0,3.68,3.64,1.63,0.0478,2.05,5.33,5.4,6.2,0.99,3.39,73.81,122.4423,5595.76,4389017.0,96.657,116.035,120.171,False,0.0,False,-0.12259299093819269,0,False,0.2727272727272727,False,-7.000000000000028,0.514839342716549,
2024-09-13,3.98,3.66,3.57,1.58,0.0435,2.08,5.33,5.4,6.2,0.99,3.37,73.68,121.6551,5626.02,4389017.0,96.657,116.035,120.171,False,0.0,False,-0.12483490025053096,0,False,0.2727272727272727,False,-7.000000000000028,0.515807025284648,
2024-09-16,3.94,3.63,3.56,1.54,0.0425,2.09,5.38,5.4,6.2,0.98,3.32,73.96,121.4976,5633.09,4389017.0,96.657,116.035,120.171,False,0.0,False,-0.1243257362709483,0,False,0.2727272727272727,False,-2.000000000000046,0.7667839773411078,
2024-09-17,3.96,3.65,3.59,1.53,0.0565,2.12,5.38,5.4,6.2,0.97,3.25,74.55,121.6031,5634.58,4389017.0,96.657,116.035,120.171,False,0.0,False,-0.12807718589577013,0,False,0.2727272727272727,False,-2.000000000000046,0.9736984233205772,
2024-09-18,4.03,3.7,3.61,1.58,0.0886,2.12,5.33,5.4,6.2,0.95,3.21,74.52,121.5618,5618.26,4384005.0,96.657,116.035,120.171,False,0.0,False,-0.12130605472112999,0,False,0.2727272727272727,False,-7.000000000000028,0.7229971814144083,
2024-09-19,4.06,3.73,3.59,1.56,0.1128,2.17,4.82,4.9,6.09,0.93,3.1,75.93,121.3059,5713.64,4384005.0,96.657,116.035,120.171,False,0.0,False,-0.1378128384208761,0,False,0.2727272727272727,False,-8.000000000000007,0.3040367891213751,
2024-09-20,4.07,3.73,3.55,1.58,0.1241,2.15,4.83,4.9,6.09,0.93,3.15,75.96,121.4052,5702.55,4384005.0,96.657,116.035,120.171,False,0.0,False,-0.13833999735757174,0,False,0.2727272727272727,False,-7.000000000000028,0.5017500014395351,
2024-09-23,4.09,3.75,3.57,1.58,0.1437,2.17,4.83,4.9,6.09,0.92,3.15,74.95,121.4303,5718.57,4384005.0,96.657,116.035,120.171,False,0.0,False,-0.14106844338944136,0,False,0.2727272727272727,False,-7.000000000000028,0.9946676919716648,
2024-09-24,4.09,3.74,3.49,1.55,0.147,2.19,4.84,4.9,6.09,0.92,3.21,75.29,121.1291,5732.93,4384005.0,96.657,116.035,120.171,False,0.0,False,-0.1412586292026094,0,False,0.2727272727272727,False,-6.00000000000005,0.6952086589910254,
2024-09-25,4.14,3.79,3.53,1.61,0.171,2.18,4.84,4.9,6.09,0.92,3.19,75.4,121.4447,5722.26,4384130.0,96.657,116.035,120.171,False,0.0,False,-0.14953401912797676,0,False,0.2727272727272727,False,-6.00000000000005,0.6932151744547941,
2024-09-26,4.12,3.79,3.6,1.63,0.1874,2.16,4.83,4.9,6.08,0.92,3.14,73.06,121.0785,5745.37,4384130.0,96.657,116.035,120.171,False,0.0,False,-0.15065145090044949,0,False,0.2727272727272727,False,-7.000000000000028,0.3955508442887895,
2024-09-27,4.1,3.75,3.55,1.6,0.1709,2.15,4.84,4.9,6.08,0.92,3.14,71.63,121.1111,5738.17,4384130.0,96.657,116.035,120.171,False,0.0,False,-0.16003419549705905,0,False,0.2,False,-6.00000000000005,-0.0002616348481268,
2024-09-30,4.14,3.81,3.66,1.63,0.1945,2.18,4.96,4.9,6.08,0.92,3.03,72.35,121.2864,5762.48,4384130.0,96.657,116.035,120.171,False,0.0,False,-0.17591295139902796,0,False,0.2,False,5.999999999999961,0.5647361815551823,
2024-10-01,4.08,3.74,3.61,1.55,0.1739,2.19,5.05,4.9,6.08,0.92,3.07,75.3,121.6881,5708.75,4384130.0,96.94,116.445,121.032,False,0.0,False,-0.1917219765010535,0,False,0.2,False,14.999999999999947,1.085558751609006,黄
2024-10-02,4.14,3.79,3.63,1.58,0.1859,2.21,4.92,4.9,6.08,0.91,3.06,74.86,121.5724,5709.54,4364382.0,96.94,116.445,121.032,False,0.0,False,-0.2036005640765592,0,False,0.2,False,1.9999999999999574,0.4353278551471744,
2024-10-03,4.18,3.85,3.7,1.64,0.2171,2.21,4.85,4.9,6.12,0.9,3.04,77.57,122.1197,5699.94,4364382.0,96.94,116.445,121.032,False,0.0,False,-0.19610205043292545,0,False,0.2,False,-5.000000000000071,0.0866795928923366,
2024-10-04,4.26,3.98,3.93,1.75,0.2854,2.23,4.83,4.9,6.12,0.87,2.89,79.32,122.2197,5751.07,4364382.0,96.94,116.445,121.032,True,1.0,False,-0.21886851641171368,0,False,0.2,False,-7.000000000000028,-0.0128464130356128,
2024-10-07,4.3,4.03,3.99,1.76,0.3202,2.27,4.83,4.9,6.12,0.86,2.95,81.74,122.4241,5695.94,4364382.0,96.94,116.445,121.032,True,2.0,False,-0.20570994964510236,0,False,0.2222222222222222,False,-7.000000000000028,-0.0383380410518696,
2024-10-08,4.32,4.04,3.98,1.77,0.3255,2.27,4.84,4.9,6.12,0.87,2.99,78.19,122.6625,5751.13,4364382.0,96.94,116.445,121.032,True,3.0,False,-0.19181246814633635,0,False,0.25,False,-6.00000000000005,0.4723868125823766,
2024-10-09,4.34,4.06,3.99,1.77,0.3424,2.29,4.83,4.9,6.12,0.85,2.94,77.06,122.8821,5792.04,4364466.0,96.94,116.445,121.032,False,3.0,False,-0.1984109335222982,0,False,0.25,False,-7.000000000000028,0.1997090187241759,
2024-10-10,4.38,4.09,3.98,1.76,0.3499,2.33,4.82,4.9,6.32,0.84,2.99,79.45,123.0951,5780.05,4364466.0,96.94,116.445,121.032,False,3.0,False,-0.1932861015950543,0,False,0.25,False,-8.000000000000007,0.0047638024567962,
2024-10-11,4.39,4.08,3.95,1.75,0.3485,2.33,4.81,4.9,6.32,0.84,2.98,80.27,122.9805,5815.03,4364466.0,96.94,116.445,121.032,False,3.0,False,-0.20421870186987073,0,False,0.25,False,-9.000000000000075,-0.0451122827580225,
2024-10-14,4.39,4.08,3.95,1.75,0.3485,2.33,4.81,4.9,6.32,0.84,2.97,78.47,122.9805,5859.85,4364466.0,96.94,116.445,121.032,False,3.0,False,-0.20331797793149087,0,False,0.25,False,-9.000000000000075,-0.0449885195374812,
2024-10-15,4.32,4.03,3.95,1.75,0.3333,2.28,4.86,4.9,6.32,0.83,2.93,73.68,123.5124,5815.26,4364466.0,96.94,116.445,121.032,False,3.0,False,-0.22638068801422023,0,False,0.25,False,-4.0000000000000036,0.276106003467654,
2024-10-16,4.3,4.02,3.93,1.75,0.3249,2.27,4.86,4.9,6.32,0.83,2.9,73.65,123.9235,5842.47,4357572.0,96.94,116.445,121.032,False,3.0,False,-0.24154830788175202,0,False,0.25,False,-4.0000000000000036,0.275502544943999,
2024-10-17,4.39,4.09,3.96,1.79,0.3495,2.3,4.85,4.9,6.44,0.83,2.89,74.37,124.1122,5841.47,4357572.0,96.94,116.445,121.032,False,3.0,False,-0.23337042943250064,0,False,0.25,False,-5.000000000000071,0.2251649096806929,
2024-10-18,4.38,4.08,3.95,1.77,0.349,2.31,4.84,4.9,6.44,0.83,2.88,72.75,123.9185,5864.67,4357572.0,96.94,116.445,121.032,False,3.0,False,-0.2320635389483664,0,False,0.25,False,-6.00000000000005,0.174693362043189,
2024-10-21,4.49,4.19,4.02,1.88,0.3916,2.31,4.82,4.9,6.44,0.85,2.88,73.29,124.4757,5853.98,4357572.0,96.94,116.445,121.032,False,3.0,False,-0.25013112581494445,0,False,0.25,False,-8.000000000000007,0.0743540394125309,
2024-10-22,4.49,4.2,4.03,1.87,0.4123,2.33,4.83,4.9,6.44,0.85,2.92,75.59,124.4107,5851.2,4357572.0,96.94,116.445,121.032,False,3.0,False,-0.24858641157306205,0,False,0.25,False,-7.000000000000028,0.1151444217941175,
2024-10-23,4.51,4.24,4.07,1.93,0.4356,2.31,4.83,4.9,6.44,0.86,2.95,74.68,124.6931,5797.42,4357656.0,96.94,116.445,121.032,False,3.0,False,-0.2592999130947757,0,False,0.2857142857142857,False,-7.000000000000028,0.4287876802400906,
2024-10-24,4.47,4.21,4.07,1.91,0.433,2.3,4.83,4.9,6.54,0.86,2.93,74.27,124.5127,5809.86,4357656.0,96.94,116.445,121.032,False,3.0,False,-0.25798593197647757,0,False,0.2857142857142857,False,-7.000000000000028,0.1032675824643939,
2024-10-25,4.51,4.25,4.11,1.96,0.4467,2.29,4.83,4.9,6.54,0.85,2.89,75.62,124.6105,5808.12,4357656.0,96.94,116.445,121.032,False,3.0,False,-0.252372184291062,0,False,0.2857142857142857,False,-7.000000000000028,0.1008721542788769,
2024-10-28,4.53,4.28,4.12,1.99,0.4666,2.29,4.82,4.9,6.54,0.84,2.82,71.87,124.8076,5823.52,4357656.0,96.94,116.445,121.032,False,3.0,False,-0.2910562492892025,0,False,0.2857142857142857,False,-8.000000000000007,0.4071956262893907,
2024-10-29,4.52,4.28,4.11,1.98,0.472,2.3,4.82,4.9,6.54,0.84,2.85,71.09,124.8612,5832.92,4357656.0,96.94,116.445,121.032,False,3.0,False,-0.2543503192564175,0,False,0.2857142857142857,False,-8.000000000000007,0.1143585360964955,
2024-10-30,4.49,4.29,4.15,1.95,0.4842,2.34,4.81,4.9,6.54,0.84,2.8,73.21,124.8153,5813.67,4357825.0,96.94,116.445,121.032,False,3.0,False,-0.14455682246290702,0,False,0.2857142857142857,False,-9.000000000000075,0.0645865750327538,
2024-10-31,4.47,4.28,4.16,1.95,0.489,2.33,4.9,4.9,6.72,0.86,2.88,73.25,124.7988,5705.45,4357825.0,96.94,116.445,121.032,False,3.0,False,-0.1324152345851525,0,False,0.375,False,0.0,0.5134300196583589,
2024-11-01,4.57,4.37,4.21,2.04,0.5269,2.33,4.86,4.9,6.72,0.86,2.83,73.63,124.8076,5728.8,4357825.0,96.94,116.445,121.032,False,3.0,False,-0.10192594804260878,0,False,0.375,False,-4.0000000000000036,0.3131567183150169,
2024-11-04,4.5,4.31,4.17,2.03,0.5158,2.28,4.82,4.9,6.72,0.86,2.87,74.89,124.5903,5712.69,4357825.0,96.94,116.445,121.032,False,3.0,False,-0.13687997034295707,0,False,0.375,False,-8.000000000000007,0.3180666551383252,
2024-11-05,4.44,4.26,4.19,1.99,0.5071,2.27,4.82,4.9,6.72,0.84,2.86,76.98,124.5532,5782.76,4357825.0,96.94,116.445,121.032,False,3.0,False,-0.08940437878376531,0,False,0.375,False,-8.000000000000007,0.1757795929613713,
2024-11-06,4.6,4.42,4.27,2.04,0.5564,2.38,4.81,4.9,6.72,0.8,2.74,76.52,125.7035,5929.04,4339963.0,96.94,116.445,121.032,False,3.0,False,-0.23080712020934208,0,False,0.375,False,-9.000000000000075,-0.1954721931994044,
2024-11-07,4.52,4.31,4.21,1.98,0.5284,2.33,4.82,4.9,6.79,0.78,2.73,75.73,124.775,5973.1,4339963.0,96.94,116.445,121.032,False,3.0,False,-0.19296636103279038,0,False,0.375,False,-8.000000000000007,0.1020786904766922,
2024-11-08,4.47,4.3,4.26,1.95,0.5171,2.35,4.6,4.65,6.79,0.77,2.63,74.04,125.5811,5995.54,4339963.0,96.94,116.445,121.032,False,3.0,False,-0.233065895935077,0,False,0.375,False,-5.000000000000071,-0.0517069902808241,
2024-11-11,4.47,4.3,4.26,1.95,0.5171,2.35,4.6,4.65,6.79,0.77,2.63,72.19,125.5811,6001.35,4339963.0,96.94,116.445,121.032,False,3.0,False,-0.23635010689275782,0,False,0.375,False,-5.000000000000071,-0.0512119757282097,
2024-11-12,4.58,4.43,4.34,2.08,0.5608,2.35,4.6,4.65,6.79,0.77,2.61,72.56,126.7762,5983.99,4339963.0,96.94,116.445,121.032,False,3.0,False,-0.1670321269542657,0,False,0.375,False,-5.000000000000071,-0.0757453798567151,
2024-11-13,4.63,4.44,4.27,2.09,0.5745,2.35,4.59,4.65,6.79,0.78,2.64,72.86,126.9572,5985.38,4340060.0,96.94,116.445,121.032,False,3.0,False,-0.16887923395093832,0,False,0.375,False,-6.00000000000005,-0.1282532804390475,
2024-11-14,4.58,4.43,4.34,2.1,0.5777,2.33,4.58,4.65,6.78,0.8,2.6,73.39,127.0015,5949.17,4340060.0,96.94,116.445,121.032,False,3.0,False,-0.1890025984916077,0,False,0.375,False,-7.000000000000028,-0.1778399304926478,
2024-11-15,4.6,4.43,4.31,2.1,0.5757,2.33,4.57,4.65,6.78,0.8,2.72,73.45,126.8848,5870.62,4340060.0,96.94,116.445,121.032,False,3.0,False,-0.18540168729202164,0,False,0.4444444444444444,False,-8.000000000000007,-0.1946315160715671,
2024-11-18,4.61,4.42,4.29,2.08,0.5689,2.34,4.57,4.65,6.78,0.8,2.72,74.35,126.6045,5893.62,4340060.0,96.94,116.445,121.032,False,3.0,False,-0.1891541446587376,0,False,0.4444444444444444,False,-8.000000000000007,-0.1936810642427591,
2024-11-19,4.57,4.39,4.27,2.05,0.5548,2.34,4.57,4.65,6.78,0.8,2.69,74.32,126.3994,5916.98,4340060.0,96.94,116.445,121.032,False,3.0,False,-0.2118967628659813,0,False,0.4444444444444444,False,-8.000000000000007,-0.0437135024248701,
2024-11-20,4.59,4.41,4.31,2.06,0.5547,2.35,4.56,4.65,6.78,0.81,2.67,74.33,126.88,5917.11,4322938.0,96.94,116.445,121.032,False,3.0,False,-0.2429149048312519,0,False,0.4444444444444444,False,-9.000000000000075,0.7729734968577933,
2024-11-21,4.61,4.43,4.34,2.09,0.5642,2.34,4.57,4.65,6.84,0.81,2.61,75.09,127.1047,5948.71,4322938.0,96.94,116.445,121.032,False,3.0,False,-0.24470656867757215,0,False,0.4444444444444444,False,-8.000000000000007,0.3847546982567721,
2024-11-22,4.6,4.41,4.37,2.07,0.5626,2.34,4.57,4.65,6.84,0.8,2.61,76.1,127.4712,5969.34,4322938.0,96.94,116.445,121.032,False,3.0,False,-0.24074876309647422,0,False,0.4444444444444444,False,-8.000000000000007,0.3834173544316396,
2024-11-25,4.45,4.27,4.21,1.98,0.5048,2.29,4.58,4.65,6.84,0.8,2.64,74.27,126.9948,5987.37,4322938.0,96.94,116.445,121.032,False,3.0,False,-0.2157566252089105,0,False,0.4444444444444444,False,-7.000000000000028,0.2321082500148597,
2024-11-26,4.48,4.3,4.21,2.02,0.5022,2.28,4.58,4.65,6.84,0.81,2.68,74.56,127.4301,6021.63,4322938.0,96.94,116.445,121.032,False,3.0,False,-0.22039270745850809,0,False,0.4444444444444444,False,-7.000000000000028,0.4438497437848105,
2024-11-27,4.44,4.25,4.19,1.99,0.4783,2.26,4.57,4.65,6.81,0.82,2.69,73.91,126.8205,5998.74,4323134.0,96.94,116.445,121.032,False,3.0,False,-0.21965630130726108,0,False,0.4444444444444444,False,-8.000000000000007,0.4107580309361261,
2024-11-28,4.44,4.25,4.19,1.99,0.4783,2.26,4.57,4.65,6.81,0.82,2.69,73.92,126.8205,5998.74,4323134.0,96.94,116.445,121.032,False,3.0,False,-0.21965630130726108,0,False,0.4444444444444444,False,-8.000000000000007,0.4081300770212071,
2024-11-29,4.36,4.18,4.13,1.92,0.4489,2.26,4.59,4.65,6.81,0.82,2.72,74.16,126.5798,6032.38,4323134.0,96.94,116.445,121.032,False,3.0,False,-0.15117472361295006,0,False,0.4444444444444444,False,-6.00000000000005,0.5054140454248629,
2024-12-02,4.36,4.19,4.17,1.93,0.4453,2.26,4.64,4.65,6.81,0.81,2.68,72.81,127.1272,6047.15,4323134.0,96.94,116.445,121.032,False,3.0,False,-0.14420831243199644,0,False,0.4444444444444444,False,-1.0000000000000675,0.7523812778752761,
2024-12-03,4.4,4.23,4.17,1.95,0.4605,2.28,4.64,4.65,6.81,0.8,2.66,74.8,126.9565,6049.88,4323134.0,96.94,116.445,121.032,False,3.0,False,-0.13451766001654056,0,False,0.4444444444444444,False,-1.0000000000000675,0.7528436344236116,
2024-12-04,4.35,4.19,4.13,1.9,0.4537,2.29,4.59,4.65,6.81,0.8,2.66,74.68,126.7574,6086.49,4315545.0,96.94,116.445,121.032,False,3.0,False,-0.11709330399193753,0,False,0.4444444444444444,False,-6.00000000000005,0.5011317983600808,
2024-12-05,4.33,4.17,4.15,1.92,0.4479,2.25,4.59,4.65,6.69,0.81,2.66,73.78,126.4286,6075.11,4315545.0,96.94,116.445,121.032,False,3.0,False,-0.13570024748253823,0,False,0.4444444444444444,False,-6.00000000000005,0.4996141226106374,
2024-12-06,4.34,4.15,4.1,1.91,0.439,2.24,4.6,4.65,6.69,0.81,2.67,73.78,126.688,6090.27,4315545.0,96.94,116.445,121.032,False,3.0,False,-0.14329434692751256,0,False,0.4444444444444444,False,-5.000000000000071,0.5481483726549957,
2024-12-09,4.39,4.2,4.13,1.93,0.454,2.27,4.63,4.65,6.69,0.81,2.67,73.73,126.5981,6052.85,4315545.0,96.94,116.445,121.032,False,3.0,False,-0.13203892712334808,0,False,0.4444444444444444,False,-2.000000000000046,0.6966433281713776,
2024-12-10,4.41,4.22,4.15,1.93,0.4686,2.29,4.64,4.65,6.69,0.8,2.67,73.64,126.957,6034.91,4315545.0,96.94,116.445,121.032,False,3.0,False,-0.12429110026701712,0,False,0.4444444444444444,False,-1.0000000000000675,0.8603315142819512,
2024-12-11,4.48,4.26,4.15,1.96,0.4941,2.3,4.62,4.65,6.69,0.78,2.64,74.38,126.8483,6084.19,4315665.0,96.94,116.445,121.032,False,3.0,False,-0.13898449665308985,0,False,0.4444444444444444,False,-3.000000000000025,0.549227557761823,
2024-12-12,4.55,4.32,4.18,2.0,0.5276,2.32,4.62,4.65,6.6,0.79,2.66,73.52,126.9556,6051.25,4315665.0,96.94,116.445,121.032,False,3.0,False,-0.1226072877681251,0,False,0.4444444444444444,False,-3.000000000000025,0.9017380709517232,
2024-12-13,4.61,4.4,4.25,2.07,0.5706,2.33,4.6,4.65,6.6,0.78,2.68,74.89,127.3096,6051.09,4315665.0,96.94,116.445,121.032,False,3.0,False,-0.11768043263419578,0,False,0.4444444444444444,False,-5.000000000000071,0.8003993774137492,
2024-12-16,4.6,4.39,4.25,2.07,0.5798,2.32,4.65,4.65,6.6,0.78,2.69,74.3,127.2687,6074.08,4315665.0,96.94,116.445,121.032,False,3.0,False,-0.12287886702739605,0,False,0.4444444444444444,False,0.0,1.0486917587219708,黄
2024-12-17,4.59,4.4,4.25,2.09,0.5854,2.31,4.62,4.65,6.6,0.79,2.75,73.16,127.5043,6050.61,4315665.0,96.94,116.445,121.032,False,3.0,False,-0.11416921980565031,0,False,0.4444444444444444,False,-3.000000000000025,1.1215958491035063,黄
2024-12-18,4.65,4.5,4.35,2.18,0.6412,2.32,4.57,4.65,6.6,0.79,2.73,74.57,127.6418,5872.16,4308724.0,96.94,116.445,121.032,False,3.0,False,0.011324084405671425,1,False,0.4,False,-8.000000000000007,0.869265103258593,
2024-12-19,4.74,4.57,4.32,2.28,0.6778,2.29,4.3,4.4,6.72,0.82,2.91,73.75,128.6366,5867.08,4308724.0,96.94,116.445,121.032,False,3.0,False,0.01491323358981753,2,False,0.4,False,-10.000000000000053,1.2967140941196222,黄
2024-12-20,4.72,4.52,4.3,2.23,0.6682,2.29,4.3,4.4,6.72,0.82,2.86,73.19,127.893,5930.85,4308724.0,96.94,116.445,121.032,False,3.0,False,0.03778737957590864,3,False,0.4,False,-10.000000000000053,1.2851285803255768,黄
2024-12-23,4.78,4.59,4.3,2.27,0.6941,2.32,4.31,4.4,6.72,0.82,2.85,72.12,128.3021,5974.07,4308724.0,96.94,116.445,121.032,False,3.0,False,0.0193116478415953,4,False,0.4,False,-9.000000000000075,0.3251015882699498,
2024-12-24,4.76,4.59,4.29,2.24,0.7009,2.35,4.4,4.4,6.72,0.82,2.86,73.5,128.3377,6040.04,4308724.0,96.94,116.445,121.032,False,3.0,False,0.02240066509481954,5,False,0.4,False,0.0,0.666806942093875,
2024-12-25,4.76,4.59,4.29,2.24,0.7009,2.35,4.4,4.4,6.72,0.82,2.86,73.5,128.3377,6040.04,4308893.0,96.94,116.445,121.032,False,3.0,False,0.026340947794570312,6,False,0.4,False,0.0,0.6655230939272204,
2024-12-26,4.76,4.58,4.3,2.23,0.6968,2.35,4.53,4.4,6.85,0.81,2.86,73.5,128.3329,6037.59,4308893.0,96.94,116.445,121.032,False,3.0,False,0.03160893990773791,7,False,0.4,False,12.99999999999999,1.2103846820061153,黄
2024-12-27,4.82,4.62,4.31,2.28,0.7141,2.34,4.46,4.4,6.85,0.81,2.84,73.77,128.45,5970.84,4308893.0,96.94,116.445,121.032,False,2.0,False,0.07644656299376192,8,False,0.36363636363636365,False,5.999999999999961,0.8588225704591973,
2024-12-30,4.77,4.55,4.24,2.24,0.6861,2.31,4.37,4.4,6.85,0.82,2.94,74.24,128.8205,5906.94,4308893.0,96.94,116.445,121.032,False,1.0,False,0.038176969222566075,9,False,0.3333333333333333,False,-3.000000000000025,0.4073569556841235,
2024-12-31,4.78,4.58,4.25,2.24,0.6872,2.34,4.49,4.4,6.85,0.82,2.92,74.58,129.2775,5881.63,4308893.0,96.94,116.445,121.032,False,0.0,False,0.03755673587132814,10,False,0.3333333333333333,False,8.999999999999986,0.9399248487995324,
2025-01-01,4.78,4.58,4.25,2.24,0.6872,2.34,4.49,4.4,6.85,0.82,2.92,74.58,129.2775,5881.63,4291106.0,97.871,116.187,123.17,False,0.0,False,0.07918985446622785,11,False,0.3333333333333333,False,8.999999999999986,0.9382220403777488,
2025-01-02,4.79,4.57,4.25,2.23,0.6851,2.34,4.4,4.4,6.91,0.83,2.88,76.14,129.4598,5868.55,4291106.0,97.871,116.187,123.17,False,0.0,False,0.062067633714820124,12,False,0.3333333333333333,False,0.0,0.4865851003912254,
2025-01-03,4.82,4.6,4.28,2.26,0.7016,2.34,4.31,4.4,6.91,0.83,2.81,76.72,129.4535,5942.47,4291106.0,97.871,116.187,123.17,False,0.0,False,0.051784823811297474,13,False,0.3333333333333333,False,-9.000000000000075,0.0360304886727139,
2025-01-06,4.85,4.62,4.28,2.28,0.7121,2.34,4.27,4.4,6.91,0.84,2.76,77.27,128.538,5975.38,4291106.0,97.871,116.187,123.17,False,0.0,False,0.052604621744197194,14,False,0.3333333333333333,False,-13.000000000000078,0.5671469248760113,
2025-01-07,4.91,4.67,4.3,2.29,0.7356,2.38,4.27,4.4,6.91,0.84,2.79,77.84,128.613,5909.03,4291106.0,97.871,116.187,123.17,False,0.0,False,0.06787171905847411,15,False,0.3076923076923077,False,-13.000000000000078,0.7777962470562317,
2025-01-08,4.91,4.67,4.28,2.27,0.7392,2.4,4.29,4.4,6.91,0.83,2.84,77.37,129.0785,5918.25,4291067.0,97.871,116.187,123.17,False,0.0,False,0.06434860761660657,16,False,0.3076923076923077,False,-11.000000000000032,0.7777962470562317,
2025-01-09,4.92,4.68,4.27,2.29,0.7465,2.39,4.3,4.4,6.93,0.83,2.82,78.44,129.2827,5918.25,4291067.0,97.871,116.187,123.17,False,0.0,False,0.06207220017706643,17,False,0.25,False,-10.000000000000053,0.9893080614559868,
2025-01-10,4.96,4.77,4.4,2.34,0.7964,2.43,4.3,4.4,6.93,0.83,2.81,79.76,129.8664,5827.04,4291067.0,97.871,116.187,123.17,False,0.0,False,0.12505431964850983,18,False,0.23076923076923078,False,-10.000000000000053,-0.0166838516476438,
2025-01-13,4.97,4.79,4.4,2.34,0.8131,2.45,4.29,4.4,6.93,0.84,2.85,82.69,130.0413,5836.22,4291067.0,97.871,116.187,123.17,False,0.0,False,0.12113589234154115,19,False,0.23076923076923078,False,-11.000000000000032,-0.0667449156369153,
2025-01-14,4.98,4.78,4.37,2.34,0.8122,2.44,4.28,4.4,6.93,0.84,2.8,82.39,129.3812,5842.91,4291067.0,97.871,116.187,123.17,False,0.0,False,0.12265223061060399,20,True,0.23076923076923078,False,-12.00000000000001,-0.1022747255510206,
2025-01-15,4.88,4.66,4.27,2.24,0.7574,2.42,4.28,4.4,6.93,0.83,2.72,83.48,129.2092,5949.91,4274615.0,97.871,116.187,123.17,False,0.0,False,0.193715154288756,21,True,0.23076923076923078,False,-12.00000000000001,-0.1026621979879224,
2025-01-16,4.84,4.61,4.23,2.19,0.7249,2.42,4.29,4.4,7.04,0.83,2.73,82.39,129.436,5937.34,4274615.0,97.871,116.187,123.17,False,0.0,False,0.1848015937995045,22,True,0.25,False,-11.000000000000032,-0.0534480627382791,
2025-01-17,4.84,4.61,4.27,2.2,0.7198,2.41,4.29,4.4,7.04,0.82,2.64,83.02,129.4859,5996.66,4274615.0,97.871,116.187,123.17,False,0.0,False,0.18498492224319701,23,True,0.25,False,-11.000000000000032,-0.0539434910068472,
2025-01-20,4.84,4.61,4.27,2.2,0.7198,2.41,4.29,4.4,7.04,0.82,2.64,81.68,129.4859,5996.66,4274615.0,97.871,116.187,123.17,False,0.0,False,0.1756003045015638,24,True,0.25,False,-11.000000000000032,-0.0544483208128256,
2025-01-21,4.8,4.57,4.29,2.19,0.7033,2.38,4.29,4.4,7.04,0.82,2.61,80.57,128.4151,6049.24,4274615.0,97.871,116.187,123.17,False,0.0,False,0.1853299594944529,25,True,0.25,False,-11.000000000000032,-0.0002018315098585,
2025-01-22,4.82,4.6,4.29,2.2,0.7071,2.4,4.3,4.4,7.04,0.81,2.59,80.0,128.3402,6086.37,4274563.0,97.871,116.187,123.17,False,0.0,False,0.17904265972789438,26,True,0.25,False,-10.000000000000053,0.1003709427423664,
2025-01-23,4.87,4.65,4.29,2.23,0.7212,2.42,4.35,4.4,6.96,0.8,2.61,78.62,128.2162,6118.71,4274563.0,97.871,116.187,123.17,False,0.0,False,0.17249393164035723,27,True,0.25,False,-5.000000000000071,0.4423158548915298,
2025-01-24,4.85,4.63,4.27,2.2,0.7192,2.43,4.34,4.4,6.96,0.8,2.6,78.71,127.4611,6101.24,4274563.0,97.871,116.187,123.17,False,0.0,False,0.16845491979145033,28,True,0.2727272727272727,False,-6.00000000000005,0.3925649694562225,
2025-01-27,4.76,4.53,4.17,2.13,0.6816,2.4,4.34,4.4,6.96,0.81,2.66,77.3,128.0912,6012.28,4274563.0,97.871,116.187,123.17,False,0.0,False,0.1052686934608466,29,True,0.18181818181818182,False,-6.00000000000005,0.4372113348370385,
2025-01-28,4.78,4.55,4.19,2.13,0.6771,2.42,4.35,4.4,6.96,0.81,2.66,78.01,128.2817,6067.7,4274563.0,97.871,116.187,123.17,False,0.0,False,0.11374861567183285,30,True,0.2,False,-5.000000000000071,0.3236715504414339,
2025-01-29,4.79,4.55,4.21,2.15,0.6807,2.4,4.35,4.4,6.96,0.81,2.68,77.02,128.3418,6039.31,4274511.0,97.871,116.187,123.17,False,0.0,False,0.12467316052858088,31,True,0.2,False,-5.000000000000071,0.3235062945534422,
2025-01-30,4.76,4.52,4.18,2.14,0.6646,2.38,4.36,4.4,6.95,0.81,2.67,77.42,128.1004,6071.17,4274511.0,97.871,116.187,123.17,False,0.0,False,0.13916350476704115,32,True,0.2,False,-4.0000000000000036,0.3729590223152645,
2025-01-31,4.83,4.58,4.22,2.16,0.6836,2.42,4.38,4.4,6.95,0.82,2.68,77.11,128.4828,6040.53,4274511.0,97.871,116.187,123.17,False,0.0,False,0.13024827648499193,33,True,0.2,False,-2.000000000000046,0.4713419468368669,
2025-02-03,4.77,4.54,4.26,2.09,0.6733,2.45,4.35,4.4,6.95,0.83,2.73,76.49,129.109,5994.57,4274511.0,97.871,116.187,123.17,False,0.0,False,0.29548909780323074,34,True,0.2,False,-5.000000000000071,0.320742916796102,
2025-02-04,4.75,4.52,4.21,2.08,0.6598,2.44,4.33,4.4,6.95,0.82,2.71,76.58,128.1083,6037.88,4274511.0,97.871,116.187,123.17,False,0.0,False,0.2793877895952932,35,True,0.2,False,-7.000000000000028,0.0834502838801799,
2025-02-05,4.64,4.43,4.17,2.01,0.6215,2.42,4.33,4.4,6.95,0.83,2.69,74.71,127.9751,6061.48,4265944.0,97.871,116.187,123.17,False,0.0,False,0.2841596975563778,36,True,0.2,False,-7.000000000000028,0.0833670878279587,
2025-02-06,4.65,4.45,4.21,2.03,0.62,2.42,4.36,4.4,6.89,0.84,2.66,74.54,128.2017,6083.57,4265944.0,97.871,116.187,123.17,False,0.0,False,0.28083750049980943,37,True,0.2,False,-4.0000000000000036,0.2331261784283387,
2025-02-07,4.69,4.49,4.29,2.07,0.6365,2.42,4.35,4.4,6.89,0.84,2.67,74.68,128.4292,6025.99,4265944.0,97.871,116.187,123.17,False,0.0,False,0.2909995078660369,38,True,0.2,False,-5.000000000000071,0.1829421280006651,
2025-02-10,4.71,4.51,4.28,2.07,0.6387,2.44,4.35,4.4,6.89,0.84,2.66,76.23,128.6382,6066.44,4265944.0,97.871,116.187,123.17,False,0.0,False,0.28376239330767583,39,True,0.2,False,-5.000000000000071,0.1827588079213908,
2025-02-11,4.75,4.54,4.29,2.08,0.6508,2.46,4.34,4.4,6.89,0.83,2.66,77.65,128.4322,6068.5,4265944.0,97.871,116.187,123.17,False,0.0,False,0.2876653056296801,40,True,0.2,False,-6.00000000000005,-0.1793809800194102,
2025-02-12,4.83,4.62,4.36,2.16,0.6974,2.46,4.32,4.4,6.89,0.81,2.65,75.38,128.3288,6051.97,4265982.0,97.871,116.187,123.17,False,0.0,False,0.3005915113097998,41,True,0.2,False,-8.000000000000007,0.0668005770617749,
2025-02-13,4.72,4.52,4.31,2.08,0.6705,2.44,4.33,4.4,6.87,0.81,2.65,75.61,127.8931,6115.07,4265982.0,97.871,116.187,123.17,False,0.0,False,0.3273380209553466,42,True,0.2,False,-7.000000000000028,0.6524601195745807,
2025-02-14,4.69,4.47,4.26,2.04,0.6417,2.43,4.33,4.4,6.87,0.8,2.62,75.19,127.1491,6114.63,4265982.0,97.871,116.187,123.17,False,0.0,False,0.3203408400633563,43,True,0.2,False,-7.000000000000028,0.1764986795719534,
2025-02-17,4.69,4.47,4.26,2.04,0.6417,2.43,4.33,4.4,6.87,0.8,2.62,75.81,127.1491,6114.63,4265982.0,97.871,116.187,123.17,False,0.0,False,0.3202584839284651,44,True,0.2,False,-7.000000000000028,0.1765026103869292,
2025-02-18,4.77,4.55,4.29,2.1,0.662,2.45,4.37,4.4,6.87,0.79,2.62,76.46,127.2906,6129.58,4265982.0,97.871,116.187,123.17,False,0.0,False,0.31290009863531326,45,True,0.2,False,-3.000000000000025,0.4500872178074253,
2025-02-19,4.76,4.53,4.28,2.08,0.657,2.45,4.35,4.4,6.87,0.79,2.68,76.34,127.7317,6144.15,4251251.0,97.871,116.187,123.17,False,0.0,False,0.3121531079118769,46,True,0.2,False,-5.000000000000071,0.4055029641512538,
2025-02-20,4.74,4.5,4.28,2.05,0.6477,2.45,4.33,4.4,6.85,0.8,2.66,76.95,127.1126,6117.52,4251251.0,97.871,116.187,123.17,False,0.0,False,0.30867151319826264,47,True,0.2,False,-7.000000000000028,-0.1002128725773382,
2025-02-21,4.67,4.42,4.19,2.0,0.6161,2.42,4.34,4.4,6.85,0.81,2.78,74.88,127.1408,6013.13,4251251.0,97.871,116.187,123.17,False,0.0,False,0.23962074244387865,48,True,0.18181818181818182,False,-6.00000000000005,-0.0503510971248103,
2025-02-24,4.66,4.4,4.13,1.98,0.6017,2.42,4.34,4.4,6.85,0.81,2.78,74.89,127.1921,5983.25,4251251.0,97.871,116.187,123.17,False,0.0,False,0.24471491859444092,49,True,0.18181818181818182,False,-6.00000000000005,0.1426525484685218,
2025-02-25,4.55,4.3,4.07,1.92,0.557,2.38,4.33,4.4,6.85,0.84,2.84,73.11,127.3752,5955.25,4251251.0,97.871,116.187,123.17,False,0.0,False,0.21734915171893976,50,True,0.18181818181818182,False,-7.000000000000028,0.3743086227661798,
2025-02-26,4.51,4.25,4.05,1.89,0.5249,2.36,4.33,4.4,6.85,0.84,2.81,73.49,127.2822,5956.06,4251338.0,97.871,116.187,123.17,False,0.0,False,0.20411524983869792,51,True,0.2,False,-7.000000000000028,0.3860457783191017,
2025-02-27,4.56,4.29,4.07,1.92,0.5274,2.37,4.36,4.4,6.76,0.85,2.81,75.01,127.9704,5861.57,4251338.0,97.871,116.187,123.17,False,0.0,False,0.2216983445525632,52,True,0.18181818181818182,False,-4.0000000000000036,0.5356485023540243,
2025-02-28,4.51,4.24,3.99,1.86,0.5063,2.38,4.39,4.4,6.76,0.88,2.87,74.76,128.2805,5954.5,4251338.0,97.871,116.187,123.17,False,0.0,False,0.24645845907183295,53,True,0.18181818181818182,False,-1.0000000000000675,0.6850531284054138,
2025-03-03,4.45,4.16,3.96,1.8,0.4751,2.36,4.33,4.4,6.76,0.89,2.94,72.85,127.75,5849.72,4251338.0,97.871,116.187,123.17,False,0.0,False,0.1774534769027095,54,True,0.2727272727272727,False,-7.000000000000028,0.3848548807587578,
2025-03-04,4.53,4.22,3.96,1.87,0.488,2.35,4.33,4.4,6.76,0.89,2.99,72.31,127.9966,5778.15,4251338.0,97.871,116.187,123.17,False,0.0,False,0.1985240497954154,55,True,0.25,False,-7.000000000000028,0.4182437474969145,
2025-03-05,4.57,4.28,3.99,1.94,0.5178,2.34,4.34,4.4,6.76,0.87,2.88,70.92,126.504,5842.63,4241570.0,97.871,116.187,123.17,False,0.0,False,0.1679483211261226,56,True,0.25,False,-6.00000000000005,0.4672370508851908,
2025-03-06,4.58,4.29,3.96,1.95,0.5284,2.34,4.35,4.4,6.63,0.88,2.99,71.08,126.1099,5738.52,4241570.0,97.871,116.187,123.17,False,0.0,False,0.1606530288421675,57,True,0.3076923076923077,False,-5.000000000000071,0.5161288288249588,
2025-03-07,4.62,4.32,3.99,1.99,0.5439,2.33,4.34,4.4,6.63,0.89,2.97,72.49,125.9814,5770.2,4241570.0,97.871,116.187,123.17,False,0.0,False,0.15253015496714714,58,True,0.3076923076923077,False,-6.00000000000005,0.8142107875940923,
2025-03-10,4.54,4.22,3.89,1.91,0.5083,2.31,4.33,4.4,6.63,0.91,3.16,71.08,126.268,5614.56,4241570.0,97.871,116.187,123.17,False,0.0,False,0.07098755914809668,59,True,0.2857142857142857,False,-7.000000000000028,0.5642421577835607,
2025-03-11,4.59,4.28,3.94,1.97,0.5213,2.31,4.32,4.4,6.63,0.94,3.22,71.51,126.0457,5572.07,4241570.0,97.871,116.187,123.17,False,0.0,False,0.07489986573225264,60,True,0.2857142857142857,False,-8.000000000000007,0.5628319315295973,
2025-03-12,4.63,4.32,4.01,1.99,0.5432,2.33,4.31,4.4,6.63,0.96,3.2,72.36,125.8664,5599.3,4242202.0,97.871,116.187,123.17,False,0.0,False,0.07090971438078726,61,True,0.2857142857142857,False,-9.000000000000075,0.3195359000267175,
2025-03-13,4.59,4.27,3.94,1.98,0.5271,2.29,4.3,4.4,6.65,0.97,3.4,70.82,126.0031,5521.52,4242202.0,97.871,116.187,123.17,False,0.0,False,0.049607312665654074,62,True,0.26666666666666666,False,-10.000000000000053,0.4022711042945492,
2025-03-14,4.62,4.31,4.02,2.01,0.5449,2.3,4.3,4.4,6.65,0.94,3.25,71.94,125.6942,5638.94,4242202.0,97.871,116.187,123.17,False,0.0,False,0.018898098497078516,63,True,0.26666666666666666,False,-10.000000000000053,0.4007827589594715,
2025-03-17,4.6,4.31,4.06,2.02,0.5498,2.29,4.32,4.4,6.65,0.93,3.18,71.93,125.3688,5675.12,4242202.0,97.871,116.187,123.17,False,0.0,False,-0.0747047203125204,0,False,0.26666666666666666,False,-8.000000000000007,0.9307388752023268,
2025-03-18,4.58,4.29,4.04,1.99,0.5379,2.3,4.31,4.4,6.65,0.93,3.23,71.93,125.488,5614.66,4242202.0,97.871,116.187,123.17,False,0.0,False,-0.0812746860506642,0,False,0.25,False,-9.000000000000075,-0.0597724810171784,
2025-03-19,4.56,4.25,3.99,1.94,0.5183,2.31,4.29,4.4,6.65,0.91,3.19,71.94,125.8006,5675.29,4236787.0,97.871,116.187,123.17,False,0.0,False,-0.08533687432635777,0,False,0.25,False,-11.000000000000032,-0.1781119076258736,
2025-03-20,4.55,4.24,3.95,1.93,0.506,2.31,4.29,4.4,6.67,0.91,3.17,72.61,125.985,5662.89,4236787.0,97.871,116.187,123.17,False,0.0,False,-0.06750547063492517,0,False,0.25,False,-11.000000000000032,0.031755363276929,
2025-03-21,4.59,4.25,3.94,1.92,0.5056,2.33,4.3,4.4,6.67,0.92,3.21,72.64,126.2679,5667.56,4236787.0,97.871,116.187,123.17,False,0.0,False,-0.06697299549759936,0,False,0.25,False,-10.000000000000053,0.0813040351358051,
2025-03-24,4.66,4.34,4.04,1.98,0.5424,2.36,4.31,4.4,6.67,0.9,3.05,73.96,126.1956,5767.57,4236787.0,97.871,116.187,123.17,False,0.0,False,-0.11895484768880796,0,False,0.25,False,-9.000000000000075,0.130786775746362,
2025-03-25,4.65,4.31,3.96,1.96,0.5406,2.35,4.33,4.4,6.67,0.9,3.09,73.78,126.0535,5776.65,4236787.0,97.871,116.187,123.17,False,0.0,False,-0.11687633608765564,0,False,0.25,False,-7.000000000000028,0.0774843914307811,
2025-03-26,4.69,4.35,3.98,1.98,0.5522,2.37,4.35,4.4,6.67,0.91,3.19,74.6,126.2364,5712.2,4237419.0,97.871,116.187,123.17,False,0.0,False,-0.11671289298498042,0,False,0.23529411764705882,False,-5.000000000000071,0.2491179239471477,
2025-03-27,4.73,4.38,3.97,1.99,0.5627,2.39,4.36,4.4,6.65,0.91,3.27,74.72,126.3626,5693.31,4237419.0,97.871,116.187,123.17,False,0.0,False,-0.09410551843789174,0,False,0.23529411764705882,False,-4.0000000000000036,0.3084455432005257,
2025-03-28,4.64,4.27,3.89,1.9,0.5214,2.37,4.34,4.4,6.65,0.94,3.47,74.69,126.4187,5580.94,4237419.0,97.871,116.187,123.17,False,0.0,False,-0.15433419866326636,0,False,0.2222222222222222,False,-6.00000000000005,0.2278915529211587,
2025-03-31,4.59,4.23,3.89,1.85,0.4988,2.38,4.41,4.4,6.65,0.97,3.55,77.23,126.7075,5611.85,4237419.0,97.871,116.187,123.17,False,0.0,False,-0.14658636042939172,0,False,0.2222222222222222,False,0.9999999999999787,0.5069035241292188,
2025-04-01,4.52,4.17,3.87,1.84,0.4715,2.33,4.39,4.4,6.65,0.98,3.5,77.78,126.4338,5633.07,4237419.0,96.723,117.385,122.27,False,0.0,False,-0.13778159614180516,0,False,0.2222222222222222,False,-1.0000000000000675,0.3795631129333595,
2025-04-02,4.54,4.2,3.91,1.88,0.4775,2.32,4.37,4.4,6.65,0.96,3.42,77.27,126.3811,5670.97,4219049.0,96.723,117.385,122.27,False,0.0,False,-0.1326473579723344,0,False,0.2222222222222222,False,-3.000000000000025,0.5684160761216529,
2025-04-03,4.49,4.06,3.71,1.78,0.4095,2.28,4.39,4.4,6.64,1.06,4.01,72.54,124.7316,5396.52,4219049.0,96.723,117.385,122.27,False,0.0,False,-0.2603059244025531,0,False,0.2631578947368421,False,-1.0000000000000675,0.3841926719384218,
2025-04-04,4.41,4.01,3.68,1.83,0.3821,2.18,4.35,4.4,6.64,1.14,4.45,68.36,125.8129,5074.08,4219049.0,96.723,117.385,122.27,False,0.0,False,-0.2831548180652135,0,False,0.25,False,-5.000000000000071,0.2237934270741414,
2025-04-07,4.58,4.15,3.73,1.96,0.4271,2.19,4.33,4.4,6.64,1.2,4.61,66.13,126.8282,5062.25,4219049.0,96.723,117.385,122.27,False,0.0,False,-0.2674418169673598,0,False,0.25,False,-7.000000000000028,0.1435063790012423,
2025-04-08,4.71,4.26,3.71,2.04,0.4769,2.22,4.4,4.4,6.64,1.18,4.57,64.86,126.8668,4982.77,4219049.0,96.723,117.385,122.27,False,0.0,False,-0.22660704545169655,0,False,0.23809523809523808,False,0.0,0.4694110470064848,
2025-04-09,4.72,4.34,3.91,2.07,0.5436,2.27,4.42,4.4,6.64,1.21,4.37,67.3,126.628,5456.9,4219496.0,96.723,117.385,122.27,False,0.0,False,-0.31230757618118793,0,False,0.23809523809523808,False,1.9999999999999574,0.0820398890545208,
2025-04-10,4.86,4.4,3.84,2.21,0.5682,2.19,4.37,4.4,6.62,1.18,4.42,65.37,125.089,5268.05,4219496.0,96.723,117.385,122.27,False,0.0,False,-0.2694967103868044,0,False,0.2727272727272727,False,-3.000000000000025,-0.0200886935918185,
2025-04-11,4.85,4.48,3.96,2.28,0.6161,2.2,4.33,4.4,6.62,1.18,4.26,66.83,124.0163,5363.36,4219496.0,96.723,117.385,122.27,True,1.0,False,-0.2860671320440215,0,False,0.2727272727272727,False,-7.000000000000028,5.272931674107247,红
2025-04-14,4.8,4.38,3.84,2.15,0.5794,2.23,4.33,4.4,6.62,1.15,4.14,67.18,123.6598,5405.97,4219496.0,96.723,117.385,122.27,False,1.0,False,-0.30989602286303125,0,False,0.2727272727272727,False,-7.000000000000028,2.4473179332525987,红
2025-04-15,4.79,4.35,3.84,2.16,0.558,2.19,4.36,4.4,6.62,1.14,4.09,66.58,123.776,5396.63,4219496.0,96.723,117.385,122.27,False,1.0,False,-0.31050776611648895,0,False,0.2727272727272727,False,-4.0000000000000036,0.984010230644081,
2025-04-16,4.74,4.29,3.77,2.12,0.523,2.17,4.31,4.4,6.62,1.13,4.16,67.94,123.2724,5275.7,4217259.0,96.723,117.385,122.27,False,1.0,False,-0.3216180487623347,0,False,0.30434782608695654,False,-9.000000000000075,-0.0250954338325871,
2025-04-17,4.8,4.34,3.81,2.11,0.5337,2.23,4.32,4.4,6.83,1.11,4.02,69.33,123.1298,5282.7,4217259.0,96.723,117.385,122.27,False,1.0,False,-0.32180251974470947,0,False,0.30434782608695654,False,-8.000000000000007,0.1020933635761407,
2025-04-18,4.8,4.34,3.81,2.11,0.5337,2.23,4.32,4.4,6.83,1.11,4.02,69.33,122.9865,5282.7,4217259.0,96.723,117.385,122.27,False,1.0,False,-0.3288931357072053,0,False,0.30434782608695654,False,-8.000000000000007,0.1022594693918645,
2025-04-21,4.91,4.42,3.75,2.2,0.5565,2.22,4.32,4.4,6.83,1.12,4.16,69.33,122.3145,5158.2,4217259.0,96.723,117.385,122.27,False,1.0,False,-0.2942935747035913,0,False,0.3333333333333333,False,-8.000000000000007,0.2771361807385821,
2025-04-22,4.88,4.41,3.76,2.14,0.5668,2.27,4.3,4.4,6.83,1.11,3.99,68.93,122.4175,5287.76,4217259.0,96.723,117.385,122.27,False,1.0,False,-0.28373141018228243,0,False,0.3333333333333333,False,-10.000000000000053,0.5036693771536279,
2025-04-23,4.83,4.4,3.81,2.11,0.5721,2.29,4.28,4.4,6.83,1.08,3.75,68.26,123.0252,5375.86,4217694.0,96.723,117.385,122.27,False,1.0,False,-0.28004503431199784,0,False,0.3333333333333333,False,-12.00000000000001,1.0711296367694263,黄
2025-04-24,4.77,4.32,3.77,2.02,0.5396,2.3,4.29,4.4,6.81,1.06,3.73,67.5,122.9251,5484.77,4217694.0,96.723,117.385,122.27,False,1.0,False,-0.2413171723846593,0,False,0.3333333333333333,False,-11.000000000000032,0.0208522570310737,
2025-04-25,4.74,4.29,3.74,2.02,0.5131,2.27,4.33,4.4,6.81,1.04,3.67,66.99,122.8858,5525.21,4217694.0,96.723,117.385,122.27,False,1.0,False,-0.23507436255321104,0,False,0.30434782608695654,False,-7.000000000000028,0.1806348987606101,
2025-04-28,4.69,4.23,3.67,1.98,0.4805,2.25,4.36,4.4,6.81,1.04,3.73,66.13,122.7176,5528.75,4217694.0,96.723,117.385,122.27,False,1.0,False,-0.23241366720539852,0,False,0.30434782608695654,False,-4.0000000000000036,0.3001782718400406,
2025-04-29,4.64,4.19,3.65,1.96,0.4541,2.23,4.36,4.4,6.81,1.06,3.74,64.04,122.5944,5560.83,4217694.0,96.723,117.385,122.27,False,1.0,False,-0.23098616568397215,0,False,0.30434782608695654,False,-4.0000000000000036,0.3443852934262544,
2025-04-30,4.66,4.17,3.6,1.94,0.435,2.23,4.41,4.4,6.81,1.09,3.94,63.37,122.5921,5569.06,4215813.0,96.723,117.385,122.27,False,1.0,False,-0.23599555494021993,0,False,0.30434782608695654,False,0.9999999999999787,0.5444374987959736,
2025-05-01,4.74,4.25,3.7,2.0,0.4655,2.25,4.39,4.4,6.76,1.09,3.78,62.37,123.1405,5604.14,4215813.0,96.723,117.385,122.27,True,2.0,False,-0.2381205904929628,0,False,0.30434782608695654,False,-1.0000000000000675,0.4636872521672187,
2025-05-02,4.79,4.33,3.83,2.06,0.5073,2.27,4.36,4.4,6.76,1.06,3.6,61.57,122.4962,5686.67,4215813.0,96.723,117.385,122.27,True,3.0,False,-0.2525231023404727,0,False,0.30434782608695654,False,-4.0000000000000036,0.3429314165962657,
2025-05-05,4.83,4.36,3.83,2.08,0.526,2.28,4.33,4.4,6.76,1.05,3.6,61.57,122.2613,5650.38,4215813.0,96.723,117.385,122.27,True,4.0,False,-0.25914382706535477,0,False,0.30434782608695654,False,-7.000000000000028,1.3469768702012188,黄
2025-05-06,4.81,4.3,3.78,2.04,0.5164,2.26,4.32,4.4,6.76,1.05,3.66,62.37,122.0417,5606.91,4215813.0,96.723,117.385,122.27,False,4.0,False,-0.26120841630909797,0,False,0.30434782608695654,False,-8.000000000000007,1.107272221723668,黄
2025-05-07,4.77,4.26,3.78,2.01,0.4997,2.25,4.3,4.4,6.76,1.05,3.67,60.31,122.117,5631.28,4216103.0,96.723,117.385,122.27,False,4.0,False,-0.26388149625002416,0,False,0.30434782608695654,False,-10.000000000000053,0.870471388888582,
2025-05-08,4.83,4.37,3.9,2.08,0.5413,2.29,4.29,4.4,6.76,1.02,3.51,62.22,122.7568,5663.94,4216103.0,96.723,117.385,122.27,False,4.0,False,-0.26493360936941635,0,False,0.30434782608695654,False,-11.000000000000032,1.2138681157589648,黄
2025-05-09,4.83,4.37,3.88,2.08,0.5503,2.29,4.28,4.4,6.76,1.02,3.53,64.26,122.5191,5659.91,4216103.0,96.723,117.385,122.27,False,4.0,False,-0.2649787674046324,0,False,0.30434782608695654,False,-12.00000000000001,0.3668712565024129,
2025-05-12,4.89,4.45,3.98,2.16,0.5831,2.29,4.28,4.4,6.76,0.97,3.15,65.28,123.4863,5844.19,4216103.0,96.723,117.385,122.27,False,4.0,False,-0.2956292680550221,0,False,0.2727272727272727,False,-12.00000000000001,0.3621968373098101,
2025-05-13,4.94,4.49,4.02,2.17,0.6037,2.32,4.3,4.4,6.76,0.94,3.09,66.93,122.9583,5886.55,4216103.0,96.723,117.385,122.27,False,4.0,False,-0.3182898859507087,0,False,0.2727272727272727,False,-10.000000000000053,0.52654328224532,
2025-05-14,4.97,4.53,4.05,2.16,0.6244,2.37,4.29,4.4,6.76,0.93,3.1,65.91,122.6746,5892.58,4216393.0,96.723,117.385,122.27,True,5.0,False,-0.319820219046333,0,False,0.2727272727272727,False,-11.000000000000032,0.4825187582581794,
2025-05-15,4.91,4.45,3.96,2.11,0.5938,2.34,4.31,4.4,6.81,0.94,3.2,64.36,122.8174,5916.93,4216393.0,96.723,117.385,122.27,False,5.0,False,-0.3110235725588938,0,False,0.2727272727272727,False,-9.000000000000075,0.3151666076621746,
2025-05-16,4.89,4.43,3.98,2.09,0.5836,2.34,4.3,4.4,6.81,0.93,3.16,65.2,123.0737,5958.38,4216393.0,96.723,117.385,122.27,False,5.0,False,-0.31010558812382033,0,False,0.2727272727272727,False,-10.000000000000053,0.274793646143077,
2025-05-19,4.92,4.46,3.97,2.1,0.5841,2.36,4.29,4.4,6.81,0.92,3.21,66.25,122.4186,5963.6,4216393.0,96.723,117.385,122.27,False,5.0,False,-0.31080365210619015,0,False,0.2727272727272727,False,-11.000000000000032,0.234606872517707,
2025-05-20,4.96,4.48,3.97,2.13,0.5899,2.35,4.27,4.4,6.81,0.9,3.2,66.93,122.3199,5940.46,4216393.0,96.723,117.385,122.27,False,5.0,False,-0.3086348361173119,0,False,0.2727272727272727,False,-13.000000000000078,0.2255410722299053,
2025-05-21,5.08,4.58,4.0,2.23,0.6288,2.35,4.26,4.4,6.81,0.91,3.25,65.86,121.7496,5844.61,4213515.0,96.723,117.385,122.27,True,6.0,False,-0.269764618623902,0,False,0.30434782608695654,False,-14.000000000000057,0.3994975310258259,
2025-05-22,5.05,4.54,4.0,2.2,0.6269,2.34,4.26,4.4,6.86,0.92,3.32,64.87,122.0429,5842.01,4213515.0,96.723,117.385,122.27,True,7.0,False,-0.2679632109232341,0,False,0.30434782608695654,False,-14.000000000000057,0.861137389242791,
2025-05-23,5.04,4.51,4.0,2.18,0.6166,2.33,4.26,4.4,6.86,0.93,3.4,65.41,121.3837,5802.82,4213515.0,96.723,117.385,122.27,True,8.0,False,-0.2699198318431291,0,False,0.30434782608695654,False,-14.000000000000057,0.7429429869370674,
2025-05-26,5.04,4.51,4.0,2.18,0.6166,2.33,4.26,4.4,6.86,0.93,3.4,65.41,121.3837,5802.82,4213515.0,96.723,117.385,122.27,True,9.0,False,-0.27178619362642065,0,False,0.30434782608695654,False,-14.000000000000057,0.394699255456495,
2025-05-27,4.94,4.43,3.92,2.11,0.5841,2.32,4.31,4.4,6.86,0.91,3.24,64.32,121.6099,5921.54,4213515.0,96.723,117.385,122.27,True,10.0,True,-0.2536729155153133,0,False,0.30434782608695654,False,-9.000000000000075,0.2933867495071139,
2025-05-28,4.97,4.47,3.96,2.15,0.5896,2.32,4.33,4.4,6.86,0.9,3.23,65.72,121.9888,5888.55,4213730.0,96.723,117.385,122.27,True,11.0,True,-0.26338787762332533,0,False,0.30434782608695654,False,-7.000000000000028,0.4396137040760532,
2025-05-29,4.92,4.43,3.92,2.11,0.567,2.32,4.33,4.4,6.89,0.9,3.22,64.6,121.5617,5912.17,4213730.0,96.723,117.385,122.27,True,12.0,True,-0.2461628731666128,0,False,0.30434782608695654,False,-7.000000000000028,0.4008210238348885,
2025-05-30,4.92,4.41,3.89,2.07,0.5515,2.34,4.35,4.4,6.89,0.91,3.31,64.32,121.7674,5911.69,4213730.0,96.723,117.385,122.27,False,12.0,True,-0.2579258372164769,0,False,0.30434782608695654,False,-5.000000000000071,0.479423430428108,
2025-06-02,4.99,4.46,3.94,2.13,0.5658,2.33,4.35,4.4,6.89,0.91,3.27,66.55,121.1881,5935.94,4213730.0,96.723,117.385,122.27,False,12.0,True,-0.2532321537820491,0,False,0.30434782608695654,False,-5.000000000000071,0.4780303255455779,
2025-06-03,4.98,4.46,3.96,2.14,0.5748,2.32,4.32,4.4,6.89,0.89,3.19,67.48,121.4592,5970.37,4213730.0,96.723,117.385,122.27,True,13.0,True,-0.2564643663920607,0,False,0.30434782608695654,False,-8.000000000000007,0.1627515600830688,
2025-06-04,4.89,4.37,3.87,2.06,0.5365,2.31,4.28,4.4,6.89,0.89,3.23,66.69,121.0539,5970.81,4212090.0,96.723,117.385,122.27,False,13.0,True,-0.2515582902404255,0,False,0.30434782608695654,False,-12.00000000000001,0.3602979459097077,
2025-06-05,4.88,4.4,3.92,2.11,0.5455,2.29,4.29,4.4,6.85,0.89,3.18,67.14,120.9596,5939.3,4212090.0,96.723,117.385,122.27,False,13.0,True,-0.21983437035762027,0,False,0.30434782608695654,False,-11.000000000000032,0.3957073790345333,
2025-06-06,4.97,4.51,4.04,2.2,0.5974,2.31,4.29,4.4,6.85,0.87,3.09,68.02,121.161,6000.36,4212090.0,96.723,117.385,122.27,False,13.0,True,-0.2355579446958812,0,False,0.30434782608695654,False,-11.000000000000032,0.9691212211823024,
2025-06-09,4.95,4.49,4.01,2.18,0.5971,2.31,4.29,4.4,6.85,0.87,3.12,68.73,120.9103,6005.88,4212090.0,96.723,117.385,122.27,False,13.0,True,-0.23440268423940566,0,False,0.30434782608695654,False,-11.000000000000032,0.3878276726983,
2025-06-10,4.93,4.47,4.01,2.18,0.5905,2.29,4.28,4.4,6.85,0.87,3.12,68.41,121.0485,6038.81,4212090.0,96.723,117.385,122.27,False,13.0,True,-0.224432061944142,0,False,0.30434782608695654,False,-12.00000000000001,-0.0707247830126813,
2025-06-11,4.91,4.41,3.94,2.14,0.5636,2.27,4.28,4.4,6.85,0.87,3.12,71.29,120.587,6022.24,4212398.0,96.723,117.385,122.27,False,13.0,True,-0.2184885438553444,0,False,0.30434782608695654,False,-12.00000000000001,0.2759287929985409,
2025-06-12,4.84,4.36,3.9,2.11,0.5341,2.25,4.28,4.4,6.84,0.88,3.17,70.84,120.1723,6045.26,4212398.0,96.723,117.385,122.27,False,13.0,True,-0.21566958372408032,0,False,0.3181818181818182,False,-12.00000000000001,-0.0867340738728453,
2025-06-13,4.9,4.41,3.96,2.13,0.5497,2.28,4.28,4.4,6.84,0.88,3.18,76.0,120.3245,5976.97,4212398.0,96.723,117.385,122.27,False,13.0,True,-0.2032232083868812,0,False,0.30434782608695654,False,-12.00000000000001,-0.086669393548477,
2025-06-16,4.96,4.46,3.97,2.16,0.5672,2.3,4.32,4.4,6.84,0.87,3.1,75.05,120.1565,6033.11,4212398.0,96.723,117.385,122.27,False,13.0,True,-0.21388309910876158,0,False,0.30434782608695654,False,-8.000000000000007,0.1594096910095783,
2025-06-17,4.88,4.39,3.94,2.08,0.5474,2.31,4.31,4.4,6.84,0.88,3.17,78.7,120.5048,5982.72,4212398.0,96.723,117.385,122.27,False,13.0,True,-0.21984842050504982,0,False,0.30434782608695654,False,-9.000000000000075,-0.0740497643438627,
2025-06-18,4.88,4.38,3.94,2.07,0.5408,2.31,4.28,4.4,6.81,0.88,3.16,78.38,120.7305,5980.87,4212303.0,96.723,117.385,122.27,False,13.0,True,-0.2200419438756916,0,False,0.30434782608695654,False,-12.00000000000001,-0.1849394588446595,
2025-06-19,4.88,4.38,3.94,2.07,0.5408,2.31,4.28,4.4,6.81,0.88,3.16,80.37,120.7305,5980.87,4212303.0,96.723,117.385,122.27,False,13.0,True,-0.20490798667205887,0,False,0.30434782608695654,False,-12.00000000000001,-0.1849394588446595,
2025-06-20,4.89,4.38,3.9,2.05,0.5356,2.33,4.29,4.4,6.81,0.88,3.13,78.73,121.0408,5967.84,4212303.0,96.723,117.385,122.27,False,13.0,True,-0.20567079857351564,0,False,0.30434782608695654,False,-11.000000000000032,-0.1550876935918663,
2025-06-23,4.87,4.34,3.84,2.04,0.5165,2.3,4.29,4.4,6.81,0.89,3.12,74.34,121.1694,6025.17,4212303.0,96.723,117.385,122.27,False,13.0,True,-0.2075870949143269,0,False,0.3181818181818182,False,-11.000000000000032,-0.1555398710355779,
2025-06-24,4.83,4.3,3.75,2.01,0.4965,2.29,4.3,4.4,6.81,0.88,3.06,69.13,120.3645,6092.18,4212303.0,96.723,117.385,122.27,False,13.0,True,-0.2035043247413224,0,False,0.3333333333333333,False,-10.000000000000053,-0.1849394588446595,
2025-06-25,4.83,4.29,3.74,2.01,0.4883,2.28,4.36,4.4,6.81,0.88,3.04,68.4,120.3336,6092.16,4212617.0,96.723,117.385,122.27,False,13.0,True,-0.17854063424902733,0,False,0.3333333333333333,False,-4.0000000000000036,0.2944907516412672,
2025-06-26,4.81,4.26,3.7,1.98,0.4708,2.28,4.4,4.4,6.77,0.89,3.04,68.57,119.6451,6141.02,4212617.0,96.723,117.385,122.27,False,13.0,True,-0.1782115662225741,0,False,0.3333333333333333,False,0.0,0.3118597748424158,
2025-06-27,4.85,4.29,3.73,2.0,0.4816,2.29,4.39,4.4,6.77,0.88,3.02,69.37,119.659,6173.07,4212617.0,96.723,117.385,122.27,False,13.0,True,-0.18266745462067902,0,False,0.3333333333333333,False,-1.0000000000000675,0.2706381465889268,
2025-06-30,4.78,4.24,3.72,1.95,0.4603,2.29,4.45,4.4,6.77,0.86,2.96,68.15,119.4088,6204.95,4212617.0,96.723,117.385,122.27,False,13.0,True,-0.1773672654001504,0,False,0.3333333333333333,False,4.999999999999982,0.5975262333615892,
2025-07-01,4.78,4.26,3.78,1.97,0.4684,2.29,4.44,4.4,6.77,0.84,2.91,67.63,119.3436,6198.01,4212617.0,95.999,118.884,122.57,False,13.0,True,-0.08448806386355569,0,False,0.3333333333333333,False,4.0000000000000036,0.5363654007326684,
2025-07-02,4.82,4.3,3.78,2.0,0.4842,2.3,4.4,4.4,6.77,0.83,2.88,70.8,119.3037,6227.42,4208325.0,95.999,118.884,122.57,False,13.0,True,-0.03672541490953973,0,False,0.35,False,0.0,0.7596532581403336,
2025-07-03,4.86,4.35,3.88,2.02,0.5108,2.33,4.35,4.4,6.67,0.8,2.8,70.42,119.2382,6279.35,4208325.0,95.999,118.884,122.57,False,13.0,True,-0.05683509710684628,0,False,0.35,False,-5.000000000000071,0.8583372315415491,
2025-07-04,4.86,4.35,3.88,2.02,0.5108,2.33,4.35,4.4,6.67,0.8,2.8,71.03,119.2382,6279.35,4208325.0,95.999,118.884,122.57,False,12.0,True,-0.09934697046491872,0,False,0.35,False,-5.000000000000071,0.5537087309156193,
2025-07-07,4.92,4.4,3.9,2.05,0.5283,2.35,4.33,4.4,6.67,0.81,2.86,71.95,119.6201,6229.98,4208325.0,95.999,118.884,122.57,False,12.0,True,0.07364699886673488,1,False,0.3684210526315789,False,-7.000000000000028,0.3823820783897232,
2025-07-08,4.94,4.42,3.9,2.07,0.5427,2.35,4.34,4.4,6.67,0.82,2.92,72.5,119.8371,6225.52,4208325.0,95.999,118.884,122.57,False,12.0,True,0.014414891765142122,2,False,0.3684210526315789,False,-6.00000000000005,0.4622934414284461,
2025-07-09,4.87,4.34,3.86,2.01,0.5174,2.33,4.32,4.4,6.67,0.83,2.94,71.98,119.7311,6263.26,4208526.0,95.999,118.884,122.57,False,12.0,True,0.0644548724020977,3,False,0.3684210526315789,False,-8.000000000000007,0.1751353474011504,
2025-07-10,4.86,4.35,3.86,2.01,0.516,2.34,4.31,4.4,6.72,0.83,2.92,70.38,119.8343,6280.46,4208526.0,95.999,118.884,122.57,False,12.0,True,0.04827060316235782,4,False,0.3684210526315789,False,-9.000000000000075,-0.1837901011495411,
2025-07-11,4.96,4.43,3.9,2.06,0.5452,2.37,4.31,4.4,6.72,0.83,2.97,72.06,119.9214,6259.75,4208526.0,95.999,118.884,122.57,False,12.0,True,0.06657856372185263,5,False,0.3684210526315789,False,-9.000000000000075,-0.1837901011495411,
2025-07-14,4.97,4.43,3.9,2.04,0.551,2.39,4.33,4.4,6.72,0.82,2.95,70.96,120.2209,6268.56,4208526.0,95.999,118.884,122.57,False,12.0,True,0.12615558721879505,6,False,0.3684210526315789,False,-7.000000000000028,-0.1215965197190913,
2025-07-15,5.01,4.5,3.95,2.09,0.5801,2.41,4.37,4.4,6.72,0.81,2.95,70.27,120.5105,6243.76,4208526.0,95.999,118.884,122.57,False,12.0,True,0.13823654654725898,7,False,0.3684210526315789,False,-3.000000000000025,0.1050830514722373,
2025-07-16,5.01,4.46,3.88,2.05,0.5693,2.41,4.34,4.4,6.72,0.81,3.0,69.67,120.4175,6263.7,4206523.0,95.999,118.884,122.57,False,12.0,True,0.13849780710554863,8,False,0.3684210526315789,False,-6.00000000000005,-0.0152488745517417,
2025-07-17,5.01,4.47,3.91,2.04,0.5747,2.43,4.34,4.4,6.75,0.8,2.91,71.32,120.6384,6297.36,4206523.0,95.999,118.884,122.57,False,12.0,True,0.0713724294665775,9,False,0.3684210526315789,False,-6.00000000000005,-0.0150793807790945,
2025-07-18,5.0,4.44,3.88,2.03,0.561,2.41,4.3,4.4,6.75,0.8,2.93,71.06,120.356,6296.79,4206523.0,95.999,118.884,122.57,False,12.0,True,0.06215693635812068,10,False,0.3684210526315789,False,-10.000000000000053,-0.1755749135316144,
2025-07-21,4.94,4.38,3.85,1.98,0.5355,2.4,4.28,4.4,6.75,0.8,2.89,71.92,119.9961,6305.6,4206523.0,95.999,118.884,122.57,False,12.0,True,0.05412739456815816,11,False,0.3684210526315789,False,-12.00000000000001,-0.1837901011495411,
2025-07-22,4.9,4.35,3.83,1.96,0.5143,2.39,4.28,4.4,6.75,0.81,2.9,69.69,119.681,6309.62,4206523.0,95.999,118.884,122.57,False,12.0,True,-0.00747490108433428,0,False,0.3888888888888889,False,-12.00000000000001,-0.1092368876880615,
2025-07-23,4.95,4.4,3.88,2.03,0.5293,2.37,4.28,4.4,6.75,0.79,2.83,69.17,119.5697,6358.91,4206720.0,95.999,118.884,122.57,False,12.0,True,-0.026261931700834792,0,False,0.3888888888888889,False,-12.00000000000001,-0.182747446868388,
2025-07-24,4.96,4.43,3.91,1.98,0.544,2.45,4.3,4.4,6.74,0.79,2.82,70.42,119.5664,6363.35,4206720.0,95.999,118.884,122.57,True,12.0,True,-0.020165251791578815,0,False,0.3888888888888889,False,-10.000000000000053,-0.1069966545463545,
2025-07-25,4.92,4.4,3.91,1.96,0.5362,2.44,4.36,4.4,6.74,0.78,2.84,69.23,119.9857,6388.64,4206720.0,95.999,118.884,122.57,False,11.0,True,-0.02451388958514822,0,False,0.3888888888888889,False,-4.0000000000000036,0.1321975420730421,
2025-07-28,4.96,4.42,3.91,1.98,0.5445,2.44,4.36,4.4,6.74,0.78,2.82,70.87,120.6149,6389.77,4206720.0,95.999,118.884,122.57,False,10.0,True,-0.02226591272089042,0,False,0.3888888888888889,False,-4.0000000000000036,0.1777227733963666,
2025-07-29,4.86,4.34,3.86,1.91,0.5153,2.43,4.36,4.4,6.74,0.79,2.86,73.21,120.9674,6370.86,4206720.0,95.999,118.884,122.57,False,10.0,True,-0.026576119834649595,0,False,0.3888888888888889,False,-4.0000000000000036,0.2245544593308407,
2025-07-30,4.89,4.38,3.94,1.96,0.527,2.42,4.32,4.4,6.74,0.78,2.89,73.98,121.4042,6362.9,4206916.0,95.999,118.884,122.57,False,10.0,True,0.02436963877356641,1,False,0.3888888888888889,False,-8.000000000000007,0.0639735248153149,
2025-07-31,4.89,4.37,3.94,1.98,0.5262,2.39,4.39,4.4,6.72,0.79,2.86,73.43,121.721,6339.39,4206916.0,95.999,118.884,122.57,False,10.0,True,0.01067045803742204,2,False,0.3888888888888889,False,-1.0000000000000675,0.7628861873246342,
2025-08-01,4.81,4.23,3.69,1.9,0.4649,2.33,4.34,4.4,6.72,0.82,3.13,70.55,121.2122,6238.01,4206916.0,95.999,118.884,122.57,False,10.0,True,-0.0716530102137696,0,False,0.42105263157894735,False,-6.00000000000005,0.5602600483148692,
2025-08-04,4.8,4.22,3.69,1.85,0.4505,2.37,4.33,4.4,6.72,0.82,3.02,69.56,120.9859,6329.94,4206916.0,95.999,118.884,122.57,False,10.0,True,-0.06951232651146924,0,False,0.42105263157894735,False,-7.000000000000028,0.5179780138410386,
2025-08-05,4.78,4.22,3.72,1.86,0.4544,2.36,4.34,4.4,6.72,0.82,2.98,69.14,120.9082,6299.19,4206916.0,95.999,118.884,122.57,False,10.0,True,-0.05230591968215526,0,False,0.42105263157894735,False,-6.00000000000005,0.5526265365436613,
2025-08-06,4.81,4.22,3.69,1.88,0.46,2.34,4.34,4.4,6.72,0.81,2.98,67.97,120.5082,6345.06,4204501.0,95.999,118.884,122.57,False,9.0,False,-0.05294660260756771,0,False,0.42105263157894735,False,-6.00000000000005,0.6276359395523522,
2025-08-07,4.81,4.23,3.72,1.88,0.4718,2.35,4.35,4.4,6.63,0.8,2.95,66.99,120.5043,6340.0,4204501.0,95.999,118.884,122.57,False,9.0,False,0.07055372901023696,1,False,0.42105263157894735,False,-5.000000000000071,0.6671158081388688,
2025-08-08,4.85,4.27,3.76,1.88,0.4913,2.39,4.35,4.4,6.63,0.8,2.94,67.17,120.3329,6389.45,4204501.0,95.999,118.884,122.57,False,9.0,False,0.06922664287283856,2,False,0.42105263157894735,False,-5.000000000000071,0.6643967456387331,
2025-08-11,4.84,4.27,3.76,1.87,0.494,2.4,4.34,4.4,6.63,0.8,2.94,67.36,120.6892,6373.45,4204501.0,95.999,118.884,122.57,False,9.0,False,0.06962602035948587,3,False,0.42105263157894735,False,-6.00000000000005,0.621703818823168,
2025-08-12,4.88,4.29,3.72,1.91,0.4995,2.38,4.36,4.4,6.63,0.79,2.93,66.8,120.2736,6445.76,4204501.0,95.999,118.884,122.57,False,9.0,False,0.04649806609285549,4,False,0.42105263157894735,False,-4.0000000000000036,0.6515569504078925,
2025-08-13,4.83,4.24,3.67,1.87,0.4832,2.37,4.33,4.4,6.63,0.78,2.9,66.25,120.13,6466.58,4204823.0,95.999,118.884,122.57,False,8.0,False,0.04597651942012128,5,False,0.42105263157894735,False,-7.000000000000028,0.5293248798336291,
2025-08-14,4.88,4.29,3.74,1.9,0.5004,2.39,4.34,4.4,6.58,0.77,2.89,68.12,120.6446,6468.54,4204823.0,95.999,118.884,122.57,False,7.0,False,0.04769769788810952,6,False,0.42105263157894735,False,-6.00000000000005,0.5668259705843617,
2025-08-15,4.92,4.33,3.75,1.95,0.5191,2.38,4.36,4.4,6.58,0.75,2.88,67.3,120.3377,6449.8,4204823.0,95.999,118.884,122.57,False,6.0,False,0.0507450114676182,7,False,0.42105263157894735,False,-4.0000000000000036,0.6441091112832312,
2025-08-18,4.94,4.34,3.77,1.96,0.526,2.38,4.34,4.4,6.58,0.75,2.88,68.18,120.5622,6449.15,4204823.0,95.999,118.884,122.57,False,5.0,False,-0.04525950200490547,0,False,0.4444444444444444,False,-6.00000000000005,0.6495204609990821,
2025-08-19,4.9,4.3,3.75,1.95,0.5161,2.35,4.33,4.4,6.58,0.76,2.9,66.62,120.7224,6411.37,4204823.0,95.999,118.884,122.57,False,4.0,False,-0.05572792080957558,0,False,0.4444444444444444,False,-7.000000000000028,0.303324119414616,
2025-08-20,4.89,4.29,3.74,1.94,0.507,2.35,4.31,4.4,6.58,0.77,2.94,67.61,120.7757,6395.78,4201953.0,95.999,118.884,122.57,False,3.0,False,-0.04561014081694035,0,False,0.4444444444444444,False,-9.000000000000075,-0.1460349323250777,
2025-08-21,4.92,4.33,3.79,1.94,0.5225,2.39,4.32,4.4,6.58,0.77,2.95,68.41,121.0843,6370.17,4201953.0,95.999,118.884,122.57,False,2.0,False,-0.031929420496179646,0,False,0.4444444444444444,False,-8.000000000000007,-0.16815244177958,
2025-08-22,4.88,4.26,3.68,1.85,0.4939,2.41,4.36,4.4,6.58,0.77,2.88,68.29,120.2774,6466.91,4201953.0,95.999,118.884,122.57,False,2.0,False,-0.06511893841482601,0,False,0.47058823529411764,False,-4.0000000000000036,-0.009054012985777,
2025-08-25,4.89,4.28,3.73,1.87,0.5008,2.41,4.37,4.4,6.58,0.76,2.8,68.29,120.4214,6439.32,4201953.0,95.999,118.884,122.57,False,2.0,False,-0.07568962974905147,0,False,0.47058823529411764,False,-3.000000000000025,0.0302881879309631,
2025-08-26,4.9,4.26,3.61,1.84,0.4893,2.42,4.38,4.4,6.58,0.78,2.78,66.89,120.5274,6465.94,4201953.0,95.999,118.884,122.57,False,1.0,False,-0.0789100016349191,0,False,0.4375,False,-2.000000000000046,-0.1065238829470406,
2025-08-27,4.91,4.24,3.59,1.81,0.4805,2.43,4.36,4.4,6.58,0.78,2.78,67.75,120.7274,6481.4,4202351.0,95.999,118.884,122.57,False,1.0,False,-0.0764072175014969,0,False,0.4666666666666667,False,-4.0000000000000036,-0.1431396273611919,
2025-08-28,4.88,4.22,3.62,1.81,0.4717,2.41,4.34,4.4,6.56,0.79,2.75,68.61,120.2595,6501.86,4202351.0,95.999,118.884,122.57,False,1.0,False,-0.06717367008906995,0,False,0.4666666666666667,False,-6.00000000000005,0.2087039190217308,
2025-08-29,4.92,4.23,3.59,1.82,0.4727,2.41,4.34,4.4,6.56,0.8,2.82,67.83,120.2082,6460.26,4202351.0,95.999,118.884,122.57,False,1.0,False,-0.059220958647250285,0,False,0.42857142857142855,False,-6.00000000000005,0.2084552360724397,
2025-09-01,4.92,4.23,3.59,1.82,0.4727,2.41,4.34,4.4,6.56,0.81,2.84,67.09,120.2082,6460.26,4202351.0,95.999,118.884,122.57,False,1.0,False,-0.054466151250308965,0,False,0.42857142857142855,False,-6.00000000000005,0.2080222275304511,
2025-09-02,4.97,4.28,3.66,1.87,0.4948,2.41,4.39,4.4,6.56,0.82,2.92,68.09,120.6837,6415.54,4202351.0,95.999,118.884,122.57,False,1.0,False,-0.04075946885943056,0,False,0.46153846153846156,False,-1.0000000000000675,0.3739236077512506,
2025-09-03,4.9,4.22,3.61,1.82,0.4794,2.4,4.39,4.4,6.56,0.81,2.88,67.76,120.5052,6448.26,4200818.0,95.999,118.884,122.57,False,1.0,False,0.036548845014242465,1,False,0.46153846153846156,False,-1.0000000000000675,0.8214874998260362,
2025-09-04,4.86,4.17,3.59,1.79,0.4594,2.38,4.41,4.4,6.5,0.79,2.84,66.41,120.7629,6502.08,4200818.0,95.999,118.884,122.57,False,1.0,False,0.05625275594872541,2,False,0.46153846153846156,False,0.9999999999999787,0.8977501133479645,
2025-09-05,4.78,4.1,3.51,1.73,0.436,2.37,4.42,4.4,6.5,0.79,2.83,64.92,120.1282,6481.5,4200818.0,95.999,118.884,122.57,False,1.0,False,0.03413049592449753,3,False,0.5,False,1.9999999999999574,0.93342870128159,
2025-09-08,4.69,4.05,3.49,1.7,0.4207,2.35,4.4,4.4,6.5,0.8,2.84,65.44,120.0971,6495.15,4200818.0,95.999,118.884,122.57,False,1.0,False,0.0500908423304224,4,False,0.5,False,0.0,0.8492816979212326,
2025-09-09,4.72,4.08,3.54,1.72,0.4275,2.36,4.4,4.4,6.5,0.8,2.87,67.97,120.1569,6512.61,4200818.0,95.999,118.884,122.57,False,1.0,False,0.03978430071586973,5,False,0.5,False,0.0,0.6196820883790279,
2025-09-10,4.69,4.04,3.54,1.69,0.4205,2.35,4.39,4.4,6.5,0.79,2.84,67.62,120.1223,6532.04,4200916.0,95.999,118.884,122.57,False,1.0,False,0.00014857938860457907,6,False,0.5454545454545454,True,-1.0000000000000675,0.6165987257328847,
2025-09-11,4.65,4.01,3.52,1.67,0.4121,2.34,4.41,4.4,6.35,0.78,2.78,67.25,119.9534,6587.47,4200916.0,95.999,118.884,122.57,False,1.0,False,0.040844937624455666,7,False,0.5454545454545454,True,0.9999999999999787,0.8457871682091602,
2025-09-12,4.68,4.06,3.56,1.7,0.4291,2.36,4.42,4.4,6.35,0.77,2.79,67.87,120.0611,6584.29,4200916.0,95.999,118.884,122.57,False,1.0,False,0.09197224804624653,8,False,0.5454545454545454,True,1.9999999999999574,0.8825321052048103,
2025-09-15,4.66,4.05,3.54,1.68,0.4273,2.37,4.51,4.4,6.35,0.75,2.75,67.88,119.5644,6615.28,4200916.0,95.999,118.884,122.57,False,1.0,False,0.09344326546113033,9,False,0.5454545454545454,True,10.999999999999943,1.2507495811096043,黄
2025-09-16,4.65,4.04,3.51,1.67,0.4237,2.37,4.39,4.4,6.35,0.76,2.79,69.69,119.1348,6606.76,4200916.0,95.999,118.884,122.57,False,1.0,False,0.09181341563288885,10,False,0.5454545454545454,True,-1.0000000000000675,0.6553156080532321,
2025-09-17,4.66,4.06,3.52,1.68,0.4369,2.38,4.38,4.4,6.35,0.76,2.79,69.19,119.1582,6600.35,4201064.0,95.999,118.884,122.57,False,1.0,False,0.0947971588443224,11,False,0.5454545454545454,True,-2.000000000000046,0.6129861092091579,
2025-09-18,4.72,4.11,3.57,1.73,0.4597,2.38,4.14,4.15,6.26,0.75,2.71,67.83,119.6616,6631.96,4201064.0,95.999,118.884,122.57,False,1.0,False,0.06408508984952303,12,False,0.6,True,-1.0000000000000675,1.3417092829381154,黄
2025-09-19,4.75,4.14,3.57,1.75,0.4748,2.39,4.14,4.15,6.26,0.74,2.72,67.05,119.7858,6664.36,4201064.0,95.999,118.884,122.57,False,1.0,False,0.03301419926246667,13,False,0.6,True,-1.0000000000000675,1.3362691386082897,黄
2025-09-22,4.77,4.15,3.61,1.78,0.4869,2.37,4.14,4.15,6.26,0.74,2.69,66.87,119.8152,6693.75,4201064.0,95.999,118.884,122.57,False,1.0,False,0.03120128456546655,14,False,0.6666666666666666,True,-1.0000000000000675,1.319214045161075,黄
2025-09-23,4.73,4.12,3.53,1.75,0.4797,2.37,4.12,4.15,6.26,0.75,2.71,67.96,119.6202,6656.92,4201064.0,95.999,118.884,122.57,False,1.0,False,0.00510921666330855,15,False,0.6666666666666666,True,-3.000000000000025,0.4909194758448884,
2025-09-24,4.76,4.16,3.57,1.78,0.4926,2.38,4.13,4.15,6.26,0.75,2.7,69.64,120.1707,6637.97,4201212.0,95.999,118.884,122.57,False,1.0,False,0.025834910667745015,16,False,0.6666666666666666,True,-2.000000000000046,0.4601947868141166,
2025-09-25,4.75,4.18,3.64,1.8,0.5069,2.38,4.18,4.15,6.3,0.76,2.76,70.48,120.5419,6604.72,4201212.0,95.999,118.884,122.57,False,1.0,False,0.021288640600935247,17,False,0.6666666666666666,True,2.999999999999936,1.074310140947033,黄
2025-09-26,4.77,4.2,3.63,1.82,0.5162,2.38,4.16,4.15,6.3,0.75,2.75,71.15,120.4349,6643.7,4201212.0,95.999,118.884,122.57,False,1.0,False,0.011035694244996551,18,False,0.625,True,0.9999999999999787,0.9902664959939664,
2025-09-29,4.71,4.15,3.63,1.8,0.5047,2.35,4.13,4.15,6.3,0.75,2.74,69.0,120.115,6661.21,4201212.0,95.999,118.884,122.57,False,1.0,False,0.02663325834903656,19,False,0.7142857142857143,True,-2.000000000000046,0.8661911379780918,
2025-09-30,4.73,4.16,3.6,1.8,0.5031,2.36,4.24,4.15,6.3,0.76,2.8,68.52,120.1368,6688.46,4201212.0,95.999,118.884,122.57,False,1.0,False,0.051679119975370814,20,True,0.7142857142857143,True,8.999999999999986,1.5348252300601184,黄
2025-10-01,4.72,4.12,3.55,1.77,0.4872,2.35,4.2,4.15,6.3,0.76,2.81,66.67,120.1502,6711.2,4196385.0,95.727,119.35,123.216,False,1.0,False,0.05712223099128011,21,True,0.8333333333333334,True,4.999999999999982,0.8801582812176779,
2025-10-02,4.69,4.1,3.55,1.76,0.4777,2.34,4.2,4.15,6.34,0.75,2.81,65.44,120.4296,6715.35,4196385.0,95.727,119.35,123.216,False,1.0,False,0.023118895664918045,22,True,0.8333333333333334,True,4.999999999999982,1.2996002853049775,黄
2025-10-03,4.71,4.13,3.58,1.8,0.49,2.33,4.18,4.15,6.34,0.75,2.8,66.13,120.0881,6715.79,4196385.0,95.727,119.35,123.216,False,1.0,False,0.02250477761371258,23,True,0.8,True,2.999999999999936,1.217142493188922,黄
2025-10-06,4.76,4.18,3.6,1.84,0.5103,2.34,4.15,4.15,6.34,0.74,2.76,67.09,120.2722,6740.28,4196385.0,95.727,119.35,123.216,False,1.0,False,-0.014209571050031688,0,False,0.8,True,0.0,1.0941896003207234,黄
2025-10-07,4.73,4.14,3.57,1.79,0.5005,2.35,4.14,4.15,6.34,0.75,2.82,67.1,120.4884,6714.59,4196385.0,95.727,119.35,123.216,False,1.0,False,-0.025872984011623208,0,False,0.8,True,-1.0000000000000675,0.602734267523429,
2025-10-08,4.72,4.13,3.58,1.78,0.5018,2.35,4.12,4.15,6.34,0.75,2.84,67.42,120.7766,6753.72,4196659.0,95.727,119.35,123.216,False,1.0,False,-0.052828855395896476,0,False,0.8,True,-3.000000000000025,0.6152564410104,
2025-10-09,4.72,4.14,3.6,1.8,0.5048,2.34,4.13,4.15,6.3,0.77,2.95,67.23,121.0902,6735.11,4196659.0,95.727,119.35,123.216,False,1.0,False,-0.04812394657517738,0,False,0.75,False,-2.000000000000046,0.6525245063295978,
2025-10-10,4.63,4.05,3.52,1.75,0.4694,2.3,4.15,4.15,6.3,0.81,3.18,64.41,121.1163,6552.51,4196659.0,95.727,119.35,123.216,False,1.0,False,-0.21023839425408816,0,False,0.6,True,0.0,0.7242914494776803,
2025-10-13,4.63,4.05,3.52,1.75,0.4694,2.3,4.15,4.15,6.3,0.81,3.18,64.15,121.1163,6654.72,4196659.0,95.727,119.35,123.216,False,1.0,False,-0.2136456727834539,0,False,0.6,True,0.0,0.71693347153973,
2025-10-14,4.62,4.03,3.48,1.73,0.4465,2.3,4.19,4.15,6.3,0.81,3.11,63.0,121.1822,6644.31,4196659.0,95.727,119.35,123.216,False,1.0,False,-0.21179168803945145,0,False,0.5,False,4.0000000000000036,0.8569925797756147,
2025-10-15,4.64,4.05,3.5,1.76,0.4496,2.29,4.29,4.15,6.3,0.78,2.95,62.33,120.8642,6671.06,4196270.0,95.727,119.35,123.216,False,1.0,False,-0.2148723058726688,0,False,0.5,False,13.999999999999968,1.3028982724057765,黄
2025-10-16,4.58,3.99,3.41,1.71,0.4205,2.28,4.3,4.15,6.27,0.8,3.04,61.08,120.6698,6629.07,4196270.0,95.727,119.35,123.216,False,0.0,False,-0.23755368986458875,0,False,0.5,False,14.999999999999947,3.1775771023488417,红
2025-10-17,4.6,4.02,3.46,1.75,0.4311,2.27,4.18,4.15,6.27,0.8,3.04,61.23,120.7028,6664.01,4196270.0,95.727,119.35,123.216,False,0.0,False,-0.24495536031441115,0,False,0.5,False,2.999999999999936,2.384743918537595,红
2025-10-20,4.58,4.0,3.46,1.74,0.4307,2.26,4.16,4.15,6.27,0.79,2.99,60.71,120.6209,6735.13,4196270.0,95.727,119.35,123.216,False,0.0,False,-0.21526886131177173,0,False,0.5,False,0.9999999999999787,2.1076403269840145,红
2025-10-21,4.55,3.98,3.45,1.7,0.4221,2.28,4.23,4.15,6.27,0.79,2.97,61.0,120.8895,6735.35,4196270.0,95.727,119.35,123.216,False,0.0,False,-0.21775083423192784,0,False,0.5,False,8.000000000000007,2.4095345306613587,红
2025-10-22,4.54,3.97,3.45,1.68,0.4189,2.29,4.21,4.15,6.27,0.8,3.01,62.28,120.8958,6699.4,4196467.0,95.727,119.35,123.216,False,0.0,False,-0.22265660104269752,0,False,0.5,False,5.999999999999961,0.6311566245070758,
2025-10-23,4.58,4.01,3.48,1.71,0.4366,2.3,4.24,4.15,6.19,0.78,2.96,66.32,120.9531,6738.44,4196467.0,95.727,119.35,123.216,False,0.0,False,-0.23486697893615105,0,False,0.5,False,8.999999999999986,0.7109096913401384,
2025-10-24,4.59,4.02,3.48,1.73,0.4441,2.29,4.24,4.15,6.19,0.77,2.88,65.8,120.9345,6791.69,4196467.0,95.727,119.35,123.216,False,0.0,False,-0.2291179279043434,0,False,0.5,False,8.999999999999986,0.7105288725524941,
2025-10-27,4.57,4.01,3.48,1.73,0.4504,2.28,4.27,4.15,6.19,0.76,2.8,65.52,120.7988,6875.16,4196467.0,95.727,119.35,123.216,False,0.0,False,-0.23063189367691536,0,False,0.5,False,11.999999999999922,0.8772574930867834,
2025-10-28,4.55,3.99,3.47,1.71,0.4483,2.28,4.31,4.15,6.19,0.76,2.82,64.03,120.6361,6890.89,4196467.0,95.727,119.35,123.216,False,0.0,False,-0.22927018019322654,0,False,0.5,False,15.999999999999925,1.500385930891138,黄
2025-10-29,4.61,4.08,3.59,1.78,0.4795,2.3,4.27,4.15,6.19,0.75,2.76,65.01,120.5312,6890.59,4196739.0,95.727,119.35,123.216,False,0.0,False,-0.08728640158595725,0,False,0.5,False,11.999999999999922,1.159675219347998,黄
2025-10-30,4.65,4.11,3.61,1.82,0.4947,2.29,4.04,3.9,6.17,0.77,2.85,65.11,121.2832,6822.34,4196739.0,95.727,119.35,123.216,False,0.0,False,-0.07035736506483019,0,False,0.5,False,14.000000000000012,0.9333641562501288,
2025-10-31,4.67,4.11,3.6,1.81,0.4975,2.3,4.22,3.9,6.17,0.8,2.94,65.44,121.3859,6840.2,4196739.0,95.727,119.35,123.216,False,0.0,False,-0.07171288712466838,0,False,0.5,False,31.999999999999986,2.0536278607411567,红
2025-11-03,4.69,4.13,3.6,1.82,0.4979,2.31,4.13,3.9,6.17,0.83,3.04,65.79,121.4512,6851.97,4196739.0,95.727,119.35,123.216,False,0.0,False,-0.07199446548167575,0,False,0.5,False,23.0,1.800218832424094,黄
2025-11-04,4.67,4.1,3.58,1.81,0.4889,2.29,4.0,3.9,6.17,0.83,3.13,65.04,121.8271,6771.55,4196739.0,95.727,119.35,123.216,False,0.0,False,-0.09493364069119979,0,False,0.4,False,10.000000000000009,1.298591093481993,黄
2025-11-05,4.74,4.17,3.63,1.87,0.5144,2.3,3.91,3.9,6.17,0.81,3.05,63.54,121.8482,6796.29,4192743.0,95.727,119.35,123.216,False,0.0,False,-0.08759590271747153,0,False,0.4,False,1.000000000000023,0.8338400244669615,
2025-11-06,4.69,4.11,3.57,1.83,0.4951,2.28,3.92,3.9,6.22,0.82,3.13,63.41,121.6948,6720.32,4192743.0,95.727,119.35,123.216,False,0.0,False,-0.12782726709287218,0,False,0.5,False,2.0000000000000018,0.823685647447074,
2025-11-07,4.7,4.11,3.55,1.83,0.4901,2.28,3.93,3.9,6.22,0.84,3.15,63.72,121.388,6728.8,4192743.0,95.727,119.35,123.216,False,0.0,False,-0.11564307471208066,0,False,0.5,False,3.000000000000025,0.4768805910564867,
2025-11-10,4.71,4.13,3.58,1.84,0.4993,2.29,3.95,3.9,6.22,0.82,3.02,63.01,121.2984,6832.43,4192743.0,95.727,119.35,123.216,False,0.0,False,-0.1398786523427342,0,False,0.5,False,5.000000000000027,0.4155670259475801,
2025-11-11,4.71,4.13,3.58,1.84,0.4993,2.29,3.95,3.9,6.22,0.82,3.02,63.86,121.2984,6846.61,4192743.0,95.727,119.35,123.216,False,0.0,False,-0.14419012758422445,0,False,0.5,False,5.000000000000027,0.3769203026005258,
2025-11-12,4.67,4.08,3.56,1.81,0.4834,2.27,3.98,3.9,6.22,0.83,3.02,61.88,121.0458,6850.92,4192993.0,95.727,119.35,123.216,False,0.0,False,-0.15568246753455722,0,False,0.5,False,8.000000000000007,0.9026652353386962,
2025-11-13,4.7,4.11,3.58,1.83,0.4928,2.28,4.0,3.9,6.24,0.84,3.09,62.14,120.7725,6737.49,4192993.0,95.727,119.35,123.216,False,0.0,False,-0.11327390574862885,0,False,0.5,False,10.000000000000009,1.0988564795771991,黄
2025-11-14,4.74,4.14,3.62,1.86,0.5069,2.28,3.95,3.9,6.24,0.83,3.07,63.45,120.9666,6734.11,4192993.0,95.727,119.35,123.216,False,0.0,False,-0.09705419568720944,0,False,0.5,False,5.000000000000027,0.881876119535737,
2025-11-17,4.73,4.13,3.6,1.85,0.5034,2.28,4.0,3.9,6.24,0.84,3.13,63.16,121.1146,6672.41,4192993.0,95.727,119.35,123.216,False,0.0,False,-0.09871293255860326,0,False,0.5,False,10.000000000000009,1.1249752776109785,黄
2025-11-18,4.74,4.12,3.58,1.85,0.4972,2.27,3.94,3.9,6.24,0.85,3.2,64.86,121.2127,6617.32,4192993.0,95.727,119.35,123.216,False,0.0,False,-0.11447527251886443,0,False,0.5,False,4.0000000000000036,0.6074735152810553,
2025-11-19,4.75,4.13,3.58,1.86,0.4991,2.27,3.91,3.9,6.24,0.84,3.17,63.78,121.4978,6642.16,4190939.0,95.727,119.35,123.216,False,0.0,False,-0.18563670596342685,0,False,0.5,False,1.000000000000023,0.2948888875573644,
2025-11-20,4.73,4.1,3.55,1.86,0.4897,2.24,3.91,3.9,6.26,0.85,3.17,63.64,121.6889,6538.76,4190939.0,95.727,119.35,123.216,False,0.0,False,-0.21163643429054113,0,False,0.42857142857142855,False,1.000000000000023,1.299140109118,黄
2025-11-21,4.71,4.06,3.51,1.82,0.4718,2.24,3.93,3.9,6.26,0.86,3.19,62.78,121.8653,6602.99,4190939.0,95.727,119.35,123.216,False,0.0,False,-0.19090342570553082,0,False,0.42857142857142855,False,3.000000000000025,1.3589065523297252,黄
2025-11-24,4.68,4.04,3.46,1.81,0.4614,2.23,3.96,3.9,6.26,0.85,3.15,64.83,121.9171,6705.12,4190939.0,95.727,119.35,123.216,False,0.0,False,-0.17240935710268973,0,False,0.42857142857142855,False,6.000000000000005,1.3085169401487724,黄
2025-11-25,4.67,4.01,3.43,1.79,0.4468,2.22,4.01,3.9,6.26,0.84,3.1,63.99,121.6335,6765.88,4190939.0,95.727,119.35,123.216,False,0.0,False,-0.16002797111835063,0,False,0.42857142857142855,False,10.999999999999988,1.7092121874609318,黄
2025-11-26,4.64,4.0,3.45,1.77,0.4406,2.23,4.05,3.9,6.23,0.82,3.0,64.81,121.2437,6812.61,4191225.0,95.727,119.35,123.216,False,0.0,False,-0.16369168051268537,0,False,0.42857142857142855,False,14.999999999999991,2.172200101780807,红
2025-11-27,4.64,4.0,3.45,1.77,0.4406,2.23,4.05,3.9,6.23,0.82,3.0,64.18,121.2437,6812.61,4191225.0,95.727,119.35,123.216,False,0.0,False,-0.16369168051268537,0,False,0.42857142857142855,False,14.999999999999991,2.15487340377184,红
2025-11-28,4.67,4.02,3.47,1.79,0.4507,2.23,4.12,3.9,6.23,0.82,2.95,64.07,121.0527,6849.09,4191225.0,95.727,119.35,123.216,False,0.0,False,-0.19787321964771468,0,False,0.42857142857142855,False,22.00000000000002,2.589249469873254,红
2025-12-01,4.74,4.09,3.54,1.85,0.4841,2.24,4.12,3.9,6.23,0.82,2.94,64.22,120.9862,6812.63,4191225.0,95.727,119.35,123.216,False,0.0,False,-0.18172374665474142,0,False,0.42857142857142855,False,22.00000000000002,2.758531296690525,红
2025-12-02,4.74,4.09,3.51,1.85,0.4933,2.24,4.01,3.9,6.23,0.81,2.92,63.37,121.1467,6829.37,4191225.0,95.727,119.35,123.216,False,0.0,False,-0.2070484640700476,0,False,0.42857142857142855,False,10.999999999999988,2.270490904514376,红
2025-12-03,4.73,4.06,3.49,1.82,0.4893,2.24,3.95,3.9,6.23,0.81,2.89,63.75,120.7336,6849.72,4188739.0,95.727,119.35,123.216,False,0.0,False,-0.19226567556295007,0,False,0.42857142857142855,False,5.000000000000027,1.0685255651788004,黄
2025-12-04,4.76,4.11,3.52,1.85,0.5137,2.26,3.92,3.9,6.19,0.8,2.88,64.15,120.6766,6857.12,4188739.0,95.727,119.35,123.216,False,0.0,False,-0.19653162503199886,0,False,0.42857142857142855,False,2.0000000000000018,1.2993155438864077,黄
2025-12-05,4.79,4.14,3.56,1.88,0.5327,2.26,3.93,3.9,6.19,0.79,2.85,64.42,120.6863,6870.4,4188739.0,95.727,119.35,123.216,False,0.0,False,-0.19527650135828223,0,False,0.42857142857142855,False,3.000000000000025,1.4237778080520491,黄
2025-12-08,4.81,4.17,3.57,1.91,0.5518,2.26,3.95,3.9,6.19,0.78,2.89,63.3,120.776,6846.51,4188739.0,95.727,119.35,123.216,False,0.0,False,-0.19408411669966427,0,False,0.5,False,5.000000000000027,0.8866684810542765,
2025-12-09,4.8,4.18,3.61,1.92,0.5632,2.26,3.93,3.9,6.19,0.79,2.89,62.62,120.6832,6840.51,4188739.0,95.727,119.35,123.216,False,0.0,False,-0.211664188746704,0,False,0.5,False,3.000000000000025,1.0155909460976265,黄
2025-12-10,4.78,4.13,3.54,1.88,0.555,2.25,3.9,3.9,6.19,0.78,2.91,63.12,120.6752,6886.68,4188975.0,95.727,119.35,123.216,False,0.0,False,-0.19435269829132407,0,False,0.5,False,0.0,0.7475983070474745,
2025-12-11,4.79,4.14,3.52,1.89,0.5531,2.25,3.66,3.65,6.22,0.78,2.88,61.87,119.98,6901.0,4188975.0,95.727,119.35,123.216,False,0.0,False,-0.19825809279727047,0,False,0.5,False,1.000000000000023,0.2284371296100802,
2025-12-12,4.85,4.19,3.52,1.93,0.577,2.26,3.67,3.65,6.22,0.8,2.91,62.11,120.1442,6827.41,4188975.0,95.727,119.35,123.216,False,0.0,False,-0.15872676487407017,0,False,0.42857142857142855,False,2.0000000000000018,0.4805791319412397,
2025-12-15,4.84,4.18,3.51,1.93,0.5784,2.25,3.75,3.65,6.22,0.8,2.91,61.55,119.9561,6816.51,4188975.0,95.727,119.35,123.216,False,0.0,False,-0.1619973019534647,0,False,0.42857142857142855,False,10.000000000000009,0.6936681875810801,
2025-12-16,4.82,4.15,3.48,1.92,0.566,2.23,3.69,3.65,6.22,0.81,2.98,59.93,119.8902,6800.26,4188975.0,95.727,119.35,123.216,False,0.0,False,-0.15654694046405113,0,False,0.42857142857142855,False,4.0000000000000036,0.481107264957704,
2025-12-17,4.83,4.16,3.49,1.92,0.5679,2.24,3.69,3.65,6.22,0.81,2.99,60.61,120.155,6721.43,4204179.0,95.727,119.35,123.216,False,0.0,False,-0.1401814769395984,0,False,0.375,False,4.0000000000000036,0.5239673496744679,
2025-12-18,4.8,4.12,3.46,1.88,0.5556,2.24,3.66,3.65,6.21,0.81,2.95,60.69,120.0528,6774.76,4204179.0,95.727,119.35,123.216,False,0.0,False,-0.11756677610510687,0,False,0.375,False,1.000000000000023,0.4354225386906777,
2025-12-19,4.82,4.16,3.48,1.92,0.5644,2.24,3.66,3.65,6.21,0.8,2.9,61.35,120.1652,6834.5,4204179.0,95.727,119.35,123.216,False,0.0,False,-0.1258775158409327,0,False,0.375,False,1.000000000000023,0.4334619732962458,
2025-12-22,4.84,4.17,3.44,1.94,0.5722,2.23,3.68,3.65,6.21,0.8,2.88,62.22,119.9912,6878.49,4204179.0,95.727,119.35,123.216,False,0.0,False,-0.1377837086891252,0,False,0.375,False,3.000000000000025,0.6726596244754587,
2025-12-23,4.83,4.18,3.48,1.94,0.5774,2.24,3.66,3.65,6.21,0.79,2.83,63.7,119.7057,6909.79,4204179.0,95.727,119.35,123.216,True,1.0,False,-0.14720795056368075,0,False,0.375,False,1.000000000000023,0.2206455294009318,
2025-12-24,4.79,4.15,3.47,1.91,0.5685,2.24,3.66,3.65,6.18,0.79,2.84,63.7,119.4372,6932.05,4227581.0,95.727,119.35,123.216,True,2.0,False,-0.13667980808163036,0,False,0.375,False,1.000000000000023,0.4231735293022193,
2025-12-25,4.79,4.15,3.47,1.91,0.5685,2.24,3.66,3.65,6.18,0.79,2.84,63.7,119.4372,6932.05,4227581.0,95.727,119.35,123.216,True,3.0,False,-0.14475895374307304,0,False,0.375,False,1.000000000000023,0.4214137678844018,
2025-12-26,4.81,4.14,3.46,1.91,0.5603,2.23,3.76,3.65,6.18,0.79,2.86,63.7,119.4723,6929.94,4227581.0,95.727,119.35,123.216,False,3.0,False,-0.14342787678474572,0,False,0.375,False,10.999999999999988,0.9223816037601728,
2025-12-29,4.8,4.12,3.45,1.9,0.5495,2.22,3.77,3.65,6.18,0.79,2.87,63.1,119.5899,6905.74,4227581.0,95.727,119.35,123.216,False,3.0,False,-0.1560778725947067,0,False,0.375,False,12.00000000000001,1.1594645450496484,黄
2025-12-30,4.81,4.14,3.45,1.9,0.5517,2.24,3.71,3.65,6.18,0.79,2.84,62.3,119.4939,6896.24,4227581.0,95.727,119.35,123.216,False,3.0,False,-0.1540477946452039,0,False,0.375,False,6.000000000000005,0.9717410224501328,
2025-12-31,4.84,4.18,3.47,1.93,0.571,2.25,3.87,3.65,6.15,0.79,2.81,61.35,119.7456,6845.5,4227801.0,95.727,119.35,123.216,False,3.0,False,-0.13472723678753895,0,False,0.375,False,22.00000000000002,2.125434828465946,红
2026-01-01,4.84,4.18,3.47,1.93,0.571,2.25,3.87,3.65,6.15,0.79,2.81,61.35,119.7456,6845.5,4227801.0,94.843,119.594,123.62,False,3.0,False,-0.12731142642199686,0,False,0.375,False,22.00000000000002,2.105370616351116,红
2026-01-02,4.86,4.19,3.47,1.94,0.5844,2.25,3.75,3.65,6.15,0.79,2.83,61.98,119.6059,6858.47,4227801.0,94.843,119.594,123.62,False,3.0,False,-0.11971584494271942,0,False,0.375,False,10.000000000000009,1.7222819401052216,黄
2026-01-05,4.85,4.17,3.46,1.91,0.5787,2.26,3.7,3.65,6.15,0.79,2.81,63.0,119.6192,6902.05,4227801.0,94.843,119.594,123.62,False,3.0,False,-0.11536891817332962,0,False,0.375,False,5.000000000000027,1.336727846985552,黄
2026-01-06,4.86,4.18,3.47,1.91,0.5833,2.27,3.66,3.65,6.15,0.79,2.79,62.1,119.7807,6944.82,4227801.0,94.843,119.594,123.62,False,3.0,False,-0.12012123455209289,0,False,0.375,False,1.000000000000023,1.1824532001040344,黄
2026-01-07,4.82,4.15,3.47,1.88,0.5727,2.27,3.65,3.65,6.15,0.79,2.79,61.08,119.8719,6920.93,4235527.0,94.843,119.594,123.62,False,3.0,False,0.030263386783876987,1,False,0.375,False,0.0,0.5495051350504713,
2026-01-08,4.85,4.19,3.49,1.92,0.5875,2.27,3.64,3.65,6.16,0.79,2.76,63.34,120.0904,6921.46,4235527.0,94.843,119.594,123.62,False,3.0,False,0.03085385455949684,2,False,0.375,False,-0.9999999999999787,0.720520133687513,
2026-01-09,4.82,4.18,3.54,1.9,0.591,2.28,3.64,3.65,6.16,0.78,2.74,65.11,120.2215,6966.28,4235527.0,94.843,119.594,123.62,False,3.0,False,0.039661924972639394,3,False,0.375,False,-0.9999999999999787,0.4909646778859567,
2026-01-12,4.83,4.19,3.54,1.9,0.5926,2.29,3.64,3.65,6.16,0.78,2.74,65.4,119.9958,6977.27,4235527.0,94.843,119.594,123.62,False,3.0,False,0.04357944664014523,4,False,0.375,False,-0.9999999999999787,0.3150760784321446,
2026-01-13,4.83,4.18,3.53,1.88,0.5855,2.3,3.65,3.65,6.16,0.77,2.75,67.58,120.1401,6963.74,4235527.0,94.843,119.594,123.62,False,3.0,False,0.07631773465168479,5,False,0.375,False,0.0,0.5219259096344403,
2026-01-14,4.79,4.15,3.51,1.86,0.5703,2.29,3.64,3.65,6.16,0.77,2.76,68.87,119.9537,6926.6,4243253.0,94.843,119.594,123.62,False,3.0,False,0.0704634372360146,6,False,0.375,False,-0.9999999999999787,0.4341145451561862,
2026-01-15,4.79,4.17,3.56,1.88,0.5804,2.29,3.66,3.65,6.06,0.76,2.71,66.16,119.9951,6944.47,4243253.0,94.843,119.594,123.62,False,3.0,False,0.051635302835271214,7,False,0.375,False,1.000000000000023,0.5022303782323643,
2026-01-16,4.83,4.24,3.59,1.91,0.6042,2.33,3.65,3.65,6.06,0.75,2.65,66.97,120.0838,6940.01,4243253.0,94.843,119.594,123.62,False,3.0,False,0.05649448462756921,8,False,0.375,False,0.0,0.9205768961098808,
2026-01-19,4.83,4.24,3.59,1.91,0.6042,2.33,3.65,3.65,6.06,0.75,2.65,66.91,120.0838,6940.01,4243253.0,94.843,119.594,123.62,False,3.0,False,0.0630163698455938,9,False,0.375,False,0.0,0.9132257411533016,
2026-01-20,4.91,4.3,3.6,1.97,0.6315,2.33,3.64,3.65,6.06,0.75,2.73,67.68,119.4455,6796.86,4243253.0,94.843,119.594,123.62,False,3.0,False,0.1522469832727411,10,False,0.4444444444444444,False,-0.9999999999999787,1.4235281061115,黄
2026-01-21,4.87,4.26,3.6,1.92,0.6263,2.34,3.63,3.65,6.06,0.74,2.69,66.72,119.3431,6875.62,4251156.0,94.843,119.594,123.62,False,3.0,False,0.18541952251359173,11,False,0.4444444444444444,False,-2.0000000000000018,1.28250699401292,黄
2026-01-22,4.84,4.26,3.61,1.95,0.6276,2.31,3.64,3.65,6.09,0.73,2.64,65.46,119.1962,6913.35,4251156.0,94.843,119.594,123.62,False,3.0,False,0.17889565112508277,12,False,0.4444444444444444,False,-0.9999999999999787,1.0156865630370735,黄
2026-01-23,4.82,4.24,3.6,1.92,0.6224,2.32,3.65,3.65,6.09,0.73,2.68,68.16,118.8976,6915.61,4251156.0,94.843,119.594,123.62,False,3.0,False,0.17579143983485324,13,False,0.4444444444444444,False,0.0,0.6015393228215327,
2026-01-26,4.8,4.22,3.56,1.9,0.6133,2.32,3.66,3.65,6.09,0.74,2.69,67.7,118.0525,6950.23,4251156.0,94.843,119.594,123.62,False,3.0,False,0.19249601314436587,14,False,0.375,False,1.000000000000023,0.3302788742903372,
2026-01-27,4.83,4.24,3.53,1.9,0.6155,2.34,3.66,3.65,6.09,0.73,2.71,70.28,117.4523,6978.6,4251156.0,94.843,119.594,123.62,False,3.0,False,0.1699835085796114,15,False,0.375,False,1.000000000000023,0.6754656844407101,
2026-01-28,4.85,4.26,3.56,1.9,0.6251,2.36,3.64,3.65,6.09,0.73,2.72,70.9,117.5117,6978.03,4265977.0,94.843,119.594,123.62,False,3.0,False,0.1698748826689729,16,False,0.375,False,-0.9999999999999787,0.7345816351868125,
2026-01-29,4.85,4.24,3.53,1.89,0.6158,2.35,3.65,3.65,6.1,0.74,2.77,71.0,117.4396,6969.01,4265977.0,94.843,119.594,123.62,False,3.0,False,0.16885442792930577,17,False,0.375,False,0.0,0.6657621243452656,
2026-01-30,4.87,4.26,3.52,1.9,0.6148,2.36,3.68,3.65,6.1,0.74,2.8,72.25,117.8996,6939.03,4265977.0,94.843,119.594,123.62,False,3.0,False,0.2090194868497733,18,False,0.375,False,3.000000000000025,0.7684416559320545,
2026-02-02,4.9,4.29,3.57,1.94,0.6289,2.35,3.69,3.65,6.1,0.74,2.81,67.72,118.3609,6976.44,4265977.0,94.843,119.594,123.62,False,3.0,False,0.22209740078095225,19,False,0.375,False,4.0000000000000036,0.8016804326093869,
2026-02-03,4.9,4.28,3.57,1.92,0.6313,2.36,3.69,3.65,6.1,0.74,2.85,70.01,117.9764,6917.81,4265977.0,94.843,119.594,123.62,False,3.0,False,0.2826960312098248,20,True,0.375,False,4.0000000000000036,0.7873658068413726,
2026-02-04,4.91,4.29,3.57,1.94,0.635,2.35,3.65,3.65,6.1,0.75,2.86,71.15,118.2602,6882.72,4281018.0,94.843,119.594,123.62,False,3.0,False,0.2842218420316391,21,True,0.375,False,0.0,0.8145962362056807,
2026-02-05,4.85,4.21,3.47,1.89,0.6022,2.32,3.65,3.65,6.11,0.76,2.97,69.87,118.5034,6798.4,4281018.0,94.843,119.594,123.62,False,3.0,False,0.21341980743676875,22,True,0.3333333333333333,False,0.0,0.6852899745281332,
2026-02-06,4.85,4.22,3.5,1.88,0.599,2.34,3.64,3.65,6.11,0.76,2.87,70.45,118.2407,6932.3,4281018.0,94.843,119.594,123.62,False,3.0,False,0.18810863801077765,23,True,0.3333333333333333,False,-0.9999999999999787,0.6502031940482242,
2026-02-09,4.85,4.22,3.48,1.87,0.5951,2.35,3.63,3.65,6.11,0.76,2.84,71.19,117.6392,6964.82,4281018.0,94.843,119.594,123.62,False,3.0,False,0.19131365619861873,24,True,0.3333333333333333,False,-2.0000000000000018,0.6151118074276031,
2026-02-10,4.78,4.16,3.45,1.84,0.5729,2.32,3.65,3.65,6.11,0.77,2.86,71.01,117.5216,6941.81,4281018.0,94.843,119.594,123.62,False,3.0,False,0.14067095676929517,25,True,0.3333333333333333,False,0.0,0.4639292546462721,
2026-02-11,4.82,4.18,3.52,1.86,0.5823,2.32,3.65,3.65,6.11,0.77,2.84,71.52,117.4601,6941.47,4297606.0,94.843,119.594,123.62,False,3.0,False,0.13986358485127456,26,True,0.3333333333333333,False,0.0,0.5341621272027356,
2026-02-12,4.72,4.09,3.47,1.8,0.5514,2.29,3.65,3.65,6.09,0.78,2.92,69.8,117.5376,6832.76,4297606.0,94.843,119.594,123.62,False,3.0,False,0.033693019459849705,27,True,0.3,False,0.0,-0.0309593754204454,
2026-02-13,4.69,4.04,3.4,1.77,0.5194,2.27,3.66,3.65,6.09,0.79,2.95,69.96,117.5258,6836.17,4297606.0,94.843,119.594,123.62,False,3.0,False,0.039029072472272504,28,True,0.3,False,1.000000000000023,0.0047665384516246,
2026-02-16,4.69,4.04,3.4,1.77,0.5194,2.27,3.66,3.65,6.09,0.79,2.94,70.81,117.5258,6836.17,4297606.0,94.843,119.594,123.62,False,3.0,False,0.04171757535626399,29,True,0.3,False,1.000000000000023,0.0058386116828536,
2026-02-17,4.68,4.05,3.43,1.79,0.5143,2.26,3.71,3.65,6.09,0.8,2.94,69.77,117.7375,6843.22,4297606.0,94.843,119.594,123.62,False,3.0,False,0.07735459443236957,30,True,0.3,False,6.000000000000005,0.3555800505479377,
2026-02-18,4.71,4.09,3.47,1.8,0.5238,2.29,3.73,3.65,6.09,0.78,2.86,71.78,117.8426,6881.31,4305596.0,94.843,119.594,123.62,False,3.0,False,0.03728832061302161,31,True,0.3,False,8.000000000000007,1.0302378383473578,黄
2026-02-19,4.7,4.08,3.47,1.79,0.5218,2.29,3.67,3.65,6.01,0.79,2.88,73.17,118.2354,6861.89,4305596.0,94.843,119.594,123.62,False,3.0,False,0.012728141378924158,32,True,0.3,False,2.0000000000000018,-0.1093235359805967,
2026-02-20,4.72,4.08,3.48,1.8,0.5228,2.28,3.66,3.65,6.01,0.78,2.86,72.75,117.9917,6909.51,4305596.0,94.843,119.594,123.62,False,3.0,False,-0.007414345125637657,0,False,0.3,False,1.000000000000023,-0.1404356134722445,
2026-02-23,4.7,4.03,3.43,1.77,0.4986,2.26,3.66,3.65,6.01,0.8,2.95,71.9,117.9395,6837.75,4305596.0,94.843,119.594,123.62,False,3.0,False,-0.05296717152807788,0,False,0.36363636363636365,False,1.000000000000023,-0.1371719888787993,
2026-02-24,4.7,4.04,3.43,1.78,0.4971,2.26,3.67,3.65,6.01,0.81,2.97,71.21,117.9463,6890.07,4305596.0,94.843,119.594,123.62,False,3.0,False,-0.057629592318656477,0,False,0.36363636363636365,False,2.0000000000000018,0.456120069244372,
2026-02-25,4.7,4.05,3.45,1.77,0.5005,2.28,3.67,3.65,6.01,0.8,2.94,70.69,117.769,6946.13,4321596.0,94.843,119.594,123.62,False,3.0,False,-0.05552118825607694,0,False,0.36363636363636365,False,2.0000000000000018,0.6010959432550737,
2026-02-26,4.67,4.02,3.42,1.74,0.4866,2.28,3.67,3.65,5.98,0.82,2.98,71.66,117.9042,6908.86,4321596.0,94.843,119.594,123.62,False,3.0,False,-0.09976271456640053,0,False,0.36363636363636365,False,2.0000000000000018,0.3930078882914952,
2026-02-27,4.64,3.97,3.38,1.72,0.4627,2.25,3.68,3.65,5.98,0.85,3.1,71.32,117.8223,6878.88,4321596.0,94.843,119.594,123.62,False,3.0,False,-0.11379831326079223,0,False,0.36363636363636365,False,3.000000000000025,0.425625753903031,
2026-03-02,4.7,4.05,3.47,1.76,0.4906,2.29,3.71,3.65,5.98,0.85,3.03,77.24,118.667,6881.62,4321596.0,94.843,119.594,123.62,False,3.0,False,-0.11685529582645832,0,False,0.36363636363636365,False,6.000000000000005,0.3199119456948908,
2026-03-03,4.7,4.06,3.51,1.77,0.5019,2.29,3.7,3.65,5.98,0.84,3.08,83.28,119.4341,6816.63,4321596.0,94.843,119.594,123.62,False,3.0,False,-0.1060764728981384,0,False,0.36363636363636365,False,5.000000000000027,0.3487889847370382,
2026-03-04,4.72,4.09,3.54,1.8,0.5168,2.29,3.67,3.65,5.98,0.82,2.97,81.56,119.0705,6869.5,4336533.0,94.843,119.594,123.62,False,3.0,False,-0.11775192996179801,0,False,0.36363636363636365,False,2.0000000000000018,0.2852611700611995,
2026-03-05,4.74,4.13,3.57,1.82,0.5378,2.31,3.66,3.65,6.0,0.82,3.0,88.59,119.5683,6830.71,4336533.0,94.843,119.594,123.62,False,3.0,False,-0.10807814760441918,0,False,0.36363636363636365,False,1.000000000000023,0.3860772631362962,
2026-03-06,4.77,4.15,3.56,1.8,0.5487,2.35,3.65,3.65,6.0,0.84,3.13,95.74,119.491,6740.02,4336533.0,94.843,119.594,123.62,False,3.0,False,-0.08685903080240621,0,False,0.4166666666666667,False,0.0,0.3510305212843773,
2026-03-09,4.72,4.12,3.56,1.78,0.542,2.34,3.65,3.65,6.0,0.85,3.19,94.35,119.5151,6795.99,4336533.0,94.843,119.594,123.62,False,3.0,False,-0.09390570164699324,0,False,0.4166666666666667,False,0.0,0.2778954445588359,
2026-03-10,4.78,4.15,3.57,1.82,0.5496,2.33,3.64,3.65,6.0,0.84,3.06,89.84,118.7255,6781.48,4336533.0,94.843,119.594,123.62,False,3.0,False,-0.08788194667258327,0,False,0.4166666666666667,False,-0.9999999999999787,1.0895872604825698,黄
2026-03-11,4.86,4.21,3.64,1.85,0.5772,2.36,3.64,3.65,6.0,0.88,3.09,90.98,119.2885,6775.8,4351545.0,94.843,119.594,123.62,False,3.0,False,-0.12208312240813646,0,False,0.4166666666666667,False,-0.9999999999999787,0.4327049335715941,
2026-03-12,4.88,4.27,3.76,1.89,0.6185,2.38,3.65,3.65,6.11,0.91,3.17,102.38,119.8227,6672.62,4351545.0,94.843,119.594,123.62,False,3.0,False,-0.056240407838448324,0,False,0.38461538461538464,False,0.0,1.6793934422806842,黄
2026-03-13,4.9,4.28,3.73,1.92,0.6286,2.36,3.65,3.65,6.11,0.93,3.28,103.23,120.5518,6632.19,4351545.0,94.843,119.594,123.62,False,3.0,False,-0.04905232809096632,0,False,0.38461538461538464,False,0.0,1.6008937498217708,黄
2026-03-16,4.86,4.23,3.68,1.87,0.6034,2.36,3.7,3.65,6.11,0.94,3.27,101.04,120.097,6699.38,4351545.0,94.843,119.594,123.62,False,3.0,False,-0.020271756994260228,0,False,0.38461538461538464,False,5.000000000000027,1.7027960371528763,黄
2026-03-17,4.85,4.2,3.68,1.83,0.5887,2.37,3.65,3.65,6.11,0.92,3.22,108.39,119.8328,6716.09,4351545.0,94.843,119.594,123.62,False,2.0,False,-0.036833259191150235,0,False,0.38461538461538464,False,0.0,0.0578541621449961,
2026-03-18,4.88,4.26,3.76,1.86,0.6139,2.4,3.62,3.65,6.11,0.91,3.2,118.09,119.9276,6624.7,4358597.0,94.843,119.594,123.62,False,1.0,False,0.03591244971776588,1,False,0.35714285714285715,False,-2.9999999999999805,-0.0433976714953017,
2026-03-19,4.83,4.25,3.79,1.88,0.621,2.37,3.62,3.65,6.22,0.9,3.27,111.05,120.1802,6606.49,4358597.0,94.843,119.594,123.62,False,0.0,False,0.03835019893492218,2,False,0.35714285714285715,False,-2.9999999999999805,3.2548026424311245,红
2026-03-20,4.96,4.39,3.88,2.01,0.678,2.38,3.62,3.65,6.22,0.88,3.24,118.42,120.2757,6506.48,4358597.0,94.843,119.594,123.62,False,0.0,False,0.1457292460384697,3,False,0.3333333333333333,False,-2.9999999999999805,2.726047659995719,红
2026-03-23,4.91,4.34,3.83,2.01,0.6691,2.33,3.62,3.65,6.22,0.88,3.19,103.79,119.9371,6581.0,4358597.0,94.843,119.594,123.62,False,0.0,False,0.16971314947320548,4,False,0.3333333333333333,False,-2.9999999999999805,2.4031045453398887,红
2026-03-24,4.94,4.39,3.9,2.06,0.6921,2.33,3.63,3.65,6.22,0.87,3.19,108.42,120.1295,6556.37,4358597.0,94.843,119.594,123.62,False,0.0,False,0.17477397508829934,5,False,0.3333333333333333,False,-2.0000000000000018,2.844288061690102,红
2026-03-25,4.89,4.33,3.84,2.02,0.6717,2.31,3.64,3.65,6.22,0.87,3.17,109.14,120.1282,6591.9,4375064.0,94.843,119.594,123.62,False,0.0,False,0.19078888295173407,6,False,0.3333333333333333,False,-0.9999999999999787,2.5458119338832144,红
2026-03-26,4.93,4.42,3.96,2.08,0.714,2.34,3.65,3.65,6.38,0.88,3.21,113.39,120.389,6477.16,4375064.0,94.843,119.594,123.62,False,0.0,False,0.250571475668756,7,False,0.3125,False,0.0,0.5366603723905452,
2026-03-27,4.98,4.44,3.88,2.13,0.7183,2.31,3.63,3.65,6.38,0.91,3.42,121.47,120.8851,6368.85,4375064.0,94.843,119.594,123.62,False,0.0,False,0.2540257087257691,8,False,0.29411764705882354,False,-2.0000000000000018,0.4691789807187744,
2026-03-30,4.91,4.35,3.82,2.04,0.6813,2.31,3.63,3.65,6.38,0.93,3.46,121.88,121.2851,6343.72,4375064.0,94.843,119.594,123.62,False,0.0,False,0.22469144811111097,9,False,0.29411764705882354,False,-2.0000000000000018,0.4691174050918544,
2026-03-31,4.88,4.3,3.79,2.0,0.654,2.3,3.68,3.65,6.38,0.9,3.28,126.69,121.035,6528.52,4375064.0,94.843,119.594,123.62,False,0.0,False,0.2652630552894524,10,False,0.29411764705882354,False,3.000000000000025,0.6628722575334676,
2026-04-01,4.91,4.33,3.81,2.02,0.664,2.31,3.65,3.65,6.38,0.87,3.16,119.56,120.1198,6575.32,4390204.0,93.446,120.017,123.979,False,0.0,False,0.2549484239960993,11,False,0.29411764705882354,False,0.0,0.404100704503551,
2026-04-02,4.88,4.31,3.79,1.97,0.6555,2.34,3.66,3.65,6.46,0.86,3.17,127.61,120.503,6582.69,4390204.0,93.446,120.017,123.979,False,0.0,False,0.2513804846598224,12,False,0.29411764705882354,False,1.000000000000023,0.4382289021194072,
2026-04-03,4.91,4.35,3.84,1.99,0.672,2.36,3.66,3.65,6.46,0.86,3.13,127.61,120.6565,6582.69,4390204.0,93.446,120.017,123.979,False,0.0,False,0.2521700392017878,13,False,0.29411764705882354,False,1.000000000000023,0.438416509950108,
2026-04-06,4.89,4.34,3.84,1.98,0.6694,2.36,3.65,3.65,6.46,0.85,3.05,127.61,120.4302,6611.83,4390204.0,93.446,120.017,123.979,False,0.0,False,0.2589540639973097,14,False,0.3125,False,0.0,0.4050294519595139,
2026-04-07,4.9,4.33,3.81,1.96,0.661,2.37,3.62,3.65,6.46,0.86,3.12,138.21,120.32,6616.85,4390204.0,93.446,120.017,123.979,False,0.0,False,0.2621569277069024,15,False,0.3125,False,-2.9999999999999805,0.2517988234546852,
2026-04-08,4.89,4.29,3.79,1.96,0.6457,2.33,3.59,3.65,6.46,0.83,2.94,122.11,119.0596,6782.81,4406779.0,93.446,120.017,123.979,False,0.0,False,0.28392902082650207,16,False,0.3125,False,-6.000000000000005,0.2102248737835263,
2026-04-09,4.9,4.29,3.78,1.95,0.6421,2.34,3.57,3.65,6.37,0.83,2.9,119.03,118.8998,6824.66,4406779.0,93.446,120.017,123.979,False,0.0,False,0.28405211283556864,17,False,0.3125,False,-8.000000000000007,0.2769307685565764,
2026-04-10,4.91,4.31,3.81,1.95,0.6518,2.36,3.61,3.65,6.37,0.82,2.94,119.07,118.8552,6816.89,4406779.0,93.446,120.017,123.979,False,0.0,False,0.28520786765988465,18,False,0.3125,False,-4.0000000000000036,0.412473589546704,
2026-04-13,4.9,4.3,3.78,1.92,0.6432,2.38,3.63,3.65,6.37,0.82,2.95,123.28,118.9916,6886.24,4406779.0,93.446,120.017,123.979,False,0.0,False,0.2954119307135209,19,False,0.3125,False,-2.0000000000000018,0.4805863958267677,
2026-04-14,4.87,4.26,3.76,1.89,0.6215,2.37,3.66,3.65,6.37,0.81,2.84,118.69,118.3581,6967.38,4406779.0,93.446,120.017,123.979,False,0.0,False,0.31057393554128215,20,True,0.3125,False,1.000000000000023,0.6221031969831601,
2026-04-15,4.89,4.29,3.76,1.9,0.6264,2.39,3.72,3.65,6.37,0.8,2.85,114.93,118.3623,7022.95,4407209.0,93.446,120.017,123.979,False,0.0,False,0.3033505222990294,21,True,0.3125,False,7.000000000000028,0.8062141552886093,
2026-04-16,4.93,4.32,3.78,1.93,0.6384,2.39,3.67,3.65,6.3,0.81,2.86,116.63,118.3616,7041.28,4407209.0,93.446,120.017,123.979,False,0.0,False,0.29956937193623445,22,True,0.3125,False,2.0000000000000018,0.5690397707715317,
2026-04-17,4.88,4.26,3.71,1.9,0.6158,2.36,3.65,3.65,6.3,0.8,2.83,98.63,118.0795,7126.06,4407209.0,93.446,120.017,123.979,False,0.0,False,0.28573882044217347,23,True,0.3125,False,0.0,0.5023543781778865,
2026-04-20,4.88,4.26,3.72,1.91,0.612,2.35,3.63,3.65,6.3,0.81,2.87,103.4,118.2374,7109.14,4407209.0,93.446,120.017,123.979,False,0.0,False,0.2734573892629521,24,True,0.3125,False,-2.0000000000000018,0.4358914719310063,
2026-04-21,4.89,4.3,3.78,1.92,0.6311,2.38,3.63,3.65,6.3,0.8,2.85,106.14,118.4331,7064.01,4407209.0,93.446,120.017,123.979,False,0.0,False,0.28166723218881984,25,True,0.3125,False,-2.0000000000000018,0.3861381754540056,
2026-04-22,4.9,4.3,3.79,1.92,0.6402,2.38,3.64,3.65,6.3,0.79,2.84,113.44,118.6004,7137.9,4420267.0,93.446,120.017,123.979,False,0.0,False,0.2800545104163622,26,True,0.3125,False,-0.9999999999999787,0.2873186406533844,
2026-04-23,4.92,4.34,3.83,1.92,0.6596,2.42,3.65,3.65,6.23,0.8,2.86,113.25,118.7155,7108.4,4420267.0,93.446,120.017,123.979,False,0.0,False,0.28195406913829074,27,True,0.3125,False,0.0,0.164656626221693,
2026-04-24,4.91,4.31,3.78,1.89,0.6481,2.42,3.66,3.65,6.23,0.8,2.86,111.86,118.7294,7165.08,4420267.0,93.446,120.017,123.979,False,0.0,False,0.29184089319801837,28,True,0.3125,False,1.000000000000023,0.1975587799473813,
2026-04-27,4.94,4.35,3.78,1.91,0.6603,2.44,3.66,3.65,6.23,0.81,2.84,113.89,118.5458,7173.91,4420267.0,93.446,120.017,123.979,False,0.0,False,0.2889269534738203,29,True,0.3125,False,1.000000000000023,0.4766255285788411,
2026-04-28,4.94,4.36,3.84,1.92,0.6747,2.44,3.64,3.65,6.23,0.81,2.85,117.62,118.7717,7138.8,4420267.0,93.446,120.017,123.979,False,0.0,False,0.29190241236763836,30,True,0.3125,False,-0.9999999999999787,0.1644320012480646,
2026-04-29,4.98,4.42,3.92,1.96,0.7075,2.46,3.63,3.65,6.23,0.81,2.82,124.16,119.0975,7135.95,4425737.0,93.446,120.017,123.979,False,0.0,False,0.2875616226411582,31,True,0.3333333333333333,False,-2.0000000000000018,0.1298784927322243,
2026-04-30,4.98,4.4,3.88,1.94,0.7038,2.46,3.66,3.65,6.3,0.81,2.83,124.24,118.671,7209.01,4425737.0,93.446,120.017,123.979,False,0.0,False,0.2993108945036225,32,True,0.3333333333333333,False,1.000000000000023,0.6806595986494826,
2026-05-01,4.97,4.39,3.88,1.91,0.7036,2.48,3.64,3.65,6.3,0.81,2.77,118.26,118.3926,7230.12,4425737.0,93.446,120.017,123.979,False,0.0,False,0.3064106648980479,33,True,0.2857142857142857,False,-0.9999999999999787,0.9690435831045414,
2026-05-04,5.02,4.45,3.95,1.95,0.729,2.5,3.63,3.65,6.3,0.8,2.78,118.26,118.8264,7200.75,4425737.0,93.446,120.017,123.979,False,0.0,False,0.3114489385469252,34,True,0.2857142857142857,False,-2.0000000000000018,0.1273310819900748,
2026-05-05,4.98,4.43,3.93,1.96,0.7279,2.47,3.62,3.65,6.3,0.79,2.77,114.51,118.6207,7259.22,4425737.0,93.446,120.017,123.979,False,0.0,False,0.3720648090217776,35,True,0.2857142857142857,False,-2.9999999999999805,0.8268939617193105,
2026-05-06,4.94,4.36,3.87,1.94,0.6962,2.42,3.61,3.65,6.3,0.78,2.75,103.7,118.0982,7365.12,4434161.0,93.446,120.017,123.979,False,0.0,False,0.4131316095915425,36,True,0.2857142857142857,False,-4.0000000000000036,-0.024542918548317,
2026-05-07,4.97,4.41,3.92,1.96,0.7086,2.45,3.6,3.65,6.37,0.79,2.79,101.82,118.0116,7337.11,4434161.0,93.446,120.017,123.979,False,0.0,False,0.4174137084955942,37,True,0.2857142857142857,False,-4.999999999999982,-0.0251119427436595,
2026-05-08,4.95,4.38,3.9,1.93,0.6999,2.45,3.6,3.65,6.37,0.79,2.81,103.48,118.0392,7398.93,4434161.0,93.446,120.017,123.979,False,0.0,False,0.4407164843294553,38,True,0.23076923076923078,False,-4.999999999999982,-0.0471382245650297,
2026-05-11,4.98,4.42,3.95,1.95,0.7173,2.47,3.6,3.65,6.37,0.78,2.79,106.11,118.0562,7412.84,4434161.0,93.446,120.017,123.979,False,0.0,False,0.4370663053085151,39,True,0.23076923076923078,False,-4.999999999999982,0.3334437587926534,
2026-05-12,5.03,4.46,4.0,1.99,0.7439,2.47,3.6,3.65,6.37,0.77,2.82,111.37,118.5238,7400.96,4434161.0,93.446,120.017,123.979,False,0.0,False,0.5323956372335111,40,True,0.23076923076923078,False,-4.999999999999982,0.2631618436597039,
2026-05-13,5.03,4.46,3.98,1.99,0.7488,2.47,3.59,3.65,6.37,0.76,2.82,110.28,118.4737,7444.25,4450235.0,93.446,120.017,123.979,False,0.0,False,0.5416528400416153,41,True,0.23076923076923078,False,-6.000000000000005,0.258248779407847,
2026-05-14,5.02,4.47,4.0,2.0,0.7547,2.47,3.56,3.65,6.36,0.76,2.76,110.91,118.6696,7501.24,4450235.0,93.446,120.017,123.979,False,0.0,False,0.5393869645738517,42,True,0.23076923076923078,False,-8.999999999999986,0.1563846830852545,
2026-05-15,5.12,4.59,4.09,2.1,0.8117,2.49,3.55,3.65,6.36,0.75,2.8,113.96,119.2825,7408.5,4450235.0,93.446,120.017,123.979,False,0.0,False,0.5621671099202362,43,True,0.23076923076923078,False,-10.000000000000009,0.1221256913780536,
2026-05-18,5.14,4.61,4.07,2.13,0.8293,2.48,3.53,3.65,6.36,0.75,2.83,116.73,119.0574,7403.05,4450235.0,93.446,120.017,123.979,False,0.0,False,0.5709782134692764,44,True,0.23076923076923078,False,-12.00000000000001,0.0543578263827047,
2026-05-19,5.18,4.67,4.13,2.18,0.8621,2.49,3.51,3.65,6.36,0.76,2.86,114.64,119.451,7353.61,4450235.0,93.446,120.017,123.979,False,0.0,False,0.5816570297364146,45,True,0.23076923076923078,False,-14.000000000000012,-0.0693712134297467,
2026-05-20,5.11,4.57,4.04,2.13,0.8299,2.44,3.5,3.65,6.36,0.75,2.8,108.93,119.1624,7432.97,4457712.0,93.446,120.017,123.979,False,0.0,False,0.5899527105961793,46,True,0.23076923076923078,False,-14.999999999999991,-0.1678481898282614,
2026-05-21,5.1,4.57,4.08,2.18,0.8277,2.39,3.51,3.65,6.51,0.75,2.78,105.84,119.369,7445.72,4457712.0,93.446,120.017,123.979,False,0.0,False,0.6299980922637529,47,True,0.23076923076923078,False,-14.000000000000012,-0.1678481898282614,
2026-05-22,5.07,4.56,4.13,2.16,0.8289,2.4,3.55,3.65,6.51,0.74,2.74,106.9,119.2868,7473.47,4457712.0,93.446,120.017,123.979,False,0.0,False,0.6332540817893003,48,True,0.23076923076923078,False,-10.000000000000009,-0.1678481898282614,
2026-05-25,5.07,4.56,4.13,2.16,0.8289,2.4,3.55,3.65,6.51,0.74,2.74,106.9,119.2868,7473.47,4457712.0,93.446,120.017,123.979,False,0.0,False,0.6359610717528472,49,True,0.23076923076923078,False,-10.000000000000009,-0.1678481898282614,
2026-05-26,5.03,4.5,4.01,2.1,0.7941,2.4,3.63,3.65,6.51,0.74,2.72,102.75,119.1696,7519.12,4457712.0,93.446,120.017,123.979,False,0.0,False,0.651472156860669,50,True,0.23076923076923078,False,-2.0000000000000018,0.4388756070313791,
2026-05-27,5.01,4.48,4.0,2.09,0.7786,2.39,3.63,3.65,6.51,0.74,2.71,97.11,119.1829,7520.36,4461901.0,93.446,120.017,123.979,False,0.0,False,0.6706491451818897,51,True,0.23076923076923078,False,-2.0000000000000018,0.1747394433731808,
2026-05-28,4.98,4.45,3.99,2.06,0.764,2.39,3.62,3.65,6.53,0.73,2.72,95.47,119.0318,7563.63,4461901.0,93.446,120.017,123.979,False,0.0,False,0.682139308722325,52,True,0.23076923076923078,False,-2.9999999999999805,0.356319578123184,
2026-05-29,4.99,4.45,3.98,2.07,0.7541,2.38,3.63,3.65,6.53,0.73,2.72,92.88,118.8783,7580.06,4461901.0,93.446,120.017,123.979,False,0.0,False,0.6888623151558732,53,True,0.23076923076923078,False,-2.0000000000000018,0.3861381051482787,
2026-06-01,4.99,4.47,4.05,2.07,0.7627,2.4,3.65,3.65,6.53,0.73,2.72,98.29,119.1653,7599.96,4461901.0,93.446,120.017,123.979,False,0.0,False,0.6973894599413222,54,True,0.23076923076923078,False,0.0,0.451779306639717,
2026-06-02,4.97,4.46,4.05,2.07,0.7582,2.39,3.63,3.65,6.53,0.74,2.71,98.49,119.0359,7609.78,4461901.0,93.446,120.017,123.979,False,0.0,False,0.6935596167106102,55,True,0.23076923076923078,False,-2.0000000000000018,0.2427485276796218,
2026-06-03,4.99,4.49,4.08,2.11,0.7733,2.38,3.61,3.65,6.53,0.74,2.75,101.69,119.3848,7553.68,4469293.0,93.446,120.017,123.979,False,0.0,False,0.7029893782687509,56,True,0.23076923076923078,False,-4.0000000000000036,0.1525350850384987,
2026-06-04,4.97,4.47,4.05,2.11,0.7654,2.36,3.62,3.65,6.48,0.74,2.74,98.98,119.3615,7584.31,4469293.0,93.446,120.017,123.979,False,0.0,False,0.7004653117180756,57,True,0.23076923076923078,False,-2.9999999999999805,0.1032149245055423,
2026-06-05,5.01,4.55,4.17,2.19,0.8019,2.36,3.63,3.65,6.48,0.74,2.76,97.29,120.0831,7383.74,4469293.0,93.446,120.017,123.979,False,0.0,False,0.7099255197752883,58,True,0.21428571428571427,False,-2.0000000000000018,0.1360574230348125,
2026-06-08,5.03,4.56,4.15,2.21,0.8081,2.35,3.63,3.65,6.48,0.75,2.75,97.46,120.034,7405.73,4469293.0,93.446,120.017,123.979,False,0.0,False,0.7129721003767631,59,True,0.23076923076923078,False,-2.0000000000000018,0.13527949559381,
2026-06-09,5.01,4.53,4.13,2.2,0.7977,2.33,3.6,3.65,6.48,0.75,2.78,94.15,119.9617,7386.65,4469293.0,93.446,120.017,123.979,False,0.0,False,0.6953342891496038,60,True,0.23076923076923078,False,-4.999999999999982,0.2275585104533259,
2026-06-10,5.03,4.55,4.13,2.21,0.801,2.34,3.59,3.65,6.48,0.75,2.8,95.73,119.9134,7266.99,4479919.0,93.446,120.017,123.979,False,0.0,False,0.687078942005443,61,True,0.2857142857142857,False,-6.000000000000005,0.1805066832888339,
2026-06-11,4.95,4.45,4.05,2.16,0.763,2.29,3.6,3.65,6.52,0.75,2.78,92.84,120.1174,7394.3,4479919.0,93.446,120.017,123.979,False,0.0,False,0.6990520586962188,62,True,0.3076923076923077,False,-4.999999999999982,0.2657704320168045,
2026-06-12,4.97,4.48,4.09,2.17,0.7671,2.31,3.65,3.65,6.52,0.74,2.71,88.64,119.5073,7431.46,4479919.0,93.446,120.017,123.979,False,0.0,False,0.6954349717130416,63,True,0.3076923076923077,False,0.0,0.4326281398794466,
2026-06-15,4.97,4.47,4.07,2.15,0.7574,2.32,3.69,3.65,6.52,0.73,2.66,84.36,119.3158,7554.29,4479919.0,93.446,120.017,123.979,False,0.0,False,0.6806859750881825,64,True,0.3076923076923077,False,4.0000000000000036,0.5653673983715534,
2026-06-16,4.93,4.43,4.05,2.14,0.7392,2.29,3.63,3.65,6.52,0.75,2.71,80.5,119.256,7511.35,4479919.0,93.446,120.017,123.979,False,0.0,False,0.6647755150689747,65,True,0.3076923076923077,False,-2.0000000000000018,0.0588233759649552,
2026-06-17,4.93,4.49,4.2,2.23,0.7666,2.26,3.63,3.65,6.52,0.74,2.63,80.33,119.3871,7420.1,4487319.0,93.446,120.017,123.979,False,0.0,False,0.6525763579949143,66,True,0.2857142857142857,False,-2.0000000000000018,0.0583825902163884,
2026-06-18,4.9,4.46,4.19,2.21,0.7519,2.25,3.62,3.65,6.47,0.74,2.66,79.35,120.3958,7500.58,4487319.0,93.446,120.017,123.979,False,0.0,False,0.6498085568643611,67,True,0.2857142857142857,False,-2.9999999999999805,-0.087995949756599,
2026-06-19,4.9,4.46,4.19,2.21,0.7519,2.25,3.62,3.65,6.47,0.74,2.66,80.46,120.3958,7500.58,4487319.0,93.446,120.017,123.979,False,0.0,False,0.6467421766723843,68,True,0.2857142857142857,False,-2.9999999999999805,-0.087868759905589,
2026-06-22,4.95,4.51,4.24,2.28,0.7647,2.23,3.61,3.65,6.47,0.74,2.65,76.49,120.5463,7472.79,4487319.0,93.446,120.017,123.979,False,0.0,False,0.6524488748307993,69,True,0.2857142857142857,False,-4.0000000000000036,-0.1214103128208199,
2026-06-23,4.94,4.5,4.16,2.29,0.7568,2.21,3.62,3.65,6.47,0.74,2.71,75.69,121.0552,7365.46,4487319.0,93.446,120.017,123.979,False,0.0,False,0.6038383969117457,70,True,0.26666666666666666,False,-2.9999999999999805,-0.0931818398368587,
2026-06-24,4.86,4.41,4.11,2.23,0.7175,2.18,3.62,3.65,6.47,0.75,2.76,72.09,121.412,7358.22,4488106.0,93.446,120.017,123.979,False,0.0,False,0.576518961730803,71,True,0.26666666666666666,False,-2.9999999999999805,0.0085074775559334,
2026-06-25,4.86,4.4,4.09,2.19,0.6992,2.21,3.64,3.65,6.49,0.76,2.78,73.74,121.0559,7357.49,4488106.0,93.446,120.017,123.979,False,0.0,False,0.6217456358656298,72,True,0.26666666666666666,False,-0.9999999999999787,0.1469380310763094,
2026-06-26,4.87,4.38,4.07,2.18,0.6849,2.2,3.62,3.65,6.49,0.77,2.83,70.16,120.8866,7354.02,4488106.0,93.446,120.017,123.979,False,0.0,False,0.6119132631142528,73,True,0.26666666666666666,False,-2.9999999999999805,0.0791237318908893,
2026-06-29,4.86,4.38,4.1,2.16,0.6782,2.22,3.62,3.65,6.49,0.76,2.8,71.59,120.9525,7440.43,4488106.0,93.446,120.017,123.979,False,0.0,False,0.6168656614913837,74,True,0.26666666666666666,False,-2.9999999999999805,0.0787072015192383,
2026-06-30,4.91,4.44,4.14,2.2,0.6967,2.24,3.68,3.65,6.49,0.76,2.75,70.46,120.9248,7499.36,4488106.0,93.446,120.017,123.979,False,0.0,False,0.591823057811093,75,True,0.26666666666666666,False,3.000000000000025,0.3246872904171964,
2026-07-01,4.97,4.48,4.17,2.25,0.7216,2.23,3.66,3.65,6.49,0.76,2.74,69.24,121.1455,7483.23,4492235.0,93.446,120.017,123.979,False,0.0,False,0.5945725601015496,76,True,0.26666666666666666,False,1.000000000000023,0.9001864799138374,
2026-07-02,4.98,4.49,4.14,2.26,0.7322,2.23,3.64,3.65,6.43,0.75,2.75,68.53,120.6902,7483.24,4492235.0,93.446,120.017,123.979,False,0.0,False,0.5943169147655641,77,True,0.26666666666666666,False,-0.9999999999999787,1.1984974613160158,黄
2026-07-03,4.98,4.49,4.14,2.26,0.7322,2.23,3.64,3.65,6.43,0.75,2.74,68.68,120.6902,7483.24,4492235.0,93.446,120.017,123.979,False,0.0,False,0.5950249310401381,78,True,0.26666666666666666,False,-0.9999999999999787,1.4910180624586955,黄
2026-07-06,4.99,4.48,4.13,2.24,0.7261,2.24,3.63,3.65,6.43,0.75,2.72,69.56,120.835,7537.43,4492235.0,93.446,120.017,123.979,False,0.0,False,0.5923577774325247,79,True,0.26666666666666666,False,-2.0000000000000018,1.3319529279416442,黄
2026-07-07,5.05,4.55,4.19,2.3,0.7531,2.25,3.62,3.65,6.43,0.76,2.67,71.78,120.8145,7503.85,4492235.0,93.446,120.017,123.979,False,0.0,False,0.5977111252970753,80,True,0.26666666666666666,False,-2.9999999999999805,1.4715132422261066,黄
2026-07-08,5.06,4.56,4.21,2.31,0.771,2.25,3.58,3.65,6.43,0.76,2.7,76.5,121.1307,7482.71,4502749.0,93.446,120.017,123.979,False,0.0,False,0.5966390567805001,81,True,0.26666666666666666,False,-6.999999999999984,1.019279888207166,黄
2026-07-09,5.05,4.54,4.16,2.31,0.7671,2.23,3.53,3.65,6.49,0.76,2.7,74.46,120.753,7543.64,4502749.0,93.446,120.017,123.979,False,0.0,False,0.5997453346276911,82,True,0.26666666666666666,False,-12.00000000000001,-0.171948085488863,
2026-07-10,5.06,4.56,4.21,2.32,0.7788,2.24,3.55,3.65,6.49,0.77,2.69,74.34,120.5046,7575.39,4502749.0,93.446,120.017,123.979,False,0.0,False,0.5879413533740141,83,True,0.26666666666666666,False,-10.000000000000009,0.8673299602704626,
2026-07-13,5.1,4.62,4.26,2.36,0.8008,2.26,3.6,3.65,6.49,0.78,2.69,81.62,120.7413,7515.34,4502749.0,93.446,120.017,123.979,False,0.0,False,0.6105388879069292,84,True,0.26666666666666666,False,-4.999999999999982,1.886974649743297,黄
2026-07-14,5.08,4.58,4.18,2.33,0.7895,2.25,3.63,3.65,6.49,0.79,2.72,83.69,120.4728,7543.59,4502749.0,93.446,120.017,123.979,False,0.0,False,0.6138747563246284,85,True,0.26666666666666666,False,-2.0000000000000018,0.2669516144676376,
2026-07-15,5.08,4.55,4.13,2.32,0.7727,2.23,3.64,3.65,6.49,0.79,2.71,83.08,120.3088,7572.4,4509941.0,93.446,120.017,123.979,False,0.0,False,0.6015587246386171,86,True,0.21428571428571427,False,-0.9999999999999787,0.0899307725889724,
2026-07-16,5.09,4.57,4.16,2.35,0.7801,2.22,3.62,3.65,6.55,0.78,2.71,81.23,120.331,7533.77,4509941.0,93.446,120.017,123.979,False,0.0,False,0.6041922849642402,87,True,0.21428571428571427,False,-2.9999999999999805,0.2663389027500272,
2026-07-17,5.06,4.55,4.18,2.31,0.7787,2.24,3.59,3.65,6.55,0.79,2.73,85.01,120.5315,7457.69,4509941.0,93.446,120.017,123.979,False,0.0,False,0.5755657872956472,88,True,0.2,False,-6.000000000000005,0.0333374005783127,
2026-07-20,5.11,4.6,4.21,2.35,0.7931,2.25,3.57,3.65,6.55,0.78,2.69,86.99,120.5401,7443.28,4509941.0,93.446,120.017,123.979,False,0.0,False,0.5806053944382911,89,True,0.2,False,-8.000000000000007,-0.0351228876423977,
2026-07-21,5.13,4.63,4.26,2.37,0.812,2.26,3.61,3.65,6.55,0.78,2.69,93.85,120.5779,7509.2,4509941.0,93.446,120.017,123.979,False,0.0,False,0.5611267478453714,90,True,0.2,False,-4.0000000000000036,0.1076130643560349,
2026-07-22,5.15,4.67,4.31,2.39,0.831,2.28,3.62,3.65,6.55,0.78,2.68,94.12,120.5736,7498.96,4515661.0,93.446,120.017,123.979,True,1.0,False,0.5561845021972369,91,True,0.2,False,-2.9999999999999805,0.4073952844767409,
2026-07-23,5.17,4.71,4.37,2.43,0.8488,2.28,3.64,3.65,6.58,0.79,2.77,105.32,120.9075,7408.3,4515661.0,93.446,120.017,123.979,True,2.0,False,0.5662266072613158,92,True,0.1875,False,-0.9999999999999787,0.2273123484831972,
2026-07-24,5.16,4.69,4.33,2.43,0.8384,2.26,3.64,3.65,6.58,0.8,2.79,100.31,120.7105,7411.98,4515661.0,93.446,120.017,123.979,True,3.0,False,0.5655281607425501,93,True,0.1875,False,-0.9999999999999787,0.2266620778064302,
2026-07-27,5.12,4.65,4.31,2.44,0.8208,2.21,3.64,3.65,6.58,0.81,2.81,91.82,120.7739,7413.18,4515661.0,93.446,120.017,123.979,True,4.0,False,0.5646689758221941,94,True,0.1875,False,-0.9999999999999787,0.1770619188966026,
2026-07-28,5.09,4.61,4.26,2.41,0.7998,2.2,3.65,3.65,6.58,0.81,2.84,85.51,120.6247,7428.78,4515661.0,93.446,120.017,123.979,True,5.0,False,0.5602987472665232,95,True,0.1875,False,0.0,0.2989576668633046,
2026-07-29,5.2,4.67,4.22,2.41,0.8181,2.26,3.65,3.65,6.58,0.81,2.87,91.95,120.7892,7316.15,4519654.0,93.446,120.017,123.979,True,6.0,False,0.5752061527077479,96,True,0.17647058823529413,False,0.0,0.2358955143664686,
2026-07-30,5.21,4.68,4.23,2.41,0.833,2.27,3.65,3.65,6.66,0.8,2.84,91.91,119.6753,7437.63,4519654.0,93.446,120.017,123.979,True,7.0,False,0.5509795580043969,97,True,0.17647058823529413,False,0.0,0.2351614143785896,
2026-07-31,5.27,4.75,4.28,2.47,0.8681,2.28,3.66,3.65,6.66,0.79,2.85,96.95,119.7034,7489.72,4519654.0,93.446,120.017,123.979,True,8.0,False,0.516356768196821,98,True,0.1875,False,1.000000000000023,0.7058554891292358,
2026-08-03,5.23,4.7,4.25,2.43,0.8531,2.27,3.65,3.65,6.66,0.78,2.78,88.9,119.6951,7600.5,4519654.0,93.446,120.017,123.979,True,9.0,False,0.5097723434977336,99,True,0.1875,False,0.0,0.5574644609580167,
2026-08-04,5.18,4.63,4.2,2.4,0.8216,2.23,3.66,3.65,6.66,0.78,2.73,86.47,119.5977,7736.52,4519654.0,93.446,120.017,123.979,False,9.0,False,0.532906538261768,100,True,0.1875,False,1.000000000000023,0.2560345846789721,
2026-08-05,5.17,4.63,4.18,2.41,0.813,2.22,3.64,3.65,6.66,0.78,2.75,86.65,119.3881,7723.55,4529958.0,93.446,120.017,123.979,False,9.0,False,0.5270025149256834,101,True,0.1875,False,-0.9999999999999787,0.187651157836223,
2026-08-06,5.22,4.69,4.25,2.43,0.8361,2.26,3.65,3.65,6.69,0.78,2.71,89.65,119.5113,7709.96,4529958.0,93.446,120.017,123.979,True,10.0,True,0.5303550843736403,102,True,0.1875,False,0.0,0.1977068054457667,
2026-08-07,5.19,4.65,4.19,2.4,0.8257,2.25,3.62,3.65,6.69,0.78,2.7,87.62,119.0649,7757.64,4529958.0,93.446,120.017,123.979,False,10.0,True,0.5342004007390957,103,True,0.2,False,-2.9999999999999805,0.0958852316822302,
2026-08-10,5.25,4.72,4.25,2.43,0.8488,2.29,3.63,3.65,6.69,0.78,2.7,92.74,119.1187,7753.11,4529958.0,93.446,120.017,123.979,False,10.0,True,0.5289878101296276,104,True,0.2,False,-2.0000000000000018,0.1297534804619184,
2026-08-11,5.24,4.7,4.22,2.43,0.8479,2.27,3.64,3.65,6.69,0.79,2.72,93.26,119.179,7728.2,4529958.0,93.446,120.017,123.979,False,10.0,True,0.5279040261899798,105,True,0.2,False,-0.9999999999999787,0.851450122476281,
2026-08-12,5.24,4.68,4.2,2.42,0.8438,2.26,3.62,3.65,6.69,0.79,2.71,92.52,119.1179,7748.5,4538288.0,93.446,120.017,123.979,False,10.0,True,0.5018782747682771,106,True,0.2,False,-2.9999999999999805,0.5605864930511104,
2026-08-13,5.21,4.63,4.15,2.39,0.8233,2.24,3.62,3.65,6.67,0.79,2.71,92.03,119.1848,7798.99,4538288.0,93.446,120.017,123.979,False,10.0,True,0.5068991368638298,107,True,0.2,False,-2.9999999999999805,0.0719506980438232,
2026-08-14,5.25,4.68,4.17,2.41,0.8393,2.27,3.62,3.65,6.67,0.8,2.67,92.02,118.9028,7785.76,4538288.0,93.446,120.017,123.979,False,10.0,True,0.49772150223331385,108,True,0.2,False,-2.9999999999999805,0.2681795741526269,
2026-08-17,5.31,4.72,4.19,2.44,0.8536,2.28,3.66,3.65,6.67,0.81,2.7,92.43,118.814,7745.06,4538288.0,93.446,120.017,123.979,False,10.0,True,0.48529646283541317,109,True,0.2,False,1.000000000000023,0.2071034649877123,
2026-08-18,5.28,4.71,4.19,2.41,0.8549,2.3,3.65,3.65,6.67,0.82,2.75,95.29,118.9831,7691.76,4538288.0,93.446,120.017,123.979,False,10.0,True,0.4774321744703429,110,True,0.14285714285714285,False,0.0,0.1841024669352632,
2026-08-19,5.19,4.65,4.19,2.35,0.8378,2.3,3.62,3.65,6.67,0.81,2.73,92.37,118.3328,7707.98,4542228.0,93.446,120.017,123.979,False,10.0,True,0.4723920149883641,111,True,0.14285714285714285,False,-2.9999999999999805,-0.0883891712472344,
2026-08-20,5.23,4.69,4.19,2.35,0.8478,2.34,3.63,3.65,6.65,0.82,2.75,94.0,118.2548,7641.16,4542228.0,93.446,120.017,123.979,False,10.0,True,0.48069488947863903,112,True,0.14285714285714285,False,-2.0000000000000018,0.7102603796380739,
2026-08-21,5.27,4.74,4.24,2.4,0.8682,2.34,3.65,3.65,6.65,0.81,2.7,96.92,118.0628,7674.37,4542228.0,93.446,120.017,123.979,False,10.0,True,0.460385058616782,113,True,0.14285714285714285,False,0.0,0.7082014571546746,
2026-08-24,5.23,4.7,4.24,2.38,0.8631,2.32,3.65,3.65,6.65,0.81,2.69,92.71,118.3195,7652.86,4542228.0,93.446,120.017,123.979,False,10.0,True,0.45097826317311246,114,True,0.14285714285714285,False,0.0,-0.1782228832574658,
2026-08-25,5.17,4.64,4.17,2.32,0.8347,2.32,3.66,3.65,6.65,0.81,2.7,88.24,118.2283,7677.28,4542228.0,93.446,120.017,123.979,False,10.0,True,0.4462796773766718,115,True,0.14285714285714285,False,1.000000000000023,0.3103989899971583,
2026-08-26,5.18,4.66,4.19,2.34,0.8394,2.32,3.64,3.65,6.65,0.8,2.67,87.77,118.4461,7675.7,4546169.0,93.446,120.017,123.979,False,10.0,True,0.4459865825913026,116,True,0.14285714285714285,False,-0.9999999999999787,0.1228753414968939,
2026-08-27,5.19,4.67,4.2,2.34,0.8472,2.33,3.64,3.65,6.66,0.79,2.63,90.18,118.3583,7730.99,4546169.0,93.446,120.017,123.979,False,10.0,True,0.4439797734490387,117,True,0.14285714285714285,False,-0.9999999999999787,0.1845884899471367,
2026-08-28,5.22,4.73,4.34,2.42,0.8756,2.31,3.65,3.65,6.66,0.79,2.6,89.75,118.7479,7711.76,4546169.0,93.446,120.017,123.979,False,10.0,True,0.4441353907171238,118,True,0.14285714285714285,False,0.0,0.2181229170606038,
2026-08-31,5.25,4.75,4.34,2.44,0.8803,2.31,3.68,3.65,6.66,0.8,2.63,89.75,118.5679,7686.14,4546169.0,93.446,120.017,123.979,False,10.0,True,0.4409849996559606,119,True,0.07692307692307693,False,3.000000000000025,0.3193748000359094,
2026-09-01,5.27,4.79,4.39,2.44,0.8997,2.35,3.66,3.65,6.66,0.81,2.65,96.02,118.6568,7631.47,4546169.0,93.446,120.017,123.979,True,11.0,True,0.4451111558815846,120,True,0.07692307692307693,False,1.000000000000023,0.2341745911784052,
2026-09-02,5.27,4.79,4.39,2.45,0.8992,2.34,3.65,3.65,6.66,0.81,2.66,97.59,118.5296,7666.6,4552347.0,93.446,120.017,123.979,True,12.0,True,0.39833863757960225,121,True,0.07692307692307693,False,0.0,0.2000137682094254,
2026-09-03,5.25,4.77,4.34,2.42,0.8812,2.35,3.66,3.65,6.71,0.81,2.65,100.52,118.127,7747.71,4552347.0,93.446,120.017,123.979,False,12.0,True,0.40464203096147205,122,True,0.07692307692307693,False,1.000000000000023,1.291553197172391,黄
2026-09-04,5.24,4.78,4.37,2.43,0.8892,2.35,3.65,3.65,6.71,0.81,2.68,102.24,118.0732,7718.6,4552347.0,93.446,120.017,123.979,False,12.0,True,0.4130191765605761,123,True,0.08333333333333333,False,0.0,0.5547012622677592,
2026-09-07,5.24,4.78,4.37,2.43,0.8892,2.35,3.65,3.65,6.71,0.81,2.68,104.47,118.0732,7718.6,4552347.0,93.446,120.017,123.979,False,12.0,True,0.41585357115681626,124,True,0.08333333333333333,False,0.0,0.2601195303879653,
2026-09-08,5.25,4.8,4.39,2.43,0.8919,2.37,3.64,3.65,6.71,0.81,2.67,106.12,117.9127,7673.52,4552347.0,93.446,120.017,123.979,False,12.0,True,0.36190312297114624,125,True,0.08333333333333333,False,-0.9999999999999787,0.0306768447703879,
2026-09-09,5.28,4.83,4.43,2.46,0.9002,2.37,3.64,3.65,6.71,0.81,2.71,109.51,117.8834,7636.36,4552337.0,93.446,120.017,123.979,True,13.0,True,0.37478795608277604,126,True,0.08333333333333333,False,-0.9999999999999787,0.4060124771775587,
2026-09-10,5.37,4.95,4.56,2.55,0.9481,2.4,3.62,3.65,6.76,0.8,2.7,120.98,118.0787,7591.7,4552337.0,93.446,120.017,123.979,True,14.0,True,0.38852951893256565,127,True,0.09090909090909091,False,-2.9999999999999805,2.421254704864777,红
2026-09-11,5.35,4.96,4.63,2.6,0.961,2.36,3.62,3.65,6.76,0.8,2.65,118.06,118.2126,7656.98,4552337.0,93.446,120.017,123.979,True,15.0,True,0.40487909367438824,128,True,0.09090909090909091,False,-2.9999999999999805,-0.1823354985172756,
2026-09-14,5.34,4.97,4.65,2.6,0.959,2.37,3.62,3.65,6.76,0.8,2.71,121.25,118.6923,7619.98,4552337.0,93.446,120.017,123.979,True,16.0,True,0.3827836616197943,129,True,0.1,False,-2.9999999999999805,-0.1823354985172756,
2026-09-15,5.36,5.0,4.67,2.62,0.9641,2.38,3.64,3.65,6.76,0.8,2.76,130.8,118.8822,7585.73,4552337.0,93.446,120.017,123.979,True,17.0,True,0.3733819160270395,130,True,0.1,False,-0.9999999999999787,0.5350838170183554,
2026-09-16,5.35,5.01,4.74,2.68,0.9719,2.33,3.62,3.65,6.76,0.78,2.7,127.84,118.9206,7551.81,4554450.0,93.446,120.017,123.979,False,17.0,True,0.37258067136807044,131,True,0.1,False,-2.9999999999999805,0.4671849706768413,
2026-09-17,5.29,4.94,4.67,2.61,0.9396,2.33,3.85,3.9,6.95,0.78,2.7,121.18,119.3489,7637.76,4554450.0,93.446,120.017,123.979,False,17.0,True,0.3970375626502283,132,True,0.1,False,-4.999999999999982,0.3489970460666935,
2026-09-18,5.34,5.01,4.76,2.68,0.9595,2.33,3.85,3.9,6.95,0.77,2.68,119.66,119.5133,7650.5,4554450.0,93.446,120.017,123.979,False,17.0,True,0.4159899093642949,133,True,0.1111111111111111,False,-4.999999999999982,0.3475450504902928,
2026-09-21,5.29,4.96,4.76,2.62,0.9416,2.34,3.85,3.9,6.95,0.77,2.66,116.15,119.4014,7764.7,4554450.0,93.446,120.017,123.979,False,17.0,True,0.4695673079153172,134,True,0.125,False,-4.999999999999982,0.3461058787836443,
2026-09-22,5.29,4.96,4.71,2.63,0.9344,2.33,3.87,3.9,6.95,0.77,2.68,114.89,119.5933,7764.64,4554450.0,93.446,120.017,123.979,False,17.0,True,0.47078333162787456,135,True,0.125,False,-2.9999999999999805,0.0902173845476768,
2026-09-23,5.4,5.11,4.85,2.76,0.9932,2.35,3.87,3.9,6.95,0.77,2.73,117.45,120.1169,7706.03,4558332.0,93.446,120.017,123.979,False,17.0,True,0.49100076067518816,136,True,0.125,False,-2.9999999999999805,0.3554215720850698,
2026-09-24,5.47,5.18,4.87,2.85,1.0259,2.33,3.88,3.9,7.03,0.79,2.8,120.92,120.5521,7704.13,4558332.0,93.446,120.017,123.979,False,17.0,True,0.49049942213576625,137,True,0.125,False,-2.0000000000000018,0.0854062699263253,
2026-09-25,5.49,5.17,4.81,2.83,1.0209,2.34,3.9,3.9,7.03,0.81,2.93,116.01,120.33,7743.41,4558332.0,93.446,120.017,123.979,False,17.0,True,0.5203858654360517,138,True,0.125,False,0.0,0.1527967643913205,
2026-09-28,5.56,5.24,4.92,2.9,1.0468,2.34,3.9,3.9,7.03,0.83,3.02,119.97,120.6958,7683.69,4558332.0,93.446,120.017,123.979,False,17.0,True,0.5304304008967544,139,True,0.125,False,0.0,0.1517886554805163,
2026-09-29,5.59,5.26,4.89,2.91,1.058,2.35,3.88,3.9,7.03,0.84,3.08,113.96,121.0296,7670.84,4558332.0,93.446,120.017,123.979,False,17.0,True,0.5308256293450747,140,True,0.125,False,-2.0000000000000018,0.0277309861527474,
2026-09-30,5.64,5.29,4.88,2.93,1.0773,2.36,3.9,3.9,7.03,0.84,3.12,115.91,120.9693,7651.54,4564161.0,93.446,120.017,123.979,False,17.0,True,0.5326239677513077,141,True,0.125,False,0.0,0.1051229169926828,
2026-10-01,5.61,5.24,4.78,2.88,1.065,2.36,3.87,3.9,7.28,0.86,3.24,114.82,121.7882,7666.45,4564161.0,93.446,120.017,123.979,False,17.0,True,0.5270166599316654,142,True,0.125,False,-2.9999999999999805,0.0643257024857029,
2026-10-02,5.63,5.28,4.83,2.92,1.0847,2.36,3.88,3.9,7.28,0.85,3.1,135.51,121.3848,7722.72,4564161.0,93.446,120.017,123.979,False,17.0,True,0.5057517358767872,143,True,0.125,False,-2.0000000000000018,0.0988218810017753,
2026-10-05,5.66,5.31,4.84,2.95,1.0847,2.36,3.89,3.9,7.28,0.84,3.12,125.51,121.3848,7773.95,4564161.0,93.446,120.017,123.979,False,17.0,True,0.4976463233560586,144,True,0.125,False,-0.9999999999999787,0.1332938212602909,
2026-10-06,5.64,5.27,4.79,2.91,1.0847,2.36,3.9,3.9,7.28,0.83,3.03,125.44,121.3848,7818.93,4564161.0,93.446,120.017,123.979,False,17.0,True,0.49840577115904133,145,True,0.125,False,0.0,-0.0196205718754461,
2026-10-07,5.67,5.28,4.77,2.92,1.0847,2.36,3.88,3.9,7.28,0.82,3.09,125.44,121.3848,7801.77,4566384.0,93.446,120.017,123.979,False,17.0,True,0.5004027212812799,146,True,0.125,False,-2.0000000000000018,-0.1806488437388177,
2026-10-08,5.6,5.22,4.75,2.87,1.0847,2.35,3.87,3.9,7.4,0.82,3.15,125.44,121.3848,7765.36,4566384.0,93.446,120.017,123.979,False,17.0,True,0.4599020777907435,147,True,0.125,False,-2.9999999999999805,-0.1799377470898814,
2026-10-09,5.6,5.22,4.75,2.87,1.0847,2.33,3.87,3.9,7.4,0.82,3.15,125.44,121.3848,7811.54,4566384.0,93.446,120.017,123.979,False,17.0,True,0.45717062741089526,148,True,0.125,False,-2.9999999999999805,-0.1799377470898814,
