market,date,lev_short,lev_long
10-YEAR U.S. TREASURY NOTES - CHICAGO BOARD OF TRADE,2016-01-05,577745,337075
2-YEAR U.S. TREASURY NOTES - CHICAGO BOARD OF TRADE,2016-01-05,255512,254556
5-YEAR U.S. TREASURY NOTES - CHICAGO BOARD OF TRADE,2016-01-05,698739,201118
LONG-TERM U.S. TREASURY BONDS - CHICAGO BOARD OF TRADE,2016-01-05,267266,23282
U.S. TREASURY BONDS - CHICAGO BOARD OF TRADE,2016-01-05,58685,46568
10-YEAR U.S. TREASURY NOTES - CHICAGO BOARD OF TRADE,2016-01-12,605068,361360
2-YEAR U.S. TREASURY NOTES - CHICAGO BOARD OF TRADE,2016-01-12,242314,290948
5-YEAR U.S. TREASURY NOTES - CHICAGO BOARD OF TRADE,2016-01-12,749139,237961
LONG-TERM U.S. TREASURY BONDS - CHICAGO BOARD OF TRADE,2016-01-12,263837,28651
U.S. TREASURY BONDS - CHICAGO BOARD OF TRADE,2016-01-12,52169,40856
5-YEAR U.S. TREASURY NOTES - CHICAGO BOARD OF TRADE,2016-01-19,809343,277844
2-YEAR U.S. TREASURY NOTES - CHICAGO BOARD OF TRADE,2016-01-19,251374,307031
U.S. TREASURY BONDS - CHICAGO BOARD OF TRADE,2016-01-19,72147,45213
LONG-TERM U.S. TREASURY BONDS - CHICAGO BOARD OF TRADE,2016-01-19,266838,23539
10-YEAR U.S. TREASURY NOTES - CHICAGO BOARD OF TRADE,2016-01-19,638612,402369
10-YEAR U.S. TREASURY NOTES - CHICAGO BOARD OF TRADE,2016-01-26,668701,452347
2-YEAR U.S. TREASURY NOTES - CHICAGO BOARD OF TRADE,2016-01-26,265587,324284
5-YEAR U.S. TREASURY NOTES - CHICAGO BOARD OF TRADE,2016-01-26,912683,321803
LONG-TERM U.S. TREASURY BONDS - CHICAGO BOARD OF TRADE,2016-01-26,271398,26656
U.S. TREASURY BONDS - CHICAGO BOARD OF TRADE,2016-01-26,63670,43368
5-YEAR U.S. TREASURY NOTES - CHICAGO BOARD OF TRADE,2016-02-02,901633,349979
2-YEAR U.S. TREASURY NOTES - CHICAGO BOARD OF TRADE,2016-02-02,289905,328319
U.S. TREASURY BONDS - CHICAGO BOARD OF TRADE,2016-02-02,65044,45484
LONG-TERM U.S. TREASURY BONDS - CHICAGO BOARD OF TRADE,2016-02-02,278851,30509
10-YEAR U.S. TREASURY NOTES - CHICAGO BOARD OF TRADE,2016-02-02,732680,447156
10-YEAR U.S. TREASURY NOTES - CHICAGO BOARD OF TRADE,2016-02-09,773971,459277
2-YEAR U.S. TREASURY NOTES - CHICAGO BOARD OF TRADE,2016-02-09,347979,354769
5-YEAR U.S. TREASURY NOTES - CHICAGO BOARD OF TRADE,2016-02-09,882759,359656
LONG-TERM U.S. TREASURY BONDS - CHICAGO BOARD OF TRADE,2016-02-09,270724,29682
U.S. TREASURY BONDS - CHICAGO BOARD OF TRADE,2016-02-09,77528,56489
2-YEAR U.S. TREASURY NOTES - CHICAGO BOARD OF TRADE,2016-02-16,350146,363946
10-YEAR U.S. TREASURY NOTES - CHICAGO BOARD OF TRADE,2016-02-16,810729,457945
5-YEAR U.S. TREASURY NOTES - CHICAGO BOARD OF TRADE,2016-02-16,891765,344244
U.S. TREASURY BONDS - CHICAGO BOARD OF TRADE,2016-02-16,72598,55605
LONG-TERM U.S. TREASURY BONDS - CHICAGO BOARD OF TRADE,2016-02-16,280557,26560
10-YEAR U.S. TREASURY NOTES - CHICAGO BOARD OF TRADE,2016-02-23,724126,526071
2-YEAR U.S. TREASURY NOTES - CHICAGO BOARD OF TRADE,2016-02-23,341616,370279
5-YEAR U.S. TREASURY NOTES - CHICAGO BOARD OF TRADE,2016-02-23,808023,347444
LONG-TERM U.S. TREASURY BONDS - CHICAGO BOARD OF TRADE,2016-02-23,275102,28930
U.S. TREASURY BONDS - CHICAGO BOARD OF TRADE,2016-02-23,48034,53102
2-YEAR U.S. TREASURY NOTES - CHICAGO BOARD OF TRADE,2016-03-01,288551,321207
LONG-TERM U.S. TREASURY BONDS - CHICAGO BOARD OF TRADE,2016-03-01,264102,33724
10-YEAR U.S. TREASURY NOTES - CHICAGO BOARD OF TRADE,2016-03-01,737082,472799
U.S. TREASURY BONDS - CHICAGO BOARD OF TRADE,2016-03-01,44858,58144
5-YEAR U.S. TREASURY NOTES - CHICAGO BOARD OF TRADE,2016-03-01,762959,318448
10-YEAR U.S. TREASURY NOTES - CHICAGO BOARD OF TRADE,2016-03-08,685689,511791
2-YEAR U.S. TREASURY NOTES - CHICAGO BOARD OF TRADE,2016-03-08,235376,286463
5-YEAR U.S. TREASURY NOTES - CHICAGO BOARD OF TRADE,2016-03-08,767888,318135
LONG-TERM U.S. TREASURY BONDS - CHICAGO BOARD OF TRADE,2016-03-08,275561,33038
U.S. TREASURY BONDS - CHICAGO BOARD OF TRADE,2016-03-08,42941,65266
LONG-TERM U.S. TREASURY BONDS - CHICAGO BOARD OF TRADE,2016-03-15,274309,34652
10-YEAR U.S. TREASURY NOTES - CHICAGO BOARD OF TRADE,2016-03-15,614997,508631
2-YEAR U.S. TREASURY NOTES - CHICAGO BOARD OF TRADE,2016-03-15,188354,260172
U.S. TREASURY BONDS - CHICAGO BOARD OF TRADE,2016-03-15,39629,63049
5-YEAR U.S. TREASURY NOTES - CHICAGO BOARD OF TRADE,2016-03-15,737472,310629
10-YEAR U.S. TREASURY NOTES - CHICAGO BOARD OF TRADE,2016-03-22,549864,529503
2-YEAR U.S. TREASURY NOTES - CHICAGO BOARD OF TRADE,2016-03-22,201863,244367
5-YEAR U.S. TREASURY NOTES - CHICAGO BOARD OF TRADE,2016-03-22,763610,312678
LONG-TERM U.S. TREASURY BONDS - CHICAGO BOARD OF TRADE,2016-03-22,277857,38754
U.S. TREASURY BONDS - CHICAGO BOARD OF TRADE,2016-03-22,38521,68815
2-YEAR U.S. TREASURY NOTES - CHICAGO BOARD OF TRADE,2016-03-29,252459,258498
LONG-TERM U.S. TREASURY BONDS - CHICAGO BOARD OF TRADE,2016-03-29,280352,42197
10-YEAR U.S. TREASURY NOTES - CHICAGO BOARD OF TRADE,2016-03-29,594426,503164
U.S. TREASURY BONDS - CHICAGO BOARD OF TRADE,2016-03-29,47700,76862
5-YEAR U.S. TREASURY NOTES - CHICAGO BOARD OF TRADE,2016-03-29,822210,332842
10-YEAR U.S. TREASURY NOTES - CHICAGO BOARD OF TRADE,2016-04-05,670711,456264
2-YEAR U.S. TREASURY NOTES - CHICAGO BOARD OF TRADE,2016-04-05,313352,273980
5-YEAR U.S. TREASURY NOTES - CHICAGO BOARD OF TRADE,2016-04-05,897950,301207
LONG-TERM U.S. TREASURY BONDS - CHICAGO BOARD OF TRADE,2016-04-05,276332,40250
U.S. TREASURY BONDS - CHICAGO BOARD OF TRADE,2016-04-05,53225,71717
10-YEAR U.S. TREASURY NOTES - CHICAGO BOARD OF TRADE,2016-04-12,662549,529471
5-YEAR U.S. TREASURY NOTES - CHICAGO BOARD OF TRADE,2016-04-12,853643,300110
U.S. TREASURY BONDS - CHICAGO BOARD OF TRADE,2016-04-12,57504,83943
LONG-TERM U.S. TREASURY BONDS - CHICAGO BOARD OF TRADE,2016-04-12,274485,46316
2-YEAR U.S. TREASURY NOTES - CHICAGO BOARD OF TRADE,2016-04-12,295568,289466
LONG-TERM U.S. TREASURY BONDS - CHICAGO BOARD OF TRADE,2016-04-19,275365,47483
U.S. TREASURY BONDS - CHICAGO BOARD OF TRADE,2016-04-19,62393,83477
10-YEAR U.S. TREASURY NOTES - CHICAGO BOARD OF TRADE,2016-04-19,626558,565573
2-YEAR U.S. TREASURY NOTES - CHICAGO BOARD OF TRADE,2016-04-19,272967,281564
5-YEAR U.S. TREASURY NOTES - CHICAGO BOARD OF TRADE,2016-04-19,845410,365524
10-YEAR U.S. TREASURY NOTES - CHICAGO BOARD OF TRADE,2016-04-26,521294,512692
2-YEAR U.S. TREASURY NOTES - CHICAGO BOARD OF TRADE,2016-04-26,271435,278764
5-YEAR U.S. TREASURY NOTES - CHICAGO BOARD OF TRADE,2016-04-26,805038,366134
LONG-TERM U.S. TREASURY BONDS - CHICAGO BOARD OF TRADE,2016-04-26,266079,48485
U.S. TREASURY BONDS - CHICAGO BOARD OF TRADE,2016-04-26,46529,73100
10-YEAR U.S. TREASURY NOTES - CHICAGO BOARD OF TRADE,2016-05-03,500563,524641
LONG-TERM U.S. TREASURY BONDS - CHICAGO BOARD OF TRADE,2016-05-03,262975,48197
2-YEAR U.S. TREASURY NOTES - CHICAGO BOARD OF TRADE,2016-05-03,249072,266684
5-YEAR U.S. TREASURY NOTES - CHICAGO BOARD OF TRADE,2016-05-03,775491,315923
U.S. TREASURY BONDS - CHICAGO BOARD OF TRADE,2016-05-03,52838,74558
10-YEAR U.S. TREASURY NOTES - CHICAGO BOARD OF TRADE,2016-05-10,515589,528944
2-YEAR U.S. TREASURY NOTES - CHICAGO BOARD OF TRADE,2016-05-10,260664,277834
5-YEAR U.S. TREASURY NOTES - CHICAGO BOARD OF TRADE,2016-05-10,821983,303874
LONG-TERM U.S. TREASURY BONDS - CHICAGO BOARD OF TRADE,2016-05-10,265995,49972
U.S. TREASURY BONDS - CHICAGO BOARD OF TRADE,2016-05-10,58348,71755
10-YEAR U.S. TREASURY NOTES - CHICAGO BOARD OF TRADE,2016-05-17,587239,522746
U.S. TREASURY BONDS - CHICAGO BOARD OF TRADE,2016-05-17,65365,76608
2-YEAR U.S. TREASURY NOTES - CHICAGO BOARD OF TRADE,2016-05-17,264701,278168
LONG-TERM U.S. TREASURY BONDS - CHICAGO BOARD OF TRADE,2016-05-17,255293,48801
5-YEAR U.S. TREASURY NOTES - CHICAGO BOARD OF TRADE,2016-05-17,765541,328953
10-YEAR U.S. TREASURY NOTES - CHICAGO BOARD OF TRADE,2016-05-24,540208,484336
2-YEAR U.S. TREASURY NOTES - CHICAGO BOARD OF TRADE,2016-05-24,227661,237484
5-YEAR U.S. TREASURY NOTES - CHICAGO BOARD OF TRADE,2016-05-24,695273,308067
LONG-TERM U.S. TREASURY BONDS - CHICAGO BOARD OF TRADE,2016-05-24,242460,39657
U.S. TREASURY BONDS - CHICAGO BOARD OF TRADE,2016-05-24,62906,79786
10-YEAR U.S. TREASURY NOTES - CHICAGO BOARD OF TRADE,2016-05-31,501457,412491
2-YEAR U.S. TREASURY NOTES - CHICAGO BOARD OF TRADE,2016-05-31,221207,197477
5-YEAR U.S. TREASURY NOTES - CHICAGO BOARD OF TRADE,2016-05-31,734072,310658
LONG-TERM U.S. TREASURY BONDS - CHICAGO BOARD OF TRADE,2016-05-31,234961,43068
U.S. TREASURY BONDS - CHICAGO BOARD OF TRADE,2016-05-31,70528,83276
5-YEAR U.S. TREASURY NOTES - CHICAGO BOARD OF TRADE,2016-06-07,783106,338086
2-YEAR U.S. TREASURY NOTES - CHICAGO BOARD OF TRADE,2016-06-07,211626,240306
U.S. TREASURY BONDS - CHICAGO BOARD OF TRADE,2016-06-07,71600,92805
LONG-TERM U.S. TREASURY BONDS - CHICAGO BOARD OF TRADE,2016-06-07,229822,47557
10-YEAR U.S. TREASURY NOTES - CHICAGO BOARD OF TRADE,2016-06-07,565697,518640
10-YEAR U.S. TREASURY NOTES - CHICAGO BOARD OF TRADE,2016-06-14,607723,516522
2-YEAR U.S. TREASURY NOTES - CHICAGO BOARD OF TRADE,2016-06-14,229493,281017
5-YEAR U.S. TREASURY NOTES - CHICAGO BOARD OF TRADE,2016-06-14,841710,320461
ULTRA U.S. TREASURY BONDS - CHICAGO BOARD OF TRADE,2016-06-14,233122,48207
U.S. TREASURY BONDS - CHICAGO BOARD OF TRADE,2016-06-14,89638,87744
2-YEAR U.S. TREASURY NOTES - CHICAGO BOARD OF TRADE,2016-06-21,238222,285140
10-YEAR U.S. TREASURY NOTES - CHICAGO BOARD OF TRADE,2016-06-21,647076,546112
5-YEAR U.S. TREASURY NOTES - CHICAGO BOARD OF TRADE,2016-06-21,947875,410963
U.S. TREASURY BONDS - CHICAGO BOARD OF TRADE,2016-06-21,79327,93945
ULTRA U.S. TREASURY BONDS - CHICAGO BOARD OF TRADE,2016-06-21,223970,39264
10-YEAR U.S. TREASURY NOTES - CHICAGO BOARD OF TRADE,2016-06-28,652695,572561
2-YEAR U.S. TREASURY NOTES - CHICAGO BOARD OF TRADE,2016-06-28,210571,265266
5-YEAR U.S. TREASURY NOTES - CHICAGO BOARD OF TRADE,2016-06-28,1005166,329541
ULTRA U.S. TREASURY BONDS - CHICAGO BOARD OF TRADE,2016-06-28,218166,30427
U.S. TREASURY BONDS - CHICAGO BOARD OF TRADE,2016-06-28,73575,83474
2-YEAR U.S. TREASURY NOTES - CHICAGO BOARD OF TRADE,2016-07-05,292937,241774
10-YEAR U.S. TREASURY NOTES - CHICAGO BOARD OF TRADE,2016-07-05,612403,611162
5-YEAR U.S. TREASURY NOTES - CHICAGO BOARD OF TRADE,2016-07-05,1007750,289627
U.S. TREASURY BONDS - CHICAGO BOARD OF TRADE,2016-07-05,80052,84912
ULTRA U.S. TREASURY BONDS - CHICAGO BOARD OF TRADE,2016-07-05,209397,32539
10-YEAR U.S. TREASURY NOTES - CHICAGO BOARD OF TRADE,2016-07-12,595127,621257
2-YEAR U.S. TREASURY NOTES - CHICAGO BOARD OF TRADE,2016-07-12,247463,252202
5-YEAR U.S. TREASURY NOTES - CHICAGO BOARD OF TRADE,2016-07-12,974491,300539
ULTRA U.S. TREASURY BONDS - CHICAGO BOARD OF TRADE,2016-07-12,205384,41443
U.S. TREASURY BONDS - CHICAGO BOARD OF TRADE,2016-07-12,84773,88069
10-YEAR U.S. TREASURY NOTES - CHICAGO BOARD OF TRADE,2016-07-19,606471,596086
2-YEAR U.S. TREASURY NOTES - CHICAGO BOARD OF TRADE,2016-07-19,247708,253818
5-YEAR U.S. TREASURY NOTES - CHICAGO BOARD OF TRADE,2016-07-19,897295,318774
ULTRA U.S. TREASURY BONDS - CHICAGO BOARD OF TRADE,2016-07-19,206560,45146
U.S. TREASURY BONDS - CHICAGO BOARD OF TRADE,2016-07-19,81512,77440
10-YEAR U.S. TREASURY NOTES - CHICAGO BOARD OF TRADE,2016-07-26,586973,561675
2-YEAR U.S. TREASURY NOTES - CHICAGO BOARD OF TRADE,2016-07-26,249419,276833
5-YEAR U.S. TREASURY NOTES - CHICAGO BOARD OF TRADE,2016-07-26,910117,312931
ULTRA U.S. TREASURY BONDS - CHICAGO BOARD OF TRADE,2016-07-26,210168,45660
U.S. TREASURY BONDS - CHICAGO BOARD OF TRADE,2016-07-26,74542,79889
10-YEAR U.S. TREASURY NOTES - CHICAGO BOARD OF TRADE,2016-08-02,639699,548750
U.S. TREASURY BONDS - CHICAGO BOARD OF TRADE,2016-08-02,57388,73105
2-YEAR U.S. TREASURY NOTES - CHICAGO BOARD OF TRADE,2016-08-02,246639,297775
ULTRA U.S. TREASURY BONDS - CHICAGO BOARD OF TRADE,2016-08-02,211900,36994
5-YEAR U.S. TREASURY NOTES - CHICAGO BOARD OF TRADE,2016-08-02,944075,341063
10-YEAR U.S. TREASURY NOTES - CHICAGO BOARD OF TRADE,2016-08-09,603428,583353
2-YEAR U.S. TREASURY NOTES - CHICAGO BOARD OF TRADE,2016-08-09,235648,284630
5-YEAR U.S. TREASURY NOTES - CHICAGO BOARD OF TRADE,2016-08-09,946719,342263
ULTRA U.S. TREASURY BONDS - CHICAGO BOARD OF TRADE,2016-08-09,216638,36118
U.S. TREASURY BONDS - CHICAGO BOARD OF TRADE,2016-08-09,82026,86553
2-YEAR U.S. TREASURY NOTES - CHICAGO BOARD OF TRADE,2016-08-16,248031,290544
ULTRA U.S. TREASURY BONDS - CHICAGO BOARD OF TRADE,2016-08-16,216333,39739
10-YEAR U.S. TREASURY NOTES - CHICAGO BOARD OF TRADE,2016-08-16,599295,575847
U.S. TREASURY BONDS - CHICAGO BOARD OF TRADE,2016-08-16,84351,79547
5-YEAR U.S. TREASURY NOTES - CHICAGO BOARD OF TRADE,2016-08-16,919196,340692
10-YEAR U.S. TREASURY NOTES - CHICAGO BOARD OF TRADE,2016-08-23,472995,548867
2-YEAR U.S. TREASURY NOTES - CHICAGO BOARD OF TRADE,2016-08-23,232981,287706
5-YEAR U.S. TREASURY NOTES - CHICAGO BOARD OF TRADE,2016-08-23,894193,333256
ULTRA U.S. TREASURY BONDS - CHICAGO BOARD OF TRADE,2016-08-23,213515,37155
U.S. TREASURY BONDS - CHICAGO BOARD OF TRADE,2016-08-23,81016,76022
5-YEAR U.S. TREASURY NOTES - CHICAGO BOARD OF TRADE,2016-08-30,867294,320749
ULTRA U.S. TREASURY BONDS - CHICAGO BOARD OF TRADE,2016-08-30,229733,45384
10-YEAR U.S. TREASURY NOTES - CHICAGO BOARD OF TRADE,2016-08-30,484255,560712
2-YEAR U.S. TREASURY NOTES - CHICAGO BOARD OF TRADE,2016-08-30,211094,286413
U.S. TREASURY BONDS - CHICAGO BOARD OF TRADE,2016-08-30,75815,80951
5-YEAR U.S. TREASURY NOTES - CHICAGO BOARD OF TRADE,2016-09-06,929933,322264
2-YEAR U.S. TREASURY NOTES - CHICAGO BOARD OF TRADE,2016-09-06,206200,289166
U.S. TREASURY BONDS - CHICAGO BOARD OF TRADE,2016-09-06,69984,78126
ULTRA U.S. TREASURY BONDS - CHICAGO BOARD OF TRADE,2016-09-06,233547,39356
10-YEAR U.S. TREASURY NOTES - CHICAGO BOARD OF TRADE,2016-09-06,488870,601698
10-YEAR U.S. TREASURY NOTES - CHICAGO BOARD OF TRADE,2016-09-13,587879,549294
2-YEAR U.S. TREASURY NOTES - CHICAGO BOARD OF TRADE,2016-09-13,178673,255040
5-YEAR U.S. TREASURY NOTES - CHICAGO BOARD OF TRADE,2016-09-13,976265,288126
ULTRA U.S. TREASURY BONDS - CHICAGO BOARD OF TRADE,2016-09-13,233595,43473
U.S. TREASURY BONDS - CHICAGO BOARD OF TRADE,2016-09-13,76041,65557
10-YEAR U.S. TREASURY NOTES - CHICAGO BOARD OF TRADE,2016-09-20,562171,536138
2-YEAR U.S. TREASURY NOTES - CHICAGO BOARD OF TRADE,2016-09-20,146117,269970
5-YEAR U.S. TREASURY NOTES - CHICAGO BOARD OF TRADE,2016-09-20,1035877,303569
ULTRA U.S. TREASURY BONDS - CHICAGO BOARD OF TRADE,2016-09-20,229928,38398
U.S. TREASURY BONDS - CHICAGO BOARD OF TRADE,2016-09-20,81941,60693
10-YEAR U.S. TREASURY NOTES - CHICAGO BOARD OF TRADE,2016-09-27,589598,542186
2-YEAR U.S. TREASURY NOTES - CHICAGO BOARD OF TRADE,2016-09-27,167534,313570
5-YEAR U.S. TREASURY NOTES - CHICAGO BOARD OF TRADE,2016-09-27,1064897,323099
ULTRA U.S. TREASURY BONDS - CHICAGO BOARD OF TRADE,2016-09-27,235172,35803
U.S. TREASURY BONDS - CHICAGO BOARD OF TRADE,2016-09-27,87814,64466
10-YEAR U.S. TREASURY NOTES - CHICAGO BOARD OF TRADE,2016-10-04,664991,548184
2-YEAR U.S. TREASURY NOTES - CHICAGO BOARD OF TRADE,2016-10-04,175960,369519
5-YEAR U.S. TREASURY NOTES - CHICAGO BOARD OF TRADE,2016-10-04,1088923,274116
ULTRA U.S. TREASURY BONDS - CHICAGO BOARD OF TRADE,2016-10-04,239279,35204
U.S. TREASURY BONDS - CHICAGO BOARD OF TRADE,2016-10-04,104757,66296
10-YEAR U.S. TREASURY NOTES - CHICAGO BOARD OF TRADE,2016-10-11,652386,545481
2-YEAR U.S. TREASURY NOTES - CHICAGO BOARD OF TRADE,2016-10-11,178789,444934
5-YEAR U.S. TREASURY NOTES - CHICAGO BOARD OF TRADE,2016-10-11,1021756,239317
ULTRA U.S. TREASURY BONDS - CHICAGO BOARD OF TRADE,2016-10-11,233376,39753
U.S. TREASURY BONDS - CHICAGO BOARD OF TRADE,2016-10-11,107451,72669
10-YEAR U.S. TREASURY NOTES - CHICAGO BOARD OF TRADE,2016-10-18,651510,545303
2-YEAR U.S. TREASURY NOTES - CHICAGO BOARD OF TRADE,2016-10-18,171333,501701
5-YEAR U.S. TREASURY NOTES - CHICAGO BOARD OF TRADE,2016-10-18,1039017,269542
ULTRA U.S. TREASURY BONDS - CHICAGO BOARD OF TRADE,2016-10-18,223471,39845
U.S. TREASURY BONDS - CHICAGO BOARD OF TRADE,2016-10-18,111974,56923
10-YEAR U.S. TREASURY NOTES - CHICAGO BOARD OF TRADE,2016-10-25,645631,533112
2-YEAR U.S. TREASURY NOTES - CHICAGO BOARD OF TRADE,2016-10-25,154994,480255
5-YEAR U.S. TREASURY NOTES - CHICAGO BOARD OF TRADE,2016-10-25,1072301,303821
ULTRA U.S. TREASURY BONDS - CHICAGO BOARD OF TRADE,2016-10-25,212647,42272
U.S. TREASURY BONDS - CHICAGO BOARD OF TRADE,2016-10-25,106626,59168
10-YEAR U.S. TREASURY NOTES - CHICAGO BOARD OF TRADE,2016-11-01,608699,536505
U.S. TREASURY BONDS - CHICAGO BOARD OF TRADE,2016-11-01,91843,45536
2-YEAR U.S. TREASURY NOTES - CHICAGO BOARD OF TRADE,2016-11-01,169223,445698
ULTRA U.S. TREASURY BONDS - CHICAGO BOARD OF TRADE,2016-11-01,211335,31069
5-YEAR U.S. TREASURY NOTES - CHICAGO BOARD OF TRADE,2016-11-01,1095071,257972
10-YEAR U.S. TREASURY NOTES - CHICAGO BOARD OF TRADE,2016-11-08,624460,538884
2-YEAR U.S. TREASURY NOTES - CHICAGO BOARD OF TRADE,2016-11-08,215062,434260
5-YEAR U.S. TREASURY NOTES - CHICAGO BOARD OF TRADE,2016-11-08,1133581,295440
ULTRA U.S. TREASURY BONDS - CHICAGO BOARD OF TRADE,2016-11-08,211253,33144
U.S. TREASURY BONDS - CHICAGO BOARD OF TRADE,2016-11-08,95167,40728
10-YEAR U.S. TREASURY NOTES - CHICAGO BOARD OF TRADE,2016-11-15,506229,625148
2-YEAR U.S. TREASURY NOTES - CHICAGO BOARD OF TRADE,2016-11-15,213010,341393
5-YEAR U.S. TREASURY NOTES - CHICAGO BOARD OF TRADE,2016-11-15,1131249,290290
ULTRA U.S. TREASURY BONDS - CHICAGO BOARD OF TRADE,2016-11-15,208432,28901
U.S. TREASURY BONDS - CHICAGO BOARD OF TRADE,2016-11-15,114935,68144
10-YEAR U.S. TREASURY NOTES - CHICAGO BOARD OF TRADE,2016-11-22,464112,647958
2-YEAR U.S. TREASURY NOTES - CHICAGO BOARD OF TRADE,2016-11-22,181422,272288
5-YEAR U.S. TREASURY NOTES - CHICAGO BOARD OF TRADE,2016-11-22,1109738,273636
ULTRA U.S. TREASURY BONDS - CHICAGO BOARD OF TRADE,2016-11-22,198477,32673
U.S. TREASURY BONDS - CHICAGO BOARD OF TRADE,2016-11-22,108002,64155
10-YEAR U.S. TREASURY NOTES - CHICAGO BOARD OF TRADE,2016-11-29,577085,478372
U.S. TREASURY BONDS - CHICAGO BOARD OF TRADE,2016-11-29,115844,38861
2-YEAR U.S. TREASURY NOTES - CHICAGO BOARD OF TRADE,2016-11-29,161943,299694
ULTRA U.S. TREASURY BONDS - CHICAGO BOARD OF TRADE,2016-11-29,207348,37025
5-YEAR U.S. TREASURY NOTES - CHICAGO BOARD OF TRADE,2016-11-29,1168848,217382
10-YEAR U.S. TREASURY NOTES - CHICAGO BOARD OF TRADE,2016-12-06,538934,492290
2-YEAR U.S. TREASURY NOTES - CHICAGO BOARD OF TRADE,2016-12-06,179992,305787
5-YEAR U.S. TREASURY NOTES - CHICAGO BOARD OF TRADE,2016-12-06,1177599,170322
ULTRA U.S. TREASURY BONDS - CHICAGO BOARD OF TRADE,2016-12-06,232715,41679
U.S. TREASURY BONDS - CHICAGO BOARD OF TRADE,2016-12-06,116348,41288
10-YEAR U.S. TREASURY NOTES - CHICAGO BOARD OF TRADE,2016-12-13,573146,478329
U.S. TREASURY BONDS - CHICAGO BOARD OF TRADE,2016-12-13,117290,56872
2-YEAR U.S. TREASURY NOTES - CHICAGO BOARD OF TRADE,2016-12-13,167794,302334
ULTRA U.S. TREASURY BONDS - CHICAGO BOARD OF TRADE,2016-12-13,241932,45914
5-YEAR U.S. TREASURY NOTES - CHICAGO BOARD OF TRADE,2016-12-13,1207256,179740
10-YEAR U.S. TREASURY NOTES - CHICAGO BOARD OF TRADE,2016-12-20,562781,472786
2-YEAR U.S. TREASURY NOTES - CHICAGO BOARD OF TRADE,2016-12-20,215153,270411
5-YEAR U.S. TREASURY NOTES - CHICAGO BOARD OF TRADE,2016-12-20,1212189,190365
ULTRA U.S. TREASURY BONDS - CHICAGO BOARD OF TRADE,2016-12-20,252223,43468
U.S. TREASURY BONDS - CHICAGO BOARD OF TRADE,2016-12-20,119595,63226
10-YEAR U.S. TREASURY NOTES - CHICAGO BOARD OF TRADE,2016-12-27,613501,422678
2-YEAR U.S. TREASURY NOTES - CHICAGO BOARD OF TRADE,2016-12-27,221322,296212
5-YEAR U.S. TREASURY NOTES - CHICAGO BOARD OF TRADE,2016-12-27,1202280,195139
ULTRA U.S. TREASURY BONDS - CHICAGO BOARD OF TRADE,2016-12-27,258295,47174
U.S. TREASURY BONDS - CHICAGO BOARD OF TRADE,2016-12-27,132217,49344
10-YEAR U.S. TREASURY NOTES - CHICAGO BOARD OF TRADE,2017-01-03,591039,436967
U.S. TREASURY BONDS - CHICAGO BOARD OF TRADE,2017-01-03,143894,43191
2-YEAR U.S. TREASURY NOTES - CHICAGO BOARD OF TRADE,2017-01-03,225523,280849
ULTRA U.S. TREASURY BONDS - CHICAGO BOARD OF TRADE,2017-01-03,267975,37810
5-YEAR U.S. TREASURY NOTES - CHICAGO BOARD OF TRADE,2017-01-03,1226665,153811
10-YEAR U.S. TREASURY NOTES - CHICAGO BOARD OF TRADE,2017-01-10,599106,442460
2-YEAR U.S. TREASURY NOTES - CHICAGO BOARD OF TRADE,2017-01-10,231453,310903
5-YEAR U.S. TREASURY NOTES - CHICAGO BOARD OF TRADE,2017-01-10,1257754,150972
ULTRA U.S. TREASURY BONDS - CHICAGO BOARD OF TRADE,2017-01-10,266434,40806
U.S. TREASURY BONDS - CHICAGO BOARD OF TRADE,2017-01-10,140498,42617
2-YEAR U.S. TREASURY NOTES - CHICAGO BOARD OF TRADE,2017-01-17,231505,304192
ULTRA U.S. TREASURY BONDS - CHICAGO BOARD OF TRADE,2017-01-17,262737,35860
10-YEAR U.S. TREASURY NOTES - CHICAGO BOARD OF TRADE,2017-01-17,582557,428254
U.S. TREASURY BONDS - CHICAGO BOARD OF TRADE,2017-01-17,124339,42634
5-YEAR U.S. TREASURY NOTES - CHICAGO BOARD OF TRADE,2017-01-17,1192624,167689
10-YEAR U.S. TREASURY NOTES - CHICAGO BOARD OF TRADE,2017-01-24,599854,498188
2-YEAR U.S. TREASURY NOTES - CHICAGO BOARD OF TRADE,2017-01-24,245942,332657
5-YEAR U.S. TREASURY NOTES - CHICAGO BOARD OF TRADE,2017-01-24,1170611,181782
ULTRA U.S. TREASURY BONDS - CHICAGO BOARD OF TRADE,2017-01-24,262299,37451
U.S. TREASURY BONDS - CHICAGO BOARD OF TRADE,2017-01-24,117182,50968
10-YEAR U.S. TREASURY NOTES - CHICAGO BOARD OF TRADE,2017-01-31,604957,478477
U.S. TREASURY BONDS - CHICAGO BOARD OF TRADE,2017-01-31,106270,48229
2-YEAR U.S. TREASURY NOTES - CHICAGO BOARD OF TRADE,2017-01-31,254931,378552
ULTRA U.S. TREASURY BONDS - CHICAGO BOARD OF TRADE,2017-01-31,254201,39198
5-YEAR U.S. TREASURY NOTES - CHICAGO BOARD OF TRADE,2017-01-31,1212623,187531
5-YEAR U.S. TREASURY NOTES - CHICAGO BOARD OF TRADE,2017-02-07,1172953,168993
2-YEAR U.S. TREASURY NOTES - CHICAGO BOARD OF TRADE,2017-02-07,256738,427721
U.S. TREASURY BONDS - CHICAGO BOARD OF TRADE,2017-02-07,112579,48144
ULTRA U.S. TREASURY BONDS - CHICAGO BOARD OF TRADE,2017-02-07,271931,44913
10-YEAR U.S. TREASURY NOTES - CHICAGO BOARD OF TRADE,2017-02-07,592754,452767
10-YEAR U.S. TREASURY NOTES - CHICAGO BOARD OF TRADE,2017-02-14,706321,484081
U.S. TREASURY BONDS - CHICAGO BOARD OF TRADE,2017-02-14,123983,54637
2-YEAR U.S. TREASURY NOTES - CHICAGO BOARD OF TRADE,2017-02-14,296867,527537
ULTRA U.S. TREASURY BONDS - CHICAGO BOARD OF TRADE,2017-02-14,276273,38482
5-YEAR U.S. TREASURY NOTES - CHICAGO BOARD OF TRADE,2017-02-14,1189882,155866
10-YEAR U.S. TREASURY NOTES - CHICAGO BOARD OF TRADE,2017-02-21,702416,490795
2-YEAR U.S. TREASURY NOTES - CHICAGO BOARD OF TRADE,2017-02-21,315361,558672
U.S. TREASURY BONDS - CHICAGO BOARD OF TRADE,2017-02-21,116583,62267
5-YEAR U.S. TREASURY NOTES - CHICAGO BOARD OF TRADE,2017-02-21,1098051,202560
ULTRA U.S. TREASURY BONDS - CHICAGO BOARD OF TRADE,2017-02-21,277081,41480
10-YEAR U.S. TREASURY NOTES - CHICAGO BOARD OF TRADE,2017-02-28,741698,414663
2-YEAR U.S. TREASURY NOTES - CHICAGO BOARD OF TRADE,2017-02-28,318056,486420
5-YEAR U.S. TREASURY NOTES - CHICAGO BOARD OF TRADE,2017-02-28,945990,254568
ULTRA U.S. TREASURY BONDS - CHICAGO BOARD OF TRADE,2017-02-28,274726,43571
U.S. TREASURY BONDS - CHICAGO BOARD OF TRADE,2017-02-28,117844,54461
10-YEAR U.S. TREASURY NOTES - CHICAGO BOARD OF TRADE,2017-03-07,790717,425067
2-YEAR U.S. TREASURY NOTES - CHICAGO BOARD OF TRADE,2017-03-07,309918,431419
5-YEAR U.S. TREASURY NOTES - CHICAGO BOARD OF TRADE,2017-03-07,896657,243542
ULTRA U.S. TREASURY BONDS - CHICAGO BOARD OF TRADE,2017-03-07,278067,40123
U.S. TREASURY BONDS - CHICAGO BOARD OF TRADE,2017-03-07,139927,68590
10-YEAR U.S. TREASURY NOTES - CHICAGO BOARD OF TRADE,2017-03-14,790047,443015
2-YEAR U.S. TREASURY NOTES - CHICAGO BOARD OF TRADE,2017-03-14,298521,415252
5-YEAR U.S. TREASURY NOTES - CHICAGO BOARD OF TRADE,2017-03-14,891801,256552
ULTRA U.S. TREASURY BONDS - CHICAGO BOARD OF TRADE,2017-03-14,284523,38754
U.S. TREASURY BONDS - CHICAGO BOARD OF TRADE,2017-03-14,135057,72223
10-YEAR U.S. TREASURY NOTES - CHICAGO BOARD OF TRADE,2017-03-21,710155,459776
2-YEAR U.S. TREASURY NOTES - CHICAGO BOARD OF TRADE,2017-03-21,293679,419155
5-YEAR U.S. TREASURY NOTES - CHICAGO BOARD OF TRADE,2017-03-21,884485,278468
ULTRA U.S. TREASURY BONDS - CHICAGO BOARD OF TRADE,2017-03-21,285974,44336
U.S. TREASURY BONDS - CHICAGO BOARD OF TRADE,2017-03-21,132082,72079
10-YEAR U.S. TREASURY NOTES - CHICAGO BOARD OF TRADE,2017-03-28,693696,508640
2-YEAR U.S. TREASURY NOTES - CHICAGO BOARD OF TRADE,2017-03-28,252321,392112
5-YEAR U.S. TREASURY NOTES - CHICAGO BOARD OF TRADE,2017-03-28,906804,318064
ULTRA U.S. TREASURY BONDS - CHICAGO BOARD OF TRADE,2017-03-28,279769,46921
U.S. TREASURY BONDS - CHICAGO BOARD OF TRADE,2017-03-28,124847,61294
10-YEAR U.S. TREASURY NOTES - CHICAGO BOARD OF TRADE,2017-04-04,636763,500441
U.S. TREASURY BONDS - CHICAGO BOARD OF TRADE,2017-04-04,136650,54180
2-YEAR U.S. TREASURY NOTES - CHICAGO BOARD OF TRADE,2017-04-04,244893,386351
ULTRA U.S. TREASURY BONDS - CHICAGO BOARD OF TRADE,2017-04-04,278438,45003
5-YEAR U.S. TREASURY NOTES - CHICAGO BOARD OF TRADE,2017-04-04,874962,230671
10-YEAR U.S. TREASURY NOTES - CHICAGO BOARD OF TRADE,2017-04-11,678265,557780
2-YEAR U.S. TREASURY NOTES - CHICAGO BOARD OF TRADE,2017-04-11,251921,349601
5-YEAR U.S. TREASURY NOTES - CHICAGO BOARD OF TRADE,2017-04-11,818238,259866
ULTRA U.S. TREASURY BONDS - CHICAGO BOARD OF TRADE,2017-04-11,284396,44074
U.S. TREASURY BONDS - CHICAGO BOARD OF TRADE,2017-04-11,130462,62373
10-YEAR U.S. TREASURY NOTES - CHICAGO BOARD OF TRADE,2017-04-18,740701,570477
U.S. TREASURY BONDS - CHICAGO BOARD OF TRADE,2017-04-18,130222,56434
2-YEAR U.S. TREASURY NOTES - CHICAGO BOARD OF TRADE,2017-04-18,227991,353093
ULTRA U.S. TREASURY BONDS - CHICAGO BOARD OF TRADE,2017-04-18,278536,40126
5-YEAR U.S. TREASURY NOTES - CHICAGO BOARD OF TRADE,2017-04-18,995386,365468
10-YEAR U.S. TREASURY NOTES - CHICAGO BOARD OF TRADE,2017-04-25,742276,614529
2-YEAR U.S. TREASURY NOTES - CHICAGO BOARD OF TRADE,2017-04-25,197887,342018
5-YEAR U.S. TREASURY NOTES - CHICAGO BOARD OF TRADE,2017-04-25,990972,414182
ULTRA U.S. TREASURY BONDS - CHICAGO BOARD OF TRADE,2017-04-25,279778,46732
U.S. TREASURY BONDS - CHICAGO BOARD OF TRADE,2017-04-25,108808,63189
10-YEAR U.S. TREASURY NOTES - CHICAGO BOARD OF TRADE,2017-05-02,803841,640361
2-YEAR U.S. TREASURY NOTES - CHICAGO BOARD OF TRADE,2017-05-02,199194,333083
5-YEAR U.S. TREASURY NOTES - CHICAGO BOARD OF TRADE,2017-05-02,983318,419867
ULTRA U.S. TREASURY BONDS - CHICAGO BOARD OF TRADE,2017-05-02,276413,41872
U.S. TREASURY BONDS - CHICAGO BOARD OF TRADE,2017-05-02,110939,69637
5-YEAR U.S. TREASURY NOTES - CHICAGO BOARD OF TRADE,2017-05-09,913553,380238
2-YEAR U.S. TREASURY NOTES - CHICAGO BOARD OF TRADE,2017-05-09,198482,307066
U.S. TREASURY BONDS - CHICAGO BOARD OF TRADE,2017-05-09,153754,84857
ULTRA U.S. TREASURY BONDS - CHICAGO BOARD OF TRADE,2017-05-09,297097,42640
10-YEAR U.S. TREASURY NOTES - CHICAGO BOARD OF TRADE,2017-05-09,809816,717540
10-YEAR U.S. TREASURY NOTES - CHICAGO BOARD OF TRADE,2017-05-16,824273,748703
2-YEAR U.S. TREASURY NOTES - CHICAGO BOARD OF TRADE,2017-05-16,245186,319462
5-YEAR U.S. TREASURY NOTES - CHICAGO BOARD OF TRADE,2017-05-16,919633,373110
ULTRA U.S. TREASURY BONDS - CHICAGO BOARD OF TRADE,2017-05-16,315551,37781
U.S. TREASURY BONDS - CHICAGO BOARD OF TRADE,2017-05-16,164467,78170
10-YEAR U.S. TREASURY NOTES - CHICAGO BOARD OF TRADE,2017-05-23,795236,735765
2-YEAR U.S. TREASURY NOTES - CHICAGO BOARD OF TRADE,2017-05-23,271942,225334
5-YEAR U.S. TREASURY NOTES - CHICAGO BOARD OF TRADE,2017-05-23,866843,414118
ULTRA U.S. TREASURY BONDS - CHICAGO BOARD OF TRADE,2017-05-23,313829,34768
U.S. TREASURY BONDS - CHICAGO BOARD OF TRADE,2017-05-23,157565,96024
5-YEAR U.S. TREASURY NOTES - CHICAGO BOARD OF TRADE,2017-05-30,938135,424114
2-YEAR U.S. TREASURY NOTES - CHICAGO BOARD OF TRADE,2017-05-30,294979,222133
U.S. TREASURY BONDS - CHICAGO BOARD OF TRADE,2017-05-30,161982,92759
ULTRA U.S. TREASURY BONDS - CHICAGO BOARD OF TRADE,2017-05-30,310343,32764
10-YEAR U.S. TREASURY NOTES - CHICAGO BOARD OF TRADE,2017-05-30,800260,667434
10-YEAR U.S. TREASURY NOTES - CHICAGO BOARD OF TRADE,2017-06-06,789466,682547
2-YEAR U.S. TREASURY NOTES - CHICAGO BOARD OF TRADE,2017-06-06,288121,315400
5-YEAR U.S. TREASURY NOTES - CHICAGO BOARD OF TRADE,2017-06-06,969710,419225
ULTRA U.S. TREASURY BONDS - CHICAGO BOARD OF TRADE,2017-06-06,312506,34081
U.S. TREASURY BONDS - CHICAGO BOARD OF TRADE,2017-06-06,158952,99156
5-YEAR U.S. TREASURY NOTES - CHICAGO BOARD OF TRADE,2017-06-13,1002493,422843
2-YEAR U.S. TREASURY NOTES - CHICAGO BOARD OF TRADE,2017-06-13,281306,337127
U.S. TREASURY BONDS - CHICAGO BOARD OF TRADE,2017-06-13,166989,105166
ULTRA U.S. TREASURY BONDS - CHICAGO BOARD OF TRADE,2017-06-13,300922,34745
10-YEAR U.S. TREASURY NOTES - CHICAGO BOARD OF TRADE,2017-06-13,721914,637055
10-YEAR U.S. TREASURY NOTES - CHICAGO BOARD OF TRADE,2017-06-20,756954,643485
2-YEAR U.S. TREASURY NOTES - CHICAGO BOARD OF TRADE,2017-06-20,264117,295301
5-YEAR U.S. TREASURY NOTES - CHICAGO BOARD OF TRADE,2017-06-20,928661,406578
ULTRA U.S. TREASURY BONDS - CHICAGO BOARD OF TRADE,2017-06-20,299276,44277
U.S. TREASURY BONDS - CHICAGO BOARD OF TRADE,2017-06-20,191552,109445
2-YEAR U.S. TREASURY NOTES - CHICAGO BOARD OF TRADE,2017-06-27,260388,270309
10-YEAR U.S. TREASURY NOTES - CHICAGO BOARD OF TRADE,2017-06-27,649296,610917
5-YEAR U.S. TREASURY NOTES - CHICAGO BOARD OF TRADE,2017-06-27,977725,392815
U.S. TREASURY BONDS - CHICAGO BOARD OF TRADE,2017-06-27,183066,121823
ULTRA U.S. TREASURY BONDS - CHICAGO BOARD OF TRADE,2017-06-27,319553,65112
10-YEAR U.S. TREASURY NOTES - CHICAGO BOARD OF TRADE,2017-07-03,597986,601628
2-YEAR U.S. TREASURY NOTES - CHICAGO BOARD OF TRADE,2017-07-03,316829,309723
5-YEAR U.S. TREASURY NOTES - CHICAGO BOARD OF TRADE,2017-07-03,933428,323149
ULTRA U.S. TREASURY BONDS - CHICAGO BOARD OF TRADE,2017-07-03,326360,76980
U.S. TREASURY BONDS - CHICAGO BOARD OF TRADE,2017-07-03,165989,120879
5-YEAR U.S. TREASURY NOTES - CHICAGO BOARD OF TRADE,2017-07-11,806782,277310
2-YEAR U.S. TREASURY NOTES - CHICAGO BOARD OF TRADE,2017-07-11,305357,312855
U.S. TREASURY BONDS - CHICAGO BOARD OF TRADE,2017-07-11,143858,122169
ULTRA U.S. TREASURY BONDS - CHICAGO BOARD OF TRADE,2017-07-11,325648,68411
10-YEAR U.S. TREASURY NOTES - CHICAGO BOARD OF TRADE,2017-07-11,558859,621342
10-YEAR U.S. TREASURY NOTES - CHICAGO BOARD OF TRADE,2017-07-18,628792,596152
2-YEAR U.S. TREASURY NOTES - CHICAGO BOARD OF TRADE,2017-07-18,300306,312833
5-YEAR U.S. TREASURY NOTES - CHICAGO BOARD OF TRADE,2017-07-18,798015,262952
ULTRA U.S. TREASURY BONDS - CHICAGO BOARD OF TRADE,2017-07-18,342012,70750
U.S. TREASURY BONDS - CHICAGO BOARD OF TRADE,2017-07-18,141473,122404
5-YEAR U.S. TREASURY NOTES - CHICAGO BOARD OF TRADE,2017-07-25,777543,264336
2-YEAR U.S. TREASURY NOTES - CHICAGO BOARD OF TRADE,2017-07-25,314159,320796
U.S. TREASURY BONDS - CHICAGO BOARD OF TRADE,2017-07-25,144037,129883
ULTRA U.S. TREASURY BONDS - CHICAGO BOARD OF TRADE,2017-07-25,353192,74535
10-YEAR U.S. TREASURY NOTES - CHICAGO BOARD OF TRADE,2017-07-25,660035,603399
10-YEAR U.S. TREASURY NOTES - CHICAGO BOARD OF TRADE,2017-08-01,706110,637977
2-YEAR U.S. TREASURY NOTES - CHICAGO BOARD OF TRADE,2017-08-01,297717,296387
5-YEAR U.S. TREASURY NOTES - CHICAGO BOARD OF TRADE,2017-08-01,791389,287688
ULTRA U.S. TREASURY BONDS - CHICAGO BOARD OF TRADE,2017-08-01,365353,75268
U.S. TREASURY BONDS - CHICAGO BOARD OF TRADE,2017-08-01,147829,136076
10-YEAR U.S. TREASURY NOTES - CHICAGO BOARD OF TRADE,2017-08-08,715623,693330
2-YEAR U.S. TREASURY NOTES - CHICAGO BOARD OF TRADE,2017-08-08,315136,339524
5-YEAR U.S. TREASURY NOTES - CHICAGO BOARD OF TRADE,2017-08-08,836079,312322
ULTRA U.S. TREASURY BONDS - CHICAGO BOARD OF TRADE,2017-08-08,386561,77440
U.S. TREASURY BONDS - CHICAGO BOARD OF TRADE,2017-08-08,135184,149045
10-YEAR U.S. TREASURY NOTES - CHICAGO BOARD OF TRADE,2017-08-15,723205,700436
2-YEAR U.S. TREASURY NOTES - CHICAGO BOARD OF TRADE,2017-08-15,341165,350184
5-YEAR U.S. TREASURY NOTES - CHICAGO BOARD OF TRADE,2017-08-15,907849,349940
ULTRA U.S. TREASURY BONDS - CHICAGO BOARD OF TRADE,2017-08-15,398629,73515
U.S. TREASURY BONDS - CHICAGO BOARD OF TRADE,2017-08-15,128135,131386
2-YEAR U.S. TREASURY NOTES - CHICAGO BOARD OF TRADE,2017-08-22,357258,433431
10-YEAR U.S. TREASURY NOTES - CHICAGO BOARD OF TRADE,2017-08-22,708143,709901
5-YEAR U.S. TREASURY NOTES - CHICAGO BOARD OF TRADE,2017-08-22,1000275,368275
U.S. TREASURY BONDS - CHICAGO BOARD OF TRADE,2017-08-22,134384,128479
ULTRA U.S. TREASURY BONDS - CHICAGO BOARD OF TRADE,2017-08-22,413807,72412
10-YEAR U.S. TREASURY NOTES - CHICAGO BOARD OF TRADE,2017-08-29,707661,683986
2-YEAR U.S. TREASURY NOTES - CHICAGO BOARD OF TRADE,2017-08-29,320978,460882
5-YEAR U.S. TREASURY NOTES - CHICAGO BOARD OF TRADE,2017-08-29,1060600,410421
ULTRA U.S. TREASURY BONDS - CHICAGO BOARD OF TRADE,2017-08-29,415053,63123
U.S. TREASURY BONDS - CHICAGO BOARD OF TRADE,2017-08-29,103582,112688
10-YEAR U.S. TREASURY NOTES - CHICAGO BOARD OF TRADE,2017-09-05,712397,698482
U.S. TREASURY BONDS - CHICAGO BOARD OF TRADE,2017-09-05,105953,108929
2-YEAR U.S. TREASURY NOTES - CHICAGO BOARD OF TRADE,2017-09-05,295762,448364
ULTRA U.S. TREASURY BONDS - CHICAGO BOARD OF TRADE,2017-09-05,421017,64273
5-YEAR U.S. TREASURY NOTES - CHICAGO BOARD OF TRADE,2017-09-05,1130496,383973
5-YEAR U.S. TREASURY NOTES - CHICAGO BOARD OF TRADE,2017-09-12,1141398,393945
2-YEAR U.S. TREASURY NOTES - CHICAGO BOARD OF TRADE,2017-09-12,289945,475665
U.S. TREASURY BONDS - CHICAGO BOARD OF TRADE,2017-09-12,109939,108901
ULTRA U.S. TREASURY BONDS - CHICAGO BOARD OF TRADE,2017-09-12,412618,60264
10-YEAR U.S. TREASURY NOTES - CHICAGO BOARD OF TRADE,2017-09-12,655663,670832
10-YEAR U.S. TREASURY NOTES - CHICAGO BOARD OF TRADE,2017-09-19,641914,676841
2-YEAR U.S. TREASURY NOTES - CHICAGO BOARD OF TRADE,2017-09-19,299279,469135
5-YEAR U.S. TREASURY NOTES - CHICAGO BOARD OF TRADE,2017-09-19,964472,301470
ULTRA U.S. TREASURY BONDS - CHICAGO BOARD OF TRADE,2017-09-19,406217,53404
U.S. TREASURY BONDS - CHICAGO BOARD OF TRADE,2017-09-19,104950,106373
10-YEAR U.S. TREASURY NOTES - CHICAGO BOARD OF TRADE,2017-09-26,630547,655456
2-YEAR U.S. TREASURY NOTES - CHICAGO BOARD OF TRADE,2017-09-26,333284,536162
5-YEAR U.S. TREASURY NOTES - CHICAGO BOARD OF TRADE,2017-09-26,917491,296473
ULTRA U.S. TREASURY BONDS - CHICAGO BOARD OF TRADE,2017-09-26,409155,54619
U.S. TREASURY BONDS - CHICAGO BOARD OF TRADE,2017-09-26,115750,112471
10-YEAR U.S. TREASURY NOTES - CHICAGO BOARD OF TRADE,2017-10-03,619067,611530
2-YEAR U.S. TREASURY NOTES - CHICAGO BOARD OF TRADE,2017-10-03,312370,524320
5-YEAR U.S. TREASURY NOTES - CHICAGO BOARD OF TRADE,2017-10-03,860913,296269
ULTRA U.S. TREASURY BONDS - CHICAGO BOARD OF TRADE,2017-10-03,393380,60651
U.S. TREASURY BONDS - CHICAGO BOARD OF TRADE,2017-10-03,127428,108552
5-YEAR U.S. TREASURY NOTES - CHICAGO BOARD OF TRADE,2017-10-10,843294,275651
10-YEAR U.S. TREASURY NOTES - CHICAGO BOARD OF TRADE,2017-10-10,615953,605453
ULTRA U.S. TREASURY BONDS - CHICAGO BOARD OF TRADE,2017-10-10,393673,62707
U.S. TREASURY BONDS - CHICAGO BOARD OF TRADE,2017-10-10,126159,119613
2-YEAR U.S. TREASURY NOTES - CHICAGO BOARD OF TRADE,2017-10-10,363174,604186
10-YEAR U.S. TREASURY NOTES - CHICAGO BOARD OF TRADE,2017-10-17,660121,515816
2-YEAR U.S. TREASURY NOTES - CHICAGO BOARD OF TRADE,2017-10-17,449826,668535
5-YEAR U.S. TREASURY NOTES - CHICAGO BOARD OF TRADE,2017-10-17,817349,228414
ULTRA U.S. TREASURY BONDS - CHICAGO BOARD OF TRADE,2017-10-17,394626,63677
U.S. TREASURY BONDS - CHICAGO BOARD OF TRADE,2017-10-17,123817,120427
10-YEAR U.S. TREASURY NOTES - CHICAGO BOARD OF TRADE,2017-10-24,707144,631967
2-YEAR U.S. TREASURY NOTES - CHICAGO BOARD OF TRADE,2017-10-24,427922,669828
5-YEAR U.S. TREASURY NOTES - CHICAGO BOARD OF TRADE,2017-10-24,822111,295630
ULTRA U.S. TREASURY BONDS - CHICAGO BOARD OF TRADE,2017-10-24,383315,69395
U.S. TREASURY BONDS - CHICAGO BOARD OF TRADE,2017-10-24,123978,132781
10-YEAR U.S. TREASURY NOTES - CHICAGO BOARD OF TRADE,2017-10-31,686129,588844
U.S. TREASURY BONDS - CHICAGO BOARD OF TRADE,2017-10-31,124137,111736
2-YEAR U.S. TREASURY NOTES - CHICAGO BOARD OF TRADE,2017-10-31,438382,574025
ULTRA U.S. TREASURY BONDS - CHICAGO BOARD OF TRADE,2017-10-31,396489,73735
5-YEAR U.S. TREASURY NOTES - CHICAGO BOARD OF TRADE,2017-10-31,884747,219327
10-YEAR U.S. TREASURY NOTES - CHICAGO BOARD OF TRADE,2017-11-07,644530,556418
2-YEAR U.S. TREASURY NOTES - CHICAGO BOARD OF TRADE,2017-11-07,488629,617536
5-YEAR U.S. TREASURY NOTES - CHICAGO BOARD OF TRADE,2017-11-07,876929,362223
ULTRA U.S. TREASURY BONDS - CHICAGO BOARD OF TRADE,2017-11-07,413783,77856
U.S. TREASURY BONDS - CHICAGO BOARD OF TRADE,2017-11-07,128572,136365
10-YEAR U.S. TREASURY NOTES - CHICAGO BOARD OF TRADE,2017-11-14,756496,607019
2-YEAR U.S. TREASURY NOTES - CHICAGO BOARD OF TRADE,2017-11-14,472242,617733
5-YEAR U.S. TREASURY NOTES - CHICAGO BOARD OF TRADE,2017-11-14,915201,402998
ULTRA U.S. TREASURY BONDS - CHICAGO BOARD OF TRADE,2017-11-14,406818,78782
U.S. TREASURY BONDS - CHICAGO BOARD OF TRADE,2017-11-14,104739,119821
5-YEAR U.S. TREASURY NOTES - CHICAGO BOARD OF TRADE,2017-11-21,868267,410683
10-YEAR U.S. TREASURY NOTES - CHICAGO BOARD OF TRADE,2017-11-21,862632,575861
ULTRA U.S. TREASURY BONDS - CHICAGO BOARD OF TRADE,2017-11-21,404767,61720
U.S. TREASURY BONDS - CHICAGO BOARD OF TRADE,2017-11-21,91093,115516
2-YEAR U.S. TREASURY NOTES - CHICAGO BOARD OF TRADE,2017-11-21,505548,607860
10-YEAR U.S. TREASURY NOTES - CHICAGO BOARD OF TRADE,2017-11-28,850663,568471
2-YEAR U.S. TREASURY NOTES - CHICAGO BOARD OF TRADE,2017-11-28,479720,584407
5-YEAR U.S. TREASURY NOTES - CHICAGO BOARD OF TRADE,2017-11-28,851096,409537
ULTRA U.S. TREASURY BONDS - CHICAGO BOARD OF TRADE,2017-11-28,389218,62846
U.S. TREASURY BONDS - CHICAGO BOARD OF TRADE,2017-11-28,90957,115413
10-YEAR U.S. TREASURY NOTES - CHICAGO BOARD OF TRADE,2017-12-05,815848,432484
U.S. TREASURY BONDS - CHICAGO BOARD OF TRADE,2017-12-05,103323,129990
2-YEAR U.S. TREASURY NOTES - CHICAGO BOARD OF TRADE,2017-12-05,477055,512481
ULTRA U.S. TREASURY BONDS - CHICAGO BOARD OF TRADE,2017-12-05,392119,66600
5-YEAR U.S. TREASURY NOTES - CHICAGO BOARD OF TRADE,2017-12-05,846073,338983
10-YEAR U.S. TREASURY NOTES - CHICAGO BOARD OF TRADE,2017-12-12,869848,508366
2-YEAR U.S. TREASURY NOTES - CHICAGO BOARD OF TRADE,2017-12-12,482459,502408
5-YEAR U.S. TREASURY NOTES - CHICAGO BOARD OF TRADE,2017-12-12,806089,360607
ULTRA U.S. TREASURY BONDS - CHICAGO BOARD OF TRADE,2017-12-12,394870,63383
U.S. TREASURY BONDS - CHICAGO BOARD OF TRADE,2017-12-12,101629,144626
10-YEAR U.S. TREASURY NOTES - CHICAGO BOARD OF TRADE,2017-12-19,889741,508415
U.S. TREASURY BONDS - CHICAGO BOARD OF TRADE,2017-12-19,104801,144459
2-YEAR U.S. TREASURY NOTES - CHICAGO BOARD OF TRADE,2017-12-19,478863,499076
ULTRA U.S. TREASURY BONDS - CHICAGO BOARD OF TRADE,2017-12-19,391662,68086
5-YEAR U.S. TREASURY NOTES - CHICAGO BOARD OF TRADE,2017-12-19,918012,367797
10-YEAR U.S. TREASURY NOTES - CHICAGO BOARD OF TRADE,2017-12-26,876723,463148
2-YEAR U.S. TREASURY NOTES - CHICAGO BOARD OF TRADE,2017-12-26,492882,510414
5-YEAR U.S. TREASURY NOTES - CHICAGO BOARD OF TRADE,2017-12-26,926704,334018
ULTRA U.S. TREASURY BONDS - CHICAGO BOARD OF TRADE,2017-12-26,390324,60860
U.S. TREASURY BONDS - CHICAGO BOARD OF TRADE,2017-12-26,101574,131414
10-YEAR U.S. TREASURY NOTES - CHICAGO BOARD OF TRADE,2018-01-02,840816,490538
2-YEAR U.S. TREASURY NOTES - CHICAGO BOARD OF TRADE,2018-01-02,525196,508552
5-YEAR U.S. TREASURY NOTES - CHICAGO BOARD OF TRADE,2018-01-02,952743,364124
ULTRA U.S. TREASURY BONDS - CHICAGO BOARD OF TRADE,2018-01-02,402566,60651
U.S. TREASURY BONDS - CHICAGO BOARD OF TRADE,2018-01-02,108123,133540
2-YEAR U.S. TREASURY NOTES - CHICAGO BOARD OF TRADE,2018-01-09,560590,504275
10-YEAR U.S. TREASURY NOTES - CHICAGO BOARD OF TRADE,2018-01-09,821669,375605
5-YEAR U.S. TREASURY NOTES - CHICAGO BOARD OF TRADE,2018-01-09,968051,391661
U.S. TREASURY BONDS - CHICAGO BOARD OF TRADE,2018-01-09,120083,121329
ULTRA U.S. TREASURY BONDS - CHICAGO BOARD OF TRADE,2018-01-09,392886,57366
10-YEAR U.S. TREASURY NOTES - CHICAGO BOARD OF TRADE,2018-01-16,728461,467799
2-YEAR U.S. TREASURY NOTES - CHICAGO BOARD OF TRADE,2018-01-16,579577,507510
5-YEAR U.S. TREASURY NOTES - CHICAGO BOARD OF TRADE,2018-01-16,954868,371682
ULTRA U.S. TREASURY BONDS - CHICAGO BOARD OF TRADE,2018-01-16,394901,56978
U.S. TREASURY BONDS - CHICAGO BOARD OF TRADE,2018-01-16,113942,126486
10-YEAR U.S. TREASURY NOTES - CHICAGO BOARD OF TRADE,2018-01-23,753916,538068
2-YEAR U.S. TREASURY NOTES - CHICAGO BOARD OF TRADE,2018-01-23,601670,471912
5-YEAR U.S. TREASURY NOTES - CHICAGO BOARD OF TRADE,2018-01-23,912600,406596
ULTRA U.S. TREASURY BONDS - CHICAGO BOARD OF TRADE,2018-01-23,394665,53602
U.S. TREASURY BONDS - CHICAGO BOARD OF TRADE,2018-01-23,137259,135736
10-YEAR U.S. TREASURY NOTES - CHICAGO BOARD OF TRADE,2018-01-30,824428,531222
2-YEAR U.S. TREASURY NOTES - CHICAGO BOARD OF TRADE,2018-01-30,559458,464474
5-YEAR U.S. TREASURY NOTES - CHICAGO BOARD OF TRADE,2018-01-30,895998,362595
ULTRA U.S. TREASURY BONDS - CHICAGO BOARD OF TRADE,2018-01-30,392243,54702
U.S. TREASURY BONDS - CHICAGO BOARD OF TRADE,2018-01-30,119735,132854
10-YEAR U.S. TREASURY NOTES - CHICAGO BOARD OF TRADE,2018-02-06,782032,500244
2-YEAR U.S. TREASURY NOTES - CHICAGO BOARD OF TRADE,2018-02-06,509420,464467
5-YEAR U.S. TREASURY NOTES - CHICAGO BOARD OF TRADE,2018-02-06,840776,390979
ULTRA U.S. TREASURY BONDS - CHICAGO BOARD OF TRADE,2018-02-06,387492,54914
U.S. TREASURY BONDS - CHICAGO BOARD OF TRADE,2018-02-06,125238,124091
10-YEAR U.S. TREASURY NOTES - CHICAGO BOARD OF TRADE,2018-02-13,876433,565734
2-YEAR U.S. TREASURY NOTES - CHICAGO BOARD OF TRADE,2018-02-13,475254,434371
5-YEAR U.S. TREASURY NOTES - CHICAGO BOARD OF TRADE,2018-02-13,781157,373633
ULTRA U.S. TREASURY BONDS - CHICAGO BOARD OF TRADE,2018-02-13,390853,43739
U.S. TREASURY BONDS - CHICAGO BOARD OF TRADE,2018-02-13,125095,101613
10-YEAR U.S. TREASURY NOTES - CHICAGO BOARD OF TRADE,2018-02-20,842706,613727
2-YEAR U.S. TREASURY NOTES - CHICAGO BOARD OF TRADE,2018-02-20,505177,433106
5-YEAR U.S. TREASURY NOTES - CHICAGO BOARD OF TRADE,2018-02-20,843849,415943
ULTRA U.S. TREASURY BONDS - CHICAGO BOARD OF TRADE,2018-02-20,395995,50946
U.S. TREASURY BONDS - CHICAGO BOARD OF TRADE,2018-02-20,126793,114210
10-YEAR U.S. TREASURY NOTES - CHICAGO BOARD OF TRADE,2018-02-27,840581,435308
2-YEAR U.S. TREASURY NOTES - CHICAGO BOARD OF TRADE,2018-02-27,456723,363838
5-YEAR U.S. TREASURY NOTES - CHICAGO BOARD OF TRADE,2018-02-27,828414,294837
ULTRA U.S. TREASURY BONDS - CHICAGO BOARD OF TRADE,2018-02-27,391298,57097
U.S. TREASURY BONDS - CHICAGO BOARD OF TRADE,2018-02-27,140209,104651
10-YEAR U.S. TREASURY NOTES - CHICAGO BOARD OF TRADE,2018-03-06,883953,496692
U.S. TREASURY BONDS - CHICAGO BOARD OF TRADE,2018-03-06,157355,101200
2-YEAR U.S. TREASURY NOTES - CHICAGO BOARD OF TRADE,2018-03-06,426937,392010
ULTRA U.S. TREASURY BONDS - CHICAGO BOARD OF TRADE,2018-03-06,389567,66160
5-YEAR U.S. TREASURY NOTES - CHICAGO BOARD OF TRADE,2018-03-06,815318,327320
10-YEAR U.S. TREASURY NOTES - CHICAGO BOARD OF TRADE,2018-03-13,839881,509829
2-YEAR U.S. TREASURY NOTES - CHICAGO BOARD OF TRADE,2018-03-13,504925,437829
5-YEAR U.S. TREASURY NOTES - CHICAGO BOARD OF TRADE,2018-03-13,851954,335333
ULTRA U.S. TREASURY BONDS - CHICAGO BOARD OF TRADE,2018-03-13,376901,74196
U.S. TREASURY BONDS - CHICAGO BOARD OF TRADE,2018-03-13,141932,129074
10-YEAR U.S. TREASURY NOTES - CHICAGO BOARD OF TRADE,2018-03-20,957633,524933
2-YEAR U.S. TREASURY NOTES - CHICAGO BOARD OF TRADE,2018-03-20,509510,416051
5-YEAR U.S. TREASURY NOTES - CHICAGO BOARD OF TRADE,2018-03-20,832063,373474
ULTRA U.S. TREASURY BONDS - CHICAGO BOARD OF TRADE,2018-03-20,387977,63904
U.S. TREASURY BONDS - CHICAGO BOARD OF TRADE,2018-03-20,142150,95945
10-YEAR U.S. TREASURY NOTES - CHICAGO BOARD OF TRADE,2018-03-27,891615,493983
2-YEAR U.S. TREASURY NOTES - CHICAGO BOARD OF TRADE,2018-03-27,495458,492570
5-YEAR U.S. TREASURY NOTES - CHICAGO BOARD OF TRADE,2018-03-27,783543,368243
ULTRA U.S. TREASURY BONDS - CHICAGO BOARD OF TRADE,2018-03-27,392003,60368
U.S. TREASURY BONDS - CHICAGO BOARD OF TRADE,2018-03-27,140949,88729
10-YEAR U.S. TREASURY NOTES - CHICAGO BOARD OF TRADE,2018-04-03,980966,392149
U.S. TREASURY BONDS - CHICAGO BOARD OF TRADE,2018-04-03,137365,66838
2-YEAR U.S. TREASURY NOTES - CHICAGO BOARD OF TRADE,2018-04-03,522718,535083
ULTRA U.S. TREASURY BONDS - CHICAGO BOARD OF TRADE,2018-04-03,405369,61503
5-YEAR U.S. TREASURY NOTES - CHICAGO BOARD OF TRADE,2018-04-03,880871,341207
10-YEAR U.S. TREASURY NOTES - CHICAGO BOARD OF TRADE,2018-04-10,1006804,455537
2-YEAR U.S. TREASURY NOTES - CHICAGO BOARD OF TRADE,2018-04-10,508198,552531
5-YEAR U.S. TREASURY NOTES - CHICAGO BOARD OF TRADE,2018-04-10,912035,382863
ULTRA U.S. TREASURY BONDS - CHICAGO BOARD OF TRADE,2018-04-10,404193,60921
U.S. TREASURY BONDS - CHICAGO BOARD OF TRADE,2018-04-10,107650,74710
10-YEAR U.S. TREASURY NOTES - CHICAGO BOARD OF TRADE,2018-04-17,1065722,474437
U.S. TREASURY BONDS - CHICAGO BOARD OF TRADE,2018-04-17,118035,110831
2-YEAR U.S. TREASURY NOTES - CHICAGO BOARD OF TRADE,2018-04-17,509006,544939
ULTRA U.S. TREASURY BONDS - CHICAGO BOARD OF TRADE,2018-04-17,415401,68688
5-YEAR U.S. TREASURY NOTES - CHICAGO BOARD OF TRADE,2018-04-17,924491,396709
10-YEAR U.S. TREASURY NOTES - CHICAGO BOARD OF TRADE,2018-04-24,1083772,421779
2-YEAR U.S. TREASURY NOTES - CHICAGO BOARD OF TRADE,2018-04-24,473045,453999
5-YEAR U.S. TREASURY NOTES - CHICAGO BOARD OF TRADE,2018-04-24,1023259,406197
ULTRA U.S. TREASURY BONDS - CHICAGO BOARD OF TRADE,2018-04-24,408015,62518
U.S. TREASURY BONDS - CHICAGO BOARD OF TRADE,2018-04-24,123718,92717
10-YEAR U.S. TREASURY NOTES - CHICAGO BOARD OF TRADE,2018-05-01,1084187,435930
2-YEAR U.S. TREASURY NOTES - CHICAGO BOARD OF TRADE,2018-05-01,486189,447225
5-YEAR U.S. TREASURY NOTES - CHICAGO BOARD OF TRADE,2018-05-01,1129392,341114
ULTRA U.S. TREASURY BONDS - CHICAGO BOARD OF TRADE,2018-05-01,424956,68758
U.S. TREASURY BONDS - CHICAGO BOARD OF TRADE,2018-05-01,132244,98634
10-YEAR U.S. TREASURY NOTES - CHICAGO BOARD OF TRADE,2018-05-08,1122122,484324
U.S. TREASURY BONDS - CHICAGO BOARD OF TRADE,2018-05-08,129037,113538
2-YEAR U.S. TREASURY NOTES - CHICAGO BOARD OF TRADE,2018-05-08,534185,449615
ULTRA U.S. TREASURY BONDS - CHICAGO BOARD OF TRADE,2018-05-08,428577,67657
5-YEAR U.S. TREASURY NOTES - CHICAGO BOARD OF TRADE,2018-05-08,1151076,340780
10-YEAR U.S. TREASURY NOTES - CHICAGO BOARD OF TRADE,2018-05-15,1047458,494910
2-YEAR U.S. TREASURY NOTES - CHICAGO BOARD OF TRADE,2018-05-15,495557,458276
5-YEAR U.S. TREASURY NOTES - CHICAGO BOARD OF TRADE,2018-05-15,1196226,347031
ULTRA U.S. TREASURY BONDS - CHICAGO BOARD OF TRADE,2018-05-15,455739,64396
U.S. TREASURY BONDS - CHICAGO BOARD OF TRADE,2018-05-15,126070,118019
2-YEAR U.S. TREASURY NOTES - CHICAGO BOARD OF TRADE,2018-05-22,496316,469820
ULTRA U.S. TREASURY BONDS - CHICAGO BOARD OF TRADE,2018-05-22,462315,66656
10-YEAR U.S. TREASURY NOTES - CHICAGO BOARD OF TRADE,2018-05-22,1040156,499889
U.S. TREASURY BONDS - CHICAGO BOARD OF TRADE,2018-05-22,130629,127276
5-YEAR U.S. TREASURY NOTES - CHICAGO BOARD OF TRADE,2018-05-22,1300097,336763
10-YEAR U.S. TREASURY NOTES - CHICAGO BOARD OF TRADE,2018-05-29,1107341,458008
2-YEAR U.S. TREASURY NOTES - CHICAGO BOARD OF TRADE,2018-05-29,526695,413069
5-YEAR U.S. TREASURY NOTES - CHICAGO BOARD OF TRADE,2018-05-29,1284817,387497
ULTRA U.S. TREASURY BONDS - CHICAGO BOARD OF TRADE,2018-05-29,453183,77477
U.S. TREASURY BONDS - CHICAGO BOARD OF TRADE,2018-05-29,95798,86162
10-YEAR U.S. TREASURY NOTES - CHICAGO BOARD OF TRADE,2018-06-05,1036826,426051
U.S. TREASURY BONDS - CHICAGO BOARD OF TRADE,2018-06-05,75216,75916
2-YEAR U.S. TREASURY NOTES - CHICAGO BOARD OF TRADE,2018-06-05,506817,358862
ULTRA U.S. TREASURY BONDS - CHICAGO BOARD OF TRADE,2018-06-05,396295,76879
5-YEAR U.S. TREASURY NOTES - CHICAGO BOARD OF TRADE,2018-06-05,1270726,345433
5-YEAR U.S. TREASURY NOTES - CHICAGO BOARD OF TRADE,2018-06-12,1278312,361812
2-YEAR U.S. TREASURY NOTES - CHICAGO BOARD OF TRADE,2018-06-12,497640,336820
U.S. TREASURY BONDS - CHICAGO BOARD OF TRADE,2018-06-12,77330,91285
ULTRA U.S. TREASURY BONDS - CHICAGO BOARD OF TRADE,2018-06-12,388272,75569
10-YEAR U.S. TREASURY NOTES - CHICAGO BOARD OF TRADE,2018-06-12,965521,389459
10-YEAR U.S. TREASURY NOTES - CHICAGO BOARD OF TRADE,2018-06-19,984954,397475
U.S. TREASURY BONDS - CHICAGO BOARD OF TRADE,2018-06-19,70535,88669
2-YEAR U.S. TREASURY NOTES - CHICAGO BOARD OF TRADE,2018-06-19,492815,355837
ULTRA U.S. TREASURY BONDS - CHICAGO BOARD OF TRADE,2018-06-19,393532,69360
5-YEAR U.S. TREASURY NOTES - CHICAGO BOARD OF TRADE,2018-06-19,1265440,373455
10-YEAR U.S. TREASURY NOTES - CHICAGO BOARD OF TRADE,2018-06-26,964157,374517
2-YEAR U.S. TREASURY NOTES - CHICAGO BOARD OF TRADE,2018-06-26,520064,366020
U.S. TREASURY BONDS - CHICAGO BOARD OF TRADE,2018-06-26,67851,82797
5-YEAR U.S. TREASURY NOTES - CHICAGO BOARD OF TRADE,2018-06-26,1312785,316824
ULTRA U.S. TREASURY BONDS - CHICAGO BOARD OF TRADE,2018-06-26,385896,65755
10-YEAR U.S. TREASURY NOTES - CHICAGO BOARD OF TRADE,2018-07-03,1015160,371880
2-YEAR U.S. TREASURY NOTES - CHICAGO BOARD OF TRADE,2018-07-03,623533,339932
5-YEAR U.S. TREASURY NOTES - CHICAGO BOARD OF TRADE,2018-07-03,1396669,335292
ULTRA U.S. TREASURY BONDS - CHICAGO BOARD OF TRADE,2018-07-03,425782,60387
U.S. TREASURY BONDS - CHICAGO BOARD OF TRADE,2018-07-03,88829,88604
10-YEAR U.S. TREASURY NOTES - CHICAGO BOARD OF TRADE,2018-07-10,1002322,400464
2-YEAR U.S. TREASURY NOTES - CHICAGO BOARD OF TRADE,2018-07-10,589414,332927
5-YEAR U.S. TREASURY NOTES - CHICAGO BOARD OF TRADE,2018-07-10,1427538,346980
ULTRA U.S. TREASURY BONDS - CHICAGO BOARD OF TRADE,2018-07-10,432476,66006
U.S. TREASURY BONDS - CHICAGO BOARD OF TRADE,2018-07-10,80402,104698
10-YEAR U.S. TREASURY NOTES - CHICAGO BOARD OF TRADE,2018-07-17,1106587,414686
2-YEAR U.S. TREASURY NOTES - CHICAGO BOARD OF TRADE,2018-07-17,583026,342033
5-YEAR U.S. TREASURY NOTES - CHICAGO BOARD OF TRADE,2018-07-17,1420993,350886
ULTRA U.S. TREASURY BONDS - CHICAGO BOARD OF TRADE,2018-07-17,445649,61538
U.S. TREASURY BONDS - CHICAGO BOARD OF TRADE,2018-07-17,81406,114222
10-YEAR U.S. TREASURY NOTES - CHICAGO BOARD OF TRADE,2018-07-24,1162914,443952
2-YEAR U.S. TREASURY NOTES - CHICAGO BOARD OF TRADE,2018-07-24,595681,366569
5-YEAR U.S. TREASURY NOTES - CHICAGO BOARD OF TRADE,2018-07-24,1413123,371292
ULTRA U.S. TREASURY BONDS - CHICAGO BOARD OF TRADE,2018-07-24,440787,67962
U.S. TREASURY BONDS - CHICAGO BOARD OF TRADE,2018-07-24,95236,101266
10-YEAR U.S. TREASURY NOTES - CHICAGO BOARD OF TRADE,2018-07-31,1153289,443533
2-YEAR U.S. TREASURY NOTES - CHICAGO BOARD OF TRADE,2018-07-31,539777,395781
5-YEAR U.S. TREASURY NOTES - CHICAGO BOARD OF TRADE,2018-07-31,1537290,390021
ULTRA U.S. TREASURY BONDS - CHICAGO BOARD OF TRADE,2018-07-31,456539,74550
U.S. TREASURY BONDS - CHICAGO BOARD OF TRADE,2018-07-31,94640,104433
10-YEAR U.S. TREASURY NOTES - CHICAGO BOARD OF TRADE,2018-08-07,1130604,479264
U.S. TREASURY BONDS - CHICAGO BOARD OF TRADE,2018-08-07,114907,116304
2-YEAR U.S. TREASURY NOTES - CHICAGO BOARD OF TRADE,2018-08-07,523055,396887
ULTRA U.S. TREASURY BONDS - CHICAGO BOARD OF TRADE,2018-08-07,460724,80235
5-YEAR U.S. TREASURY NOTES - CHICAGO BOARD OF TRADE,2018-08-07,1606910,421494
10-YEAR U.S. TREASURY NOTES - CHICAGO BOARD OF TRADE,2018-08-14,1328754,545831
2-YEAR U.S. TREASURY NOTES - CHICAGO BOARD OF TRADE,2018-08-14,559908,428887
5-YEAR U.S. TREASURY NOTES - CHICAGO BOARD OF TRADE,2018-08-14,1625249,463081
ULTRA U.S. TREASURY BONDS - CHICAGO BOARD OF TRADE,2018-08-14,473430,72395
U.S. TREASURY BONDS - CHICAGO BOARD OF TRADE,2018-08-14,114031,112003
10-YEAR U.S. TREASURY NOTES - CHICAGO BOARD OF TRADE,2018-08-21,1394104,536804
U.S. TREASURY BONDS - CHICAGO BOARD OF TRADE,2018-08-21,114687,113131
2-YEAR U.S. TREASURY NOTES - CHICAGO BOARD OF TRADE,2018-08-21,614451,462551
ULTRA U.S. TREASURY BONDS - CHICAGO BOARD OF TRADE,2018-08-21,467155,72148
5-YEAR U.S. TREASURY NOTES - CHICAGO BOARD OF TRADE,2018-08-21,1627593,462051
10-YEAR U.S. TREASURY NOTES - CHICAGO BOARD OF TRADE,2018-08-28,1273898,610178
2-YEAR U.S. TREASURY NOTES - CHICAGO BOARD OF TRADE,2018-08-28,615469,460371
5-YEAR U.S. TREASURY NOTES - CHICAGO BOARD OF TRADE,2018-08-28,1610826,421289
ULTRA U.S. TREASURY BONDS - CHICAGO BOARD OF TRADE,2018-08-28,476507,68365
U.S. TREASURY BONDS - CHICAGO BOARD OF TRADE,2018-08-28,91703,99122
10-YEAR U.S. TREASURY NOTES - CHICAGO BOARD OF TRADE,2018-09-04,1333741,445171
2-YEAR U.S. TREASURY NOTES - CHICAGO BOARD OF TRADE,2018-09-04,630763,395567
5-YEAR U.S. TREASURY NOTES - CHICAGO BOARD OF TRADE,2018-09-04,1584396,424232
ULTRA U.S. TREASURY BONDS - CHICAGO BOARD OF TRADE,2018-09-04,482057,71320
U.S. TREASURY BONDS - CHICAGO BOARD OF TRADE,2018-09-04,99449,89915
5-YEAR U.S. TREASURY NOTES - CHICAGO BOARD OF TRADE,2018-09-11,1583691,389874
2-YEAR U.S. TREASURY NOTES - CHICAGO BOARD OF TRADE,2018-09-11,606057,289228
U.S. TREASURY BONDS - CHICAGO BOARD OF TRADE,2018-09-11,98599,70873
ULTRA U.S. TREASURY BONDS - CHICAGO BOARD OF TRADE,2018-09-11,474184,51698
10-YEAR U.S. TREASURY NOTES - CHICAGO BOARD OF TRADE,2018-09-11,1282698,347637
10-YEAR U.S. TREASURY NOTES - CHICAGO BOARD OF TRADE,2018-09-18,1309437,298271
2-YEAR U.S. TREASURY NOTES - CHICAGO BOARD OF TRADE,2018-09-18,602257,336556
5-YEAR U.S. TREASURY NOTES - CHICAGO BOARD OF TRADE,2018-09-18,1510383,384125
ULTRA U.S. TREASURY BONDS - CHICAGO BOARD OF TRADE,2018-09-18,471657,35678
U.S. TREASURY BONDS - CHICAGO BOARD OF TRADE,2018-09-18,61600,71150
10-YEAR U.S. TREASURY NOTES - CHICAGO BOARD OF TRADE,2018-09-25,1282831,335831
2-YEAR U.S. TREASURY NOTES - CHICAGO BOARD OF TRADE,2018-09-25,723565,315569
5-YEAR U.S. TREASURY NOTES - CHICAGO BOARD OF TRADE,2018-09-25,1518414,414222
ULTRA U.S. TREASURY BONDS - CHICAGO BOARD OF TRADE,2018-09-25,474069,34096
U.S. TREASURY BONDS - CHICAGO BOARD OF TRADE,2018-09-25,73533,56036
5-YEAR U.S. TREASURY NOTES - CHICAGO BOARD OF TRADE,2018-10-02,1488567,412948
2-YEAR U.S. TREASURY NOTES - CHICAGO BOARD OF TRADE,2018-10-02,757847,282546
U.S. TREASURY BONDS - CHICAGO BOARD OF TRADE,2018-10-02,84718,66302
ULTRA U.S. TREASURY BONDS - CHICAGO BOARD OF TRADE,2018-10-02,476502,35240
10-YEAR U.S. TREASURY NOTES - CHICAGO BOARD OF TRADE,2018-10-02,1181548,302310
10-YEAR U.S. TREASURY NOTES - CHICAGO BOARD OF TRADE,2018-10-09,1160692,380141
2-YEAR U.S. TREASURY NOTES - CHICAGO BOARD OF TRADE,2018-10-09,804686,281728
5-YEAR U.S. TREASURY NOTES - CHICAGO BOARD OF TRADE,2018-10-09,1540297,396909
ULTRA U.S. TREASURY BONDS - CHICAGO BOARD OF TRADE,2018-10-09,452383,49030
U.S. TREASURY BONDS - CHICAGO BOARD OF TRADE,2018-10-09,117999,82559
5-YEAR U.S. TREASURY NOTES - CHICAGO BOARD OF TRADE,2018-10-16,1575242,425904
2-YEAR U.S. TREASURY NOTES - CHICAGO BOARD OF TRADE,2018-10-16,880547,286487
U.S. TREASURY BONDS - CHICAGO BOARD OF TRADE,2018-10-16,89769,89357
ULTRA U.S. TREASURY BONDS - CHICAGO BOARD OF TRADE,2018-10-16,457638,42946
10-YEAR U.S. TREASURY NOTES - CHICAGO BOARD OF TRADE,2018-10-16,1236217,402746
10-YEAR U.S. TREASURY NOTES - CHICAGO BOARD OF TRADE,2018-10-23,1307178,456627
2-YEAR U.S. TREASURY NOTES - CHICAGO BOARD OF TRADE,2018-10-23,886092,280475
5-YEAR U.S. TREASURY NOTES - CHICAGO BOARD OF TRADE,2018-10-23,1550119,442816
ULTRA U.S. TREASURY BONDS - CHICAGO BOARD OF TRADE,2018-10-23,451794,39536
U.S. TREASURY BONDS - CHICAGO BOARD OF TRADE,2018-10-23,73232,79920
2-YEAR U.S. TREASURY NOTES - CHICAGO BOARD OF TRADE,2018-10-30,979498,318786
10-YEAR U.S. TREASURY NOTES - CHICAGO BOARD OF TRADE,2018-10-30,1311081,443151
5-YEAR U.S. TREASURY NOTES - CHICAGO BOARD OF TRADE,2018-10-30,1626869,411612
U.S. TREASURY BONDS - CHICAGO BOARD OF TRADE,2018-10-30,77334,59467
ULTRA U.S. TREASURY BONDS - CHICAGO BOARD OF TRADE,2018-10-30,458289,40426
10-YEAR U.S. TREASURY NOTES - CHICAGO BOARD OF TRADE,2018-11-06,1386287,442031
2-YEAR U.S. TREASURY NOTES - CHICAGO BOARD OF TRADE,2018-11-06,985586,316364
5-YEAR U.S. TREASURY NOTES - CHICAGO BOARD OF TRADE,2018-11-06,1663040,451003
ULTRA U.S. TREASURY BONDS - CHICAGO BOARD OF TRADE,2018-11-06,479670,40791
U.S. TREASURY BONDS - CHICAGO BOARD OF TRADE,2018-11-06,82067,59962
2-YEAR U.S. TREASURY NOTES - CHICAGO BOARD OF TRADE,2018-11-13,1052522,345000
ULTRA U.S. TREASURY BONDS - CHICAGO BOARD OF TRADE,2018-11-13,516753,36829
10-YEAR U.S. TREASURY NOTES - CHICAGO BOARD OF TRADE,2018-11-13,1294563,479156
U.S. TREASURY BONDS - CHICAGO BOARD OF TRADE,2018-11-13,71184,54738
5-YEAR U.S. TREASURY NOTES - CHICAGO BOARD OF TRADE,2018-11-13,1653594,415804
10-YEAR U.S. TREASURY NOTES - CHICAGO BOARD OF TRADE,2018-11-20,1386736,473268
2-YEAR U.S. TREASURY NOTES - CHICAGO BOARD OF TRADE,2018-11-20,1255003,411514
5-YEAR U.S. TREASURY NOTES - CHICAGO BOARD OF TRADE,2018-11-20,1775007,494567
ULTRA U.S. TREASURY BONDS - CHICAGO BOARD OF TRADE,2018-11-20,507681,38728
U.S. TREASURY BONDS - CHICAGO BOARD OF TRADE,2018-11-20,82963,52660
ULTRA U.S. TREASURY BONDS - CHICAGO BOARD OF TRADE,2018-11-27,499534,35558
10-YEAR U.S. TREASURY NOTES - CHICAGO BOARD OF TRADE,2018-11-27,1274636,454526
2-YEAR U.S. TREASURY NOTES - CHICAGO BOARD OF TRADE,2018-11-27,1174706,384881
U.S. TREASURY BONDS - CHICAGO BOARD OF TRADE,2018-11-27,79236,56026
5-YEAR U.S. TREASURY NOTES - CHICAGO BOARD OF TRADE,2018-11-27,1696476,478181
10-YEAR U.S. TREASURY NOTES - CHICAGO BOARD OF TRADE,2018-12-04,1318885,492049
2-YEAR U.S. TREASURY NOTES - CHICAGO BOARD OF TRADE,2018-12-04,1179180,345889
5-YEAR U.S. TREASURY NOTES - CHICAGO BOARD OF TRADE,2018-12-04,1747464,489576
ULTRA U.S. TREASURY BONDS - CHICAGO BOARD OF TRADE,2018-12-04,491287,33011
U.S. TREASURY BONDS - CHICAGO BOARD OF TRADE,2018-12-04,91305,59409
2-YEAR U.S. TREASURY NOTES - CHICAGO BOARD OF TRADE,2018-12-11,1120780,342453
ULTRA U.S. TREASURY BONDS - CHICAGO BOARD OF TRADE,2018-12-11,477812,30752
10-YEAR U.S. TREASURY NOTES - CHICAGO BOARD OF TRADE,2018-12-11,1340848,471746
U.S. TREASURY BONDS - CHICAGO BOARD OF TRADE,2018-12-11,96654,54984
5-YEAR U.S. TREASURY NOTES - CHICAGO BOARD OF TRADE,2018-12-11,1808225,499281
10-YEAR U.S. TREASURY NOTES - CHICAGO BOARD OF TRADE,2018-12-18,1348363,412720
2-YEAR U.S. TREASURY NOTES - CHICAGO BOARD OF TRADE,2018-12-18,1172835,428654
5-YEAR U.S. TREASURY NOTES - CHICAGO BOARD OF TRADE,2018-12-18,1845775,504367
ULTRA U.S. TREASURY BONDS - CHICAGO BOARD OF TRADE,2018-12-18,500474,28918
U.S. TREASURY BONDS - CHICAGO BOARD OF TRADE,2018-12-18,100733,62457
10-YEAR U.S. TREASURY NOTES - CHICAGO BOARD OF TRADE,2018-12-24,1233018,372675
5-YEAR U.S. TREASURY NOTES - CHICAGO BOARD OF TRADE,2018-12-24,1838927,464687
U.S. TREASURY BONDS - CHICAGO BOARD OF TRADE,2018-12-24,81601,56837
ULTRA U.S. TREASURY BONDS - CHICAGO BOARD OF TRADE,2018-12-24,503023,25801
2-YEAR U.S. TREASURY NOTES - CHICAGO BOARD OF TRADE,2018-12-24,1244303,476480
ULTRA U.S. TREASURY BONDS - CHICAGO BOARD OF TRADE,2018-12-31,511417,28828
U.S. TREASURY BONDS - CHICAGO BOARD OF TRADE,2018-12-31,91150,60261
10-YEAR U.S. TREASURY NOTES - CHICAGO BOARD OF TRADE,2018-12-31,1215199,405803
2-YEAR U.S. TREASURY NOTES - CHICAGO BOARD OF TRADE,2018-12-31,1259951,520105
5-YEAR U.S. TREASURY NOTES - CHICAGO BOARD OF TRADE,2018-12-31,1963388,507778
10-YEAR U.S. TREASURY NOTES - CHICAGO BOARD OF TRADE,2019-01-08,1282309,437753
2-YEAR U.S. TREASURY NOTES - CHICAGO BOARD OF TRADE,2019-01-08,1213491,464733
5-YEAR U.S. TREASURY NOTES - CHICAGO BOARD OF TRADE,2019-01-08,1869298,497685
ULTRA U.S. TREASURY BONDS - CHICAGO BOARD OF TRADE,2019-01-08,508958,23479
U.S. TREASURY BONDS - CHICAGO BOARD OF TRADE,2019-01-08,107113,60800
5-YEAR U.S. TREASURY NOTES - CHICAGO BOARD OF TRADE,2019-01-15,1906210,500228
2-YEAR U.S. TREASURY NOTES - CHICAGO BOARD OF TRADE,2019-01-15,1293046,506801
U.S. TREASURY BONDS - CHICAGO BOARD OF TRADE,2019-01-15,103771,81471
ULTRA U.S. TREASURY BONDS - CHICAGO BOARD OF TRADE,2019-01-15,547226,24912
10-YEAR U.S. TREASURY NOTES - CHICAGO BOARD OF TRADE,2019-01-15,1345867,400010
10-YEAR U.S. TREASURY NOTES - CHICAGO BOARD OF TRADE,2019-01-22,1274742,433899
2-YEAR U.S. TREASURY NOTES - CHICAGO BOARD OF TRADE,2019-01-22,1302752,491665
5-YEAR U.S. TREASURY NOTES - CHICAGO BOARD OF TRADE,2019-01-22,1900485,520579
ULTRA U.S. TREASURY BONDS - CHICAGO BOARD OF TRADE,2019-01-22,583438,24638
U.S. TREASURY BONDS - CHICAGO BOARD OF TRADE,2019-01-22,103289,89796
10-YEAR U.S. TREASURY NOTES - CHICAGO BOARD OF TRADE,2019-01-29,1261969,396332
2-YEAR U.S. TREASURY NOTES - CHICAGO BOARD OF TRADE,2019-01-29,1373262,473497
5-YEAR U.S. TREASURY NOTES - CHICAGO BOARD OF TRADE,2019-01-29,1919518,527223
ULTRA U.S. TREASURY BONDS - CHICAGO BOARD OF TRADE,2019-01-29,601494,25099
U.S. TREASURY BONDS - CHICAGO BOARD OF TRADE,2019-01-29,108819,97810
10-YEAR U.S. TREASURY NOTES - CHICAGO BOARD OF TRADE,2019-02-05,1228642,364836
2-YEAR U.S. TREASURY NOTES - CHICAGO BOARD OF TRADE,2019-02-05,1549138,471390
5-YEAR U.S. TREASURY NOTES - CHICAGO BOARD OF TRADE,2019-02-05,1925038,543170
ULTRA U.S. TREASURY BONDS - CHICAGO BOARD OF TRADE,2019-02-05,593642,28455
U.S. TREASURY BONDS - CHICAGO BOARD OF TRADE,2019-02-05,121126,100715
10-YEAR U.S. TREASURY NOTES - CHICAGO BOARD OF TRADE,2019-02-12,1277511,322552
2-YEAR U.S. TREASURY NOTES - CHICAGO BOARD OF TRADE,2019-02-12,1752563,526763
5-YEAR U.S. TREASURY NOTES - CHICAGO BOARD OF TRADE,2019-02-12,1727732,496411
ULTRA U.S. TREASURY BONDS - CHICAGO BOARD OF TRADE,2019-02-12,612398,25845
U.S. TREASURY BONDS - CHICAGO BOARD OF TRADE,2019-02-12,104285,87039
10-YEAR U.S. TREASURY NOTES - CHICAGO BOARD OF TRADE,2019-02-19,1331431,322694
2-YEAR U.S. TREASURY NOTES - CHICAGO BOARD OF TRADE,2019-02-19,1727908,503806
5-YEAR U.S. TREASURY NOTES - CHICAGO BOARD OF TRADE,2019-02-19,1692743,521836
ULTRA U.S. TREASURY BONDS - CHICAGO BOARD OF TRADE,2019-02-19,603159,25016
U.S. TREASURY BONDS - CHICAGO BOARD OF TRADE,2019-02-19,120009,116950
10-YEAR U.S. TREASURY NOTES - CHICAGO BOARD OF TRADE,2019-02-26,1342745,345867
2-YEAR U.S. TREASURY NOTES - CHICAGO BOARD OF TRADE,2019-02-26,1627969,555385
5-YEAR U.S. TREASURY NOTES - CHICAGO BOARD OF TRADE,2019-02-26,1702600,539640
ULTRA U.S. TREASURY BONDS - CHICAGO BOARD OF TRADE,2019-02-26,615961,26193
U.S. TREASURY BONDS - CHICAGO BOARD OF TRADE,2019-02-26,152545,112243
10-YEAR U.S. TREASURY NOTES - CHICAGO BOARD OF TRADE,2019-03-05,1221197,284319
2-YEAR U.S. TREASURY NOTES - CHICAGO BOARD OF TRADE,2019-03-05,1583566,497998
5-YEAR U.S. TREASURY NOTES - CHICAGO BOARD OF TRADE,2019-03-05,1676392,441050
ULTRA U.S. TREASURY BONDS - CHICAGO BOARD OF TRADE,2019-03-05,587757,30659
U.S. TREASURY BONDS - CHICAGO BOARD OF TRADE,2019-03-05,128400,103562
10-YEAR U.S. TREASURY NOTES - CHICAGO BOARD OF TRADE,2019-03-12,1268704,313270
U.S. TREASURY BONDS - CHICAGO BOARD OF TRADE,2019-03-12,137783,115015
2-YEAR U.S. TREASURY NOTES - CHICAGO BOARD OF TRADE,2019-03-12,1609442,492954
ULTRA U.S. TREASURY BONDS - CHICAGO BOARD OF TRADE,2019-03-12,576301,37760
5-YEAR U.S. TREASURY NOTES - CHICAGO BOARD OF TRADE,2019-03-12,1701865,506519
10-YEAR U.S. TREASURY NOTES - CHICAGO BOARD OF TRADE,2019-03-19,1292981,337579
2-YEAR U.S. TREASURY NOTES - CHICAGO BOARD OF TRADE,2019-03-19,1661818,494677
5-YEAR U.S. TREASURY NOTES - CHICAGO BOARD OF TRADE,2019-03-19,1745228,475753
ULTRA U.S. TREASURY BONDS - CHICAGO BOARD OF TRADE,2019-03-19,577743,35149
U.S. TREASURY BONDS - CHICAGO BOARD OF TRADE,2019-03-19,149115,112443
10-YEAR U.S. TREASURY NOTES - CHICAGO BOARD OF TRADE,2019-03-26,1265860,390191
2-YEAR U.S. TREASURY NOTES - CHICAGO BOARD OF TRADE,2019-03-26,1774450,512280
5-YEAR U.S. TREASURY NOTES - CHICAGO BOARD OF TRADE,2019-03-26,1783596,466565
ULTRA U.S. TREASURY BONDS - CHICAGO BOARD OF TRADE,2019-03-26,582465,31479
U.S. TREASURY BONDS - CHICAGO BOARD OF TRADE,2019-03-26,157417,127396
10-YEAR U.S. TREASURY NOTES - CHICAGO BOARD OF TRADE,2019-04-02,1270036,358916
2-YEAR U.S. TREASURY NOTES - CHICAGO BOARD OF TRADE,2019-04-02,1915876,592780
5-YEAR U.S. TREASURY NOTES - CHICAGO BOARD OF TRADE,2019-04-02,1717597,478645
ULTRA U.S. TREASURY BONDS - CHICAGO BOARD OF TRADE,2019-04-02,606429,30123
U.S. TREASURY BONDS - CHICAGO BOARD OF TRADE,2019-04-02,160012,110226
10-YEAR U.S. TREASURY NOTES - CHICAGO BOARD OF TRADE,2019-04-09,1261729,404082
U.S. TREASURY BONDS - CHICAGO BOARD OF TRADE,2019-04-09,157362,112195
2-YEAR U.S. TREASURY NOTES - CHICAGO BOARD OF TRADE,2019-04-09,1997072,600800
ULTRA U.S. TREASURY BONDS - CHICAGO BOARD OF TRADE,2019-04-09,600727,29356
5-YEAR U.S. TREASURY NOTES - CHICAGO BOARD OF TRADE,2019-04-09,1669546,464172
10-YEAR U.S. TREASURY NOTES - CHICAGO BOARD OF TRADE,2019-04-16,1231718,408917
2-YEAR U.S. TREASURY NOTES - CHICAGO BOARD OF TRADE,2019-04-16,1992303,557887
5-YEAR U.S. TREASURY NOTES - CHICAGO BOARD OF TRADE,2019-04-16,1686741,458752
ULTRA U.S. TREASURY BONDS - CHICAGO BOARD OF TRADE,2019-04-16,603474,27266
U.S. TREASURY BONDS - CHICAGO BOARD OF TRADE,2019-04-16,144971,121290
10-YEAR U.S. TREASURY NOTES - CHICAGO BOARD OF TRADE,2019-04-23,1263635,424709
U.S. TREASURY BONDS - CHICAGO BOARD OF TRADE,2019-04-23,144386,126214
2-YEAR U.S. TREASURY NOTES - CHICAGO BOARD OF TRADE,2019-04-23,2004543,612160
ULTRA U.S. TREASURY BONDS - CHICAGO BOARD OF TRADE,2019-04-23,611550,26447
5-YEAR U.S. TREASURY NOTES - CHICAGO BOARD OF TRADE,2019-04-23,1692909,490453
10-YEAR U.S. TREASURY NOTES - CHICAGO BOARD OF TRADE,2019-04-30,1230262,381391
2-YEAR U.S. TREASURY NOTES - CHICAGO BOARD OF TRADE,2019-04-30,2155855,699868
5-YEAR U.S. TREASURY NOTES - CHICAGO BOARD OF TRADE,2019-04-30,1795681,532890
ULTRA U.S. TREASURY BONDS - CHICAGO BOARD OF TRADE,2019-04-30,623047,20748
U.S. TREASURY BONDS - CHICAGO BOARD OF TRADE,2019-04-30,143388,112638
ULTRA U.S. TREASURY BONDS - CHICAGO BOARD OF TRADE,2019-05-07,626893,26631
U.S. TREASURY BONDS - CHICAGO BOARD OF TRADE,2019-05-07,153367,124483
10-YEAR U.S. TREASURY NOTES - CHICAGO BOARD OF TRADE,2019-05-07,1259989,356404
2-YEAR U.S. TREASURY NOTES - CHICAGO BOARD OF TRADE,2019-05-07,2218369,687034
5-YEAR U.S. TREASURY NOTES - CHICAGO BOARD OF TRADE,2019-05-07,1696644,500142
10-YEAR U.S. TREASURY NOTES - CHICAGO BOARD OF TRADE,2019-05-14,1368982,387151
2-YEAR U.S. TREASURY NOTES - CHICAGO BOARD OF TRADE,2019-05-14,2326243,767882
5-YEAR U.S. TREASURY NOTES - CHICAGO BOARD OF TRADE,2019-05-14,1742494,496481
ULTRA U.S. TREASURY BONDS - CHICAGO BOARD OF TRADE,2019-05-14,646064,22216
U.S. TREASURY BONDS - CHICAGO BOARD OF TRADE,2019-05-14,161787,123968
10-YEAR U.S. TREASURY NOTES - CHICAGO BOARD OF TRADE,2019-05-21,1362054,390872
2-YEAR U.S. TREASURY NOTES - CHICAGO BOARD OF TRADE,2019-05-21,2172665,712647
5-YEAR U.S. TREASURY NOTES - CHICAGO BOARD OF TRADE,2019-05-21,1757462,487543
ULTRA U.S. TREASURY BONDS - CHICAGO BOARD OF TRADE,2019-05-21,644329,20164
U.S. TREASURY BONDS - CHICAGO BOARD OF TRADE,2019-05-21,163201,122228
5-YEAR U.S. TREASURY NOTES - CHICAGO BOARD OF TRADE,2019-05-28,1681091,515413
10-YEAR U.S. TREASURY NOTES - CHICAGO BOARD OF TRADE,2019-05-28,1255137,387474
ULTRA U.S. TREASURY BONDS - CHICAGO BOARD OF TRADE,2019-05-28,643904,19616
U.S. TREASURY BONDS - CHICAGO BOARD OF TRADE,2019-05-28,146926,116121
2-YEAR U.S. TREASURY NOTES - CHICAGO BOARD OF TRADE,2019-05-28,2041621,635229
10-YEAR U.S. TREASURY NOTES - CHICAGO BOARD OF TRADE,2019-06-04,1283609,358092
2-YEAR U.S. TREASURY NOTES - CHICAGO BOARD OF TRADE,2019-06-04,1953199,722268
5-YEAR U.S. TREASURY NOTES - CHICAGO BOARD OF TRADE,2019-06-04,1710363,471407
ULTRA U.S. TREASURY BONDS - CHICAGO BOARD OF TRADE,2019-06-04,639537,10777
U.S. TREASURY BONDS - CHICAGO BOARD OF TRADE,2019-06-04,149912,114537
5-YEAR U.S. TREASURY NOTES - CHICAGO BOARD OF TRADE,2019-06-11,1626527,447612
10-YEAR U.S. TREASURY NOTES - CHICAGO BOARD OF TRADE,2019-06-11,1281127,395527
ULTRA U.S. TREASURY BONDS - CHICAGO BOARD OF TRADE,2019-06-11,637141,22689
U.S. TREASURY BONDS - CHICAGO BOARD OF TRADE,2019-06-11,152208,137007
2-YEAR U.S. TREASURY NOTES - CHICAGO BOARD OF TRADE,2019-06-11,2119221,695362
10-YEAR U.S. TREASURY NOTES - CHICAGO BOARD OF TRADE,2019-06-18,1352019,324621
2-YEAR U.S. TREASURY NOTES - CHICAGO BOARD OF TRADE,2019-06-18,2067091,596967
5-YEAR U.S. TREASURY NOTES - CHICAGO BOARD OF TRADE,2019-06-18,1610083,462902
ULTRA U.S. TREASURY BONDS - CHICAGO BOARD OF TRADE,2019-06-18,644698,22967
U.S. TREASURY BONDS - CHICAGO BOARD OF TRADE,2019-06-18,161999,120156
ULTRA U.S. TREASURY BONDS - CHICAGO BOARD OF TRADE,2019-06-25,643200,22757
10-YEAR U.S. TREASURY NOTES - CHICAGO BOARD OF TRADE,2019-06-25,1247771,399943
2-YEAR U.S. TREASURY NOTES - CHICAGO BOARD OF TRADE,2019-06-25,2168735,627709
U.S. TREASURY BONDS - CHICAGO BOARD OF TRADE,2019-06-25,166766,108407
5-YEAR U.S. TREASURY NOTES - CHICAGO BOARD OF TRADE,2019-06-25,1722529,471046
10-YEAR U.S. TREASURY NOTES - CHICAGO BOARD OF TRADE,2019-07-02,1206794,371290
2-YEAR U.S. TREASURY NOTES - CHICAGO BOARD OF TRADE,2019-07-02,2135220,636115
5-YEAR U.S. TREASURY NOTES - CHICAGO BOARD OF TRADE,2019-07-02,1764365,459596
ULTRA U.S. TREASURY BONDS - CHICAGO BOARD OF TRADE,2019-07-02,653891,21517
U.S. TREASURY BONDS - CHICAGO BOARD OF TRADE,2019-07-02,158518,107755
10-YEAR U.S. TREASURY NOTES - CHICAGO BOARD OF TRADE,2019-07-09,1272775,393549
U.S. TREASURY BONDS - CHICAGO BOARD OF TRADE,2019-07-09,155015,97823
2-YEAR U.S. TREASURY NOTES - CHICAGO BOARD OF TRADE,2019-07-09,2059623,581014
ULTRA U.S. TREASURY BONDS - CHICAGO BOARD OF TRADE,2019-07-09,647520,28253
5-YEAR U.S. TREASURY NOTES - CHICAGO BOARD OF TRADE,2019-07-09,1752377,455296
10-YEAR U.S. TREASURY NOTES - CHICAGO BOARD OF TRADE,2019-07-16,1281977,363585
2-YEAR U.S. TREASURY NOTES - CHICAGO BOARD OF TRADE,2019-07-16,2059286,595050
5-YEAR U.S. TREASURY NOTES - CHICAGO BOARD OF TRADE,2019-07-16,1737552,429030
ULTRA U.S. TREASURY BONDS - CHICAGO BOARD OF TRADE,2019-07-16,642751,29089
U.S. TREASURY BONDS - CHICAGO BOARD OF TRADE,2019-07-16,164074,83338
10-YEAR U.S. TREASURY NOTES - CHICAGO BOARD OF TRADE,2019-07-23,1401104,350218
2-YEAR U.S. TREASURY NOTES - CHICAGO BOARD OF TRADE,2019-07-23,2084631,648080
5-YEAR U.S. TREASURY NOTES - CHICAGO BOARD OF TRADE,2019-07-23,1733404,410266
ULTRA U.S. TREASURY BONDS - CHICAGO BOARD OF TRADE,2019-07-23,633790,29510
U.S. TREASURY BONDS - CHICAGO BOARD OF TRADE,2019-07-23,172150,74115
10-YEAR U.S. TREASURY NOTES - CHICAGO BOARD OF TRADE,2019-07-30,1482535,327736
2-YEAR U.S. TREASURY NOTES - CHICAGO BOARD OF TRADE,2019-07-30,2168916,646861
5-YEAR U.S. TREASURY NOTES - CHICAGO BOARD OF TRADE,2019-07-30,1676566,410778
ULTRA U.S. TREASURY BONDS - CHICAGO BOARD OF TRADE,2019-07-30,632551,25928
U.S. TREASURY BONDS - CHICAGO BOARD OF TRADE,2019-07-30,173938,83226
10-YEAR U.S. TREASURY NOTES - CHICAGO BOARD OF TRADE,2019-08-06,1339168,319935
U.S. TREASURY BONDS - CHICAGO BOARD OF TRADE,2019-08-06,189786,74801
2-YEAR U.S. TREASURY NOTES - CHICAGO BOARD OF TRADE,2019-08-06,2206221,659150
ULTRA U.S. TREASURY BONDS - CHICAGO BOARD OF TRADE,2019-08-06,658064,27076
5-YEAR U.S. TREASURY NOTES - CHICAGO BOARD OF TRADE,2019-08-06,1669146,404395
10-YEAR U.S. TREASURY NOTES - CHICAGO BOARD OF TRADE,2019-08-13,1347370,324614
2-YEAR U.S. TREASURY NOTES - CHICAGO BOARD OF TRADE,2019-08-13,2174135,642145
5-YEAR U.S. TREASURY NOTES - CHICAGO BOARD OF TRADE,2019-08-13,1585799,392389
ULTRA U.S. TREASURY BONDS - CHICAGO BOARD OF TRADE,2019-08-13,683119,28901
U.S. TREASURY BONDS - CHICAGO BOARD OF TRADE,2019-08-13,203853,74885
10-YEAR U.S. TREASURY NOTES - CHICAGO BOARD OF TRADE,2019-08-20,1266701,304096
U.S. TREASURY BONDS - CHICAGO BOARD OF TRADE,2019-08-20,206747,75919
2-YEAR U.S. TREASURY NOTES - CHICAGO BOARD OF TRADE,2019-08-20,2178381,647346
ULTRA U.S. TREASURY BONDS - CHICAGO BOARD OF TRADE,2019-08-20,669495,26901
5-YEAR U.S. TREASURY NOTES - CHICAGO BOARD OF TRADE,2019-08-20,1514426,404634
10-YEAR U.S. TREASURY NOTES - CHICAGO BOARD OF TRADE,2019-08-27,1186040,308063
2-YEAR U.S. TREASURY NOTES - CHICAGO BOARD OF TRADE,2019-08-27,2049562,587029
5-YEAR U.S. TREASURY NOTES - CHICAGO BOARD OF TRADE,2019-08-27,1436776,488263
ULTRA U.S. TREASURY BONDS - CHICAGO BOARD OF TRADE,2019-08-27,643616,23796
U.S. TREASURY BONDS - CHICAGO BOARD OF TRADE,2019-08-27,189471,71215
10-YEAR U.S. TREASURY NOTES - CHICAGO BOARD OF TRADE,2019-09-03,1226720,298501
2-YEAR U.S. TREASURY NOTES - CHICAGO BOARD OF TRADE,2019-09-03,2032259,778463
5-YEAR U.S. TREASURY NOTES - CHICAGO BOARD OF TRADE,2019-09-03,1575348,507047
ULTRA U.S. TREASURY BONDS - CHICAGO BOARD OF TRADE,2019-09-03,643468,30289
U.S. TREASURY BONDS - CHICAGO BOARD OF TRADE,2019-09-03,199487,69914
10-YEAR U.S. TREASURY NOTES - CHICAGO BOARD OF TRADE,2019-09-10,1220712,327109
U.S. TREASURY BONDS - CHICAGO BOARD OF TRADE,2019-09-10,196353,69089
2-YEAR U.S. TREASURY NOTES - CHICAGO BOARD OF TRADE,2019-09-10,2032810,795425
ULTRA U.S. TREASURY BONDS - CHICAGO BOARD OF TRADE,2019-09-10,647623,28270
5-YEAR U.S. TREASURY NOTES - CHICAGO BOARD OF TRADE,2019-09-10,1587514,474841
10-YEAR U.S. TREASURY NOTES - CHICAGO BOARD OF TRADE,2019-09-17,1099157,440194
2-YEAR U.S. TREASURY NOTES - CHICAGO BOARD OF TRADE,2019-09-17,2061239,864448
5-YEAR U.S. TREASURY NOTES - CHICAGO BOARD OF TRADE,2019-09-17,1597747,442736
ULTRA U.S. TREASURY BONDS - CHICAGO BOARD OF TRADE,2019-09-17,652212,33337
U.S. TREASURY BONDS - CHICAGO BOARD OF TRADE,2019-09-17,199947,71805
2-YEAR U.S. TREASURY NOTES - CHICAGO BOARD OF TRADE,2019-09-24,2098294,920826
ULTRA U.S. TREASURY BONDS - CHICAGO BOARD OF TRADE,2019-09-24,640857,34012
10-YEAR U.S. TREASURY NOTES - CHICAGO BOARD OF TRADE,2019-09-24,1127867,384417
U.S. TREASURY BONDS - CHICAGO BOARD OF TRADE,2019-09-24,194770,59934
5-YEAR U.S. TREASURY NOTES - CHICAGO BOARD OF TRADE,2019-09-24,1552380,480875
10-YEAR U.S. TREASURY NOTES - CHICAGO BOARD OF TRADE,2019-10-01,1101904,364170
2-YEAR U.S. TREASURY NOTES - CHICAGO BOARD OF TRADE,2019-10-01,2139519,1011242
5-YEAR U.S. TREASURY NOTES - CHICAGO BOARD OF TRADE,2019-10-01,1570425,491174
ULTRA U.S. TREASURY BONDS - CHICAGO BOARD OF TRADE,2019-10-01,640273,31754
U.S. TREASURY BONDS - CHICAGO BOARD OF TRADE,2019-10-01,203797,47369
10-YEAR U.S. TREASURY NOTES - CHICAGO BOARD OF TRADE,2019-10-08,1120191,271831
U.S. TREASURY BONDS - CHICAGO BOARD OF TRADE,2019-10-08,225955,43858
2-YEAR U.S. TREASURY NOTES - CHICAGO BOARD OF TRADE,2019-10-08,2196067,1030251
ULTRA U.S. TREASURY BONDS - CHICAGO BOARD OF TRADE,2019-10-08,640401,35750
5-YEAR U.S. TREASURY NOTES - CHICAGO BOARD OF TRADE,2019-10-08,1600319,564407
5-YEAR U.S. TREASURY NOTES - CHICAGO BOARD OF TRADE,2019-10-15,1636901,624933
2-YEAR U.S. TREASURY NOTES - CHICAGO BOARD OF TRADE,2019-10-15,2199813,1023799
U.S. TREASURY BONDS - CHICAGO BOARD OF TRADE,2019-10-15,213707,60295
ULTRA U.S. TREASURY BONDS - CHICAGO BOARD OF TRADE,2019-10-15,645407,34134
10-YEAR U.S. TREASURY NOTES - CHICAGO BOARD OF TRADE,2019-10-15,1172680,278570
10-YEAR U.S. TREASURY NOTES - CHICAGO BOARD OF TRADE,2019-10-22,1175466,306372
U.S. TREASURY BONDS - CHICAGO BOARD OF TRADE,2019-10-22,218744,64013
2-YEAR U.S. TREASURY NOTES - CHICAGO BOARD OF TRADE,2019-10-22,2215823,994909
ULTRA U.S. TREASURY BONDS - CHICAGO BOARD OF TRADE,2019-10-22,646542,37276
5-YEAR U.S. TREASURY NOTES - CHICAGO BOARD OF TRADE,2019-10-22,1612977,619656
10-YEAR U.S. TREASURY NOTES - CHICAGO BOARD OF TRADE,2019-10-29,1295788,303478
2-YEAR U.S. TREASURY NOTES - CHICAGO BOARD OF TRADE,2019-10-29,2086033,950290
U.S. TREASURY BONDS - CHICAGO BOARD OF TRADE,2019-10-29,206177,68242
5-YEAR U.S. TREASURY NOTES - CHICAGO BOARD OF TRADE,2019-10-29,1632301,681255
ULTRA U.S. TREASURY BONDS - CHICAGO BOARD OF TRADE,2019-10-29,652802,43788
10-YEAR U.S. TREASURY NOTES - CHICAGO BOARD OF TRADE,2019-11-05,1240671,315157
2-YEAR U.S. TREASURY NOTES - CHICAGO BOARD OF TRADE,2019-11-05,2127128,929992
5-YEAR U.S. TREASURY NOTES - CHICAGO BOARD OF TRADE,2019-11-05,1755776,657623
ULTRA U.S. TREASURY BONDS - CHICAGO BOARD OF TRADE,2019-11-05,655435,59887
U.S. TREASURY BONDS - CHICAGO BOARD OF TRADE,2019-11-05,213333,64100
10-YEAR U.S. TREASURY NOTES - CHICAGO BOARD OF TRADE,2019-11-12,1178497,347189
2-YEAR U.S. TREASURY NOTES - CHICAGO BOARD OF TRADE,2019-11-12,2077870,937015
5-YEAR U.S. TREASURY NOTES - CHICAGO BOARD OF TRADE,2019-11-12,1674702,636409
ULTRA U.S. TREASURY BONDS - CHICAGO BOARD OF TRADE,2019-11-12,656949,67209
U.S. TREASURY BONDS - CHICAGO BOARD OF TRADE,2019-11-12,219321,81021
10-YEAR U.S. TREASURY NOTES - CHICAGO BOARD OF TRADE,2019-11-19,1264803,384456
2-YEAR U.S. TREASURY NOTES - CHICAGO BOARD OF TRADE,2019-11-19,1917858,852284
5-YEAR U.S. TREASURY NOTES - CHICAGO BOARD OF TRADE,2019-11-19,1565951,553865
ULTRA U.S. TREASURY BONDS - CHICAGO BOARD OF TRADE,2019-11-19,666689,70100
U.S. TREASURY BONDS - CHICAGO BOARD OF TRADE,2019-11-19,215539,69111
10-YEAR U.S. TREASURY NOTES - CHICAGO BOARD OF TRADE,2019-11-26,1238527,367610
2-YEAR U.S. TREASURY NOTES - CHICAGO BOARD OF TRADE,2019-11-26,1841821,821425
5-YEAR U.S. TREASURY NOTES - CHICAGO BOARD OF TRADE,2019-11-26,1524886,560502
ULTRA U.S. TREASURY BONDS - CHICAGO BOARD OF TRADE,2019-11-26,685737,72566
U.S. TREASURY BONDS - CHICAGO BOARD OF TRADE,2019-11-26,235233,57345
10-YEAR U.S. TREASURY NOTES - CHICAGO BOARD OF TRADE,2019-12-03,1329556,389408
2-YEAR U.S. TREASURY NOTES - CHICAGO BOARD OF TRADE,2019-12-03,1828390,825667
5-YEAR U.S. TREASURY NOTES - CHICAGO BOARD OF TRADE,2019-12-03,1562709,539933
ULTRA U.S. TREASURY BONDS - CHICAGO BOARD OF TRADE,2019-12-03,692270,61096
U.S. TREASURY BONDS - CHICAGO BOARD OF TRADE,2019-12-03,244792,55123
10-YEAR U.S. TREASURY NOTES - CHICAGO BOARD OF TRADE,2019-12-10,1244032,387315
U.S. TREASURY BONDS - CHICAGO BOARD OF TRADE,2019-12-10,246716,46485
2-YEAR U.S. TREASURY NOTES - CHICAGO BOARD OF TRADE,2019-12-10,1821612,870466
ULTRA U.S. TREASURY BONDS - CHICAGO BOARD OF TRADE,2019-12-10,698287,52400
5-YEAR U.S. TREASURY NOTES - CHICAGO BOARD OF TRADE,2019-12-10,1496375,494900
10-YEAR U.S. TREASURY NOTES - CHICAGO BOARD OF TRADE,2019-12-17,1200891,363246
2-YEAR U.S. TREASURY NOTES - CHICAGO BOARD OF TRADE,2019-12-17,1907132,927404
5-YEAR U.S. TREASURY NOTES - CHICAGO BOARD OF TRADE,2019-12-17,1587753,552495
ULTRA U.S. TREASURY BONDS - CHICAGO BOARD OF TRADE,2019-12-17,698718,56262
U.S. TREASURY BONDS - CHICAGO BOARD OF TRADE,2019-12-17,262152,60903
10-YEAR U.S. TREASURY NOTES - CHICAGO BOARD OF TRADE,2019-12-24,1140076,409878
U.S. TREASURY BONDS - CHICAGO BOARD OF TRADE,2019-12-24,252272,60316
2-YEAR U.S. TREASURY NOTES - CHICAGO BOARD OF TRADE,2019-12-24,1895190,944698
ULTRA U.S. TREASURY BONDS - CHICAGO BOARD OF TRADE,2019-12-24,708315,60696
5-YEAR U.S. TREASURY NOTES - CHICAGO BOARD OF TRADE,2019-12-24,1549657,559542
10-YEAR U.S. TREASURY NOTES - CHICAGO BOARD OF TRADE,2019-12-31,1049742,392411
2-YEAR U.S. TREASURY NOTES - CHICAGO BOARD OF TRADE,2019-12-31,1835351,909646
5-YEAR U.S. TREASURY NOTES - CHICAGO BOARD OF TRADE,2019-12-31,1591279,545953
ULTRA U.S. TREASURY BONDS - CHICAGO BOARD OF TRADE,2019-12-31,709807,61293
U.S. TREASURY BONDS - CHICAGO BOARD OF TRADE,2019-12-31,249588,48470
10-YEAR U.S. TREASURY NOTES - CHICAGO BOARD OF TRADE,2020-01-07,1169911,479653
2-YEAR U.S. TREASURY NOTES - CHICAGO BOARD OF TRADE,2020-01-07,1863594,853143
5-YEAR U.S. TREASURY NOTES - CHICAGO BOARD OF TRADE,2020-01-07,1506797,516235
ULTRA U.S. TREASURY BONDS - CHICAGO BOARD OF TRADE,2020-01-07,693659,42168
U.S. TREASURY BONDS - CHICAGO BOARD OF TRADE,2020-01-07,256304,53733
2-YEAR U.S. TREASURY NOTES - CHICAGO BOARD OF TRADE,2020-01-14,1863191,908199
10-YEAR U.S. TREASURY NOTES - CHICAGO BOARD OF TRADE,2020-01-14,1101737,350915
5-YEAR U.S. TREASURY NOTES - CHICAGO BOARD OF TRADE,2020-01-14,1495500,547355
U.S. TREASURY BONDS - CHICAGO BOARD OF TRADE,2020-01-14,228679,71903
ULTRA U.S. TREASURY BONDS - CHICAGO BOARD OF TRADE,2020-01-14,701857,40019
10-YEAR U.S. TREASURY NOTES - CHICAGO BOARD OF TRADE,2020-01-21,1146177,338032
2-YEAR U.S. TREASURY NOTES - CHICAGO BOARD OF TRADE,2020-01-21,1819409,919607
5-YEAR U.S. TREASURY NOTES - CHICAGO BOARD OF TRADE,2020-01-21,1490665,528454
ULTRA U.S. TREASURY BONDS - CHICAGO BOARD OF TRADE,2020-01-21,694849,34730
U.S. TREASURY BONDS - CHICAGO BOARD OF TRADE,2020-01-21,248159,90490
10-YEAR U.S. TREASURY NOTES - CHICAGO BOARD OF TRADE,2020-01-28,1159283,393997
2-YEAR U.S. TREASURY NOTES - CHICAGO BOARD OF TRADE,2020-01-28,1856923,917542
5-YEAR U.S. TREASURY NOTES - CHICAGO BOARD OF TRADE,2020-01-28,1552800,584732
ULTRA U.S. TREASURY BONDS - CHICAGO BOARD OF TRADE,2020-01-28,663897,48195
U.S. TREASURY BONDS - CHICAGO BOARD OF TRADE,2020-01-28,258243,76802
5-YEAR U.S. TREASURY NOTES - CHICAGO BOARD OF TRADE,2020-02-04,1627373,553704
2-YEAR U.S. TREASURY NOTES - CHICAGO BOARD OF TRADE,2020-02-04,1834189,977444
U.S. TREASURY BONDS - CHICAGO BOARD OF TRADE,2020-02-04,268268,69711
ULTRA U.S. TREASURY BONDS - CHICAGO BOARD OF TRADE,2020-02-04,643058,34767
10-YEAR U.S. TREASURY NOTES - CHICAGO BOARD OF TRADE,2020-02-04,1185280,368111
10-YEAR U.S. TREASURY NOTES - CHICAGO BOARD OF TRADE,2020-02-11,1179970,385504
2-YEAR U.S. TREASURY NOTES - CHICAGO BOARD OF TRADE,2020-02-11,1871261,908901
5-YEAR U.S. TREASURY NOTES - CHICAGO BOARD OF TRADE,2020-02-11,1624237,533869
ULTRA U.S. TREASURY BONDS - CHICAGO BOARD OF TRADE,2020-02-11,653312,30549
U.S. TREASURY BONDS - CHICAGO BOARD OF TRADE,2020-02-11,249567,73482
5-YEAR U.S. TREASURY NOTES - CHICAGO BOARD OF TRADE,2020-02-18,1675590,529991
2-YEAR U.S. TREASURY NOTES - CHICAGO BOARD OF TRADE,2020-02-18,1855024,868185
U.S. TREASURY BONDS - CHICAGO BOARD OF TRADE,2020-02-18,262738,68532
ULTRA U.S. TREASURY BONDS - CHICAGO BOARD OF TRADE,2020-02-18,661121,26195
10-YEAR U.S. TREASURY NOTES - CHICAGO BOARD OF TRADE,2020-02-18,1204886,480743
10-YEAR U.S. TREASURY NOTES - CHICAGO BOARD OF TRADE,2020-02-25,1162678,467015
2-YEAR U.S. TREASURY NOTES - CHICAGO BOARD OF TRADE,2020-02-25,1625266,818497
5-YEAR U.S. TREASURY NOTES - CHICAGO BOARD OF TRADE,2020-02-25,1702440,534561
ULTRA U.S. TREASURY BONDS - CHICAGO BOARD OF TRADE,2020-02-25,629782,25365
U.S. TREASURY BONDS - CHICAGO BOARD OF TRADE,2020-02-25,252166,70131
2-YEAR U.S. TREASURY NOTES - CHICAGO BOARD OF TRADE,2020-03-03,1577296,828850
10-YEAR U.S. TREASURY NOTES - CHICAGO BOARD OF TRADE,2020-03-03,1245886,498553
5-YEAR U.S. TREASURY NOTES - CHICAGO BOARD OF TRADE,2020-03-03,1980181,744328
U.S. TREASURY BONDS - CHICAGO BOARD OF TRADE,2020-03-03,280289,59498
ULTRA U.S. TREASURY BONDS - CHICAGO BOARD OF TRADE,2020-03-03,624162,42954
10-YEAR U.S. TREASURY NOTES - CHICAGO BOARD OF TRADE,2020-03-10,1174070,477568
2-YEAR U.S. TREASURY NOTES - CHICAGO BOARD OF TRADE,2020-03-10,1522929,862394
5-YEAR U.S. TREASURY NOTES - CHICAGO BOARD OF TRADE,2020-03-10,1788694,830178
ULTRA U.S. TREASURY BONDS - CHICAGO BOARD OF TRADE,2020-03-10,547939,38560
U.S. TREASURY BONDS - CHICAGO BOARD OF TRADE,2020-03-10,325788,53333
5-YEAR U.S. TREASURY NOTES - CHICAGO BOARD OF TRADE,2020-03-17,1702994,767016
2-YEAR U.S. TREASURY NOTES - CHICAGO BOARD OF TRADE,2020-03-17,1497909,832994
U.S. TREASURY BONDS - CHICAGO BOARD OF TRADE,2020-03-17,320733,31912
ULTRA U.S. TREASURY BONDS - CHICAGO BOARD OF TRADE,2020-03-17,513615,49898
10-YEAR U.S. TREASURY NOTES - CHICAGO BOARD OF TRADE,2020-03-17,1139024,468058
10-YEAR U.S. TREASURY NOTES - CHICAGO BOARD OF TRADE,2020-03-24,1105172,414324
2-YEAR U.S. TREASURY NOTES - CHICAGO BOARD OF TRADE,2020-03-24,1465743,863759
5-YEAR U.S. TREASURY NOTES - CHICAGO BOARD OF TRADE,2020-03-24,1646000,710639
ULTRA U.S. TREASURY BONDS - CHICAGO BOARD OF TRADE,2020-03-24,471899,54489
U.S. TREASURY BONDS - CHICAGO BOARD OF TRADE,2020-03-24,281521,32820
5-YEAR U.S. TREASURY NOTES - CHICAGO BOARD OF TRADE,2020-03-31,1659556,637933
2-YEAR U.S. TREASURY NOTES - CHICAGO BOARD OF TRADE,2020-03-31,1343738,756757
U.S. TREASURY BONDS - CHICAGO BOARD OF TRADE,2020-03-31,260063,25180
ULTRA U.S. TREASURY BONDS - CHICAGO BOARD OF TRADE,2020-03-31,463381,69544
10-YEAR U.S. TREASURY NOTES - CHICAGO BOARD OF TRADE,2020-03-31,1002126,442521
10-YEAR U.S. TREASURY NOTES - CHICAGO BOARD OF TRADE,2020-04-07,984011,469915
2-YEAR U.S. TREASURY NOTES - CHICAGO BOARD OF TRADE,2020-04-07,1189401,704869
5-YEAR U.S. TREASURY NOTES - CHICAGO BOARD OF TRADE,2020-04-07,1544328,670468
ULTRA U.S. TREASURY BONDS - CHICAGO BOARD OF TRADE,2020-04-07,479981,72673
U.S. TREASURY BONDS - CHICAGO BOARD OF TRADE,2020-04-07,272954,35086
10-YEAR U.S. TREASURY NOTES - CHICAGO BOARD OF TRADE,2020-04-14,990727,473570
2-YEAR U.S. TREASURY NOTES - CHICAGO BOARD OF TRADE,2020-04-14,1174849,687691
5-YEAR U.S. TREASURY NOTES - CHICAGO BOARD OF TRADE,2020-04-14,1479643,607654
ULTRA U.S. TREASURY BONDS - CHICAGO BOARD OF TRADE,2020-04-14,478068,82781
U.S. TREASURY BONDS - CHICAGO BOARD OF TRADE,2020-04-14,279450,47187
10-YEAR U.S. TREASURY NOTES - CHICAGO BOARD OF TRADE,2020-04-21,973375,466294
2-YEAR U.S. TREASURY NOTES - CHICAGO BOARD OF TRADE,2020-04-21,1142411,592661
5-YEAR U.S. TREASURY NOTES - CHICAGO BOARD OF TRADE,2020-04-21,1429203,575122
ULTRA U.S. TREASURY BONDS - CHICAGO BOARD OF TRADE,2020-04-21,498622,84967
U.S. TREASURY BONDS - CHICAGO BOARD OF TRADE,2020-04-21,270903,50441
2-YEAR U.S. TREASURY NOTES - CHICAGO BOARD OF TRADE,2020-04-28,1120420,571007
10-YEAR U.S. TREASURY NOTES - CHICAGO BOARD OF TRADE,2020-04-28,956439,454703
5-YEAR U.S. TREASURY NOTES - CHICAGO BOARD OF TRADE,2020-04-28,1386993,509351
U.S. TREASURY BONDS - CHICAGO BOARD OF TRADE,2020-04-28,267844,53373
ULTRA U.S. TREASURY BONDS - CHICAGO BOARD OF TRADE,2020-04-28,496577,93986
10-YEAR U.S. TREASURY NOTES - CHICAGO BOARD OF TRADE,2020-05-05,1071389,463170
2-YEAR U.S. TREASURY NOTES - CHICAGO BOARD OF TRADE,2020-05-05,1000028,524200
5-YEAR U.S. TREASURY NOTES - CHICAGO BOARD OF TRADE,2020-05-05,1433917,494877
ULTRA U.S. TREASURY BONDS - CHICAGO BOARD OF TRADE,2020-05-05,511795,109937
U.S. TREASURY BONDS - CHICAGO BOARD OF TRADE,2020-05-05,288857,52959
10-YEAR U.S. TREASURY NOTES - CHICAGO BOARD OF TRADE,2020-05-12,1092292,447296
U.S. TREASURY BONDS - CHICAGO BOARD OF TRADE,2020-05-12,310459,56938
2-YEAR U.S. TREASURY NOTES - CHICAGO BOARD OF TRADE,2020-05-12,1021437,523276
ULTRA U.S. TREASURY BONDS - CHICAGO BOARD OF TRADE,2020-05-12,495651,101614
5-YEAR U.S. TREASURY NOTES - CHICAGO BOARD OF TRADE,2020-05-12,1371791,434391
5-YEAR U.S. TREASURY NOTES - CHICAGO BOARD OF TRADE,2020-05-19,1337727,389246
2-YEAR U.S. TREASURY NOTES - CHICAGO BOARD OF TRADE,2020-05-19,965624,549994
U.S. TREASURY BONDS - CHICAGO BOARD OF TRADE,2020-05-19,311898,61389
ULTRA U.S. TREASURY BONDS - CHICAGO BOARD OF TRADE,2020-05-19,497456,100867
10-YEAR U.S. TREASURY NOTES - CHICAGO BOARD OF TRADE,2020-05-19,1146103,468390
10-YEAR U.S. TREASURY NOTES - CHICAGO BOARD OF TRADE,2020-05-26,1085290,494719
2-YEAR U.S. TREASURY NOTES - CHICAGO BOARD OF TRADE,2020-05-26,857929,475267
5-YEAR U.S. TREASURY NOTES - CHICAGO BOARD OF TRADE,2020-05-26,1271144,384705
ULTRA U.S. TREASURY BONDS - CHICAGO BOARD OF TRADE,2020-05-26,496803,105337
U.S. TREASURY BONDS - CHICAGO BOARD OF TRADE,2020-05-26,307629,62140
10-YEAR U.S. TREASURY NOTES - CHICAGO BOARD OF TRADE,2020-06-02,1135725,435851
2-YEAR U.S. TREASURY NOTES - CHICAGO BOARD OF TRADE,2020-06-02,863819,474693
5-YEAR U.S. TREASURY NOTES - CHICAGO BOARD OF TRADE,2020-06-02,1361563,478703
ULTRA U.S. TREASURY BONDS - CHICAGO BOARD OF TRADE,2020-06-02,461371,90099
U.S. TREASURY BONDS - CHICAGO BOARD OF TRADE,2020-06-02,292649,56669
10-YEAR U.S. TREASURY NOTES - CHICAGO BOARD OF TRADE,2020-06-09,1009406,479349
2-YEAR U.S. TREASURY NOTES - CHICAGO BOARD OF TRADE,2020-06-09,807811,382974
5-YEAR U.S. TREASURY NOTES - CHICAGO BOARD OF TRADE,2020-06-09,1373590,459685
ULTRA U.S. TREASURY BONDS - CHICAGO BOARD OF TRADE,2020-06-09,459446,85360
U.S. TREASURY BONDS - CHICAGO BOARD OF TRADE,2020-06-09,277591,56351
5-YEAR U.S. TREASURY NOTES - CHICAGO BOARD OF TRADE,2020-06-16,1382431,466175
10-YEAR U.S. TREASURY NOTES - CHICAGO BOARD OF TRADE,2020-06-16,997481,435952
ULTRA U.S. TREASURY BONDS - CHICAGO BOARD OF TRADE,2020-06-16,436115,63812
U.S. TREASURY BONDS - CHICAGO BOARD OF TRADE,2020-06-16,283809,63678
2-YEAR U.S. TREASURY NOTES - CHICAGO BOARD OF TRADE,2020-06-16,869910,366933
10-YEAR U.S. TREASURY NOTES - CHICAGO BOARD OF TRADE,2020-06-23,953907,457184
2-YEAR U.S. TREASURY NOTES - CHICAGO BOARD OF TRADE,2020-06-23,889624,352162
5-YEAR U.S. TREASURY NOTES - CHICAGO BOARD OF TRADE,2020-06-23,1371843,436907
ULTRA U.S. TREASURY BONDS - CHICAGO BOARD OF TRADE,2020-06-23,433667,53566
U.S. TREASURY BONDS - CHICAGO BOARD OF TRADE,2020-06-23,308909,75083
10-YEAR U.S. TREASURY NOTES - CHICAGO BOARD OF TRADE,2020-06-30,1009123,505700
2-YEAR U.S. TREASURY NOTES - CHICAGO BOARD OF TRADE,2020-06-30,936402,378474
5-YEAR U.S. TREASURY NOTES - CHICAGO BOARD OF TRADE,2020-06-30,1457654,477189
ULTRA U.S. TREASURY BONDS - CHICAGO BOARD OF TRADE,2020-06-30,472244,61299
U.S. TREASURY BONDS - CHICAGO BOARD OF TRADE,2020-06-30,339577,60365
10-YEAR U.S. TREASURY NOTES - CHICAGO BOARD OF TRADE,2020-07-07,979604,500479
U.S. TREASURY BONDS - CHICAGO BOARD OF TRADE,2020-07-07,341415,62136
2-YEAR U.S. TREASURY NOTES - CHICAGO BOARD OF TRADE,2020-07-07,903229,356152
ULTRA U.S. TREASURY BONDS - CHICAGO BOARD OF TRADE,2020-07-07,475915,62941
5-YEAR U.S. TREASURY NOTES - CHICAGO BOARD OF TRADE,2020-07-07,1441179,434379
10-YEAR U.S. TREASURY NOTES - CHICAGO BOARD OF TRADE,2020-07-14,958139,496211
2-YEAR U.S. TREASURY NOTES - CHICAGO BOARD OF TRADE,2020-07-14,927464,360453
5-YEAR U.S. TREASURY NOTES - CHICAGO BOARD OF TRADE,2020-07-14,1434381,446459
ULTRA U.S. TREASURY BONDS - CHICAGO BOARD OF TRADE,2020-07-14,477744,53443
U.S. TREASURY BONDS - CHICAGO BOARD OF TRADE,2020-07-14,353350,67288
10-YEAR U.S. TREASURY NOTES - CHICAGO BOARD OF TRADE,2020-07-21,935810,475751
2-YEAR U.S. TREASURY NOTES - CHICAGO BOARD OF TRADE,2020-07-21,933158,360943
5-YEAR U.S. TREASURY NOTES - CHICAGO BOARD OF TRADE,2020-07-21,1426909,449259
ULTRA U.S. TREASURY BONDS - CHICAGO BOARD OF TRADE,2020-07-21,476838,57155
U.S. TREASURY BONDS - CHICAGO BOARD OF TRADE,2020-07-21,356723,76691
5-YEAR U.S. TREASURY NOTES - CHICAGO BOARD OF TRADE,2020-07-28,1412553,500325
10-YEAR U.S. TREASURY NOTES - CHICAGO BOARD OF TRADE,2020-07-28,949933,487799
ULTRA U.S. TREASURY BONDS - CHICAGO BOARD OF TRADE,2020-07-28,474184,58025
U.S. TREASURY BONDS - CHICAGO BOARD OF TRADE,2020-07-28,361482,72079
2-YEAR U.S. TREASURY NOTES - CHICAGO BOARD OF TRADE,2020-07-28,939423,347440
10-YEAR U.S. TREASURY NOTES - CHICAGO BOARD OF TRADE,2020-08-04,937436,522905
2-YEAR U.S. TREASURY NOTES - CHICAGO BOARD OF TRADE,2020-08-04,1032745,388362
5-YEAR U.S. TREASURY NOTES - CHICAGO BOARD OF TRADE,2020-08-04,1395263,449136
ULTRA U.S. TREASURY BONDS - CHICAGO BOARD OF TRADE,2020-08-04,464731,58779
U.S. TREASURY BONDS - CHICAGO BOARD OF TRADE,2020-08-04,387773,69579
10-YEAR U.S. TREASURY NOTES - CHICAGO BOARD OF TRADE,2020-08-11,969323,499415
U.S. TREASURY BONDS - CHICAGO BOARD OF TRADE,2020-08-11,402559,76171
2-YEAR U.S. TREASURY NOTES - CHICAGO BOARD OF TRADE,2020-08-11,973429,356868
ULTRA U.S. TREASURY BONDS - CHICAGO BOARD OF TRADE,2020-08-11,458207,69258
5-YEAR U.S. TREASURY NOTES - CHICAGO BOARD OF TRADE,2020-08-11,1361412,410161
10-YEAR U.S. TREASURY NOTES - CHICAGO BOARD OF TRADE,2020-08-18,867667,470354
2-YEAR U.S. TREASURY NOTES - CHICAGO BOARD OF TRADE,2020-08-18,918945,343743
5-YEAR U.S. TREASURY NOTES - CHICAGO BOARD OF TRADE,2020-08-18,1313646,418842
ULTRA U.S. TREASURY BONDS - CHICAGO BOARD OF TRADE,2020-08-18,463960,71863
U.S. TREASURY BONDS - CHICAGO BOARD OF TRADE,2020-08-18,406603,74962
10-YEAR U.S. TREASURY NOTES - CHICAGO BOARD OF TRADE,2020-08-25,727671,418576
U.S. TREASURY BONDS - CHICAGO BOARD OF TRADE,2020-08-25,405074,72926
2-YEAR U.S. TREASURY NOTES - CHICAGO BOARD OF TRADE,2020-08-25,933735,363391
ULTRA U.S. TREASURY BONDS - CHICAGO BOARD OF TRADE,2020-08-25,429496,55831
5-YEAR U.S. TREASURY NOTES - CHICAGO BOARD OF TRADE,2020-08-25,1267378,386862
10-YEAR U.S. TREASURY NOTES - CHICAGO BOARD OF TRADE,2020-09-01,738359,430313
2-YEAR U.S. TREASURY NOTES - CHICAGO BOARD OF TRADE,2020-09-01,883291,362469
5-YEAR U.S. TREASURY NOTES - CHICAGO BOARD OF TRADE,2020-09-01,1295724,377522
ULTRA U.S. TREASURY BONDS - CHICAGO BOARD OF TRADE,2020-09-01,420130,42964
U.S. TREASURY BONDS - CHICAGO BOARD OF TRADE,2020-09-01,413638,73521
10-YEAR U.S. TREASURY NOTES - CHICAGO BOARD OF TRADE,2020-09-08,780069,418109
2-YEAR U.S. TREASURY NOTES - CHICAGO BOARD OF TRADE,2020-09-08,873450,326977
5-YEAR U.S. TREASURY NOTES - CHICAGO BOARD OF TRADE,2020-09-08,1276825,354573
ULTRA U.S. TREASURY BONDS - CHICAGO BOARD OF TRADE,2020-09-08,406526,47402
U.S. TREASURY BONDS - CHICAGO BOARD OF TRADE,2020-09-08,431748,76934
2-YEAR U.S. TREASURY NOTES - CHICAGO BOARD OF TRADE,2020-09-15,874149,311981
10-YEAR U.S. TREASURY NOTES - CHICAGO BOARD OF TRADE,2020-09-15,745302,369206
5-YEAR U.S. TREASURY NOTES - CHICAGO BOARD OF TRADE,2020-09-15,1363138,372215
U.S. TREASURY BONDS - CHICAGO BOARD OF TRADE,2020-09-15,454059,90265
ULTRA U.S. TREASURY BONDS - CHICAGO BOARD OF TRADE,2020-09-15,410123,46085
10-YEAR U.S. TREASURY NOTES - CHICAGO BOARD OF TRADE,2020-09-22,690837,375291
2-YEAR U.S. TREASURY NOTES - CHICAGO BOARD OF TRADE,2020-09-22,915541,357185
5-YEAR U.S. TREASURY NOTES - CHICAGO BOARD OF TRADE,2020-09-22,1339006,407700
ULTRA U.S. TREASURY BONDS - CHICAGO BOARD OF TRADE,2020-09-22,409096,46110
U.S. TREASURY BONDS - CHICAGO BOARD OF TRADE,2020-09-22,470119,99419
10-YEAR U.S. TREASURY NOTES - CHICAGO BOARD OF TRADE,2020-09-29,687420,387506
2-YEAR U.S. TREASURY NOTES - CHICAGO BOARD OF TRADE,2020-09-29,888325,396754
5-YEAR U.S. TREASURY NOTES - CHICAGO BOARD OF TRADE,2020-09-29,1373105,390399
ULTRA U.S. TREASURY BONDS - CHICAGO BOARD OF TRADE,2020-09-29,410023,51687
U.S. TREASURY BONDS - CHICAGO BOARD OF TRADE,2020-09-29,497473,83898
10-YEAR U.S. TREASURY NOTES - CHICAGO BOARD OF TRADE,2020-10-06,687256,376638
2-YEAR U.S. TREASURY NOTES - CHICAGO BOARD OF TRADE,2020-10-06,929800,411447
5-YEAR U.S. TREASURY NOTES - CHICAGO BOARD OF TRADE,2020-10-06,1318208,401835
ULTRA U.S. TREASURY BONDS - CHICAGO BOARD OF TRADE,2020-10-06,381526,58386
U.S. TREASURY BONDS - CHICAGO BOARD OF TRADE,2020-10-06,505491,85671
10-YEAR U.S. TREASURY NOTES - CHICAGO BOARD OF TRADE,2020-10-13,624694,348958
2-YEAR U.S. TREASURY NOTES - CHICAGO BOARD OF TRADE,2020-10-13,891307,396648
5-YEAR U.S. TREASURY NOTES - CHICAGO BOARD OF TRADE,2020-10-13,1278053,407754
ULTRA U.S. TREASURY BONDS - CHICAGO BOARD OF TRADE,2020-10-13,388590,56524
U.S. TREASURY BONDS - CHICAGO BOARD OF TRADE,2020-10-13,512085,82324
10-YEAR U.S. TREASURY NOTES - CHICAGO BOARD OF TRADE,2020-10-20,632318,352008
2-YEAR U.S. TREASURY NOTES - CHICAGO BOARD OF TRADE,2020-10-20,866167,376034
5-YEAR U.S. TREASURY NOTES - CHICAGO BOARD OF TRADE,2020-10-20,1278483,404003
ULTRA U.S. TREASURY BONDS - CHICAGO BOARD OF TRADE,2020-10-20,376019,51667
U.S. TREASURY BONDS - CHICAGO BOARD OF TRADE,2020-10-20,520571,76922
10-YEAR U.S. TREASURY NOTES - CHICAGO BOARD OF TRADE,2020-10-27,576717,324135
2-YEAR U.S. TREASURY NOTES - CHICAGO BOARD OF TRADE,2020-10-27,891456,421993
5-YEAR U.S. TREASURY NOTES - CHICAGO BOARD OF TRADE,2020-10-27,1239819,409035
ULTRA U.S. TREASURY BONDS - CHICAGO BOARD OF TRADE,2020-10-27,388415,62785
U.S. TREASURY BONDS - CHICAGO BOARD OF TRADE,2020-10-27,552860,94960
10-YEAR U.S. TREASURY NOTES - CHICAGO BOARD OF TRADE,2020-11-03,565227,317487
2-YEAR U.S. TREASURY NOTES - CHICAGO BOARD OF TRADE,2020-11-03,855657,348699
5-YEAR U.S. TREASURY NOTES - CHICAGO BOARD OF TRADE,2020-11-03,1276632,418363
ULTRA U.S. TREASURY BONDS - CHICAGO BOARD OF TRADE,2020-11-03,371593,78606
U.S. TREASURY BONDS - CHICAGO BOARD OF TRADE,2020-11-03,548358,93493
10-YEAR U.S. TREASURY NOTES - CHICAGO BOARD OF TRADE,2020-11-10,513434,429996
U.S. TREASURY BONDS - CHICAGO BOARD OF TRADE,2020-11-10,520432,88321
2-YEAR U.S. TREASURY NOTES - CHICAGO BOARD OF TRADE,2020-11-10,871597,409491
ULTRA U.S. TREASURY BONDS - CHICAGO BOARD OF TRADE,2020-11-10,363169,87375
5-YEAR U.S. TREASURY NOTES - CHICAGO BOARD OF TRADE,2020-11-10,1240448,448717
10-YEAR U.S. TREASURY NOTES - CHICAGO BOARD OF TRADE,2020-11-17,477889,421481
2-YEAR U.S. TREASURY NOTES - CHICAGO BOARD OF TRADE,2020-11-17,814143,420327
5-YEAR U.S. TREASURY NOTES - CHICAGO BOARD OF TRADE,2020-11-17,1253836,436912
ULTRA U.S. TREASURY BONDS - CHICAGO BOARD OF TRADE,2020-11-17,359784,85174
U.S. TREASURY BONDS - CHICAGO BOARD OF TRADE,2020-11-17,522703,89028
10-YEAR U.S. TREASURY NOTES - CHICAGO BOARD OF TRADE,2020-11-24,568637,427406
2-YEAR U.S. TREASURY NOTES - CHICAGO BOARD OF TRADE,2020-11-24,778851,421106
5-YEAR U.S. TREASURY NOTES - CHICAGO BOARD OF TRADE,2020-11-24,1222663,431720
ULTRA U.S. TREASURY BONDS - CHICAGO BOARD OF TRADE,2020-11-24,370677,93638
U.S. TREASURY BONDS - CHICAGO BOARD OF TRADE,2020-11-24,484437,87351
10-YEAR U.S. TREASURY NOTES - CHICAGO BOARD OF TRADE,2020-12-01,519654,358849
2-YEAR U.S. TREASURY NOTES - CHICAGO BOARD OF TRADE,2020-12-01,721376,327094
5-YEAR U.S. TREASURY NOTES - CHICAGO BOARD OF TRADE,2020-12-01,1220634,373431
ULTRA U.S. TREASURY BONDS - CHICAGO BOARD OF TRADE,2020-12-01,349619,74262
U.S. TREASURY BONDS - CHICAGO BOARD OF TRADE,2020-12-01,486309,68751
10-YEAR U.S. TREASURY NOTES - CHICAGO BOARD OF TRADE,2020-12-08,583685,381753
U.S. TREASURY BONDS - CHICAGO BOARD OF TRADE,2020-12-08,489977,58279
2-YEAR U.S. TREASURY NOTES - CHICAGO BOARD OF TRADE,2020-12-08,672516,333411
ULTRA U.S. TREASURY BONDS - CHICAGO BOARD OF TRADE,2020-12-08,354431,75391
5-YEAR U.S. TREASURY NOTES - CHICAGO BOARD OF TRADE,2020-12-08,1203437,398333
10-YEAR U.S. TREASURY NOTES - CHICAGO BOARD OF TRADE,2020-12-15,533485,375418
2-YEAR U.S. TREASURY NOTES - CHICAGO BOARD OF TRADE,2020-12-15,720635,356117
5-YEAR U.S. TREASURY NOTES - CHICAGO BOARD OF TRADE,2020-12-15,1237836,438570
ULTRA U.S. TREASURY BONDS - CHICAGO BOARD OF TRADE,2020-12-15,367195,75921
U.S. TREASURY BONDS - CHICAGO BOARD OF TRADE,2020-12-15,483677,54206
10-YEAR U.S. TREASURY NOTES - CHICAGO BOARD OF TRADE,2020-12-21,521784,364716
U.S. TREASURY BONDS - CHICAGO BOARD OF TRADE,2020-12-21,443729,57103
2-YEAR U.S. TREASURY NOTES - CHICAGO BOARD OF TRADE,2020-12-21,713500,349928
ULTRA U.S. TREASURY BONDS - CHICAGO BOARD OF TRADE,2020-12-21,373488,69729
5-YEAR U.S. TREASURY NOTES - CHICAGO BOARD OF TRADE,2020-12-21,1237641,414617
10-YEAR U.S. TREASURY NOTES - CHICAGO BOARD OF TRADE,2020-12-29,619602,383797
2-YEAR U.S. TREASURY NOTES - CHICAGO BOARD OF TRADE,2020-12-29,769542,379119
5-YEAR U.S. TREASURY NOTES - CHICAGO BOARD OF TRADE,2020-12-29,1307920,470802
ULTRA U.S. TREASURY BONDS - CHICAGO BOARD OF TRADE,2020-12-29,377790,69421
U.S. TREASURY BONDS - CHICAGO BOARD OF TRADE,2020-12-29,439784,63574
10-YEAR U.S. TREASURY NOTES - CHICAGO BOARD OF TRADE,2021-01-05,615702,352471
2-YEAR U.S. TREASURY NOTES - CHICAGO BOARD OF TRADE,2021-01-05,852410,372748
5-YEAR U.S. TREASURY NOTES - CHICAGO BOARD OF TRADE,2021-01-05,1323452,440605
ULTRA U.S. TREASURY BONDS - CHICAGO BOARD OF TRADE,2021-01-05,368541,70748
U.S. TREASURY BONDS - CHICAGO BOARD OF TRADE,2021-01-05,452697,59061
10-YEAR U.S. TREASURY NOTES - CHICAGO BOARD OF TRADE,2021-01-12,509425,451186
U.S. TREASURY BONDS - CHICAGO BOARD OF TRADE,2021-01-12,434094,57524
2-YEAR U.S. TREASURY NOTES - CHICAGO BOARD OF TRADE,2021-01-12,848602,388037
ULTRA U.S. TREASURY BONDS - CHICAGO BOARD OF TRADE,2021-01-12,374210,74882
5-YEAR U.S. TREASURY NOTES - CHICAGO BOARD OF TRADE,2021-01-12,1277804,445358
10-YEAR U.S. TREASURY NOTES - CHICAGO BOARD OF TRADE,2021-01-19,460281,513920
2-YEAR U.S. TREASURY NOTES - CHICAGO BOARD OF TRADE,2021-01-19,904224,395746
5-YEAR U.S. TREASURY NOTES - CHICAGO BOARD OF TRADE,2021-01-19,1157737,431223
ULTRA U.S. TREASURY BONDS - CHICAGO BOARD OF TRADE,2021-01-19,381716,88943
U.S. TREASURY BONDS - CHICAGO BOARD OF TRADE,2021-01-19,436519,53455
2-YEAR U.S. TREASURY NOTES - CHICAGO BOARD OF TRADE,2021-01-26,991856,465986
ULTRA U.S. TREASURY BONDS - CHICAGO BOARD OF TRADE,2021-01-26,381712,87978
10-YEAR U.S. TREASURY NOTES - CHICAGO BOARD OF TRADE,2021-01-26,495068,500339
U.S. TREASURY BONDS - CHICAGO BOARD OF TRADE,2021-01-26,440933,59052
5-YEAR U.S. TREASURY NOTES - CHICAGO BOARD OF TRADE,2021-01-26,1186967,482777
10-YEAR U.S. TREASURY NOTES - CHICAGO BOARD OF TRADE,2021-02-02,487457,612365
2-YEAR U.S. TREASURY NOTES - CHICAGO BOARD OF TRADE,2021-02-02,1046188,440952
5-YEAR U.S. TREASURY NOTES - CHICAGO BOARD OF TRADE,2021-02-02,1297578,590505
ULTRA U.S. TREASURY BONDS - CHICAGO BOARD OF TRADE,2021-02-02,375920,88313
U.S. TREASURY BONDS - CHICAGO BOARD OF TRADE,2021-02-02,437354,55218
10-YEAR U.S. TREASURY NOTES - CHICAGO BOARD OF TRADE,2021-02-09,433729,597818
U.S. TREASURY BONDS - CHICAGO BOARD OF TRADE,2021-02-09,418454,52911
2-YEAR U.S. TREASURY NOTES - CHICAGO BOARD OF TRADE,2021-02-09,1044427,486899
ULTRA U.S. TREASURY BONDS - CHICAGO BOARD OF TRADE,2021-02-09,371606,75238
5-YEAR U.S. TREASURY NOTES - CHICAGO BOARD OF TRADE,2021-02-09,1139574,625658
5-YEAR U.S. TREASURY NOTES - CHICAGO BOARD OF TRADE,2021-02-16,1203712,661167
2-YEAR U.S. TREASURY NOTES - CHICAGO BOARD OF TRADE,2021-02-16,997324,549807
U.S. TREASURY BONDS - CHICAGO BOARD OF TRADE,2021-02-16,399714,76169
ULTRA U.S. TREASURY BONDS - CHICAGO BOARD OF TRADE,2021-02-16,388653,74462
10-YEAR U.S. TREASURY NOTES - CHICAGO BOARD OF TRADE,2021-02-16,360285,563024
10-YEAR U.S. TREASURY NOTES - CHICAGO BOARD OF TRADE,2021-02-23,449047,558904
U.S. TREASURY BONDS - CHICAGO BOARD OF TRADE,2021-02-23,372064,86002
2-YEAR U.S. TREASURY NOTES - CHICAGO BOARD OF TRADE,2021-02-23,1034621,610123
ULTRA U.S. TREASURY BONDS - CHICAGO BOARD OF TRADE,2021-02-23,377549,68209
5-YEAR U.S. TREASURY NOTES - CHICAGO BOARD OF TRADE,2021-02-23,1176554,735630
10-YEAR U.S. TREASURY NOTES - CHICAGO BOARD OF TRADE,2021-03-02,386069,733917
2-YEAR U.S. TREASURY NOTES - CHICAGO BOARD OF TRADE,2021-03-02,1034914,529575
U.S. TREASURY BONDS - CHICAGO BOARD OF TRADE,2021-03-02,323205,101970
5-YEAR U.S. TREASURY NOTES - CHICAGO BOARD OF TRADE,2021-03-02,1136406,621063
ULTRA U.S. TREASURY BONDS - CHICAGO BOARD OF TRADE,2021-03-02,361812,55532
10-YEAR U.S. TREASURY NOTES - CHICAGO BOARD OF TRADE,2021-03-09,481324,845273
2-YEAR U.S. TREASURY NOTES - CHICAGO BOARD OF TRADE,2021-03-09,1189700,545753
5-YEAR U.S. TREASURY NOTES - CHICAGO BOARD OF TRADE,2021-03-09,989553,565176
ULTRA U.S. TREASURY BONDS - CHICAGO BOARD OF TRADE,2021-03-09,344057,66687
U.S. TREASURY BONDS - CHICAGO BOARD OF TRADE,2021-03-09,302526,100284
10-YEAR U.S. TREASURY NOTES - CHICAGO BOARD OF TRADE,2021-03-16,490261,834988
2-YEAR U.S. TREASURY NOTES - CHICAGO BOARD OF TRADE,2021-03-16,1103482,581800
5-YEAR U.S. TREASURY NOTES - CHICAGO BOARD OF TRADE,2021-03-16,931444,517519
ULTRA U.S. TREASURY BONDS - CHICAGO BOARD OF TRADE,2021-03-16,366096,66826
U.S. TREASURY BONDS - CHICAGO BOARD OF TRADE,2021-03-16,258575,91605
10-YEAR U.S. TREASURY NOTES - CHICAGO BOARD OF TRADE,2021-03-23,538978,856758
2-YEAR U.S. TREASURY NOTES - CHICAGO BOARD OF TRADE,2021-03-23,1129887,507516
5-YEAR U.S. TREASURY NOTES - CHICAGO BOARD OF TRADE,2021-03-23,963320,549304
ULTRA U.S. TREASURY BONDS - CHICAGO BOARD OF TRADE,2021-03-23,361429,53855
U.S. TREASURY BONDS - CHICAGO BOARD OF TRADE,2021-03-23,238071,92737
10-YEAR U.S. TREASURY NOTES - CHICAGO BOARD OF TRADE,2021-03-30,671485,812028
2-YEAR U.S. TREASURY NOTES - CHICAGO BOARD OF TRADE,2021-03-30,1139077,510036
5-YEAR U.S. TREASURY NOTES - CHICAGO BOARD OF TRADE,2021-03-30,1032909,640710
ULTRA U.S. TREASURY BONDS - CHICAGO BOARD OF TRADE,2021-03-30,346273,41722
U.S. TREASURY BONDS - CHICAGO BOARD OF TRADE,2021-03-30,243549,54292
10-YEAR U.S. TREASURY NOTES - CHICAGO BOARD OF TRADE,2021-04-06,575476,829660
2-YEAR U.S. TREASURY NOTES - CHICAGO BOARD OF TRADE,2021-04-06,1150639,522482
5-YEAR U.S. TREASURY NOTES - CHICAGO BOARD OF TRADE,2021-04-06,868992,558993
ULTRA U.S. TREASURY BONDS - CHICAGO BOARD OF TRADE,2021-04-06,343191,36132
U.S. TREASURY BONDS - CHICAGO BOARD OF TRADE,2021-04-06,243251,60722
10-YEAR U.S. TREASURY NOTES - CHICAGO BOARD OF TRADE,2021-04-13,595136,838447
U.S. TREASURY BONDS - CHICAGO BOARD OF TRADE,2021-04-13,249257,58052
2-YEAR U.S. TREASURY NOTES - CHICAGO BOARD OF TRADE,2021-04-13,1122269,508969
ULTRA U.S. TREASURY BONDS - CHICAGO BOARD OF TRADE,2021-04-13,370155,35653
5-YEAR U.S. TREASURY NOTES - CHICAGO BOARD OF TRADE,2021-04-13,770545,495481
10-YEAR U.S. TREASURY NOTES - CHICAGO BOARD OF TRADE,2021-04-20,601009,925611
2-YEAR U.S. TREASURY NOTES - CHICAGO BOARD OF TRADE,2021-04-20,1107929,508617
5-YEAR U.S. TREASURY NOTES - CHICAGO BOARD OF TRADE,2021-04-20,684947,478142
ULTRA U.S. TREASURY BONDS - CHICAGO BOARD OF TRADE,2021-04-20,374940,38820
U.S. TREASURY BONDS - CHICAGO BOARD OF TRADE,2021-04-20,245302,67926
10-YEAR U.S. TREASURY NOTES - CHICAGO BOARD OF TRADE,2021-04-27,617458,893729
U.S. TREASURY BONDS - CHICAGO BOARD OF TRADE,2021-04-27,252892,51911
2-YEAR U.S. TREASURY NOTES - CHICAGO BOARD OF TRADE,2021-04-27,1122703,519404
ULTRA U.S. TREASURY BONDS - CHICAGO BOARD OF TRADE,2021-04-27,358098,46023
5-YEAR U.S. TREASURY NOTES - CHICAGO BOARD OF TRADE,2021-04-27,713234,472735
10-YEAR U.S. TREASURY NOTES - CHICAGO BOARD OF TRADE,2021-05-04,697096,1144306
2-YEAR U.S. TREASURY NOTES - CHICAGO BOARD OF TRADE,2021-05-04,1170933,536469
5-YEAR U.S. TREASURY NOTES - CHICAGO BOARD OF TRADE,2021-05-04,697543,412566
ULTRA U.S. TREASURY BONDS - CHICAGO BOARD OF TRADE,2021-05-04,339152,42221
U.S. TREASURY BONDS - CHICAGO BOARD OF TRADE,2021-05-04,274831,64381
10-YEAR U.S. TREASURY NOTES - CHICAGO BOARD OF TRADE,2021-05-11,694394,1199570
2-YEAR U.S. TREASURY NOTES - CHICAGO BOARD OF TRADE,2021-05-11,1086563,403081
5-YEAR U.S. TREASURY NOTES - CHICAGO BOARD OF TRADE,2021-05-11,783788,429189
ULTRA U.S. TREASURY BONDS - CHICAGO BOARD OF TRADE,2021-05-11,310280,46361
U.S. TREASURY BONDS - CHICAGO BOARD OF TRADE,2021-05-11,249042,64551
10-YEAR U.S. TREASURY NOTES - CHICAGO BOARD OF TRADE,2021-05-18,716837,1114464
5-YEAR U.S. TREASURY NOTES - CHICAGO BOARD OF TRADE,2021-05-18,796324,407929
ULTRA U.S. TREASURY BONDS - CHICAGO BOARD OF TRADE,2021-05-18,326347,50847
2-YEAR U.S. TREASURY NOTES - CHICAGO BOARD OF TRADE,2021-05-18,1054206,401484
U.S. TREASURY BONDS - CHICAGO BOARD OF TRADE,2021-05-18,229031,77854
10-YEAR U.S. TREASURY NOTES - CHICAGO BOARD OF TRADE,2021-05-25,681954,1193871
2-YEAR U.S. TREASURY NOTES - CHICAGO BOARD OF TRADE,2021-05-25,1044360,396742
5-YEAR U.S. TREASURY NOTES - CHICAGO BOARD OF TRADE,2021-05-25,877354,457449
ULTRA U.S. TREASURY BONDS - CHICAGO BOARD OF TRADE,2021-05-25,345207,60533
U.S. TREASURY BONDS - CHICAGO BOARD OF TRADE,2021-05-25,240423,54995
10-YEAR U.S. TREASURY NOTES - CHICAGO BOARD OF TRADE,2021-06-01,749774,1315341
2-YEAR U.S. TREASURY NOTES - CHICAGO BOARD OF TRADE,2021-06-01,1067540,417575
5-YEAR U.S. TREASURY NOTES - CHICAGO BOARD OF TRADE,2021-06-01,928068,385521
ULTRA U.S. TREASURY BONDS - CHICAGO BOARD OF TRADE,2021-06-01,349349,65421
U.S. TREASURY BONDS - CHICAGO BOARD OF TRADE,2021-06-01,237421,51647
10-YEAR U.S. TREASURY NOTES - CHICAGO BOARD OF TRADE,2021-06-08,778515,1312178
2-YEAR U.S. TREASURY NOTES - CHICAGO BOARD OF TRADE,2021-06-08,1009438,428124
5-YEAR U.S. TREASURY NOTES - CHICAGO BOARD OF TRADE,2021-06-08,915698,381493
ULTRA U.S. TREASURY BONDS - CHICAGO BOARD OF TRADE,2021-06-08,367332,68021
U.S. TREASURY BONDS - CHICAGO BOARD OF TRADE,2021-06-08,241386,49765
10-YEAR U.S. TREASURY NOTES - CHICAGO BOARD OF TRADE,2021-06-15,832341,1224909
2-YEAR U.S. TREASURY NOTES - CHICAGO BOARD OF TRADE,2021-06-15,998908,425896
5-YEAR U.S. TREASURY NOTES - CHICAGO BOARD OF TRADE,2021-06-15,968598,396771
ULTRA U.S. TREASURY BONDS - CHICAGO BOARD OF TRADE,2021-06-15,411503,69631
U.S. TREASURY BONDS - CHICAGO BOARD OF TRADE,2021-06-15,251141,58657
10-YEAR U.S. TREASURY NOTES - CHICAGO BOARD OF TRADE,2021-06-22,748703,1143664
2-YEAR U.S. TREASURY NOTES - CHICAGO BOARD OF TRADE,2021-06-22,816953,411456
5-YEAR U.S. TREASURY NOTES - CHICAGO BOARD OF TRADE,2021-06-22,825327,381411
ULTRA U.S. TREASURY BONDS - CHICAGO BOARD OF TRADE,2021-06-22,411455,67881
U.S. TREASURY BONDS - CHICAGO BOARD OF TRADE,2021-06-22,259241,60751
10-YEAR U.S. TREASURY NOTES - CHICAGO BOARD OF TRADE,2021-06-29,726968,1143700
2-YEAR U.S. TREASURY NOTES - CHICAGO BOARD OF TRADE,2021-06-29,698571,443469
5-YEAR U.S. TREASURY NOTES - CHICAGO BOARD OF TRADE,2021-06-29,869979,356186
ULTRA U.S. TREASURY BONDS - CHICAGO BOARD OF TRADE,2021-06-29,415379,80477
U.S. TREASURY BONDS - CHICAGO BOARD OF TRADE,2021-06-29,261932,66624
10-YEAR U.S. TREASURY NOTES - CHICAGO BOARD OF TRADE,2021-07-06,680870,1132882
2-YEAR U.S. TREASURY NOTES - CHICAGO BOARD OF TRADE,2021-07-06,706371,473915
5-YEAR U.S. TREASURY NOTES - CHICAGO BOARD OF TRADE,2021-07-06,790431,342856
ULTRA U.S. TREASURY BONDS - CHICAGO BOARD OF TRADE,2021-07-06,422740,76634
U.S. TREASURY BONDS - CHICAGO BOARD OF TRADE,2021-07-06,274001,67570
10-YEAR U.S. TREASURY NOTES - CHICAGO BOARD OF TRADE,2021-07-13,632653,1047559
U.S. TREASURY BONDS - CHICAGO BOARD OF TRADE,2021-07-13,294074,65413
2-YEAR U.S. TREASURY NOTES - CHICAGO BOARD OF TRADE,2021-07-13,708811,454511
ULTRA U.S. TREASURY BONDS - CHICAGO BOARD OF TRADE,2021-07-13,439391,67570
5-YEAR U.S. TREASURY NOTES - CHICAGO BOARD OF TRADE,2021-07-13,786653,327373
10-YEAR U.S. TREASURY NOTES - CHICAGO BOARD OF TRADE,2021-07-20,627967,1080971
2-YEAR U.S. TREASURY NOTES - CHICAGO BOARD OF TRADE,2021-07-20,708918,445442
5-YEAR U.S. TREASURY NOTES - CHICAGO BOARD OF TRADE,2021-07-20,741020,356868
ULTRA U.S. TREASURY BONDS - CHICAGO BOARD OF TRADE,2021-07-20,447833,73548
U.S. TREASURY BONDS - CHICAGO BOARD OF TRADE,2021-07-20,310654,75701
10-YEAR U.S. TREASURY NOTES - CHICAGO BOARD OF TRADE,2021-07-27,576546,956256
2-YEAR U.S. TREASURY NOTES - CHICAGO BOARD OF TRADE,2021-07-27,659417,424505
5-YEAR U.S. TREASURY NOTES - CHICAGO BOARD OF TRADE,2021-07-27,808812,380554
ULTRA U.S. TREASURY BONDS - CHICAGO BOARD OF TRADE,2021-07-27,477076,68936
U.S. TREASURY BONDS - CHICAGO BOARD OF TRADE,2021-07-27,291694,73635
10-YEAR U.S. TREASURY NOTES - CHICAGO BOARD OF TRADE,2021-08-03,556434,957556
2-YEAR U.S. TREASURY NOTES - CHICAGO BOARD OF TRADE,2021-08-03,662341,430241
5-YEAR U.S. TREASURY NOTES - CHICAGO BOARD OF TRADE,2021-08-03,805980,334517
ULTRA U.S. TREASURY BONDS - CHICAGO BOARD OF TRADE,2021-08-03,458660,68239
U.S. TREASURY BONDS - CHICAGO BOARD OF TRADE,2021-08-03,314271,83465
10-YEAR U.S. TREASURY NOTES - CHICAGO BOARD OF TRADE,2021-08-10,558044,861372
U.S. TREASURY BONDS - CHICAGO BOARD OF TRADE,2021-08-10,325887,73910
2-YEAR U.S. TREASURY NOTES - CHICAGO BOARD OF TRADE,2021-08-10,662908,455739
ULTRA U.S. TREASURY BONDS - CHICAGO BOARD OF TRADE,2021-08-10,474508,89978
5-YEAR U.S. TREASURY NOTES - CHICAGO BOARD OF TRADE,2021-08-10,715480,312182
10-YEAR U.S. TREASURY NOTES - CHICAGO BOARD OF TRADE,2021-08-17,542475,822013
2-YEAR U.S. TREASURY NOTES - CHICAGO BOARD OF TRADE,2021-08-17,624229,470466
5-YEAR U.S. TREASURY NOTES - CHICAGO BOARD OF TRADE,2021-08-17,703467,300928
ULTRA U.S. TREASURY BONDS - CHICAGO BOARD OF TRADE,2021-08-17,502891,102322
U.S. TREASURY BONDS - CHICAGO BOARD OF TRADE,2021-08-17,323305,90601
10-YEAR U.S. TREASURY NOTES - CHICAGO BOARD OF TRADE,2021-08-24,586621,800611
U.S. TREASURY BONDS - CHICAGO BOARD OF TRADE,2021-08-24,324058,83555
2-YEAR U.S. TREASURY NOTES - CHICAGO BOARD OF TRADE,2021-08-24,634568,437868
ULTRA U.S. TREASURY BONDS - CHICAGO BOARD OF TRADE,2021-08-24,514711,109300
5-YEAR U.S. TREASURY NOTES - CHICAGO BOARD OF TRADE,2021-08-24,790024,325027
10-YEAR U.S. TREASURY NOTES - CHICAGO BOARD OF TRADE,2021-08-31,501404,773159
2-YEAR U.S. TREASURY NOTES - CHICAGO BOARD OF TRADE,2021-08-31,634259,486654
5-YEAR U.S. TREASURY NOTES - CHICAGO BOARD OF TRADE,2021-08-31,873315,217042
ULTRA U.S. TREASURY BONDS - CHICAGO BOARD OF TRADE,2021-08-31,499378,99005
U.S. TREASURY BONDS - CHICAGO BOARD OF TRADE,2021-08-31,306104,79051
10-YEAR U.S. TREASURY NOTES - CHICAGO BOARD OF TRADE,2021-09-07,507527,715158
2-YEAR U.S. TREASURY NOTES - CHICAGO BOARD OF TRADE,2021-09-07,666092,481970
5-YEAR U.S. TREASURY NOTES - CHICAGO BOARD OF TRADE,2021-09-07,901907,192034
ULTRA U.S. TREASURY BONDS - CHICAGO BOARD OF TRADE,2021-09-07,502383,98287
U.S. TREASURY BONDS - CHICAGO BOARD OF TRADE,2021-09-07,312020,82071
10-YEAR U.S. TREASURY NOTES - CHICAGO BOARD OF TRADE,2021-09-14,494339,787149
U.S. TREASURY BONDS - CHICAGO BOARD OF TRADE,2021-09-14,331360,94742
2-YEAR U.S. TREASURY NOTES - CHICAGO BOARD OF TRADE,2021-09-14,635246,462784
ULTRA U.S. TREASURY BONDS - CHICAGO BOARD OF TRADE,2021-09-14,503540,84319
5-YEAR U.S. TREASURY NOTES - CHICAGO BOARD OF TRADE,2021-09-14,1031654,240315
10-YEAR U.S. TREASURY NOTES - CHICAGO BOARD OF TRADE,2021-09-21,498222,853740
2-YEAR U.S. TREASURY NOTES - CHICAGO BOARD OF TRADE,2021-09-21,610554,474831
5-YEAR U.S. TREASURY NOTES - CHICAGO BOARD OF TRADE,2021-09-21,983610,222311
ULTRA U.S. TREASURY BONDS - CHICAGO BOARD OF TRADE,2021-09-21,496213,67203
U.S. TREASURY BONDS - CHICAGO BOARD OF TRADE,2021-09-21,331986,84255
2-YEAR U.S. TREASURY NOTES - CHICAGO BOARD OF TRADE,2021-09-28,499330,442147
ULTRA U.S. TREASURY BONDS - CHICAGO BOARD OF TRADE,2021-09-28,479299,67247
10-YEAR U.S. TREASURY NOTES - CHICAGO BOARD OF TRADE,2021-09-28,507240,950543
U.S. TREASURY BONDS - CHICAGO BOARD OF TRADE,2021-09-28,326585,99122
5-YEAR U.S. TREASURY NOTES - CHICAGO BOARD OF TRADE,2021-09-28,1029730,263699
10-YEAR U.S. TREASURY NOTES - CHICAGO BOARD OF TRADE,2021-10-05,494749,1032713
2-YEAR U.S. TREASURY NOTES - CHICAGO BOARD OF TRADE,2021-10-05,445763,408998
5-YEAR U.S. TREASURY NOTES - CHICAGO BOARD OF TRADE,2021-10-05,822419,175304
ULTRA U.S. TREASURY BONDS - CHICAGO BOARD OF TRADE,2021-10-05,467278,60390
U.S. TREASURY BONDS - CHICAGO BOARD OF TRADE,2021-10-05,316697,104629
10-YEAR U.S. TREASURY NOTES - CHICAGO BOARD OF TRADE,2021-10-12,451285,1058990
U.S. TREASURY BONDS - CHICAGO BOARD OF TRADE,2021-10-12,274839,114969
2-YEAR U.S. TREASURY NOTES - CHICAGO BOARD OF TRADE,2021-10-12,399210,449397
ULTRA U.S. TREASURY BONDS - CHICAGO BOARD OF TRADE,2021-10-12,455343,57412
5-YEAR U.S. TREASURY NOTES - CHICAGO BOARD OF TRADE,2021-10-12,808108,217189
5-YEAR U.S. TREASURY NOTES - CHICAGO BOARD OF TRADE,2021-10-19,759886,281804
2-YEAR U.S. TREASURY NOTES - CHICAGO BOARD OF TRADE,2021-10-19,400666,575197
U.S. TREASURY BONDS - CHICAGO BOARD OF TRADE,2021-10-19,264324,102303
ULTRA U.S. TREASURY BONDS - CHICAGO BOARD OF TRADE,2021-10-19,473417,77993
10-YEAR U.S. TREASURY NOTES - CHICAGO BOARD OF TRADE,2021-10-19,449259,951212
10-YEAR U.S. TREASURY NOTES - CHICAGO BOARD OF TRADE,2021-10-26,535709,860536
U.S. TREASURY BONDS - CHICAGO BOARD OF TRADE,2021-10-26,268328,91712
2-YEAR U.S. TREASURY NOTES - CHICAGO BOARD OF TRADE,2021-10-26,319390,618243
ULTRA U.S. TREASURY BONDS - CHICAGO BOARD OF TRADE,2021-10-26,484945,61231
5-YEAR U.S. TREASURY NOTES - CHICAGO BOARD OF TRADE,2021-10-26,838344,242379
10-YEAR U.S. TREASURY NOTES - CHICAGO BOARD OF TRADE,2021-11-02,499445,742069
2-YEAR U.S. TREASURY NOTES - CHICAGO BOARD OF TRADE,2021-11-02,232898,626540
U.S. TREASURY BONDS - CHICAGO BOARD OF TRADE,2021-11-02,275944,97815
5-YEAR U.S. TREASURY NOTES - CHICAGO BOARD OF TRADE,2021-11-02,801945,220962
ULTRA U.S. TREASURY BONDS - CHICAGO BOARD OF TRADE,2021-11-02,470995,53090
10-YEAR U.S. TREASURY NOTES - CHICAGO BOARD OF TRADE,2021-11-09,480116,696216
2-YEAR U.S. TREASURY NOTES - CHICAGO BOARD OF TRADE,2021-11-09,193181,635503
5-YEAR U.S. TREASURY NOTES - CHICAGO BOARD OF TRADE,2021-11-09,846051,207081
ULTRA U.S. TREASURY BONDS - CHICAGO BOARD OF TRADE,2021-11-09,501471,49385
U.S. TREASURY BONDS - CHICAGO BOARD OF TRADE,2021-11-09,303934,88036
10-YEAR U.S. TREASURY NOTES - CHICAGO BOARD OF TRADE,2021-11-16,497483,791240
2-YEAR U.S. TREASURY NOTES - CHICAGO BOARD OF TRADE,2021-11-16,185988,666060
5-YEAR U.S. TREASURY NOTES - CHICAGO BOARD OF TRADE,2021-11-16,858052,244027
ULTRA U.S. TREASURY BONDS - CHICAGO BOARD OF TRADE,2021-11-16,539115,69045
U.S. TREASURY BONDS - CHICAGO BOARD OF TRADE,2021-11-16,323113,97285
10-YEAR U.S. TREASURY NOTES - CHICAGO BOARD OF TRADE,2021-11-23,461239,829323
2-YEAR U.S. TREASURY NOTES - CHICAGO BOARD OF TRADE,2021-11-23,213072,631422
5-YEAR U.S. TREASURY NOTES - CHICAGO BOARD OF TRADE,2021-11-23,915195,293489
ULTRA U.S. TREASURY BONDS - CHICAGO BOARD OF TRADE,2021-11-23,558181,71066
U.S. TREASURY BONDS - CHICAGO BOARD OF TRADE,2021-11-23,337434,111662
10-YEAR U.S. TREASURY NOTES - CHICAGO BOARD OF TRADE,2021-11-30,487793,729983
2-YEAR U.S. TREASURY NOTES - CHICAGO BOARD OF TRADE,2021-11-30,155400,480870
5-YEAR U.S. TREASURY NOTES - CHICAGO BOARD OF TRADE,2021-11-30,912036,153667
ULTRA U.S. TREASURY BONDS - CHICAGO BOARD OF TRADE,2021-11-30,562958,60193
U.S. TREASURY BONDS - CHICAGO BOARD OF TRADE,2021-11-30,358999,86877
10-YEAR U.S. TREASURY NOTES - CHICAGO BOARD OF TRADE,2021-12-07,476552,672840
2-YEAR U.S. TREASURY NOTES - CHICAGO BOARD OF TRADE,2021-12-07,149554,525421
5-YEAR U.S. TREASURY NOTES - CHICAGO BOARD OF TRADE,2021-12-07,920217,141231
ULTRA U.S. TREASURY BONDS - CHICAGO BOARD OF TRADE,2021-12-07,543088,65435
U.S. TREASURY BONDS - CHICAGO BOARD OF TRADE,2021-12-07,371706,91447
10-YEAR U.S. TREASURY NOTES - CHICAGO BOARD OF TRADE,2021-12-14,509520,684704
U.S. TREASURY BONDS - CHICAGO BOARD OF TRADE,2021-12-14,392579,96356
2-YEAR U.S. TREASURY NOTES - CHICAGO BOARD OF TRADE,2021-12-14,173365,597965
ULTRA U.S. TREASURY BONDS - CHICAGO BOARD OF TRADE,2021-12-14,574213,79896
5-YEAR U.S. TREASURY NOTES - CHICAGO BOARD OF TRADE,2021-12-14,899940,220382
10-YEAR U.S. TREASURY NOTES - CHICAGO BOARD OF TRADE,2021-12-21,557870,669203
2-YEAR U.S. TREASURY NOTES - CHICAGO BOARD OF TRADE,2021-12-21,170777,573456
5-YEAR U.S. TREASURY NOTES - CHICAGO BOARD OF TRADE,2021-12-21,943954,166085
ULTRA U.S. TREASURY BONDS - CHICAGO BOARD OF TRADE,2021-12-21,571756,81031
U.S. TREASURY BONDS - CHICAGO BOARD OF TRADE,2021-12-21,397245,99764
10-YEAR U.S. TREASURY NOTES - CHICAGO BOARD OF TRADE,2021-12-28,585680,624858
U.S. TREASURY BONDS - CHICAGO BOARD OF TRADE,2021-12-28,383330,110122
2-YEAR U.S. TREASURY NOTES - CHICAGO BOARD OF TRADE,2021-12-28,157948,568293
ULTRA U.S. TREASURY BONDS - CHICAGO BOARD OF TRADE,2021-12-28,561243,81520
5-YEAR U.S. TREASURY NOTES - CHICAGO BOARD OF TRADE,2021-12-28,1041451,170528
10-YEAR U.S. TREASURY NOTES - CHICAGO BOARD OF TRADE,2022-01-04,604408,679051
2-YEAR U.S. TREASURY NOTES - CHICAGO BOARD OF TRADE,2022-01-04,163692,538073
5-YEAR U.S. TREASURY NOTES - CHICAGO BOARD OF TRADE,2022-01-04,989945,162719
ULTRA U.S. TREASURY BONDS - CHICAGO BOARD OF TRADE,2022-01-04,534866,86045
U.S. TREASURY BONDS - CHICAGO BOARD OF TRADE,2022-01-04,378746,117699
10-YEAR U.S. TREASURY NOTES - CHICAGO BOARD OF TRADE,2022-01-11,576918,715487
2-YEAR U.S. TREASURY NOTES - CHICAGO BOARD OF TRADE,2022-01-11,199563,530263
5-YEAR U.S. TREASURY NOTES - CHICAGO BOARD OF TRADE,2022-01-11,935678,262742
ULTRA U.S. TREASURY BONDS - CHICAGO BOARD OF TRADE,2022-01-11,554909,86375
U.S. TREASURY BONDS - CHICAGO BOARD OF TRADE,2022-01-11,369787,122107
10-YEAR U.S. TREASURY NOTES - CHICAGO BOARD OF TRADE,2022-01-18,529330,762150
2-YEAR U.S. TREASURY NOTES - CHICAGO BOARD OF TRADE,2022-01-18,218580,536093
5-YEAR U.S. TREASURY NOTES - CHICAGO BOARD OF TRADE,2022-01-18,888279,292697
ULTRA U.S. TREASURY BONDS - CHICAGO BOARD OF TRADE,2022-01-18,587711,79683
U.S. TREASURY BONDS - CHICAGO BOARD OF TRADE,2022-01-18,341269,118876
10-YEAR U.S. TREASURY NOTES - CHICAGO BOARD OF TRADE,2022-01-25,447006,753382
2-YEAR U.S. TREASURY NOTES - CHICAGO BOARD OF TRADE,2022-01-25,243334,489026
5-YEAR U.S. TREASURY NOTES - CHICAGO BOARD OF TRADE,2022-01-25,1014735,350694
ULTRA U.S. TREASURY BONDS - CHICAGO BOARD OF TRADE,2022-01-25,606738,86992
U.S. TREASURY BONDS - CHICAGO BOARD OF TRADE,2022-01-25,326231,93458
10-YEAR U.S. TREASURY NOTES - CHICAGO BOARD OF TRADE,2022-02-01,525994,888568
2-YEAR U.S. TREASURY NOTES - CHICAGO BOARD OF TRADE,2022-02-01,357436,626389
5-YEAR U.S. TREASURY NOTES - CHICAGO BOARD OF TRADE,2022-02-01,1014402,390194
ULTRA U.S. TREASURY BONDS - CHICAGO BOARD OF TRADE,2022-02-01,591234,86497
U.S. TREASURY BONDS - CHICAGO BOARD OF TRADE,2022-02-01,319279,102407
ULTRA UST BOND - CHICAGO BOARD OF TRADE,2022-02-08,594724,88795
UST 10Y NOTE - CHICAGO BOARD OF TRADE,2022-02-08,500187,968611
UST 2Y NOTE - CHICAGO BOARD OF TRADE,2022-02-08,402216,613951
UST 5Y NOTE - CHICAGO BOARD OF TRADE,2022-02-08,1015405,378262
UST BOND - CHICAGO BOARD OF TRADE,2022-02-08,316754,102571
ULTRA UST BOND - CHICAGO BOARD OF TRADE,2022-02-15,617303,90165
UST 10Y NOTE - CHICAGO BOARD OF TRADE,2022-02-15,501530,974127
UST 2Y NOTE - CHICAGO BOARD OF TRADE,2022-02-15,328819,379542
UST 5Y NOTE - CHICAGO BOARD OF TRADE,2022-02-15,1077200,408278
UST BOND - CHICAGO BOARD OF TRADE,2022-02-15,325609,126458
ULTRA UST BOND - CHICAGO BOARD OF TRADE,2022-02-22,624437,92818
UST 10Y NOTE - CHICAGO BOARD OF TRADE,2022-02-22,520178,836192
UST 2Y NOTE - CHICAGO BOARD OF TRADE,2022-02-22,287236,354088
UST 5Y NOTE - CHICAGO BOARD OF TRADE,2022-02-22,1214982,334182
UST BOND - CHICAGO BOARD OF TRADE,2022-02-22,303875,107635
ULTRA UST BOND - CHICAGO BOARD OF TRADE,2022-03-01,629855,75581
UST 10Y NOTE - CHICAGO BOARD OF TRADE,2022-03-01,462660,694204
UST 2Y NOTE - CHICAGO BOARD OF TRADE,2022-03-01,277436,377062
UST 5Y NOTE - CHICAGO BOARD OF TRADE,2022-03-01,1082153,232934
UST BOND - CHICAGO BOARD OF TRADE,2022-03-01,269391,91232
ULTRA UST BOND - CHICAGO BOARD OF TRADE,2022-03-08,605691,73785
UST 10Y NOTE - CHICAGO BOARD OF TRADE,2022-03-08,420213,588590
UST 2Y NOTE - CHICAGO BOARD OF TRADE,2022-03-08,350893,310896
UST 5Y NOTE - CHICAGO BOARD OF TRADE,2022-03-08,1140107,258699
UST BOND - CHICAGO BOARD OF TRADE,2022-03-08,276909,97834
ULTRA UST BOND - CHICAGO BOARD OF TRADE,2022-03-15,616160,72013
UST BOND - CHICAGO BOARD OF TRADE,2022-03-15,284763,105851
UST 10Y NOTE - CHICAGO BOARD OF TRADE,2022-03-15,318821,610031
UST 5Y NOTE - CHICAGO BOARD OF TRADE,2022-03-15,1038859,268387
UST 2Y NOTE - CHICAGO BOARD OF TRADE,2022-03-15,378151,389663
ULTRA UST BOND - CHICAGO BOARD OF TRADE,2022-03-22,629123,70015
UST 10Y NOTE - CHICAGO BOARD OF TRADE,2022-03-22,317621,784601
UST 2Y NOTE - CHICAGO BOARD OF TRADE,2022-03-22,447408,472311
UST 5Y NOTE - CHICAGO BOARD OF TRADE,2022-03-22,877440,329352
UST BOND - CHICAGO BOARD OF TRADE,2022-03-22,259894,103397
ULTRA UST BOND - CHICAGO BOARD OF TRADE,2022-03-29,650047,65318
UST 10Y NOTE - CHICAGO BOARD OF TRADE,2022-03-29,393809,610401
UST 2Y NOTE - CHICAGO BOARD OF TRADE,2022-03-29,425798,512524
UST 5Y NOTE - CHICAGO BOARD OF TRADE,2022-03-29,869043,304580
UST BOND - CHICAGO BOARD OF TRADE,2022-03-29,272698,84785
ULTRA UST BOND - CHICAGO BOARD OF TRADE,2022-04-05,635537,59144
UST 10Y NOTE - CHICAGO BOARD OF TRADE,2022-04-05,390525,706361
UST 2Y NOTE - CHICAGO BOARD OF TRADE,2022-04-05,376186,498840
UST 5Y NOTE - CHICAGO BOARD OF TRADE,2022-04-05,887345,331917
UST BOND - CHICAGO BOARD OF TRADE,2022-04-05,274138,80191
ULTRA UST BOND - CHICAGO BOARD OF TRADE,2022-04-12,649904,57876
UST BOND - CHICAGO BOARD OF TRADE,2022-04-12,274876,84872
UST 10Y NOTE - CHICAGO BOARD OF TRADE,2022-04-12,391143,760280
UST 5Y NOTE - CHICAGO BOARD OF TRADE,2022-04-12,976358,343321
UST 2Y NOTE - CHICAGO BOARD OF TRADE,2022-04-12,447797,533358
ULTRA UST BOND - CHICAGO BOARD OF TRADE,2022-04-19,668095,69436
UST 10Y NOTE - CHICAGO BOARD OF TRADE,2022-04-19,393052,699328
UST 2Y NOTE - CHICAGO BOARD OF TRADE,2022-04-19,485106,522249
UST 5Y NOTE - CHICAGO BOARD OF TRADE,2022-04-19,926373,333369
UST BOND - CHICAGO BOARD OF TRADE,2022-04-19,279606,96784
ULTRA UST BOND - CHICAGO BOARD OF TRADE,2022-04-26,679123,57421
UST BOND - CHICAGO BOARD OF TRADE,2022-04-26,282351,115094
UST 10Y NOTE - CHICAGO BOARD OF TRADE,2022-04-26,369280,661420
UST 5Y NOTE - CHICAGO BOARD OF TRADE,2022-04-26,913532,292244
UST 2Y NOTE - CHICAGO BOARD OF TRADE,2022-04-26,497374,509031
ULTRA UST BOND - CHICAGO BOARD OF TRADE,2022-05-03,644595,54524
UST 10Y NOTE - CHICAGO BOARD OF TRADE,2022-05-03,373917,603178
UST 2Y NOTE - CHICAGO BOARD OF TRADE,2022-05-03,478788,503926
UST 5Y NOTE - CHICAGO BOARD OF TRADE,2022-05-03,998978,298473
UST BOND - CHICAGO BOARD OF TRADE,2022-05-03,297893,125636
ULTRA UST BOND - CHICAGO BOARD OF TRADE,2022-05-10,639763,57373
UST 10Y NOTE - CHICAGO BOARD OF TRADE,2022-05-10,333045,653992
UST 2Y NOTE - CHICAGO BOARD OF TRADE,2022-05-10,437905,485258
UST 5Y NOTE - CHICAGO BOARD OF TRADE,2022-05-10,1009145,258143
UST BOND - CHICAGO BOARD OF TRADE,2022-05-10,327270,130520
ULTRA UST BOND - CHICAGO BOARD OF TRADE,2022-05-17,652803,57974
UST BOND - CHICAGO BOARD OF TRADE,2022-05-17,349596,144450
UST 10Y NOTE - CHICAGO BOARD OF TRADE,2022-05-17,339663,502373
UST 5Y NOTE - CHICAGO BOARD OF TRADE,2022-05-17,906242,292488
UST 2Y NOTE - CHICAGO BOARD OF TRADE,2022-05-17,479318,551902
ULTRA UST BOND - CHICAGO BOARD OF TRADE,2022-05-24,681679,71711
UST 10Y NOTE - CHICAGO BOARD OF TRADE,2022-05-24,388011,417535
UST 2Y NOTE - CHICAGO BOARD OF TRADE,2022-05-24,539855,653801
UST 5Y NOTE - CHICAGO BOARD OF TRADE,2022-05-24,845649,381204
UST BOND - CHICAGO BOARD OF TRADE,2022-05-24,362374,135473
UST 10Y NOTE - CHICAGO BOARD OF TRADE,2022-05-31,396679,353883
UST 5Y NOTE - CHICAGO BOARD OF TRADE,2022-05-31,855725,369920
ULTRA UST BOND - CHICAGO BOARD OF TRADE,2022-05-31,634333,68157
UST BOND - CHICAGO BOARD OF TRADE,2022-05-31,353299,115871
UST 2Y NOTE - CHICAGO BOARD OF TRADE,2022-05-31,517755,563147
ULTRA UST BOND - CHICAGO BOARD OF TRADE,2022-06-07,638375,63600
UST 10Y NOTE - CHICAGO BOARD OF TRADE,2022-06-07,375497,350746
UST 2Y NOTE - CHICAGO BOARD OF TRADE,2022-06-07,446164,407805
UST 5Y NOTE - CHICAGO BOARD OF TRADE,2022-06-07,770153,337312
UST BOND - CHICAGO BOARD OF TRADE,2022-06-07,341006,108710
ULTRA UST BOND - CHICAGO BOARD OF TRADE,2022-06-14,656825,59527
UST BOND - CHICAGO BOARD OF TRADE,2022-06-14,319804,102164
UST 10Y NOTE - CHICAGO BOARD OF TRADE,2022-06-14,358675,447432
UST 5Y NOTE - CHICAGO BOARD OF TRADE,2022-06-14,675588,372074
UST 2Y NOTE - CHICAGO BOARD OF TRADE,2022-06-14,416993,400841
UST 2Y NOTE - CHICAGO BOARD OF TRADE,2022-06-21,321296,462178
UST 10Y NOTE - CHICAGO BOARD OF TRADE,2022-06-21,315921,436993
UST BOND - CHICAGO BOARD OF TRADE,2022-06-21,309490,104542
UST 5Y NOTE - CHICAGO BOARD OF TRADE,2022-06-21,658303,418072
ULTRA UST BOND - CHICAGO BOARD OF TRADE,2022-06-21,656339,46177
ULTRA UST BOND - CHICAGO BOARD OF TRADE,2022-06-28,656704,33365
UST BOND - CHICAGO BOARD OF TRADE,2022-06-28,325286,92025
UST 10Y NOTE - CHICAGO BOARD OF TRADE,2022-06-28,311269,419545
UST 5Y NOTE - CHICAGO BOARD OF TRADE,2022-06-28,739541,435501
UST 2Y NOTE - CHICAGO BOARD OF TRADE,2022-06-28,359922,514249
ULTRA UST BOND - CHICAGO BOARD OF TRADE,2022-07-05,640527,33554
UST 10Y NOTE - CHICAGO BOARD OF TRADE,2022-07-05,365963,381123
UST BOND - CHICAGO BOARD OF TRADE,2022-07-05,342586,109088
UST 2Y NOTE - CHICAGO BOARD OF TRADE,2022-07-05,339093,492281
UST 5Y NOTE - CHICAGO BOARD OF TRADE,2022-07-05,818481,471208
ULTRA UST BOND - CHICAGO BOARD OF TRADE,2022-07-12,631274,33388
UST 10Y NOTE - CHICAGO BOARD OF TRADE,2022-07-12,369515,353818
UST 2Y NOTE - CHICAGO BOARD OF TRADE,2022-07-12,322140,476656
UST 5Y NOTE - CHICAGO BOARD OF TRADE,2022-07-12,853358,542841
UST BOND - CHICAGO BOARD OF TRADE,2022-07-12,321218,113711
ULTRA UST BOND - CHICAGO BOARD OF TRADE,2022-07-19,655580,32462
UST 10Y NOTE - CHICAGO BOARD OF TRADE,2022-07-19,371453,293698
UST 2Y NOTE - CHICAGO BOARD OF TRADE,2022-07-19,369894,417529
UST 5Y NOTE - CHICAGO BOARD OF TRADE,2022-07-19,764619,543689
UST BOND - CHICAGO BOARD OF TRADE,2022-07-19,327566,105883
ULTRA UST BOND - CHICAGO BOARD OF TRADE,2022-07-26,669243,34100
UST 10Y NOTE - CHICAGO BOARD OF TRADE,2022-07-26,447959,287332
UST 2Y NOTE - CHICAGO BOARD OF TRADE,2022-07-26,333518,332615
UST 5Y NOTE - CHICAGO BOARD OF TRADE,2022-07-26,949418,635631
UST BOND - CHICAGO BOARD OF TRADE,2022-07-26,327830,99678
ULTRA UST BOND - CHICAGO BOARD OF TRADE,2022-08-02,656667,32638
UST 10Y NOTE - CHICAGO BOARD OF TRADE,2022-08-02,549195,243559
UST 2Y NOTE - CHICAGO BOARD OF TRADE,2022-08-02,393921,302099
UST 5Y NOTE - CHICAGO BOARD OF TRADE,2022-08-02,960464,502409
UST BOND - CHICAGO BOARD OF TRADE,2022-08-02,342144,98072
ULTRA UST BOND - CHICAGO BOARD OF TRADE,2022-08-09,671854,39716
UST 10Y NOTE - CHICAGO BOARD OF TRADE,2022-08-09,593467,227748
UST 2Y NOTE - CHICAGO BOARD OF TRADE,2022-08-09,443514,291961
UST 5Y NOTE - CHICAGO BOARD OF TRADE,2022-08-09,906526,462564
UST BOND - CHICAGO BOARD OF TRADE,2022-08-09,332199,102554
ULTRA UST BOND - CHICAGO BOARD OF TRADE,2022-08-16,695252,38288
UST BOND - CHICAGO BOARD OF TRADE,2022-08-16,333945,110792
UST 10Y NOTE - CHICAGO BOARD OF TRADE,2022-08-16,581997,216794
UST 5Y NOTE - CHICAGO BOARD OF TRADE,2022-08-16,994002,554057
UST 2Y NOTE - CHICAGO BOARD OF TRADE,2022-08-16,462578,233371
ULTRA UST BOND - CHICAGO BOARD OF TRADE,2022-08-23,714793,49374
UST 10Y NOTE - CHICAGO BOARD OF TRADE,2022-08-23,595526,203121
UST 2Y NOTE - CHICAGO BOARD OF TRADE,2022-08-23,352250,225749
UST 5Y NOTE - CHICAGO BOARD OF TRADE,2022-08-23,1113339,624991
UST BOND - CHICAGO BOARD OF TRADE,2022-08-23,331863,115313
ULTRA UST BOND - CHICAGO BOARD OF TRADE,2022-08-30,710385,60592
UST BOND - CHICAGO BOARD OF TRADE,2022-08-30,325626,100732
UST 10Y NOTE - CHICAGO BOARD OF TRADE,2022-08-30,640646,195834
UST 5Y NOTE - CHICAGO BOARD OF TRADE,2022-08-30,1159595,593605
UST 2Y NOTE - CHICAGO BOARD OF TRADE,2022-08-30,331286,156698
ULTRA UST BOND - CHICAGO BOARD OF TRADE,2022-09-06,688491,49408
UST 10Y NOTE - CHICAGO BOARD OF TRADE,2022-09-06,616106,246731
UST 2Y NOTE - CHICAGO BOARD OF TRADE,2022-09-06,348076,167160
UST 5Y NOTE - CHICAGO BOARD OF TRADE,2022-09-06,1149029,626046
UST BOND - CHICAGO BOARD OF TRADE,2022-09-06,326247,106944
ULTRA UST BOND - CHICAGO BOARD OF TRADE,2022-09-13,708446,53169
UST 10Y NOTE - CHICAGO BOARD OF TRADE,2022-09-13,613742,241884
UST 2Y NOTE - CHICAGO BOARD OF TRADE,2022-09-13,470250,171316
UST 5Y NOTE - CHICAGO BOARD OF TRADE,2022-09-13,1155411,617528
UST BOND - CHICAGO BOARD OF TRADE,2022-09-13,329268,111379
ULTRA UST BOND - CHICAGO BOARD OF TRADE,2022-09-20,727116,46244
UST 10Y NOTE - CHICAGO BOARD OF TRADE,2022-09-20,605032,337258
UST 2Y NOTE - CHICAGO BOARD OF TRADE,2022-09-20,514078,257055
UST 5Y NOTE - CHICAGO BOARD OF TRADE,2022-09-20,1087784,614170
UST BOND - CHICAGO BOARD OF TRADE,2022-09-20,324976,123083
ULTRA UST BOND - CHICAGO BOARD OF TRADE,2022-09-27,763367,47021
UST 10Y NOTE - CHICAGO BOARD OF TRADE,2022-09-27,685312,249712
UST 2Y NOTE - CHICAGO BOARD OF TRADE,2022-09-27,484528,229164
UST 5Y NOTE - CHICAGO BOARD OF TRADE,2022-09-27,1147240,655506
UST BOND - CHICAGO BOARD OF TRADE,2022-09-27,320806,111329
ULTRA UST BOND - CHICAGO BOARD OF TRADE,2022-10-04,740531,47911
UST 10Y NOTE - CHICAGO BOARD OF TRADE,2022-10-04,786621,317602
UST 2Y NOTE - CHICAGO BOARD OF TRADE,2022-10-04,501666,199051
UST 5Y NOTE - CHICAGO BOARD OF TRADE,2022-10-04,1250375,593290
UST BOND - CHICAGO BOARD OF TRADE,2022-10-04,338956,115160
ULTRA UST BOND - CHICAGO BOARD OF TRADE,2022-10-11,733160,58223
UST 10Y NOTE - CHICAGO BOARD OF TRADE,2022-10-11,793332,299006
UST 2Y NOTE - CHICAGO BOARD OF TRADE,2022-10-11,585274,195991
UST 5Y NOTE - CHICAGO BOARD OF TRADE,2022-10-11,1255411,599598
UST BOND - CHICAGO BOARD OF TRADE,2022-10-11,328460,118536
ULTRA UST BOND - CHICAGO BOARD OF TRADE,2022-10-18,748831,65464
UST 10Y NOTE - CHICAGO BOARD OF TRADE,2022-10-18,784351,284485
UST 2Y NOTE - CHICAGO BOARD OF TRADE,2022-10-18,635117,166278
UST 5Y NOTE - CHICAGO BOARD OF TRADE,2022-10-18,1228303,593206
UST BOND - CHICAGO BOARD OF TRADE,2022-10-18,341306,117124
ULTRA UST BOND - CHICAGO BOARD OF TRADE,2022-10-25,753552,69717
UST 10Y NOTE - CHICAGO BOARD OF TRADE,2022-10-25,824127,305207
UST 2Y NOTE - CHICAGO BOARD OF TRADE,2022-10-25,722609,151128
UST 5Y NOTE - CHICAGO BOARD OF TRADE,2022-10-25,1230376,649619
UST BOND - CHICAGO BOARD OF TRADE,2022-10-25,364162,119880
ULTRA UST BOND - CHICAGO BOARD OF TRADE,2022-11-01,754706,71924
UST 10Y NOTE - CHICAGO BOARD OF TRADE,2022-11-01,961486,297048
UST 2Y NOTE - CHICAGO BOARD OF TRADE,2022-11-01,908259,156259
UST 5Y NOTE - CHICAGO BOARD OF TRADE,2022-11-01,1329833,632924
UST BOND - CHICAGO BOARD OF TRADE,2022-11-01,329064,104429
ULTRA UST BOND - CHICAGO BOARD OF TRADE,2022-11-08,731091,78830
UST 10Y NOTE - CHICAGO BOARD OF TRADE,2022-11-08,993273,335257
UST 2Y NOTE - CHICAGO BOARD OF TRADE,2022-11-08,855422,172818
UST 5Y NOTE - CHICAGO BOARD OF TRADE,2022-11-08,1392426,669771
UST BOND - CHICAGO BOARD OF TRADE,2022-11-08,331231,105064
ULTRA UST BOND - CHICAGO BOARD OF TRADE,2022-11-15,734871,79682
UST BOND - CHICAGO BOARD OF TRADE,2022-11-15,338135,100484
UST 10Y NOTE - CHICAGO BOARD OF TRADE,2022-11-15,976260,315354
UST 5Y NOTE - CHICAGO BOARD OF TRADE,2022-11-15,1437661,723991
UST 2Y NOTE - CHICAGO BOARD OF TRADE,2022-11-15,919663,131410
ULTRA UST BOND - CHICAGO BOARD OF TRADE,2022-11-22,735639,66689
UST 10Y NOTE - CHICAGO BOARD OF TRADE,2022-11-22,1059070,290478
UST 2Y NOTE - CHICAGO BOARD OF TRADE,2022-11-22,905113,115121
UST 5Y NOTE - CHICAGO BOARD OF TRADE,2022-11-22,1478143,693771
UST BOND - CHICAGO BOARD OF TRADE,2022-11-22,339446,98703
ULTRA UST BOND - CHICAGO BOARD OF TRADE,2022-11-29,730765,57352
UST 10Y NOTE - CHICAGO BOARD OF TRADE,2022-11-29,1041829,252180
UST 2Y NOTE - CHICAGO BOARD OF TRADE,2022-11-29,847901,112442
UST 5Y NOTE - CHICAGO BOARD OF TRADE,2022-11-29,1450948,653984
UST BOND - CHICAGO BOARD OF TRADE,2022-11-29,344138,93345
ULTRA UST BOND - CHICAGO BOARD OF TRADE,2022-12-06,691680,52170
UST 10Y NOTE - CHICAGO BOARD OF TRADE,2022-12-06,1003983,239049
UST 2Y NOTE - CHICAGO BOARD OF TRADE,2022-12-06,884886,139793
UST 5Y NOTE - CHICAGO BOARD OF TRADE,2022-12-06,1448628,672530
UST BOND - CHICAGO BOARD OF TRADE,2022-12-06,344725,87185
ULTRA UST BOND - CHICAGO BOARD OF TRADE,2022-12-13,701928,54213
UST BOND - CHICAGO BOARD OF TRADE,2022-12-13,367436,86715
UST 10Y NOTE - CHICAGO BOARD OF TRADE,2022-12-13,1039800,224031
UST 5Y NOTE - CHICAGO BOARD OF TRADE,2022-12-13,1486165,652511
UST 2Y NOTE - CHICAGO BOARD OF TRADE,2022-12-13,895634,137014
ULTRA UST BOND - CHICAGO BOARD OF TRADE,2022-12-20,692528,51031
UST 10Y NOTE - CHICAGO BOARD OF TRADE,2022-12-20,988816,232880
UST 2Y NOTE - CHICAGO BOARD OF TRADE,2022-12-20,920457,152453
UST 5Y NOTE - CHICAGO BOARD OF TRADE,2022-12-20,1520767,654898
UST BOND - CHICAGO BOARD OF TRADE,2022-12-20,403710,88413
ULTRA UST BOND - CHICAGO BOARD OF TRADE,2022-12-27,697079,52415
UST BOND - CHICAGO BOARD OF TRADE,2022-12-27,407141,88082
UST 10Y NOTE - CHICAGO BOARD OF TRADE,2022-12-27,1009773,203902
UST 5Y NOTE - CHICAGO BOARD OF TRADE,2022-12-27,1538680,661859
UST 2Y NOTE - CHICAGO BOARD OF TRADE,2022-12-27,958954,161100
ULTRA UST BOND - CHICAGO BOARD OF TRADE,2023-01-03,678892,55436
UST 10Y NOTE - CHICAGO BOARD OF TRADE,2023-01-03,1028715,208101
UST 2Y NOTE - CHICAGO BOARD OF TRADE,2023-01-03,886868,148970
UST 5Y NOTE - CHICAGO BOARD OF TRADE,2023-01-03,1588244,675474
UST BOND - CHICAGO BOARD OF TRADE,2023-01-03,405644,87700
ULTRA UST BOND - CHICAGO BOARD OF TRADE,2023-01-10,678188,69608
UST 10Y NOTE - CHICAGO BOARD OF TRADE,2023-01-10,1039383,305702
UST 2Y NOTE - CHICAGO BOARD OF TRADE,2023-01-10,898780,310836
UST 5Y NOTE - CHICAGO BOARD OF TRADE,2023-01-10,1488471,641557
UST BOND - CHICAGO BOARD OF TRADE,2023-01-10,406898,80026
ULTRA UST BOND - CHICAGO BOARD OF TRADE,2023-01-17,698884,71617
UST BOND - CHICAGO BOARD OF TRADE,2023-01-17,428651,64732
UST 10Y NOTE - CHICAGO BOARD OF TRADE,2023-01-17,1167078,277580
UST 5Y NOTE - CHICAGO BOARD OF TRADE,2023-01-17,1547602,617710
UST 2Y NOTE - CHICAGO BOARD OF TRADE,2023-01-17,887580,326169
ULTRA UST BOND - CHICAGO BOARD OF TRADE,2023-01-24,690860,67125
UST 10Y NOTE - CHICAGO BOARD OF TRADE,2023-01-24,1232310,315234
UST 2Y NOTE - CHICAGO BOARD OF TRADE,2023-01-24,927599,357738
UST 5Y NOTE - CHICAGO BOARD OF TRADE,2023-01-24,1515991,630873
UST BOND - CHICAGO BOARD OF TRADE,2023-01-24,443483,64644
UST 10Y NOTE - CHICAGO BOARD OF TRADE,2023-01-31,1237096,339296
UST 5Y NOTE - CHICAGO BOARD OF TRADE,2023-01-31,1619524,590472
ULTRA UST BOND - CHICAGO BOARD OF TRADE,2023-01-31,683039,64716
UST BOND - CHICAGO BOARD OF TRADE,2023-01-31,449129,58714
UST 2Y NOTE - CHICAGO BOARD OF TRADE,2023-01-31,945226,308969
ULTRA UST BOND - CHICAGO BOARD OF TRADE,2023-02-07,699088,67663
UST 10Y NOTE - CHICAGO BOARD OF TRADE,2023-02-07,1296985,324354
UST 2Y NOTE - CHICAGO BOARD OF TRADE,2023-02-07,1112032,398533
UST 5Y NOTE - CHICAGO BOARD OF TRADE,2023-02-07,1595823,628780
UST BOND - CHICAGO BOARD OF TRADE,2023-02-07,443979,59574
ULTRA UST BOND - CHICAGO BOARD OF TRADE,2023-02-14,714673,56607
UST BOND - CHICAGO BOARD OF TRADE,2023-02-14,449369,64288
UST 10Y NOTE - CHICAGO BOARD OF TRADE,2023-02-14,1265056,304648
UST 5Y NOTE - CHICAGO BOARD OF TRADE,2023-02-14,1550034,612088
UST 2Y NOTE - CHICAGO BOARD OF TRADE,2023-02-14,1185748,473280
UST 2Y NOTE - CHICAGO BOARD OF TRADE,2023-02-21,1184644,505316
UST 10Y NOTE - CHICAGO BOARD OF TRADE,2023-02-21,1149482,356489
UST BOND - CHICAGO BOARD OF TRADE,2023-02-21,432766,77859
UST 5Y NOTE - CHICAGO BOARD OF TRADE,2023-02-21,1523597,581817
ULTRA UST BOND - CHICAGO BOARD OF TRADE,2023-02-21,702001,57030
ULTRA UST BOND - CHICAGO BOARD OF TRADE,2023-02-28,691763,61002
UST BOND - CHICAGO BOARD OF TRADE,2023-02-28,373777,62456
UST 10Y NOTE - CHICAGO BOARD OF TRADE,2023-02-28,1201274,352625
UST 5Y NOTE - CHICAGO BOARD OF TRADE,2023-02-28,1531820,569282
UST 2Y NOTE - CHICAGO BOARD OF TRADE,2023-02-28,1081971,474057
ULTRA UST BOND - CHICAGO BOARD OF TRADE,2023-03-07,694744,89904
UST 10Y NOTE - CHICAGO BOARD OF TRADE,2023-03-07,1183995,339192
UST BOND - CHICAGO BOARD OF TRADE,2023-03-07,373611,69707
UST 2Y NOTE - CHICAGO BOARD OF TRADE,2023-03-07,1062123,399198
UST 5Y NOTE - CHICAGO BOARD OF TRADE,2023-03-07,1526337,551096
ULTRA UST BOND - CHICAGO BOARD OF TRADE,2023-03-14,710319,75027
UST 10Y NOTE - CHICAGO BOARD OF TRADE,2023-03-14,1199946,374112
UST 2Y NOTE - CHICAGO BOARD OF TRADE,2023-03-14,806156,369734
UST 5Y NOTE - CHICAGO BOARD OF TRADE,2023-03-14,1665664,650124
UST BOND - CHICAGO BOARD OF TRADE,2023-03-14,367182,62009
ULTRA UST BOND - CHICAGO BOARD OF TRADE,2023-03-21,710452,65441
UST 10Y NOTE - CHICAGO BOARD OF TRADE,2023-03-21,1255535,359577
UST 2Y NOTE - CHICAGO BOARD OF TRADE,2023-03-21,858097,470204
UST 5Y NOTE - CHICAGO BOARD OF TRADE,2023-03-21,1724535,656980
UST BOND - CHICAGO BOARD OF TRADE,2023-03-21,376570,83175
ULTRA UST BOND - CHICAGO BOARD OF TRADE,2023-03-28,693186,54959
UST 10Y NOTE - CHICAGO BOARD OF TRADE,2023-03-28,1225470,339361
UST 2Y NOTE - CHICAGO BOARD OF TRADE,2023-03-28,930149,464902
UST 5Y NOTE - CHICAGO BOARD OF TRADE,2023-03-28,1756067,680344
UST BOND - CHICAGO BOARD OF TRADE,2023-03-28,366576,82250
ULTRA UST BOND - CHICAGO BOARD OF TRADE,2023-04-04,669207,47559
UST 10Y NOTE - CHICAGO BOARD OF TRADE,2023-04-04,1307204,362137
UST 2Y NOTE - CHICAGO BOARD OF TRADE,2023-04-04,921933,435038
UST 5Y NOTE - CHICAGO BOARD OF TRADE,2023-04-04,1778874,646582
UST BOND - CHICAGO BOARD OF TRADE,2023-04-04,344628,59311
ULTRA UST BOND - CHICAGO BOARD OF TRADE,2023-04-11,677026,42862
UST 10Y NOTE - CHICAGO BOARD OF TRADE,2023-04-11,1426238,325357
UST 2Y NOTE - CHICAGO BOARD OF TRADE,2023-04-11,1055886,474206
UST 5Y NOTE - CHICAGO BOARD OF TRADE,2023-04-11,1871795,659794
UST BOND - CHICAGO BOARD OF TRADE,2023-04-11,345715,47093
ULTRA UST BOND - CHICAGO BOARD OF TRADE,2023-04-18,680115,49253
UST BOND - CHICAGO BOARD OF TRADE,2023-04-18,344630,45021
UST 10Y NOTE - CHICAGO BOARD OF TRADE,2023-04-18,1556601,321540
UST 5Y NOTE - CHICAGO BOARD OF TRADE,2023-04-18,1834672,674110
UST 2Y NOTE - CHICAGO BOARD OF TRADE,2023-04-18,1184445,506268
ULTRA UST BOND - CHICAGO BOARD OF TRADE,2023-04-25,681909,49272
UST 10Y NOTE - CHICAGO BOARD OF TRADE,2023-04-25,1521634,292526
UST 2Y NOTE - CHICAGO BOARD OF TRADE,2023-04-25,1257855,535119
UST 5Y NOTE - CHICAGO BOARD OF TRADE,2023-04-25,1934530,706550
UST BOND - CHICAGO BOARD OF TRADE,2023-04-25,339753,60217
ULTRA UST BOND - CHICAGO BOARD OF TRADE,2023-05-02,678200,66176
UST BOND - CHICAGO BOARD OF TRADE,2023-05-02,332914,53694
UST 10Y NOTE - CHICAGO BOARD OF TRADE,2023-05-02,1641471,315916
UST 5Y NOTE - CHICAGO BOARD OF TRADE,2023-05-02,2132909,697058
UST 2Y NOTE - CHICAGO BOARD OF TRADE,2023-05-02,1346091,525562
ULTRA UST BOND - CHICAGO BOARD OF TRADE,2023-05-09,680756,66487
UST 10Y NOTE - CHICAGO BOARD OF TRADE,2023-05-09,1702653,290226
UST 2Y NOTE - CHICAGO BOARD OF TRADE,2023-05-09,1519848,640434
UST 5Y NOTE - CHICAGO BOARD OF TRADE,2023-05-09,2406845,881982
UST BOND - CHICAGO BOARD OF TRADE,2023-05-09,311138,41687
ULTRA UST BOND - CHICAGO BOARD OF TRADE,2023-05-16,697003,70525
UST 10Y NOTE - CHICAGO BOARD OF TRADE,2023-05-16,1774723,351260
UST 2Y NOTE - CHICAGO BOARD OF TRADE,2023-05-16,1698663,661053
UST 5Y NOTE - CHICAGO BOARD OF TRADE,2023-05-16,2420019,887015
UST BOND - CHICAGO BOARD OF TRADE,2023-05-16,311158,51037
ULTRA UST BOND - CHICAGO BOARD OF TRADE,2023-05-23,694814,83072
UST 10Y NOTE - CHICAGO BOARD OF TRADE,2023-05-23,1806511,328177
UST 2Y NOTE - CHICAGO BOARD OF TRADE,2023-05-23,1757158,704675
UST 5Y NOTE - CHICAGO BOARD OF TRADE,2023-05-23,2394349,893023
UST BOND - CHICAGO BOARD OF TRADE,2023-05-23,308333,80024
ULTRA UST BOND - CHICAGO BOARD OF TRADE,2023-05-30,688367,92635
UST 10Y NOTE - CHICAGO BOARD OF TRADE,2023-05-30,1768219,290273
UST 2Y NOTE - CHICAGO BOARD OF TRADE,2023-05-30,1817909,755221
UST 5Y NOTE - CHICAGO BOARD OF TRADE,2023-05-30,2258770,738021
UST BOND - CHICAGO BOARD OF TRADE,2023-05-30,325187,70453
ULTRA UST BOND - CHICAGO BOARD OF TRADE,2023-06-06,684796,96000
UST 10Y NOTE - CHICAGO BOARD OF TRADE,2023-06-06,1704521,289236
UST 2Y NOTE - CHICAGO BOARD OF TRADE,2023-06-06,1960918,747997
UST 5Y NOTE - CHICAGO BOARD OF TRADE,2023-06-06,2222354,705227
UST BOND - CHICAGO BOARD OF TRADE,2023-06-06,336010,63580
ULTRA UST BOND - CHICAGO BOARD OF TRADE,2023-06-13,677626,99204
UST 10Y NOTE - CHICAGO BOARD OF TRADE,2023-06-13,1664783,319100
UST 2Y NOTE - CHICAGO BOARD OF TRADE,2023-06-13,2001864,772441
UST 5Y NOTE - CHICAGO BOARD OF TRADE,2023-06-13,2264092,713719
UST BOND - CHICAGO BOARD OF TRADE,2023-06-13,344048,55436
ULTRA UST BOND - CHICAGO BOARD OF TRADE,2023-06-20,690954,96522
UST BOND - CHICAGO BOARD OF TRADE,2023-06-20,336466,53107
UST 10Y NOTE - CHICAGO BOARD OF TRADE,2023-06-20,1730273,331454
UST 5Y NOTE - CHICAGO BOARD OF TRADE,2023-06-20,2162901,751040
UST 2Y NOTE - CHICAGO BOARD OF TRADE,2023-06-20,2077856,801744
ULTRA UST BOND - CHICAGO BOARD OF TRADE,2023-06-27,696012,93913
UST 10Y NOTE - CHICAGO BOARD OF TRADE,2023-06-27,1769626,319350
UST 2Y NOTE - CHICAGO BOARD OF TRADE,2023-06-27,2111130,818304
UST 5Y NOTE - CHICAGO BOARD OF TRADE,2023-06-27,2208996,756920
UST BOND - CHICAGO BOARD OF TRADE,2023-06-27,353995,46365
ULTRA UST BOND - CHICAGO BOARD OF TRADE,2023-07-03,715589,90385
UST BOND - CHICAGO BOARD OF TRADE,2023-07-03,360854,37630
UST 10Y NOTE - CHICAGO BOARD OF TRADE,2023-07-03,1786737,344171
UST 5Y NOTE - CHICAGO BOARD OF TRADE,2023-07-03,2182019,808273
UST 2Y NOTE - CHICAGO BOARD OF TRADE,2023-07-03,2129471,789690
ULTRA UST BOND - CHICAGO BOARD OF TRADE,2023-07-11,714718,86721
UST 10Y NOTE - CHICAGO BOARD OF TRADE,2023-07-11,1679239,392205
UST 2Y NOTE - CHICAGO BOARD OF TRADE,2023-07-11,2126731,802393
UST 5Y NOTE - CHICAGO BOARD OF TRADE,2023-07-11,2344583,868706
UST BOND - CHICAGO BOARD OF TRADE,2023-07-11,373988,45258
ULTRA UST BOND - CHICAGO BOARD OF TRADE,2023-07-18,712818,73208
UST 10Y NOTE - CHICAGO BOARD OF TRADE,2023-07-18,1626889,384989
UST 2Y NOTE - CHICAGO BOARD OF TRADE,2023-07-18,2138104,710768
UST 5Y NOTE - CHICAGO BOARD OF TRADE,2023-07-18,2404245,936517
UST BOND - CHICAGO BOARD OF TRADE,2023-07-18,382784,43347
ULTRA UST BOND - CHICAGO BOARD OF TRADE,2023-07-25,726235,68751
UST 10Y NOTE - CHICAGO BOARD OF TRADE,2023-07-25,1621127,387783
UST 2Y NOTE - CHICAGO BOARD OF TRADE,2023-07-25,2161324,680052
UST 5Y NOTE - CHICAGO BOARD OF TRADE,2023-07-25,2397062,938442
UST BOND - CHICAGO BOARD OF TRADE,2023-07-25,405565,39069
ULTRA UST BOND - CHICAGO BOARD OF TRADE,2023-08-01,737040,76211
UST 10Y NOTE - CHICAGO BOARD OF TRADE,2023-08-01,1688771,408792
UST 2Y NOTE - CHICAGO BOARD OF TRADE,2023-08-01,2160198,675404
UST 5Y NOTE - CHICAGO BOARD OF TRADE,2023-08-01,2561721,983475
UST BOND - CHICAGO BOARD OF TRADE,2023-08-01,427235,41434
ULTRA UST BOND - CHICAGO BOARD OF TRADE,2023-08-08,719835,83960
UST 10Y NOTE - CHICAGO BOARD OF TRADE,2023-08-08,1732339,445219
UST 2Y NOTE - CHICAGO BOARD OF TRADE,2023-08-08,2197142,781724
UST 5Y NOTE - CHICAGO BOARD OF TRADE,2023-08-08,2648269,1080716
UST BOND - CHICAGO BOARD OF TRADE,2023-08-08,440699,31674
ULTRA UST BOND - CHICAGO BOARD OF TRADE,2023-08-15,735228,78143
UST 10Y NOTE - CHICAGO BOARD OF TRADE,2023-08-15,1746329,432910
UST 2Y NOTE - CHICAGO BOARD OF TRADE,2023-08-15,2218118,773755
UST 5Y NOTE - CHICAGO BOARD OF TRADE,2023-08-15,2602615,1076958
UST BOND - CHICAGO BOARD OF TRADE,2023-08-15,455852,45039
ULTRA UST BOND - CHICAGO BOARD OF TRADE,2023-08-22,745353,74435
UST BOND - CHICAGO BOARD OF TRADE,2023-08-22,471238,54076
UST 10Y NOTE - CHICAGO BOARD OF TRADE,2023-08-22,1765801,397513
UST 5Y NOTE - CHICAGO BOARD OF TRADE,2023-08-22,2565265,1074607
UST 2Y NOTE - CHICAGO BOARD OF TRADE,2023-08-22,2330995,848011
ULTRA UST BOND - CHICAGO BOARD OF TRADE,2023-08-29,719898,77792
UST 10Y NOTE - CHICAGO BOARD OF TRADE,2023-08-29,1758519,342237
UST 2Y NOTE - CHICAGO BOARD OF TRADE,2023-08-29,2146503,790267
UST 5Y NOTE - CHICAGO BOARD OF TRADE,2023-08-29,2345383,825189
UST BOND - CHICAGO BOARD OF TRADE,2023-08-29,479243,36680
ULTRA UST BOND - CHICAGO BOARD OF TRADE,2023-09-05,702358,88971
UST BOND - CHICAGO BOARD OF TRADE,2023-09-05,505894,36640
UST 10Y NOTE - CHICAGO BOARD OF TRADE,2023-09-05,1759557,350909
UST 5Y NOTE - CHICAGO BOARD OF TRADE,2023-09-05,2512302,855354
UST 2Y NOTE - CHICAGO BOARD OF TRADE,2023-09-05,2130279,804984
ULTRA UST BOND - CHICAGO BOARD OF TRADE,2023-09-12,709540,90981
UST 10Y NOTE - CHICAGO BOARD OF TRADE,2023-09-12,1713291,331316
UST 2Y NOTE - CHICAGO BOARD OF TRADE,2023-09-12,2096753,767322
UST 5Y NOTE - CHICAGO BOARD OF TRADE,2023-09-12,2468898,873750
UST BOND - CHICAGO BOARD OF TRADE,2023-09-12,504622,30890
ULTRA UST BOND - CHICAGO BOARD OF TRADE,2023-09-19,723383,88381
UST 10Y NOTE - CHICAGO BOARD OF TRADE,2023-09-19,1695473,334046
UST 2Y NOTE - CHICAGO BOARD OF TRADE,2023-09-19,2127913,765063
UST 5Y NOTE - CHICAGO BOARD OF TRADE,2023-09-19,2513510,934116
UST BOND - CHICAGO BOARD OF TRADE,2023-09-19,514997,30579
UST 2Y NOTE - CHICAGO BOARD OF TRADE,2023-09-26,2233583,878193
UST 10Y NOTE - CHICAGO BOARD OF TRADE,2023-09-26,1747171,317561
UST BOND - CHICAGO BOARD OF TRADE,2023-09-26,531917,35427
UST 5Y NOTE - CHICAGO BOARD OF TRADE,2023-09-26,2498722,926288
ULTRA UST BOND - CHICAGO BOARD OF TRADE,2023-09-26,715778,90535
ULTRA UST BOND - CHICAGO BOARD OF TRADE,2023-10-03,716564,91548
UST 10Y NOTE - CHICAGO BOARD OF TRADE,2023-10-03,1755897,355369
UST 2Y NOTE - CHICAGO BOARD OF TRADE,2023-10-03,2316881,892973
UST 5Y NOTE - CHICAGO BOARD OF TRADE,2023-10-03,2582245,945660
UST BOND - CHICAGO BOARD OF TRADE,2023-10-03,508641,43007
ULTRA UST BOND - CHICAGO BOARD OF TRADE,2023-10-10,726563,92265
UST 10Y NOTE - CHICAGO BOARD OF TRADE,2023-10-10,1789250,414736
UST 2Y NOTE - CHICAGO BOARD OF TRADE,2023-10-10,2355757,935244
UST 5Y NOTE - CHICAGO BOARD OF TRADE,2023-10-10,2702791,1041769
UST BOND - CHICAGO BOARD OF TRADE,2023-10-10,470546,56233
ULTRA UST BOND - CHICAGO BOARD OF TRADE,2023-10-17,732982,92506
UST 10Y NOTE - CHICAGO BOARD OF TRADE,2023-10-17,1775588,376790
UST 2Y NOTE - CHICAGO BOARD OF TRADE,2023-10-17,2456368,902041
UST 5Y NOTE - CHICAGO BOARD OF TRADE,2023-10-17,2723469,970314
UST BOND - CHICAGO BOARD OF TRADE,2023-10-17,443503,55286
ULTRA UST BOND - CHICAGO BOARD OF TRADE,2023-10-24,734196,93257
UST BOND - CHICAGO BOARD OF TRADE,2023-10-24,409361,66014
UST 10Y NOTE - CHICAGO BOARD OF TRADE,2023-10-24,1764091,412253
UST 5Y NOTE - CHICAGO BOARD OF TRADE,2023-10-24,2645208,908770
UST 2Y NOTE - CHICAGO BOARD OF TRADE,2023-10-24,2640137,1064841
ULTRA UST BOND - CHICAGO BOARD OF TRADE,2023-10-31,725992,92113
UST 10Y NOTE - CHICAGO BOARD OF TRADE,2023-10-31,1842107,402166
UST 2Y NOTE - CHICAGO BOARD OF TRADE,2023-10-31,2627509,1030098
UST 5Y NOTE - CHICAGO BOARD OF TRADE,2023-10-31,2821959,892291
UST BOND - CHICAGO BOARD OF TRADE,2023-10-31,431516,68052
ULTRA UST BOND - CHICAGO BOARD OF TRADE,2023-11-07,708683,100459
UST BOND - CHICAGO BOARD OF TRADE,2023-11-07,412793,72032
UST 10Y NOTE - CHICAGO BOARD OF TRADE,2023-11-07,1746308,373870
UST 5Y NOTE - CHICAGO BOARD OF TRADE,2023-11-07,3030487,951858
UST 2Y NOTE - CHICAGO BOARD OF TRADE,2023-11-07,2649458,933802
ULTRA UST BOND - CHICAGO BOARD OF TRADE,2023-11-14,723971,94504
UST 10Y NOTE - CHICAGO BOARD OF TRADE,2023-11-14,1862635,404848
UST 2Y NOTE - CHICAGO BOARD OF TRADE,2023-11-14,2592085,969636
UST 5Y NOTE - CHICAGO BOARD OF TRADE,2023-11-14,2984050,1030524
UST BOND - CHICAGO BOARD OF TRADE,2023-11-14,404174,69299
ULTRA UST BOND - CHICAGO BOARD OF TRADE,2023-11-21,735209,98289
UST 10Y NOTE - CHICAGO BOARD OF TRADE,2023-11-21,1821446,365976
UST 2Y NOTE - CHICAGO BOARD OF TRADE,2023-11-21,2516975,894098
UST 5Y NOTE - CHICAGO BOARD OF TRADE,2023-11-21,3067252,1033170
UST BOND - CHICAGO BOARD OF TRADE,2023-11-21,396386,81153
UST 2Y NOTE - CHICAGO BOARD OF TRADE,2023-11-28,2438347,906694
UST 10Y NOTE - CHICAGO BOARD OF TRADE,2023-11-28,1834474,379923
UST BOND - CHICAGO BOARD OF TRADE,2023-11-28,364335,80185
UST 5Y NOTE - CHICAGO BOARD OF TRADE,2023-11-28,2972432,1018362
ULTRA UST BOND - CHICAGO BOARD OF TRADE,2023-11-28,698614,97854
ULTRA UST BOND - CHICAGO BOARD OF TRADE,2023-12-05,712955,93011
UST 10Y NOTE - CHICAGO BOARD OF TRADE,2023-12-05,1694612,367684
UST 2Y NOTE - CHICAGO BOARD OF TRADE,2023-12-05,2558654,869060
UST 5Y NOTE - CHICAGO BOARD OF TRADE,2023-12-05,2915604,894309
UST BOND - CHICAGO BOARD OF TRADE,2023-12-05,383084,68107
UST 2Y NOTE - CHICAGO BOARD OF TRADE,2023-12-12,2411905,833089
UST 10Y NOTE - CHICAGO BOARD OF TRADE,2023-12-12,1628607,302710
UST BOND - CHICAGO BOARD OF TRADE,2023-12-12,409295,71779
UST 5Y NOTE - CHICAGO BOARD OF TRADE,2023-12-12,2889757,886212
ULTRA UST BOND - CHICAGO BOARD OF TRADE,2023-12-12,704122,92627
ULTRA UST BOND - CHICAGO BOARD OF TRADE,2023-12-19,735175,99086
UST 10Y NOTE - CHICAGO BOARD OF TRADE,2023-12-19,1719047,318463
UST 2Y NOTE - CHICAGO BOARD OF TRADE,2023-12-19,2340399,815821
UST 5Y NOTE - CHICAGO BOARD OF TRADE,2023-12-19,2854532,879578
UST BOND - CHICAGO BOARD OF TRADE,2023-12-19,423957,70369
ULTRA UST BOND - CHICAGO BOARD OF TRADE,2023-12-26,736359,95808
UST 10Y NOTE - CHICAGO BOARD OF TRADE,2023-12-26,1783449,317495
UST 2Y NOTE - CHICAGO BOARD OF TRADE,2023-12-26,2292153,761130
UST 5Y NOTE - CHICAGO BOARD OF TRADE,2023-12-26,2837236,866909
UST BOND - CHICAGO BOARD OF TRADE,2023-12-26,444978,83459
ULTRA UST BOND - CHICAGO BOARD OF TRADE,2024-01-02,757616,94369
UST 10Y NOTE - CHICAGO BOARD OF TRADE,2024-01-02,1831940,293812
UST 2Y NOTE - CHICAGO BOARD OF TRADE,2024-01-02,2269655,776321
UST 5Y NOTE - CHICAGO BOARD OF TRADE,2024-01-02,2825109,844074
UST BOND - CHICAGO BOARD OF TRADE,2024-01-02,501534,78259
UST 10Y NOTE - CHICAGO BOARD OF TRADE,2024-01-09,1846769,339062
ULTRA UST BOND - CHICAGO BOARD OF TRADE,2024-01-09,762082,96625
UST 2Y NOTE - CHICAGO BOARD OF TRADE,2024-01-09,2250500,767110
UST BOND - CHICAGO BOARD OF TRADE,2024-01-09,512545,79195
UST 5Y NOTE - CHICAGO BOARD OF TRADE,2024-01-09,2787345,912489
ULTRA UST BOND - CHICAGO BOARD OF TRADE,2024-01-16,758070,100908
UST 10Y NOTE - CHICAGO BOARD OF TRADE,2024-01-16,1923486,346550
UST 2Y NOTE - CHICAGO BOARD OF TRADE,2024-01-16,2298853,864296
UST 5Y NOTE - CHICAGO BOARD OF TRADE,2024-01-16,2826387,940081
UST BOND - CHICAGO BOARD OF TRADE,2024-01-16,503868,79984
ULTRA UST BOND - CHICAGO BOARD OF TRADE,2024-01-23,756122,91723
UST 10Y NOTE - CHICAGO BOARD OF TRADE,2024-01-23,1887752,310214
UST 2Y NOTE - CHICAGO BOARD OF TRADE,2024-01-23,2306334,880536
UST 5Y NOTE - CHICAGO BOARD OF TRADE,2024-01-23,2834849,917626
UST BOND - CHICAGO BOARD OF TRADE,2024-01-23,490110,79740
ULTRA UST BOND - CHICAGO BOARD OF TRADE,2024-01-30,761778,91832
UST 10Y NOTE - CHICAGO BOARD OF TRADE,2024-01-30,1983155,306284
UST 2Y NOTE - CHICAGO BOARD OF TRADE,2024-01-30,2326574,853061
UST 5Y NOTE - CHICAGO BOARD OF TRADE,2024-01-30,2752439,835150
UST BOND - CHICAGO BOARD OF TRADE,2024-01-30,490976,77948
ULTRA UST BOND - CHICAGO BOARD OF TRADE,2024-02-06,767050,95165
UST 10Y NOTE - CHICAGO BOARD OF TRADE,2024-02-06,1885943,289952
UST 2Y NOTE - CHICAGO BOARD OF TRADE,2024-02-06,2275793,787816
UST 5Y NOTE - CHICAGO BOARD OF TRADE,2024-02-06,2715976,769622
UST BOND - CHICAGO BOARD OF TRADE,2024-02-06,496949,71150
UST 2Y NOTE - CHICAGO BOARD OF TRADE,2024-02-13,2254907,771065
UST 10Y NOTE - CHICAGO BOARD OF TRADE,2024-02-13,1799733,306583
UST BOND - CHICAGO BOARD OF TRADE,2024-02-13,478932,85960
UST 5Y NOTE - CHICAGO BOARD OF TRADE,2024-02-13,2677552,799166
ULTRA UST BOND - CHICAGO BOARD OF TRADE,2024-02-13,779444,112696
ULTRA UST BOND - CHICAGO BOARD OF TRADE,2024-02-20,764954,112952
UST 10Y NOTE - CHICAGO BOARD OF TRADE,2024-02-20,1753759,314567
UST 2Y NOTE - CHICAGO BOARD OF TRADE,2024-02-20,2183254,727198
UST 5Y NOTE - CHICAGO BOARD OF TRADE,2024-02-20,2628068,811957
UST BOND - CHICAGO BOARD OF TRADE,2024-02-20,466554,87031
UST 2Y NOTE - CHICAGO BOARD OF TRADE,2024-02-27,1985033,592201
UST 10Y NOTE - CHICAGO BOARD OF TRADE,2024-02-27,1639888,286044
UST BOND - CHICAGO BOARD OF TRADE,2024-02-27,458292,119344
UST 5Y NOTE - CHICAGO BOARD OF TRADE,2024-02-27,2717610,774074
ULTRA UST BOND - CHICAGO BOARD OF TRADE,2024-02-27,726224,113132
ULTRA UST BOND - CHICAGO BOARD OF TRADE,2024-03-05,688154,104340
UST 10Y NOTE - CHICAGO BOARD OF TRADE,2024-03-05,1508932,265657
UST 2Y NOTE - CHICAGO BOARD OF TRADE,2024-03-05,1982604,554430
UST 5Y NOTE - CHICAGO BOARD OF TRADE,2024-03-05,2784427,848689
UST BOND - CHICAGO BOARD OF TRADE,2024-03-05,484318,116113
UST 10Y NOTE - CHICAGO BOARD OF TRADE,2024-03-12,1515557,281599
ULTRA UST BOND - CHICAGO BOARD OF TRADE,2024-03-12,680258,98187
UST 2Y NOTE - CHICAGO BOARD OF TRADE,2024-03-12,1921416,497751
UST BOND - CHICAGO BOARD OF TRADE,2024-03-12,510992,118758
UST 5Y NOTE - CHICAGO BOARD OF TRADE,2024-03-12,2742450,853691
ULTRA UST BOND - CHICAGO BOARD OF TRADE,2024-03-19,678958,100160
UST 10Y NOTE - CHICAGO BOARD OF TRADE,2024-03-19,1520963,294627
UST 2Y NOTE - CHICAGO BOARD OF TRADE,2024-03-19,1869885,563557
UST 5Y NOTE - CHICAGO BOARD OF TRADE,2024-03-19,2682122,781631
UST BOND - CHICAGO BOARD OF TRADE,2024-03-19,504026,134641
ULTRA UST BOND - CHICAGO BOARD OF TRADE,2024-03-26,655953,100109
UST 10Y NOTE - CHICAGO BOARD OF TRADE,2024-03-26,1573543,298177
UST 2Y NOTE - CHICAGO BOARD OF TRADE,2024-03-26,1889548,615138
UST 5Y NOTE - CHICAGO BOARD OF TRADE,2024-03-26,2711363,804967
UST BOND - CHICAGO BOARD OF TRADE,2024-03-26,514529,130614
ULTRA UST BOND - CHICAGO BOARD OF TRADE,2024-04-02,662143,108063
UST 10Y NOTE - CHICAGO BOARD OF TRADE,2024-04-02,1586812,273645
UST 2Y NOTE - CHICAGO BOARD OF TRADE,2024-04-02,1912871,584968
UST 5Y NOTE - CHICAGO BOARD OF TRADE,2024-04-02,2856444,787210
UST BOND - CHICAGO BOARD OF TRADE,2024-04-02,506626,132300
ULTRA UST BOND - CHICAGO BOARD OF TRADE,2024-04-09,646271,110678
UST 10Y NOTE - CHICAGO BOARD OF TRADE,2024-04-09,1519813,282520
UST 2Y NOTE - CHICAGO BOARD OF TRADE,2024-04-09,1939361,609151
UST 5Y NOTE - CHICAGO BOARD OF TRADE,2024-04-09,2852490,769273
UST BOND - CHICAGO BOARD OF TRADE,2024-04-09,517692,126521
ULTRA UST BOND - CHICAGO BOARD OF TRADE,2024-04-16,647334,54798
UST 10Y NOTE - CHICAGO BOARD OF TRADE,2024-04-16,1391760,325388
UST 2Y NOTE - CHICAGO BOARD OF TRADE,2024-04-16,2085697,312071
UST 5Y NOTE - CHICAGO BOARD OF TRADE,2024-04-16,2778062,390124
UST BOND - CHICAGO BOARD OF TRADE,2024-04-16,485091,147759
ULTRA UST BOND - CHICAGO BOARD OF TRADE,2024-04-23,662087,59210
UST BOND - CHICAGO BOARD OF TRADE,2024-04-23,484636,148451
UST 10Y NOTE - CHICAGO BOARD OF TRADE,2024-04-23,1470337,338162
UST 5Y NOTE - CHICAGO BOARD OF TRADE,2024-04-23,2670769,380313
UST 2Y NOTE - CHICAGO BOARD OF TRADE,2024-04-23,2173663,341701
ULTRA UST BOND - CHICAGO BOARD OF TRADE,2024-04-30,672232,57402
UST 10Y NOTE - CHICAGO BOARD OF TRADE,2024-04-30,1469096,235281
UST 2Y NOTE - CHICAGO BOARD OF TRADE,2024-04-30,2206260,287539
UST 5Y NOTE - CHICAGO BOARD OF TRADE,2024-04-30,2695627,364654
UST BOND - CHICAGO BOARD OF TRADE,2024-04-30,480121,148490
ULTRA UST BOND - CHICAGO BOARD OF TRADE,2024-05-07,698662,61213
UST BOND - CHICAGO BOARD OF TRADE,2024-05-07,503665,152167
UST 10Y NOTE - CHICAGO BOARD OF TRADE,2024-05-07,1601121,246453
UST 5Y NOTE - CHICAGO BOARD OF TRADE,2024-05-07,2763936,394821
UST 2Y NOTE - CHICAGO BOARD OF TRADE,2024-05-07,2208511,302199
ULTRA UST BOND - CHICAGO BOARD OF TRADE,2024-05-14,732193,60160
UST 10Y NOTE - CHICAGO BOARD OF TRADE,2024-05-14,1562135,326263
UST 2Y NOTE - CHICAGO BOARD OF TRADE,2024-05-14,2160633,328197
UST 5Y NOTE - CHICAGO BOARD OF TRADE,2024-05-14,2958119,448696
UST BOND - CHICAGO BOARD OF TRADE,2024-05-14,498665,153504
ULTRA UST BOND - CHICAGO BOARD OF TRADE,2024-05-21,759745,64322
UST 10Y NOTE - CHICAGO BOARD OF TRADE,2024-05-21,1562183,293488
UST 2Y NOTE - CHICAGO BOARD OF TRADE,2024-05-21,2180572,321148
UST 5Y NOTE - CHICAGO BOARD OF TRADE,2024-05-21,2983866,409792
UST BOND - CHICAGO BOARD OF TRADE,2024-05-21,535477,158130
UST 2Y NOTE - CHICAGO BOARD OF TRADE,2024-05-28,2056332,265759
UST 10Y NOTE - CHICAGO BOARD OF TRADE,2024-05-28,1542612,286728
UST BOND - CHICAGO BOARD OF TRADE,2024-05-28,515982,165512
UST 5Y NOTE - CHICAGO BOARD OF TRADE,2024-05-28,2934713,386093
ULTRA UST BOND - CHICAGO BOARD OF TRADE,2024-05-28,727726,63577
ULTRA UST BOND - CHICAGO BOARD OF TRADE,2024-06-04,710330,62566
UST 10Y NOTE - CHICAGO BOARD OF TRADE,2024-06-04,1508993,260297
UST 2Y NOTE - CHICAGO BOARD OF TRADE,2024-06-04,2096065,284316
UST 5Y NOTE - CHICAGO BOARD OF TRADE,2024-06-04,3134316,415124
UST BOND - CHICAGO BOARD OF TRADE,2024-06-04,555556,169830
ULTRA UST BOND - CHICAGO BOARD OF TRADE,2024-06-11,723618,64716
UST 10Y NOTE - CHICAGO BOARD OF TRADE,2024-06-11,1417562,290053
UST 2Y NOTE - CHICAGO BOARD OF TRADE,2024-06-11,2259466,329279
UST 5Y NOTE - CHICAGO BOARD OF TRADE,2024-06-11,3126671,448018
UST BOND - CHICAGO BOARD OF TRADE,2024-06-11,553103,170201
ULTRA UST BOND - CHICAGO BOARD OF TRADE,2024-06-18,747977,60167
UST 10Y NOTE - CHICAGO BOARD OF TRADE,2024-06-18,1437390,234998
UST 2Y NOTE - CHICAGO BOARD OF TRADE,2024-06-18,2435546,336968
UST 5Y NOTE - CHICAGO BOARD OF TRADE,2024-06-18,3055586,457936
UST BOND - CHICAGO BOARD OF TRADE,2024-06-18,549183,177946
ULTRA UST BOND - CHICAGO BOARD OF TRADE,2024-06-25,760009,60158
UST 10Y NOTE - CHICAGO BOARD OF TRADE,2024-06-25,1454988,248168
UST 2Y NOTE - CHICAGO BOARD OF TRADE,2024-06-25,2512545,365932
UST 5Y NOTE - CHICAGO BOARD OF TRADE,2024-06-25,3149442,459215
UST BOND - CHICAGO BOARD OF TRADE,2024-06-25,564534,166458
ULTRA UST BOND - CHICAGO BOARD OF TRADE,2024-07-02,752217,57144
UST 10Y NOTE - CHICAGO BOARD OF TRADE,2024-07-02,1486837,242511
UST 2Y NOTE - CHICAGO BOARD OF TRADE,2024-07-02,2565105,401768
UST 5Y NOTE - CHICAGO BOARD OF TRADE,2024-07-02,3146858,434149
UST BOND - CHICAGO BOARD OF TRADE,2024-07-02,588313,204310
ULTRA UST BOND - CHICAGO BOARD OF TRADE,2024-07-09,750446,57732
UST 10Y NOTE - CHICAGO BOARD OF TRADE,2024-07-09,1594103,292003
UST 2Y NOTE - CHICAGO BOARD OF TRADE,2024-07-09,2607263,419745
UST 5Y NOTE - CHICAGO BOARD OF TRADE,2024-07-09,3206326,464919
UST BOND - CHICAGO BOARD OF TRADE,2024-07-09,587843,195249
ULTRA UST BOND - CHICAGO BOARD OF TRADE,2024-07-16,766032,58695
UST 10Y NOTE - CHICAGO BOARD OF TRADE,2024-07-16,1670715,167589
UST 2Y NOTE - CHICAGO BOARD OF TRADE,2024-07-16,2675837,465165
UST 5Y NOTE - CHICAGO BOARD OF TRADE,2024-07-16,3301089,477071
UST BOND - CHICAGO BOARD OF TRADE,2024-07-16,628532,188189
ULTRA UST BOND - CHICAGO BOARD OF TRADE,2024-07-23,754279,53677
UST BOND - CHICAGO BOARD OF TRADE,2024-07-23,655447,184527
UST 10Y NOTE - CHICAGO BOARD OF TRADE,2024-07-23,1740347,209378
UST 5Y NOTE - CHICAGO BOARD OF TRADE,2024-07-23,3272864,505911
UST 2Y NOTE - CHICAGO BOARD OF TRADE,2024-07-23,2718274,485531
ULTRA UST BOND - CHICAGO BOARD OF TRADE,2024-07-30,767946,56199
UST 10Y NOTE - CHICAGO BOARD OF TRADE,2024-07-30,1935065,191360
UST 2Y NOTE - CHICAGO BOARD OF TRADE,2024-07-30,2680007,503119
UST 5Y NOTE - CHICAGO BOARD OF TRADE,2024-07-30,3466349,538697
UST BOND - CHICAGO BOARD OF TRADE,2024-07-30,671071,205020
ULTRA UST BOND - CHICAGO BOARD OF TRADE,2024-08-06,764164,74361
UST 10Y NOTE - CHICAGO BOARD OF TRADE,2024-08-06,2039977,223940
UST 2Y NOTE - CHICAGO BOARD OF TRADE,2024-08-06,2652679,446864
UST 5Y NOTE - CHICAGO BOARD OF TRADE,2024-08-06,3519010,520831
UST BOND - CHICAGO BOARD OF TRADE,2024-08-06,703739,208192
ULTRA UST BOND - CHICAGO BOARD OF TRADE,2024-08-13,759499,70197
UST 10Y NOTE - CHICAGO BOARD OF TRADE,2024-08-13,2237595,228499
UST 2Y NOTE - CHICAGO BOARD OF TRADE,2024-08-13,2741624,455652
UST 5Y NOTE - CHICAGO BOARD OF TRADE,2024-08-13,3668429,554198
UST BOND - CHICAGO BOARD OF TRADE,2024-08-13,706873,209475
ULTRA UST BOND - CHICAGO BOARD OF TRADE,2024-08-20,728827,64285
UST BOND - CHICAGO BOARD OF TRADE,2024-08-20,726692,203141
UST 10Y NOTE - CHICAGO BOARD OF TRADE,2024-08-20,2373719,188809
UST 5Y NOTE - CHICAGO BOARD OF TRADE,2024-08-20,3606743,535546
UST 2Y NOTE - CHICAGO BOARD OF TRADE,2024-08-20,2743183,400480
ULTRA UST BOND - CHICAGO BOARD OF TRADE,2024-08-27,696546,60266
UST 10Y NOTE - CHICAGO BOARD OF TRADE,2024-08-27,2108295,175691
UST 2Y NOTE - CHICAGO BOARD OF TRADE,2024-08-27,2488095,330145
UST 5Y NOTE - CHICAGO BOARD OF TRADE,2024-08-27,3533019,489525
UST BOND - CHICAGO BOARD OF TRADE,2024-08-27,696935,196411
ULTRA UST BOND - CHICAGO BOARD OF TRADE,2024-09-03,707404,63637
UST BOND - CHICAGO BOARD OF TRADE,2024-09-03,723853,198736
UST 10Y NOTE - CHICAGO BOARD OF TRADE,2024-09-03,2154029,214904
UST 5Y NOTE - CHICAGO BOARD OF TRADE,2024-09-03,3660678,502490
UST 2Y NOTE - CHICAGO BOARD OF TRADE,2024-09-03,2561590,365919
ULTRA UST BOND - CHICAGO BOARD OF TRADE,2024-09-10,727344,66384
UST 10Y NOTE - CHICAGO BOARD OF TRADE,2024-09-10,2140405,174969
UST 2Y NOTE - CHICAGO BOARD OF TRADE,2024-09-10,2656011,401827
UST 5Y NOTE - CHICAGO BOARD OF TRADE,2024-09-10,3591664,465568
UST BOND - CHICAGO BOARD OF TRADE,2024-09-10,739102,196334
ULTRA UST BOND - CHICAGO BOARD OF TRADE,2024-09-17,739373,70042
UST 10Y NOTE - CHICAGO BOARD OF TRADE,2024-09-17,2271474,187082
UST 2Y NOTE - CHICAGO BOARD OF TRADE,2024-09-17,2622027,367572
UST 5Y NOTE - CHICAGO BOARD OF TRADE,2024-09-17,3650981,547811
UST BOND - CHICAGO BOARD OF TRADE,2024-09-17,789429,194290
ULTRA UST BOND - CHICAGO BOARD OF TRADE,2024-09-24,724014,71213
UST 10Y NOTE - CHICAGO BOARD OF TRADE,2024-09-24,2307097,246252
UST 2Y NOTE - CHICAGO BOARD OF TRADE,2024-09-24,2738950,445448
UST 5Y NOTE - CHICAGO BOARD OF TRADE,2024-09-24,3642437,554714
UST BOND - CHICAGO BOARD OF TRADE,2024-09-24,796799,205130
ULTRA UST BOND - CHICAGO BOARD OF TRADE,2024-10-01,721917,69002
UST 10Y NOTE - CHICAGO BOARD OF TRADE,2024-10-01,2379623,219003
UST 2Y NOTE - CHICAGO BOARD OF TRADE,2024-10-01,2808270,435808
UST 5Y NOTE - CHICAGO BOARD OF TRADE,2024-10-01,3645486,522716
UST BOND - CHICAGO BOARD OF TRADE,2024-10-01,742567,208826
ULTRA UST BOND - CHICAGO BOARD OF TRADE,2024-10-08,735888,65049
UST 10Y NOTE - CHICAGO BOARD OF TRADE,2024-10-08,2247725,212594
UST 2Y NOTE - CHICAGO BOARD OF TRADE,2024-10-08,2828436,424887
UST 5Y NOTE - CHICAGO BOARD OF TRADE,2024-10-08,3510641,451552
UST BOND - CHICAGO BOARD OF TRADE,2024-10-08,744712,215668
ULTRA UST BOND - CHICAGO BOARD OF TRADE,2024-10-15,771640,71381
UST 10Y NOTE - CHICAGO BOARD OF TRADE,2024-10-15,2160386,229558
UST 2Y NOTE - CHICAGO BOARD OF TRADE,2024-10-15,2872535,376429
UST 5Y NOTE - CHICAGO BOARD OF TRADE,2024-10-15,3507804,453254
UST BOND - CHICAGO BOARD OF TRADE,2024-10-15,760774,237491
ULTRA UST BOND - CHICAGO BOARD OF TRADE,2024-10-22,770994,68270
UST 10Y NOTE - CHICAGO BOARD OF TRADE,2024-10-22,2179326,251512
UST 2Y NOTE - CHICAGO BOARD OF TRADE,2024-10-22,2964769,412390
UST 5Y NOTE - CHICAGO BOARD OF TRADE,2024-10-22,3544569,511949
UST BOND - CHICAGO BOARD OF TRADE,2024-10-22,776861,244319
ULTRA UST BOND - CHICAGO BOARD OF TRADE,2024-10-29,730508,59508
UST 10Y NOTE - CHICAGO BOARD OF TRADE,2024-10-29,2161575,195085
UST 2Y NOTE - CHICAGO BOARD OF TRADE,2024-10-29,2994785,371575
UST 5Y NOTE - CHICAGO BOARD OF TRADE,2024-10-29,3665251,465208
UST BOND - CHICAGO BOARD OF TRADE,2024-10-29,801527,283852
ULTRA UST BOND - CHICAGO BOARD OF TRADE,2024-11-05,699891,66473
UST 10Y NOTE - CHICAGO BOARD OF TRADE,2024-11-05,2056531,224904
UST 2Y NOTE - CHICAGO BOARD OF TRADE,2024-11-05,2932249,301105
UST 5Y NOTE - CHICAGO BOARD OF TRADE,2024-11-05,3727242,445520
UST BOND - CHICAGO BOARD OF TRADE,2024-11-05,809636,299033
ULTRA UST BOND - CHICAGO BOARD OF TRADE,2024-11-12,673647,71696
UST 10Y NOTE - CHICAGO BOARD OF TRADE,2024-11-12,1979907,222195
UST 2Y NOTE - CHICAGO BOARD OF TRADE,2024-11-12,3047509,355136
UST 5Y NOTE - CHICAGO BOARD OF TRADE,2024-11-12,3780689,441028
UST BOND - CHICAGO BOARD OF TRADE,2024-11-12,826295,291743
ULTRA UST BOND - CHICAGO BOARD OF TRADE,2024-11-19,652434,76732
UST BOND - CHICAGO BOARD OF TRADE,2024-11-19,836820,280881
UST 10Y NOTE - CHICAGO BOARD OF TRADE,2024-11-19,1898948,237474
UST 5Y NOTE - CHICAGO BOARD OF TRADE,2024-11-19,3581649,386541
UST 2Y NOTE - CHICAGO BOARD OF TRADE,2024-11-19,2935258,341226
ULTRA UST BOND - CHICAGO BOARD OF TRADE,2024-11-26,638387,77639
UST 10Y NOTE - CHICAGO BOARD OF TRADE,2024-11-26,1967686,258282
UST 2Y NOTE - CHICAGO BOARD OF TRADE,2024-11-26,2742039,333351
UST 5Y NOTE - CHICAGO BOARD OF TRADE,2024-11-26,3236468,376956
UST BOND - CHICAGO BOARD OF TRADE,2024-11-26,783606,278696
ULTRA UST BOND - CHICAGO BOARD OF TRADE,2024-12-03,609030,69610
UST 10Y NOTE - CHICAGO BOARD OF TRADE,2024-12-03,1932181,241161
UST 2Y NOTE - CHICAGO BOARD OF TRADE,2024-12-03,2705507,318454
UST 5Y NOTE - CHICAGO BOARD OF TRADE,2024-12-03,3200517,376657
UST BOND - CHICAGO BOARD OF TRADE,2024-12-03,793833,275782
ULTRA UST BOND - CHICAGO BOARD OF TRADE,2024-12-10,597629,73898
UST 10Y NOTE - CHICAGO BOARD OF TRADE,2024-12-10,1951857,244184
UST 2Y NOTE - CHICAGO BOARD OF TRADE,2024-12-10,2760890,287727
UST 5Y NOTE - CHICAGO BOARD OF TRADE,2024-12-10,3156070,379624
UST BOND - CHICAGO BOARD OF TRADE,2024-12-10,784630,278673
ULTRA UST BOND - CHICAGO BOARD OF TRADE,2024-12-17,591619,77523
UST BOND - CHICAGO BOARD OF TRADE,2024-12-17,785616,276817
UST 10Y NOTE - CHICAGO BOARD OF TRADE,2024-12-17,1906348,285142
UST 5Y NOTE - CHICAGO BOARD OF TRADE,2024-12-17,3159471,433550
UST 2Y NOTE - CHICAGO BOARD OF TRADE,2024-12-17,2714570,299253
ULTRA UST BOND - CHICAGO BOARD OF TRADE,2024-12-24,571846,73450
UST 10Y NOTE - CHICAGO BOARD OF TRADE,2024-12-24,1788593,316126
UST 2Y NOTE - CHICAGO BOARD OF TRADE,2024-12-24,2728107,321908
UST 5Y NOTE - CHICAGO BOARD OF TRADE,2024-12-24,3257727,491203
UST BOND - CHICAGO BOARD OF TRADE,2024-12-24,786887,292652
ULTRA UST BOND - CHICAGO BOARD OF TRADE,2024-12-31,606928,77092
UST BOND - CHICAGO BOARD OF TRADE,2024-12-31,797398,310373
UST 10Y NOTE - CHICAGO BOARD OF TRADE,2024-12-31,1821263,318360
UST 5Y NOTE - CHICAGO BOARD OF TRADE,2024-12-31,3282494,441387
UST 2Y NOTE - CHICAGO BOARD OF TRADE,2024-12-31,2692676,384572
ULTRA UST BOND - CHICAGO BOARD OF TRADE,2025-01-07,602882,85081
UST 10Y NOTE - CHICAGO BOARD OF TRADE,2025-01-07,1865453,425270
UST 2Y NOTE - CHICAGO BOARD OF TRADE,2025-01-07,2613245,385573
UST 5Y NOTE - CHICAGO BOARD OF TRADE,2025-01-07,3222943,410305
UST BOND - CHICAGO BOARD OF TRADE,2025-01-07,783133,328569
ULTRA UST BOND - CHICAGO BOARD OF TRADE,2025-01-14,621456,94807
UST 10Y NOTE - CHICAGO BOARD OF TRADE,2025-01-14,1761347,493736
UST 2Y NOTE - CHICAGO BOARD OF TRADE,2025-01-14,2659516,413574
UST 5Y NOTE - CHICAGO BOARD OF TRADE,2025-01-14,3117048,389600
UST BOND - CHICAGO BOARD OF TRADE,2025-01-14,794760,336950
ULTRA UST BOND - CHICAGO BOARD OF TRADE,2025-01-21,617518,92415
UST BOND - CHICAGO BOARD OF TRADE,2025-01-21,767818,338455
UST 10Y NOTE - CHICAGO BOARD OF TRADE,2025-01-21,1802008,449978
UST 5Y NOTE - CHICAGO BOARD OF TRADE,2025-01-21,3069688,373191
UST 2Y NOTE - CHICAGO BOARD OF TRADE,2025-01-21,2515720,394931
ULTRA UST BOND - CHICAGO BOARD OF TRADE,2025-01-28,635715,89035
UST 10Y NOTE - CHICAGO BOARD OF TRADE,2025-01-28,2032824,472077
UST 2Y NOTE - CHICAGO BOARD OF TRADE,2025-01-28,2562384,430488
UST 5Y NOTE - CHICAGO BOARD OF TRADE,2025-01-28,3142140,413239
UST BOND - CHICAGO BOARD OF TRADE,2025-01-28,793188,357344
UST 10Y NOTE - CHICAGO BOARD OF TRADE,2025-02-04,2015295,505277
UST 5Y NOTE - CHICAGO BOARD OF TRADE,2025-02-04,3422236,382548
ULTRA UST BOND - CHICAGO BOARD OF TRADE,2025-02-04,638999,99552
UST BOND - CHICAGO BOARD OF TRADE,2025-02-04,816930,351599
UST 2Y NOTE - CHICAGO BOARD OF TRADE,2025-02-04,2551038,430361
ULTRA UST BOND - CHICAGO BOARD OF TRADE,2025-02-11,650756,108210
UST 10Y NOTE - CHICAGO BOARD OF TRADE,2025-02-11,2048572,503823
UST 2Y NOTE - CHICAGO BOARD OF TRADE,2025-02-11,2479748,394037
UST 5Y NOTE - CHICAGO BOARD OF TRADE,2025-02-11,3445655,389612
UST BOND - CHICAGO BOARD OF TRADE,2025-02-11,819808,369758
ULTRA UST BOND - CHICAGO BOARD OF TRADE,2025-02-18,648044,100399
UST BOND - CHICAGO BOARD OF TRADE,2025-02-18,816910,376899
UST 10Y NOTE - CHICAGO BOARD OF TRADE,2025-02-18,1913104,530433
UST 5Y NOTE - CHICAGO BOARD OF TRADE,2025-02-18,3263234,382074
UST 2Y NOTE - CHICAGO BOARD OF TRADE,2025-02-18,2411033,408866
UST 2Y NOTE - CHICAGO BOARD OF TRADE,2025-02-25,2307426,418047
UST 10Y NOTE - CHICAGO BOARD OF TRADE,2025-02-25,1807498,475999
UST BOND - CHICAGO BOARD OF TRADE,2025-02-25,781123,310554
UST 5Y NOTE - CHICAGO BOARD OF TRADE,2025-02-25,3200484,345018
ULTRA UST BOND - CHICAGO BOARD OF TRADE,2025-02-25,622109,112579
ULTRA UST BOND - CHICAGO BOARD OF TRADE,2025-03-04,608862,94241
UST BOND - CHICAGO BOARD OF TRADE,2025-03-04,758698,228545
UST 10Y NOTE - CHICAGO BOARD OF TRADE,2025-03-04,1839682,419784
UST 5Y NOTE - CHICAGO BOARD OF TRADE,2025-03-04,3493317,349815
UST 2Y NOTE - CHICAGO BOARD OF TRADE,2025-03-04,2186847,384238
ULTRA UST BOND - CHICAGO BOARD OF TRADE,2025-03-11,621252,91612
UST 10Y NOTE - CHICAGO BOARD OF TRADE,2025-03-11,1818554,385447
UST BOND - CHICAGO BOARD OF TRADE,2025-03-11,738210,194879
UST 2Y NOTE - CHICAGO BOARD OF TRADE,2025-03-11,2225611,330414
UST 5Y NOTE - CHICAGO BOARD OF TRADE,2025-03-11,3541563,416172
ULTRA UST BOND - CHICAGO BOARD OF TRADE,2025-03-18,625751,94897
UST 10Y NOTE - CHICAGO BOARD OF TRADE,2025-03-18,1942186,349415
UST 2Y NOTE - CHICAGO BOARD OF TRADE,2025-03-18,2183492,323533
UST 5Y NOTE - CHICAGO BOARD OF TRADE,2025-03-18,3568617,395577
UST BOND - CHICAGO BOARD OF TRADE,2025-03-18,681839,187828
ULTRA UST BOND - CHICAGO BOARD OF TRADE,2025-03-25,607414,94978
UST 10Y NOTE - CHICAGO BOARD OF TRADE,2025-03-25,1979943,424081
UST 2Y NOTE - CHICAGO BOARD OF TRADE,2025-03-25,2116862,371536
UST 5Y NOTE - CHICAGO BOARD OF TRADE,2025-03-25,3554533,373972
UST BOND - CHICAGO BOARD OF TRADE,2025-03-25,644289,134326
ULTRA UST BOND - CHICAGO BOARD OF TRADE,2025-04-01,635733,99357
UST 10Y NOTE - CHICAGO BOARD OF TRADE,2025-04-01,1987738,347325
UST 2Y NOTE - CHICAGO BOARD OF TRADE,2025-04-01,2197743,408651
UST 5Y NOTE - CHICAGO BOARD OF TRADE,2025-04-01,3780738,440718
UST BOND - CHICAGO BOARD OF TRADE,2025-04-01,631023,125707
ULTRA UST BOND - CHICAGO BOARD OF TRADE,2025-04-08,626661,78468
UST 10Y NOTE - CHICAGO BOARD OF TRADE,2025-04-08,2087845,214158
UST 2Y NOTE - CHICAGO BOARD OF TRADE,2025-04-08,2163365,496978
UST 5Y NOTE - CHICAGO BOARD OF TRADE,2025-04-08,3700019,426517
UST BOND - CHICAGO BOARD OF TRADE,2025-04-08,650186,134199
ULTRA UST BOND - CHICAGO BOARD OF TRADE,2025-04-15,621231,78790
UST 10Y NOTE - CHICAGO BOARD OF TRADE,2025-04-15,2012009,201132
UST 2Y NOTE - CHICAGO BOARD OF TRADE,2025-04-15,2277282,391445
UST 5Y NOTE - CHICAGO BOARD OF TRADE,2025-04-15,3642930,355864
UST BOND - CHICAGO BOARD OF TRADE,2025-04-15,668124,84161
ULTRA UST BOND - CHICAGO BOARD OF TRADE,2025-04-22,640205,83489
UST BOND - CHICAGO BOARD OF TRADE,2025-04-22,661174,70220
UST 10Y NOTE - CHICAGO BOARD OF TRADE,2025-04-22,1981285,204338
UST 5Y NOTE - CHICAGO BOARD OF TRADE,2025-04-22,3893468,448393
UST 2Y NOTE - CHICAGO BOARD OF TRADE,2025-04-22,2343767,403063
ULTRA UST BOND - CHICAGO BOARD OF TRADE,2025-04-29,647259,84059
UST 10Y NOTE - CHICAGO BOARD OF TRADE,2025-04-29,2070536,237175
UST 2Y NOTE - CHICAGO BOARD OF TRADE,2025-04-29,2295808,408652
UST 5Y NOTE - CHICAGO BOARD OF TRADE,2025-04-29,4101770,476651
UST BOND - CHICAGO BOARD OF TRADE,2025-04-29,599491,54567
ULTRA UST BOND - CHICAGO BOARD OF TRADE,2025-05-06,656424,90861
UST BOND - CHICAGO BOARD OF TRADE,2025-05-06,616434,53146
UST 10Y NOTE - CHICAGO BOARD OF TRADE,2025-05-06,2228175,191813
UST 5Y NOTE - CHICAGO BOARD OF TRADE,2025-05-06,4117355,447593
UST 2Y NOTE - CHICAGO BOARD OF TRADE,2025-05-06,2207620,345737
ULTRA UST BOND - CHICAGO BOARD OF TRADE,2025-05-13,670411,92570
UST 10Y NOTE - CHICAGO BOARD OF TRADE,2025-05-13,2132082,193076
UST 2Y NOTE - CHICAGO BOARD OF TRADE,2025-05-13,2214922,363609
UST 5Y NOTE - CHICAGO BOARD OF TRADE,2025-05-13,3876357,387479
UST BOND - CHICAGO BOARD OF TRADE,2025-05-13,613903,47874
ULTRA UST BOND - CHICAGO BOARD OF TRADE,2025-05-20,681698,77123
UST 10Y NOTE - CHICAGO BOARD OF TRADE,2025-05-20,2145615,198299
UST 2Y NOTE - CHICAGO BOARD OF TRADE,2025-05-20,2263787,447234
UST 5Y NOTE - CHICAGO BOARD OF TRADE,2025-05-20,3866964,394327
UST BOND - CHICAGO BOARD OF TRADE,2025-05-20,613832,53881
ULTRA UST BOND - CHICAGO BOARD OF TRADE,2025-05-27,618188,76851
UST 2Y NOTE - CHICAGO BOARD OF TRADE,2025-05-27,2185314,437465
UST BOND - CHICAGO BOARD OF TRADE,2025-05-27,563700,69785
UST 5Y NOTE - CHICAGO BOARD OF TRADE,2025-05-27,3783154,327112
UST 10Y NOTE - CHICAGO BOARD OF TRADE,2025-05-27,2114026,187765
ULTRA UST BOND - CHICAGO BOARD OF TRADE,2025-06-03,583711,83172
UST 10Y NOTE - CHICAGO BOARD OF TRADE,2025-06-03,2198795,247132
UST 2Y NOTE - CHICAGO BOARD OF TRADE,2025-06-03,2186144,439027
UST 5Y NOTE - CHICAGO BOARD OF TRADE,2025-06-03,3834359,371597
UST BOND - CHICAGO BOARD OF TRADE,2025-06-03,573327,91692
UST 10Y NOTE - CHICAGO BOARD OF TRADE,2025-06-10,2187895,244639
UST 5Y NOTE - CHICAGO BOARD OF TRADE,2025-06-10,3825676,347220
ULTRA UST BOND - CHICAGO BOARD OF TRADE,2025-06-10,569298,87060
UST BOND - CHICAGO BOARD OF TRADE,2025-06-10,516860,82858
UST 2Y NOTE - CHICAGO BOARD OF TRADE,2025-06-10,2299354,438893
ULTRA UST BOND - CHICAGO BOARD OF TRADE,2025-06-17,553215,83594
UST 10Y NOTE - CHICAGO BOARD OF TRADE,2025-06-17,2265686,248390
UST 2Y NOTE - CHICAGO BOARD OF TRADE,2025-06-17,2302464,462383
UST 5Y NOTE - CHICAGO BOARD OF TRADE,2025-06-17,3914071,424105
UST BOND - CHICAGO BOARD OF TRADE,2025-06-17,497953,80861
ULTRA UST BOND - CHICAGO BOARD OF TRADE,2025-06-24,572690,87495
UST BOND - CHICAGO BOARD OF TRADE,2025-06-24,522543,77609
UST 10Y NOTE - CHICAGO BOARD OF TRADE,2025-06-24,2266214,351813
UST 5Y NOTE - CHICAGO BOARD OF TRADE,2025-06-24,4008575,460583
UST 2Y NOTE - CHICAGO BOARD OF TRADE,2025-06-24,2477550,510506
UST 2Y NOTE - CHICAGO BOARD OF TRADE,2025-07-01,2534392,520175
UST 10Y NOTE - CHICAGO BOARD OF TRADE,2025-07-01,2368934,334595
UST BOND - CHICAGO BOARD OF TRADE,2025-07-01,505529,90019
UST 5Y NOTE - CHICAGO BOARD OF TRADE,2025-07-01,4030243,472959
ULTRA UST BOND - CHICAGO BOARD OF TRADE,2025-07-01,592239,90308
ULTRA UST BOND - CHICAGO BOARD OF TRADE,2025-07-08,621838,98965
UST BOND - CHICAGO BOARD OF TRADE,2025-07-08,518809,91132
UST 10Y NOTE - CHICAGO BOARD OF TRADE,2025-07-08,2328835,270550
UST 5Y NOTE - CHICAGO BOARD OF TRADE,2025-07-08,3925367,425459
UST 2Y NOTE - CHICAGO BOARD OF TRADE,2025-07-08,2497813,531949
ULTRA UST BOND - CHICAGO BOARD OF TRADE,2025-07-15,621251,98743
UST 10Y NOTE - CHICAGO BOARD OF TRADE,2025-07-15,2268238,294651
UST BOND - CHICAGO BOARD OF TRADE,2025-07-15,519270,76363
UST 2Y NOTE - CHICAGO BOARD OF TRADE,2025-07-15,2489875,465205
UST 5Y NOTE - CHICAGO BOARD OF TRADE,2025-07-15,3911482,432728
ULTRA UST BOND - CHICAGO BOARD OF TRADE,2025-07-22,611798,98696
UST 10Y NOTE - CHICAGO BOARD OF TRADE,2025-07-22,2226817,296657
UST 2Y NOTE - CHICAGO BOARD OF TRADE,2025-07-22,2463947,484279
UST 5Y NOTE - CHICAGO BOARD OF TRADE,2025-07-22,3847034,451194
UST BOND - CHICAGO BOARD OF TRADE,2025-07-22,493931,87110
ULTRA UST BOND - CHICAGO BOARD OF TRADE,2025-07-29,613070,98943
UST 2Y NOTE - CHICAGO BOARD OF TRADE,2025-07-29,2477936,499427
UST BOND - CHICAGO BOARD OF TRADE,2025-07-29,523061,93324
UST 5Y NOTE - CHICAGO BOARD OF TRADE,2025-07-29,3856597,479460
UST 10Y NOTE - CHICAGO BOARD OF TRADE,2025-07-29,2503548,305106
ULTRA UST BOND - CHICAGO BOARD OF TRADE,2025-08-05,635098,75668
UST 10Y NOTE - CHICAGO BOARD OF TRADE,2025-08-05,2638835,392296
UST 2Y NOTE - CHICAGO BOARD OF TRADE,2025-08-05,2584007,469008
UST 5Y NOTE - CHICAGO BOARD OF TRADE,2025-08-05,3897999,583546
UST BOND - CHICAGO BOARD OF TRADE,2025-08-05,451441,69263
UST 10Y NOTE - CHICAGO BOARD OF TRADE,2025-08-12,2701378,371226
ULTRA UST BOND - CHICAGO BOARD OF TRADE,2025-08-12,657209,79164
UST 2Y NOTE - CHICAGO BOARD OF TRADE,2025-08-12,2554024,393386
UST BOND - CHICAGO BOARD OF TRADE,2025-08-12,444584,92595
UST 5Y NOTE - CHICAGO BOARD OF TRADE,2025-08-12,3924843,558708
ULTRA UST BOND - CHICAGO BOARD OF TRADE,2025-08-19,685965,69584
UST 10Y NOTE - CHICAGO BOARD OF TRADE,2025-08-19,2733883,316923
UST 2Y NOTE - CHICAGO BOARD OF TRADE,2025-08-19,2459154,373860
UST 5Y NOTE - CHICAGO BOARD OF TRADE,2025-08-19,3917255,567638
UST BOND - CHICAGO BOARD OF TRADE,2025-08-19,436450,86504
UST 10Y NOTE - CHICAGO BOARD OF TRADE,2025-08-26,2814319,279703
UST 5Y NOTE - CHICAGO BOARD OF TRADE,2025-08-26,3821814,533604
ULTRA UST BOND - CHICAGO BOARD OF TRADE,2025-08-26,702617,77476
UST BOND - CHICAGO BOARD OF TRADE,2025-08-26,423485,89759
UST 2Y NOTE - CHICAGO BOARD OF TRADE,2025-08-26,2406323,396023
ULTRA UST BOND - CHICAGO BOARD OF TRADE,2025-09-02,713900,73329
UST 10Y NOTE - CHICAGO BOARD OF TRADE,2025-09-02,2875945,348005
UST 2Y NOTE - CHICAGO BOARD OF TRADE,2025-09-02,2460417,408375
UST 5Y NOTE - CHICAGO BOARD OF TRADE,2025-09-02,4000469,491730
UST BOND - CHICAGO BOARD OF TRADE,2025-09-02,469785,78290
UST 10Y NOTE - CHICAGO BOARD OF TRADE,2025-09-09,2851260,432190
UST 2Y NOTE - CHICAGO BOARD OF TRADE,2025-09-09,2591189,424833
UST 5Y NOTE - CHICAGO BOARD OF TRADE,2025-09-09,3923707,454436
UST BOND - CHICAGO BOARD OF TRADE,2025-09-09,479879,101446
UST 10Y NOTE - CHICAGO BOARD OF TRADE,2025-09-16,2920409,517136
UST 2Y NOTE - CHICAGO BOARD OF TRADE,2025-09-16,2625627,432113
UST 5Y NOTE - CHICAGO BOARD OF TRADE,2025-09-16,3818579,497666
UST BOND - CHICAGO BOARD OF TRADE,2025-09-16,462275,95725
ULTRA UST BOND - CHICAGO BOARD OF TRADE,2025-09-23,745766,83035
UST 10Y NOTE - CHICAGO BOARD OF TRADE,2025-09-23,2851346,509502
UST 2Y NOTE - CHICAGO BOARD OF TRADE,2025-09-23,2584537,501087
UST 5Y NOTE - CHICAGO BOARD OF TRADE,2025-09-23,3760338,461171
UST BOND - CHICAGO BOARD OF TRADE,2025-09-23,469745,101920
UST 2Y NOTE - CHICAGO BOARD OF TRADE,2025-09-30,2525104,526509
UST 10Y NOTE - CHICAGO BOARD OF TRADE,2025-09-30,2811864,531870
UST BOND - CHICAGO BOARD OF TRADE,2025-09-30,463885,97636
UST 5Y NOTE - CHICAGO BOARD OF TRADE,2025-09-30,3622739,508575
ULTRA UST BOND - CHICAGO BOARD OF TRADE,2025-09-30,723623,82106
ULTRA UST BOND - CHICAGO BOARD OF TRADE,2025-10-07,728525,91737
UST 10Y NOTE - CHICAGO BOARD OF TRADE,2025-10-07,2766523,449760
UST 2Y NOTE - CHICAGO BOARD OF TRADE,2025-10-07,2587271,513983
UST 5Y NOTE - CHICAGO BOARD OF TRADE,2025-10-07,3651612,461024
UST BOND - CHICAGO BOARD OF TRADE,2025-10-07,494607,108569
ULTRA UST BOND - CHICAGO BOARD OF TRADE,2025-10-14,729185,81009
UST 10Y NOTE - CHICAGO BOARD OF TRADE,2025-10-14,2796690,456155
UST 2Y NOTE - CHICAGO BOARD OF TRADE,2025-10-14,2610948,541320
UST 5Y NOTE - CHICAGO BOARD OF TRADE,2025-10-14,3609218,486802
UST BOND - CHICAGO BOARD OF TRADE,2025-10-14,501146,115736
ULTRA UST BOND - CHICAGO BOARD OF TRADE,2025-10-21,746539,79403
UST 10Y NOTE - CHICAGO BOARD OF TRADE,2025-10-21,2907001,522549
UST 2Y NOTE - CHICAGO BOARD OF TRADE,2025-10-21,2567105,464525
UST 5Y NOTE - CHICAGO BOARD OF TRADE,2025-10-21,3626155,461375
UST BOND - CHICAGO BOARD OF TRADE,2025-10-21,514939,120844
ULTRA UST BOND - CHICAGO BOARD OF TRADE,2025-10-28,759211,81517
UST 10Y NOTE - CHICAGO BOARD OF TRADE,2025-10-28,2876359,516974
UST 2Y NOTE - CHICAGO BOARD OF TRADE,2025-10-28,2583968,496622
UST 5Y NOTE - CHICAGO BOARD OF TRADE,2025-10-28,3730990,441505
UST BOND - CHICAGO BOARD OF TRADE,2025-10-28,497343,123442
ULTRA UST BOND - CHICAGO BOARD OF TRADE,2025-11-04,767303,76245
UST 10Y NOTE - CHICAGO BOARD OF TRADE,2025-11-04,2789803,493775
UST 2Y NOTE - CHICAGO BOARD OF TRADE,2025-11-04,2606558,498987
UST 5Y NOTE - CHICAGO BOARD OF TRADE,2025-11-04,3722994,389902
UST BOND - CHICAGO BOARD OF TRADE,2025-11-04,509910,124766
ULTRA UST BOND - CHICAGO BOARD OF TRADE,2025-11-10,767829,80607
UST 10Y NOTE - CHICAGO BOARD OF TRADE,2025-11-10,2829589,542889
UST 2Y NOTE - CHICAGO BOARD OF TRADE,2025-11-10,2610223,532633
UST 5Y NOTE - CHICAGO BOARD OF TRADE,2025-11-10,3748739,361327
UST BOND - CHICAGO BOARD OF TRADE,2025-11-10,491121,118327
ULTRA UST BOND - CHICAGO BOARD OF TRADE,2025-11-18,756765,79778
UST 10Y NOTE - CHICAGO BOARD OF TRADE,2025-11-18,2954775,593164
UST 2Y NOTE - CHICAGO BOARD OF TRADE,2025-11-18,2546373,468608
UST 5Y NOTE - CHICAGO BOARD OF TRADE,2025-11-18,3638605,384540
UST BOND - CHICAGO BOARD OF TRADE,2025-11-18,517759,102419
ULTRA UST BOND - CHICAGO BOARD OF TRADE,2025-11-25,765090,85094
UST BOND - CHICAGO BOARD OF TRADE,2025-11-25,483075,103719
UST 10Y NOTE - CHICAGO BOARD OF TRADE,2025-11-25,3033973,674657
UST 5Y NOTE - CHICAGO BOARD OF TRADE,2025-11-25,3567653,391386
UST 2Y NOTE - CHICAGO BOARD OF TRADE,2025-11-25,2515535,507990
ULTRA UST BOND - CHICAGO BOARD OF TRADE,2025-12-02,751894,81206
UST 10Y NOTE - CHICAGO BOARD OF TRADE,2025-12-02,2960717,706619
UST 2Y NOTE - CHICAGO BOARD OF TRADE,2025-12-02,2593433,531017
UST 5Y NOTE - CHICAGO BOARD OF TRADE,2025-12-02,3672269,325132
UST BOND - CHICAGO BOARD OF TRADE,2025-12-02,473577,104671
ULTRA UST BOND - CHICAGO BOARD OF TRADE,2025-12-09,729132,82442
UST 10Y NOTE - CHICAGO BOARD OF TRADE,2025-12-09,2858231,577108
UST 2Y NOTE - CHICAGO BOARD OF TRADE,2025-12-09,2629466,500332
UST 5Y NOTE - CHICAGO BOARD OF TRADE,2025-12-09,3751341,317556
UST BOND - CHICAGO BOARD OF TRADE,2025-12-09,445205,82982
ULTRA UST BOND - CHICAGO BOARD OF TRADE,2025-12-16,736749,87451
UST 10Y NOTE - CHICAGO BOARD OF TRADE,2025-12-16,2764315,498294
UST 2Y NOTE - CHICAGO BOARD OF TRADE,2025-12-16,2711990,487915
UST 5Y NOTE - CHICAGO BOARD OF TRADE,2025-12-16,3753534,376051
UST BOND - CHICAGO BOARD OF TRADE,2025-12-16,468744,106009
ULTRA UST BOND - CHICAGO BOARD OF TRADE,2025-12-23,716451,103298
UST BOND - CHICAGO BOARD OF TRADE,2025-12-23,461873,121272
UST 10Y NOTE - CHICAGO BOARD OF TRADE,2025-12-23,2825944,527617
UST 5Y NOTE - CHICAGO BOARD OF TRADE,2025-12-23,3824067,432586
UST 2Y NOTE - CHICAGO BOARD OF TRADE,2025-12-23,2731307,524378
ULTRA UST BOND - CHICAGO BOARD OF TRADE,2025-12-30,719565,103527
UST 10Y NOTE - CHICAGO BOARD OF TRADE,2025-12-30,2805356,447219
UST 2Y NOTE - CHICAGO BOARD OF TRADE,2025-12-30,2772331,552596
UST 5Y NOTE - CHICAGO BOARD OF TRADE,2025-12-30,3852367,449714
UST BOND - CHICAGO BOARD OF TRADE,2025-12-30,464862,125168
ULTRA UST BOND - CHICAGO BOARD OF TRADE,2026-01-06,689268,100269
UST BOND - CHICAGO BOARD OF TRADE,2026-01-06,497063,123532
UST 10Y NOTE - CHICAGO BOARD OF TRADE,2026-01-06,2767144,431405
UST 5Y NOTE - CHICAGO BOARD OF TRADE,2026-01-06,3817889,440417
UST 2Y NOTE - CHICAGO BOARD OF TRADE,2026-01-06,2767342,520066
ULTRA UST BOND - CHICAGO BOARD OF TRADE,2026-01-13,705003,83857
UST 10Y NOTE - CHICAGO BOARD OF TRADE,2026-01-13,2750684,479823
UST 2Y NOTE - CHICAGO BOARD OF TRADE,2026-01-13,2606185,368092
UST 5Y NOTE - CHICAGO BOARD OF TRADE,2026-01-13,3708671,440156
UST BOND - CHICAGO BOARD OF TRADE,2026-01-13,504346,106484
ULTRA UST BOND - CHICAGO BOARD OF TRADE,2026-01-20,740033,75410
UST 10Y NOTE - CHICAGO BOARD OF TRADE,2026-01-20,2647983,555759
UST 2Y NOTE - CHICAGO BOARD OF TRADE,2026-01-20,2648498,464040
UST 5Y NOTE - CHICAGO BOARD OF TRADE,2026-01-20,3675546,448775
UST BOND - CHICAGO BOARD OF TRADE,2026-01-20,506216,119199
UST 2Y NOTE - CHICAGO BOARD OF TRADE,2026-01-27,2637138,525079
UST 10Y NOTE - CHICAGO BOARD OF TRADE,2026-01-27,2507898,353736
UST BOND - CHICAGO BOARD OF TRADE,2026-01-27,496012,122701
UST 5Y NOTE - CHICAGO BOARD OF TRADE,2026-01-27,3571183,460343
ULTRA UST BOND - CHICAGO BOARD OF TRADE,2026-01-27,765307,70461
ULTRA UST BOND - CHICAGO BOARD OF TRADE,2026-02-03,778086,71611
UST 10Y NOTE - CHICAGO BOARD OF TRADE,2026-02-03,2456455,367330
UST 2Y NOTE - CHICAGO BOARD OF TRADE,2026-02-03,2633663,518486
UST 5Y NOTE - CHICAGO BOARD OF TRADE,2026-02-03,3623676,439055
UST BOND - CHICAGO BOARD OF TRADE,2026-02-03,454924,125551
UST 10Y NOTE - CHICAGO BOARD OF TRADE,2026-02-10,2455302,424385
UST 5Y NOTE - CHICAGO BOARD OF TRADE,2026-02-10,3627624,507872
ULTRA UST BOND - CHICAGO BOARD OF TRADE,2026-02-10,818081,78467
UST BOND - CHICAGO BOARD OF TRADE,2026-02-10,467539,134668
UST 2Y NOTE - CHICAGO BOARD OF TRADE,2026-02-10,2650441,527213
ULTRA UST BOND - CHICAGO BOARD OF TRADE,2026-02-17,840362,75423
UST 10Y NOTE - CHICAGO BOARD OF TRADE,2026-02-17,2520883,460633
UST 2Y NOTE - CHICAGO BOARD OF TRADE,2026-02-17,2634735,500210
UST 5Y NOTE - CHICAGO BOARD OF TRADE,2026-02-17,3637586,526544
UST BOND - CHICAGO BOARD OF TRADE,2026-02-17,530021,143534
UST 10Y NOTE - CHICAGO BOARD OF TRADE,2026-02-24,2521440,533660
UST 5Y NOTE - CHICAGO BOARD OF TRADE,2026-02-24,3610168,562606
ULTRA UST BOND - CHICAGO BOARD OF TRADE,2026-02-24,842727,73170
UST BOND - CHICAGO BOARD OF TRADE,2026-02-24,518262,132752
UST 2Y NOTE - CHICAGO BOARD OF TRADE,2026-02-24,2517967,450521
ULTRA UST BOND - CHICAGO BOARD OF TRADE,2026-03-03,814936,72469
UST 10Y NOTE - CHICAGO BOARD OF TRADE,2026-03-03,2436925,514356
UST 2Y NOTE - CHICAGO BOARD OF TRADE,2026-03-03,2502239,453427
UST 5Y NOTE - CHICAGO BOARD OF TRADE,2026-03-03,3527657,423714
UST BOND - CHICAGO BOARD OF TRADE,2026-03-03,506588,148597
UST 5Y NOTE - CHICAGO BOARD OF TRADE,2026-03-10,3526542,440623
ULTRA UST BOND - CHICAGO BOARD OF TRADE,2026-03-10,905206,64160
UST 10Y NOTE - CHICAGO BOARD OF TRADE,2026-03-10,2360686,481758
UST BOND - CHICAGO BOARD OF TRADE,2026-03-10,469611,174879
UST 2Y NOTE - CHICAGO BOARD OF TRADE,2026-03-10,2383781,456176
ULTRA UST BOND - CHICAGO BOARD OF TRADE,2026-03-17,904587,68409
UST 10Y NOTE - CHICAGO BOARD OF TRADE,2026-03-17,2408677,473749
UST 2Y NOTE - CHICAGO BOARD OF TRADE,2026-03-17,2498169,411693
UST 5Y NOTE - CHICAGO BOARD OF TRADE,2026-03-17,3395243,477674
UST BOND - CHICAGO BOARD OF TRADE,2026-03-17,460696,183697
ULTRA UST BOND - CHICAGO BOARD OF TRADE,2026-03-24,900663,68521
UST BOND - CHICAGO BOARD OF TRADE,2026-03-24,470654,172685
UST 10Y NOTE - CHICAGO BOARD OF TRADE,2026-03-24,2361776,513011
UST 5Y NOTE - CHICAGO BOARD OF TRADE,2026-03-24,3089685,503961
UST 2Y NOTE - CHICAGO BOARD OF TRADE,2026-03-24,2732980,433720
UST 2Y NOTE - CHICAGO BOARD OF TRADE,2026-03-31,2650618,481866
UST 10Y NOTE - CHICAGO BOARD OF TRADE,2026-03-31,2333784,378053
UST BOND - CHICAGO BOARD OF TRADE,2026-03-31,319425,143815
UST 5Y NOTE - CHICAGO BOARD OF TRADE,2026-03-31,3068127,504573
ULTRA UST BOND - CHICAGO BOARD OF TRADE,2026-03-31,902306,54981
ULTRA UST BOND - CHICAGO BOARD OF TRADE,2026-04-07,916589,54994
UST 10Y NOTE - CHICAGO BOARD OF TRADE,2026-04-07,2308331,332646
UST 2Y NOTE - CHICAGO BOARD OF TRADE,2026-04-07,2618218,470389
UST 5Y NOTE - CHICAGO BOARD OF TRADE,2026-04-07,2997256,557177
UST BOND - CHICAGO BOARD OF TRADE,2026-04-07,317759,132898
ULTRA UST BOND - CHICAGO BOARD OF TRADE,2026-04-14,951628,54276
UST 10Y NOTE - CHICAGO BOARD OF TRADE,2026-04-14,2338434,328463
UST 2Y NOTE - CHICAGO BOARD OF TRADE,2026-04-14,2475701,396501
UST 5Y NOTE - CHICAGO BOARD OF TRADE,2026-04-14,2987909,532791
UST BOND - CHICAGO BOARD OF TRADE,2026-04-14,327779,122261
ULTRA UST BOND - CHICAGO BOARD OF TRADE,2026-04-21,962936,69584
UST BOND - CHICAGO BOARD OF TRADE,2026-04-21,338430,122270
UST 10Y NOTE - CHICAGO BOARD OF TRADE,2026-04-21,2316070,275795
UST 5Y NOTE - CHICAGO BOARD OF TRADE,2026-04-21,2955048,546462
UST 2Y NOTE - CHICAGO BOARD OF TRADE,2026-04-21,2520512,414539
ULTRA UST BOND - CHICAGO BOARD OF TRADE,2026-04-28,959530,76253
UST 10Y NOTE - CHICAGO BOARD OF TRADE,2026-04-28,2437687,341888
UST 2Y NOTE - CHICAGO BOARD OF TRADE,2026-04-28,2527836,409828
UST 5Y NOTE - CHICAGO BOARD OF TRADE,2026-04-28,2855521,447149
UST BOND - CHICAGO BOARD OF TRADE,2026-04-28,347821,123992
ULTRA UST BOND - CHICAGO BOARD OF TRADE,2026-05-05,957663,82080
UST BOND - CHICAGO BOARD OF TRADE,2026-05-05,405554,120081
UST 10Y NOTE - CHICAGO BOARD OF TRADE,2026-05-05,2329352,325504
UST 5Y NOTE - CHICAGO BOARD OF TRADE,2026-05-05,2864067,413226
UST 2Y NOTE - CHICAGO BOARD OF TRADE,2026-05-05,2448652,414177
ULTRA UST BOND - CHICAGO BOARD OF TRADE,2026-05-12,950266,77037
UST 10Y NOTE - CHICAGO BOARD OF TRADE,2026-05-12,2335394,378452
UST BOND - CHICAGO BOARD OF TRADE,2026-05-12,429942,133746
UST 2Y NOTE - CHICAGO BOARD OF TRADE,2026-05-12,2355649,407820
UST 5Y NOTE - CHICAGO BOARD OF TRADE,2026-05-12,2855097,505892
ULTRA UST BOND - CHICAGO BOARD OF TRADE,2026-05-19,961580,75517
UST 10Y NOTE - CHICAGO BOARD OF TRADE,2026-05-19,2366558,413821
UST 2Y NOTE - CHICAGO BOARD OF TRADE,2026-05-19,2295636,417004
UST 5Y NOTE - CHICAGO BOARD OF TRADE,2026-05-19,2853388,546941
UST BOND - CHICAGO BOARD OF TRADE,2026-05-19,448805,122422
ULTRA UST BOND - CHICAGO BOARD OF TRADE,2026-05-26,954722,83709
UST 10Y NOTE - CHICAGO BOARD OF TRADE,2026-05-26,2411383,405403
UST 2Y NOTE - CHICAGO BOARD OF TRADE,2026-05-26,2137999,365442
UST 5Y NOTE - CHICAGO BOARD OF TRADE,2026-05-26,2525945,454592
UST BOND - CHICAGO BOARD OF TRADE,2026-05-26,444841,124095
ULTRA UST BOND - CHICAGO BOARD OF TRADE,2026-06-02,987279,77882
UST 10Y NOTE - CHICAGO BOARD OF TRADE,2026-06-02,2361137,398043
UST 2Y NOTE - CHICAGO BOARD OF TRADE,2026-06-02,2175049,362038
UST 5Y NOTE - CHICAGO BOARD OF TRADE,2026-06-02,2699621,442026
UST BOND - CHICAGO BOARD OF TRADE,2026-06-02,440161,160099
ULTRA UST BOND - CHICAGO BOARD OF TRADE,2026-06-09,1002388,67230
UST 10Y NOTE - CHICAGO BOARD OF TRADE,2026-06-09,2329450,349939
UST 2Y NOTE - CHICAGO BOARD OF TRADE,2026-06-09,2040191,359249
UST 5Y NOTE - CHICAGO BOARD OF TRADE,2026-06-09,2648487,418131
UST BOND - CHICAGO BOARD OF TRADE,2026-06-09,455626,173693
ULTRA UST BOND - CHICAGO BOARD OF TRADE,2026-06-16,1019958,81184
UST 10Y NOTE - CHICAGO BOARD OF TRADE,2026-06-16,2381010,298774
UST 2Y NOTE - CHICAGO BOARD OF TRADE,2026-06-16,2117598,412781
UST 5Y NOTE - CHICAGO BOARD OF TRADE,2026-06-16,2695129,480519
UST BOND - CHICAGO BOARD OF TRADE,2026-06-16,491786,181473
ULTRA UST BOND - CHICAGO BOARD OF TRADE,2026-06-23,995461,69911
UST 10Y NOTE - CHICAGO BOARD OF TRADE,2026-06-23,2267559,328812
UST 2Y NOTE - CHICAGO BOARD OF TRADE,2026-06-23,2137863,350311
UST 5Y NOTE - CHICAGO BOARD OF TRADE,2026-06-23,2651511,485938
UST BOND - CHICAGO BOARD OF TRADE,2026-06-23,508730,157784
ULTRA UST BOND - CHICAGO BOARD OF TRADE,2026-06-30,997768,87866
UST 10Y NOTE - CHICAGO BOARD OF TRADE,2026-06-30,2323942,354091
UST 2Y NOTE - CHICAGO BOARD OF TRADE,2026-06-30,2127238,378363
UST 5Y NOTE - CHICAGO BOARD OF TRADE,2026-06-30,2691503,545213
UST BOND - CHICAGO BOARD OF TRADE,2026-06-30,518869,176947
ULTRA UST BOND - CHICAGO BOARD OF TRADE,2026-07-07,982944,62296
UST 10Y NOTE - CHICAGO BOARD OF TRADE,2026-07-07,2421237,417214
UST 2Y NOTE - CHICAGO BOARD OF TRADE,2026-07-07,2096433,339905
UST 5Y NOTE - CHICAGO BOARD OF TRADE,2026-07-07,2609468,434606
UST BOND - CHICAGO BOARD OF TRADE,2026-07-07,513967,148484
ULTRA UST BOND - CHICAGO BOARD OF TRADE,2026-07-14,979958,69506
UST 10Y NOTE - CHICAGO BOARD OF TRADE,2026-07-14,2467616,387963
UST 2Y NOTE - CHICAGO BOARD OF TRADE,2026-07-14,2061300,389534
UST 5Y NOTE - CHICAGO BOARD OF TRADE,2026-07-14,2543843,387093
UST BOND - CHICAGO BOARD OF TRADE,2026-07-14,510509,144821
ULTRA UST BOND - CHICAGO BOARD OF TRADE,2026-07-21,961833,62668
UST BOND - CHICAGO BOARD OF TRADE,2026-07-21,532337,140951
UST 10Y NOTE - CHICAGO BOARD OF TRADE,2026-07-21,2447147,382342
UST 5Y NOTE - CHICAGO BOARD OF TRADE,2026-07-21,2508314,376886
UST 2Y NOTE - CHICAGO BOARD OF TRADE,2026-07-21,1953425,358297
ULTRA UST BOND - CHICAGO BOARD OF TRADE,2026-07-28,937043,74405
UST 10Y NOTE - CHICAGO BOARD OF TRADE,2026-07-28,2465219,309480
UST 2Y NOTE - CHICAGO BOARD OF TRADE,2026-07-28,2020764,456470
UST 5Y NOTE - CHICAGO BOARD OF TRADE,2026-07-28,2534694,426056
UST BOND - CHICAGO BOARD OF TRADE,2026-07-28,525472,135950
ULTRA UST BOND - CHICAGO BOARD OF TRADE,2026-08-04,937344,87654
UST 10Y NOTE - CHICAGO BOARD OF TRADE,2026-08-04,2501936,270266
UST 2Y NOTE - CHICAGO BOARD OF TRADE,2026-08-04,1948629,614448
UST 5Y NOTE - CHICAGO BOARD OF TRADE,2026-08-04,2566661,355222
UST BOND - CHICAGO BOARD OF TRADE,2026-08-04,516367,140141
ULTRA UST BOND - CHICAGO BOARD OF TRADE,2026-08-11,936023,82626
UST 10Y NOTE - CHICAGO BOARD OF TRADE,2026-08-11,2505607,341893
UST 2Y NOTE - CHICAGO BOARD OF TRADE,2026-08-11,1977849,618328
UST 5Y NOTE - CHICAGO BOARD OF TRADE,2026-08-11,2558719,410975
UST BOND - CHICAGO BOARD OF TRADE,2026-08-11,513187,148363
ULTRA UST BOND - CHICAGO BOARD OF TRADE,2026-08-18,953684,92327
UST BOND - CHICAGO BOARD OF TRADE,2026-08-18,486516,125133
UST 10Y NOTE - CHICAGO BOARD OF TRADE,2026-08-18,2581332,352319
UST 5Y NOTE - CHICAGO BOARD OF TRADE,2026-08-18,2549211,379397
UST 2Y NOTE - CHICAGO BOARD OF TRADE,2026-08-18,1881472,638468
ULTRA UST BOND - CHICAGO BOARD OF TRADE,2026-08-25,954434,105446
UST 10Y NOTE - CHICAGO BOARD OF TRADE,2026-08-25,2451147,316808
UST 2Y NOTE - CHICAGO BOARD OF TRADE,2026-08-25,1859873,627120
UST 5Y NOTE - CHICAGO BOARD OF TRADE,2026-08-25,2621169,509359
UST BOND - CHICAGO BOARD OF TRADE,2026-08-25,418723,115729
ULTRA UST BOND - CHICAGO BOARD OF TRADE,2026-09-01,951447,72958
UST BOND - CHICAGO BOARD OF TRADE,2026-09-01,426162,123117
UST 10Y NOTE - CHICAGO BOARD OF TRADE,2026-09-01,2439008,376506
UST 5Y NOTE - CHICAGO BOARD OF TRADE,2026-09-01,2626543,423855
UST 2Y NOTE - CHICAGO BOARD OF TRADE,2026-09-01,1883174,615140
ULTRA UST BOND - CHICAGO BOARD OF TRADE,2026-09-08,950623,86352
UST 10Y NOTE - CHICAGO BOARD OF TRADE,2026-09-08,2330590,391836
UST 2Y NOTE - CHICAGO BOARD OF TRADE,2026-09-08,1876190,585711
UST 5Y NOTE - CHICAGO BOARD OF TRADE,2026-09-08,2559134,492845
UST BOND - CHICAGO BOARD OF TRADE,2026-09-08,409994,133029
ULTRA UST BOND - CHICAGO BOARD OF TRADE,2026-09-15,907923,94497
UST 10Y NOTE - CHICAGO BOARD OF TRADE,2026-09-15,2308541,440415
UST 2Y NOTE - CHICAGO BOARD OF TRADE,2026-09-15,1954808,660233
UST 5Y NOTE - CHICAGO BOARD OF TRADE,2026-09-15,2524021,537093
UST BOND - CHICAGO BOARD OF TRADE,2026-09-15,415416,203681
ULTRA UST BOND - CHICAGO BOARD OF TRADE,2026-09-22,924613,100270
UST BOND - CHICAGO BOARD OF TRADE,2026-09-22,363086,201034
UST 10Y NOTE - CHICAGO BOARD OF TRADE,2026-09-22,2395516,468569
UST 5Y NOTE - CHICAGO BOARD OF TRADE,2026-09-22,2507465,649403
UST 2Y NOTE - CHICAGO BOARD OF TRADE,2026-09-22,2076262,725522
ULTRA UST BOND - CHICAGO BOARD OF TRADE,2026-09-29,894258,85388
UST 10Y NOTE - CHICAGO BOARD OF TRADE,2026-09-29,2547011,510579
UST 2Y NOTE - CHICAGO BOARD OF TRADE,2026-09-29,1891837,725857
UST 5Y NOTE - CHICAGO BOARD OF TRADE,2026-09-29,2647955,662168
UST BOND - CHICAGO BOARD OF TRADE,2026-09-29,410869,159474
