date,value,series
2018-04-02,2.73,DGS10
2018-04-02,107.7033,DTWEXBGS
2018-04-03,107.5624,DTWEXBGS
2018-04-03,2.79,DGS10
2018-04-04,2.79,DGS10
2018-04-04,107.6361,DTWEXBGS
2018-04-05,2.83,DGS10
2018-04-05,107.7281,DTWEXBGS
2018-04-06,2.77,DGS10
2018-04-06,107.7886,DTWEXBGS
2018-04-09,107.5316,DTWEXBGS
2018-04-09,2.78,DGS10
2018-04-10,107.3659,DTWEXBGS
2018-04-10,2.8,DGS10
2018-04-11,107.1224,DTWEXBGS
2018-04-11,2.79,DGS10
2018-04-12,107.2905,DTWEXBGS
2018-04-12,2.83,DGS10
2018-04-13,107.2368,DTWEXBGS
2018-04-13,2.82,DGS10
2018-04-16,107.0595,DTWEXBGS
2018-04-16,2.83,DGS10
2018-04-17,107.0344,DTWEXBGS
2018-04-17,2.82,DGS10
2018-04-18,2.87,DGS10
2018-04-18,107.1096,DTWEXBGS
2018-04-19,2.92,DGS10
2018-04-19,107.5197,DTWEXBGS
2018-04-20,2.96,DGS10
2018-04-20,108.1787,DTWEXBGS
2018-04-23,108.9332,DTWEXBGS
2018-04-23,2.98,DGS10
2018-04-24,3.0,DGS10
2018-04-24,108.7906,DTWEXBGS
2018-04-25,3.03,DGS10
2018-04-25,109.3447,DTWEXBGS
2018-04-26,3.0,DGS10
2018-04-26,109.3646,DTWEXBGS
2018-04-27,2.96,DGS10
2018-04-27,109.1735,DTWEXBGS
2018-04-30,2.95,DGS10
2018-04-30,109.3363,DTWEXBGS
2018-05-01,109.7445,DTWEXBGS
2018-05-01,2.97,DGS10
2018-05-02,2.97,DGS10
2018-05-02,110.1625,DTWEXBGS
2018-05-03,110.1803,DTWEXBGS
2018-05-03,2.94,DGS10
2018-05-04,2.95,DGS10
2018-05-04,110.25,DTWEXBGS
2018-05-07,2.95,DGS10
2018-05-07,110.5721,DTWEXBGS
2018-05-08,2.97,DGS10
2018-05-08,111.063,DTWEXBGS
2018-05-09,110.8818,DTWEXBGS
2018-05-09,3.0,DGS10
2018-05-10,110.405,DTWEXBGS
2018-05-10,2.97,DGS10
2018-05-11,110.2847,DTWEXBGS
2018-05-11,2.97,DGS10
2018-05-14,3.0,DGS10
2018-05-14,110.408,DTWEXBGS
2018-05-15,3.08,DGS10
2018-05-15,111.2292,DTWEXBGS
2018-05-16,111.3068,DTWEXBGS
2018-05-16,3.09,DGS10
2018-05-17,3.11,DGS10
2018-05-17,111.3547,DTWEXBGS
2018-05-18,111.7171,DTWEXBGS
2018-05-18,3.06,DGS10
2018-05-21,111.6394,DTWEXBGS
2018-05-21,3.06,DGS10
2018-05-22,3.06,DGS10
2018-05-22,111.1945,DTWEXBGS
2018-05-23,111.6933,DTWEXBGS
2018-05-23,3.01,DGS10
2018-05-24,2.98,DGS10
2018-05-24,111.4885,DTWEXBGS
2018-05-25,2.93,DGS10
2018-05-25,111.5843,DTWEXBGS
2018-05-29,2.77,DGS10
2018-05-29,112.2127,DTWEXBGS
2018-05-30,111.6731,DTWEXBGS
2018-05-30,2.84,DGS10
2018-05-31,111.9894,DTWEXBGS
2018-05-31,2.83,DGS10
2018-06-01,2.89,DGS10
2018-06-01,111.8265,DTWEXBGS
2018-06-04,111.8247,DTWEXBGS
2018-06-04,2.94,DGS10
2018-06-05,112.264,DTWEXBGS
2018-06-05,2.92,DGS10
2018-06-06,2.97,DGS10
2018-06-06,111.7525,DTWEXBGS
2018-06-07,112.0725,DTWEXBGS
2018-06-07,2.93,DGS10
2018-06-08,112.1066,DTWEXBGS
2018-06-08,2.93,DGS10
2018-06-11,2.96,DGS10
2018-06-11,112.1106,DTWEXBGS
2018-06-12,112.2138,DTWEXBGS
2018-06-12,2.96,DGS10
2018-06-13,112.2577,DTWEXBGS
2018-06-13,2.98,DGS10
2018-06-14,112.8593,DTWEXBGS
2018-06-14,2.94,DGS10
2018-06-15,113.3379,DTWEXBGS
2018-06-15,2.93,DGS10
2018-06-18,113.4899,DTWEXBGS
2018-06-18,2.92,DGS10
2018-06-19,113.639,DTWEXBGS
2018-06-19,2.89,DGS10
2018-06-20,113.4784,DTWEXBGS
2018-06-20,2.93,DGS10
2018-06-21,2.9,DGS10
2018-06-21,113.6109,DTWEXBGS
2018-06-22,2.9,DGS10
2018-06-22,113.3047,DTWEXBGS
2018-06-25,2.87,DGS10
2018-06-25,113.286,DTWEXBGS
2018-06-26,113.3016,DTWEXBGS
2018-06-26,2.88,DGS10
2018-06-27,2.83,DGS10
2018-06-27,113.8971,DTWEXBGS
2018-06-28,2.84,DGS10
2018-06-28,113.8405,DTWEXBGS
2018-06-29,2.85,DGS10
2018-06-29,113.2586,DTWEXBGS
2018-07-02,114.1673,DTWEXBGS
2018-07-02,2.87,DGS10
2018-07-03,113.3222,DTWEXBGS
2018-07-03,2.83,DGS10
2018-07-05,112.9759,DTWEXBGS
2018-07-05,2.84,DGS10
2018-07-06,2.82,DGS10
2018-07-06,112.6428,DTWEXBGS
2018-07-09,112.6425,DTWEXBGS
2018-07-09,2.86,DGS10
2018-07-10,112.5794,DTWEXBGS
2018-07-10,2.87,DGS10
2018-07-11,2.85,DGS10
2018-07-11,112.8582,DTWEXBGS
2018-07-12,112.779,DTWEXBGS
2018-07-12,2.85,DGS10
2018-07-13,113.0705,DTWEXBGS
2018-07-13,2.83,DGS10
2018-07-16,2.85,DGS10
2018-07-16,112.8437,DTWEXBGS
2018-07-17,113.1504,DTWEXBGS
2018-07-17,2.86,DGS10
2018-07-18,2.88,DGS10
2018-07-18,113.3348,DTWEXBGS
2018-07-19,113.9463,DTWEXBGS
2018-07-19,2.84,DGS10
2018-07-20,2.89,DGS10
2018-07-20,113.3213,DTWEXBGS
2018-07-23,113.4246,DTWEXBGS
2018-07-23,2.96,DGS10
2018-07-24,113.2045,DTWEXBGS
2018-07-24,2.95,DGS10
2018-07-25,2.94,DGS10
2018-07-25,112.9221,DTWEXBGS
2018-07-26,112.9179,DTWEXBGS
2018-07-26,2.98,DGS10
2018-07-27,2.96,DGS10
2018-07-27,112.8125,DTWEXBGS
2018-07-30,112.6044,DTWEXBGS
2018-07-30,2.98,DGS10
2018-07-31,112.7299,DTWEXBGS
2018-07-31,2.96,DGS10
2018-08-01,3.0,DGS10
2018-08-01,112.8899,DTWEXBGS
2018-08-02,113.1679,DTWEXBGS
2018-08-02,2.98,DGS10
2018-08-03,2.95,DGS10
2018-08-03,113.012,DTWEXBGS
2018-08-06,2.94,DGS10
2018-08-06,113.229,DTWEXBGS
2018-08-07,2.98,DGS10
2018-08-07,112.9759,DTWEXBGS
2018-08-08,113.1411,DTWEXBGS
2018-08-08,2.96,DGS10
2018-08-09,2.93,DGS10
2018-08-09,113.3806,DTWEXBGS
2018-08-10,2.87,DGS10
2018-08-10,114.3005,DTWEXBGS
2018-08-13,114.851,DTWEXBGS
2018-08-13,2.88,DGS10
2018-08-14,2.89,DGS10
2018-08-14,114.658,DTWEXBGS
2018-08-15,115.1526,DTWEXBGS
2018-08-15,2.86,DGS10
2018-08-16,114.6416,DTWEXBGS
2018-08-16,2.87,DGS10
2018-08-17,114.5339,DTWEXBGS
2018-08-17,2.87,DGS10
2018-08-20,2.82,DGS10
2018-08-20,114.3504,DTWEXBGS
2018-08-21,2.85,DGS10
2018-08-21,113.8604,DTWEXBGS
2018-08-22,113.663,DTWEXBGS
2018-08-22,2.82,DGS10
2018-08-23,2.82,DGS10
2018-08-23,114.0932,DTWEXBGS
2018-08-24,2.82,DGS10
2018-08-24,113.5985,DTWEXBGS
2018-08-27,113.2721,DTWEXBGS
2018-08-27,2.85,DGS10
2018-08-28,113.3444,DTWEXBGS
2018-08-28,2.88,DGS10
2018-08-29,2.89,DGS10
2018-08-29,113.6461,DTWEXBGS
2018-08-30,2.86,DGS10
2018-08-30,114.0899,DTWEXBGS
2018-08-31,2.86,DGS10
2018-08-31,114.2755,DTWEXBGS
2018-09-04,114.8584,DTWEXBGS
2018-09-04,2.9,DGS10
2018-09-05,114.7477,DTWEXBGS
2018-09-05,2.9,DGS10
2018-09-06,114.6479,DTWEXBGS
2018-09-06,2.88,DGS10
2018-09-07,2.94,DGS10
2018-09-07,114.5816,DTWEXBGS
2018-09-10,2.94,DGS10
2018-09-10,114.6802,DTWEXBGS
2018-09-11,114.7051,DTWEXBGS
2018-09-11,2.98,DGS10
2018-09-12,114.2192,DTWEXBGS
2018-09-12,2.97,DGS10
2018-09-13,113.9268,DTWEXBGS
2018-09-13,2.97,DGS10
2018-09-14,114.0657,DTWEXBGS
2018-09-14,2.99,DGS10
2018-09-17,113.9158,DTWEXBGS
2018-09-17,2.99,DGS10
2018-09-18,113.7739,DTWEXBGS
2018-09-18,3.05,DGS10
2018-09-19,113.6532,DTWEXBGS
2018-09-19,3.08,DGS10
2018-09-20,3.07,DGS10
2018-09-20,113.4989,DTWEXBGS
2018-09-21,113.5099,DTWEXBGS
2018-09-21,3.07,DGS10
2018-09-24,113.5301,DTWEXBGS
2018-09-24,3.08,DGS10
2018-09-25,113.7202,DTWEXBGS
2018-09-25,3.1,DGS10
2018-09-26,113.6739,DTWEXBGS
2018-09-26,3.06,DGS10
2018-09-27,113.9784,DTWEXBGS
2018-09-27,3.06,DGS10
2018-09-28,113.8077,DTWEXBGS
2018-09-28,3.05,DGS10
2018-10-01,113.8235,DTWEXBGS
2018-10-01,3.09,DGS10
2018-10-02,113.8954,DTWEXBGS
2018-10-02,3.05,DGS10
2018-10-03,114.1569,DTWEXBGS
2018-10-03,3.15,DGS10
2018-10-04,3.19,DGS10
2018-10-04,114.6867,DTWEXBGS
2018-10-05,3.23,DGS10
2018-10-05,114.561,DTWEXBGS
2018-10-09,3.21,DGS10
2018-10-09,114.6583,DTWEXBGS
2018-10-10,114.6072,DTWEXBGS
2018-10-10,3.22,DGS10
2018-10-11,3.14,DGS10
2018-10-11,114.4074,DTWEXBGS
2018-10-12,114.3691,DTWEXBGS
2018-10-12,3.15,DGS10
2018-10-15,114.045,DTWEXBGS
2018-10-15,3.16,DGS10
2018-10-16,3.16,DGS10
2018-10-16,113.8963,DTWEXBGS
2018-10-17,3.19,DGS10
2018-10-17,114.1755,DTWEXBGS
2018-10-18,3.17,DGS10
2018-10-18,114.8164,DTWEXBGS
2018-10-19,3.2,DGS10
2018-10-19,114.8567,DTWEXBGS
2018-10-22,3.2,DGS10
2018-10-22,115.1782,DTWEXBGS
2018-10-23,115.1651,DTWEXBGS
2018-10-23,3.17,DGS10
2018-10-24,115.3755,DTWEXBGS
2018-10-24,3.1,DGS10
2018-10-25,115.4831,DTWEXBGS
2018-10-25,3.14,DGS10
2018-10-26,3.08,DGS10
2018-10-26,115.473,DTWEXBGS
2018-10-29,3.08,DGS10
2018-10-29,115.8936,DTWEXBGS
2018-10-30,116.2357,DTWEXBGS
2018-10-30,3.12,DGS10
2018-10-31,116.5281,DTWEXBGS
2018-10-31,3.15,DGS10
2018-11-01,3.14,DGS10
2018-11-01,115.8657,DTWEXBGS
2018-11-02,3.22,DGS10
2018-11-02,115.643,DTWEXBGS
2018-11-05,115.703,DTWEXBGS
2018-11-05,3.2,DGS10
2018-11-06,115.5622,DTWEXBGS
2018-11-06,3.22,DGS10
2018-11-07,3.22,DGS10
2018-11-07,115.2519,DTWEXBGS
2018-11-08,3.24,DGS10
2018-11-08,115.6478,DTWEXBGS
2018-11-09,116.4778,DTWEXBGS
2018-11-09,3.19,DGS10
2018-11-13,3.14,DGS10
2018-11-13,116.6694,DTWEXBGS
2018-11-14,3.12,DGS10
2018-11-14,116.498,DTWEXBGS
2018-11-15,3.11,DGS10
2018-11-15,116.3861,DTWEXBGS
2018-11-16,3.08,DGS10
2018-11-16,115.9258,DTWEXBGS
2018-11-19,3.06,DGS10
2018-11-19,115.9859,DTWEXBGS
2018-11-20,3.06,DGS10
2018-11-20,116.2367,DTWEXBGS
2018-11-21,3.06,DGS10
2018-11-21,116.092,DTWEXBGS
2018-11-23,3.05,DGS10
2018-11-23,116.4713,DTWEXBGS
2018-11-26,3.07,DGS10
2018-11-26,116.6208,DTWEXBGS
2018-11-27,116.9001,DTWEXBGS
2018-11-27,3.06,DGS10
2018-11-28,3.06,DGS10
2018-11-28,116.8343,DTWEXBGS
2018-11-29,3.03,DGS10
2018-11-29,116.1961,DTWEXBGS
2018-11-30,116.413,DTWEXBGS
2018-11-30,3.01,DGS10
2018-12-03,115.9057,DTWEXBGS
2018-12-03,2.98,DGS10
2018-12-04,116.0028,DTWEXBGS
2018-12-04,2.91,DGS10
2018-12-06,2.87,DGS10
2018-12-06,116.3991,DTWEXBGS
2018-12-07,116.0847,DTWEXBGS
2018-12-07,2.85,DGS10
2018-12-10,2.85,DGS10
2018-12-10,116.6746,DTWEXBGS
2018-12-11,2.89,DGS10
2018-12-11,116.7564,DTWEXBGS
2018-12-12,116.2214,DTWEXBGS
2018-12-12,2.91,DGS10
2018-12-13,2.91,DGS10
2018-12-13,116.3974,DTWEXBGS
2018-12-14,2.89,DGS10
2018-12-14,116.79,DTWEXBGS
2018-12-17,116.4532,DTWEXBGS
2018-12-17,2.86,DGS10
2018-12-18,116.4127,DTWEXBGS
2018-12-18,2.82,DGS10
2018-12-19,116.0676,DTWEXBGS
2018-12-19,2.77,DGS10
2018-12-20,116.0183,DTWEXBGS
2018-12-20,2.79,DGS10
2018-12-21,2.79,DGS10
2018-12-21,116.2227,DTWEXBGS
2018-12-24,2.74,DGS10
2018-12-24,116.2182,DTWEXBGS
2018-12-26,2.81,DGS10
2018-12-26,116.1162,DTWEXBGS
2018-12-27,2.77,DGS10
2018-12-27,115.9927,DTWEXBGS
2018-12-28,2.72,DGS10
2018-12-28,115.7232,DTWEXBGS
2018-12-31,115.5674,DTWEXBGS
2018-12-31,2.69,DGS10
2019-01-02,115.7689,DTWEXBGS
2019-01-02,2.66,DGS10
2019-01-03,115.4622,DTWEXBGS
2019-01-03,2.56,DGS10
2019-01-04,114.9821,DTWEXBGS
2019-01-04,2.67,DGS10
2019-01-07,114.5628,DTWEXBGS
2019-01-07,2.7,DGS10
2019-01-08,114.7281,DTWEXBGS
2019-01-08,2.73,DGS10
2019-01-09,2.74,DGS10
2019-01-09,114.1406,DTWEXBGS
2019-01-10,2.74,DGS10
2019-01-10,114.0496,DTWEXBGS
2019-01-11,114.0404,DTWEXBGS
2019-01-11,2.71,DGS10
2019-01-14,2.71,DGS10
2019-01-15,114.3402,DTWEXBGS
2019-01-15,2.72,DGS10
2019-01-16,2.73,DGS10
2019-01-16,114.137,DTWEXBGS
2019-01-17,114.4115,DTWEXBGS
2019-01-17,2.75,DGS10
2019-01-18,114.558,DTWEXBGS
2019-01-18,2.79,DGS10
2019-01-22,2.74,DGS10
2019-01-22,114.7541,DTWEXBGS
2019-01-23,2.76,DGS10
2019-01-23,114.5759,DTWEXBGS
2019-01-24,114.617,DTWEXBGS
2019-01-24,2.72,DGS10
2019-01-25,2.76,DGS10
2019-01-25,114.0197,DTWEXBGS
2019-01-28,114.0522,DTWEXBGS
2019-01-28,2.75,DGS10
2019-01-29,2.72,DGS10
2019-01-29,114.026,DTWEXBGS
2019-01-30,2.7,DGS10
2019-01-30,114.0731,DTWEXBGS
2019-01-31,2.63,DGS10
2019-01-31,113.5504,DTWEXBGS
2019-02-01,2.7,DGS10
2019-02-01,113.7548,DTWEXBGS
2019-02-04,113.8766,DTWEXBGS
2019-02-04,2.73,DGS10
2019-02-05,2.71,DGS10
2019-02-05,114.0431,DTWEXBGS
2019-02-06,114.2305,DTWEXBGS
2019-02-06,2.7,DGS10
2019-02-07,2.65,DGS10
2019-02-07,114.4339,DTWEXBGS
2019-02-08,2.63,DGS10
2019-02-08,114.5003,DTWEXBGS
2019-02-11,2.65,DGS10
2019-02-11,115.031,DTWEXBGS
2019-02-12,2.68,DGS10
2019-02-12,114.7297,DTWEXBGS
2019-02-13,114.9407,DTWEXBGS
2019-02-13,2.71,DGS10
2019-02-14,2.66,DGS10
2019-02-14,115.1007,DTWEXBGS
2019-02-15,2.66,DGS10
2019-02-15,114.9923,DTWEXBGS
2019-02-19,2.65,DGS10
2019-02-19,114.57,DTWEXBGS
2019-02-20,2.65,DGS10
2019-02-21,114.5091,DTWEXBGS
2019-02-21,2.69,DGS10
2019-02-22,114.2716,DTWEXBGS
2019-02-22,2.65,DGS10
2019-02-25,114.1457,DTWEXBGS
2019-02-25,2.67,DGS10
2019-02-26,114.0687,DTWEXBGS
2019-02-26,2.64,DGS10
2019-02-27,114.0363,DTWEXBGS
2019-02-27,2.69,DGS10
2019-02-28,114.1991,DTWEXBGS
2019-02-28,2.73,DGS10
2019-03-01,114.537,DTWEXBGS
2019-03-01,2.76,DGS10
2019-03-04,114.6925,DTWEXBGS
2019-03-04,2.72,DGS10
2019-03-05,2.72,DGS10
2019-03-05,114.804,DTWEXBGS
2019-03-06,114.9714,DTWEXBGS
2019-03-06,2.69,DGS10
2019-03-07,115.4919,DTWEXBGS
2019-03-07,2.64,DGS10
2019-03-08,115.3599,DTWEXBGS
2019-03-08,2.62,DGS10
2019-03-11,115.2967,DTWEXBGS
2019-03-11,2.64,DGS10
2019-03-12,114.939,DTWEXBGS
2019-03-12,2.61,DGS10
2019-03-13,114.7372,DTWEXBGS
2019-03-13,2.61,DGS10
2019-03-14,2.63,DGS10
2019-03-14,114.79,DTWEXBGS
2019-03-15,2.59,DGS10
2019-03-15,114.5815,DTWEXBGS
2019-03-18,114.4375,DTWEXBGS
2019-03-18,2.6,DGS10
2019-03-19,2.61,DGS10
2019-03-19,114.2324,DTWEXBGS
2019-03-20,2.54,DGS10
2019-03-20,114.1509,DTWEXBGS
2019-03-21,114.1684,DTWEXBGS
2019-03-21,2.54,DGS10
2019-03-22,114.6856,DTWEXBGS
2019-03-22,2.44,DGS10
2019-03-25,114.4171,DTWEXBGS
2019-03-25,2.43,DGS10
2019-03-26,114.6414,DTWEXBGS
2019-03-26,2.41,DGS10
2019-03-27,115.1243,DTWEXBGS
2019-03-27,2.39,DGS10
2019-03-28,115.2581,DTWEXBGS
2019-03-28,2.39,DGS10
2019-03-29,2.41,DGS10
2019-03-29,115.1371,DTWEXBGS
2019-04-01,2.49,DGS10
2019-04-01,114.9362,DTWEXBGS
2019-04-02,2.48,DGS10
2019-04-02,115.1173,DTWEXBGS
2019-04-03,2.52,DGS10
2019-04-03,114.7211,DTWEXBGS
2019-04-04,114.9697,DTWEXBGS
2019-04-04,2.51,DGS10
2019-04-05,114.9726,DTWEXBGS
2019-04-05,2.5,DGS10
2019-04-08,114.6893,DTWEXBGS
2019-04-08,2.52,DGS10
2019-04-09,114.5321,DTWEXBGS
2019-04-09,2.51,DGS10
2019-04-10,114.4269,DTWEXBGS
2019-04-10,2.48,DGS10
2019-04-11,114.6303,DTWEXBGS
2019-04-11,2.51,DGS10
2019-04-12,2.56,DGS10
2019-04-12,114.3531,DTWEXBGS
2019-04-15,114.495,DTWEXBGS
2019-04-15,2.55,DGS10
2019-04-16,2.6,DGS10
2019-04-16,114.6756,DTWEXBGS
2019-04-17,114.5141,DTWEXBGS
2019-04-17,2.59,DGS10
2019-04-18,114.7073,DTWEXBGS
2019-04-18,2.57,DGS10
2019-04-19,114.6977,DTWEXBGS
2019-04-22,114.7694,DTWEXBGS
2019-04-22,2.59,DGS10
2019-04-23,115.1578,DTWEXBGS
2019-04-23,2.57,DGS10
2019-04-24,115.4187,DTWEXBGS
2019-04-24,2.53,DGS10
2019-04-25,2.54,DGS10
2019-04-25,115.7709,DTWEXBGS
2019-04-26,2.51,DGS10
2019-04-26,115.4767,DTWEXBGS
2019-04-29,115.5227,DTWEXBGS
2019-04-29,2.54,DGS10
2019-04-30,115.3281,DTWEXBGS
2019-04-30,2.51,DGS10
2019-05-01,115.0022,DTWEXBGS
2019-05-01,2.52,DGS10
2019-05-02,2.55,DGS10
2019-05-02,115.5617,DTWEXBGS
2019-05-03,115.2646,DTWEXBGS
2019-05-03,2.54,DGS10
2019-05-06,2.51,DGS10
2019-05-06,115.3811,DTWEXBGS
2019-05-07,2.45,DGS10
2019-05-07,115.6116,DTWEXBGS
2019-05-08,2.49,DGS10
2019-05-08,115.5171,DTWEXBGS
2019-05-09,2.45,DGS10
2019-05-09,115.8421,DTWEXBGS
2019-05-10,2.47,DGS10
2019-05-10,115.5334,DTWEXBGS
2019-05-13,115.915,DTWEXBGS
2019-05-13,2.4,DGS10
2019-05-14,115.9425,DTWEXBGS
2019-05-14,2.42,DGS10
2019-05-15,115.8565,DTWEXBGS
2019-05-15,2.37,DGS10
2019-05-16,2.4,DGS10
2019-05-16,116.0346,DTWEXBGS
2019-05-17,2.39,DGS10
2019-05-17,116.448,DTWEXBGS
2019-05-20,116.3119,DTWEXBGS
2019-05-20,2.41,DGS10
2019-05-21,2.43,DGS10
2019-05-21,116.2844,DTWEXBGS
2019-05-22,2.39,DGS10
2019-05-22,116.2412,DTWEXBGS
2019-05-23,116.2368,DTWEXBGS
2019-05-23,2.31,DGS10
2019-05-24,2.32,DGS10
2019-05-24,116.0806,DTWEXBGS
2019-05-28,2.26,DGS10
2019-05-28,116.3174,DTWEXBGS
2019-05-29,2.25,DGS10
2019-05-29,116.5535,DTWEXBGS
2019-05-30,2.22,DGS10
2019-05-30,116.3989,DTWEXBGS
2019-05-31,116.7273,DTWEXBGS
2019-05-31,2.14,DGS10
2019-06-03,116.4764,DTWEXBGS
2019-06-03,2.07,DGS10
2019-06-04,116.091,DTWEXBGS
2019-06-04,2.12,DGS10
2019-06-05,116.03,DTWEXBGS
2019-06-05,2.12,DGS10
2019-06-06,2.12,DGS10
2019-06-06,115.9771,DTWEXBGS
2019-06-07,2.09,DGS10
2019-06-07,115.7368,DTWEXBGS
2019-06-10,115.5001,DTWEXBGS
2019-06-10,2.15,DGS10
2019-06-11,115.3794,DTWEXBGS
2019-06-11,2.15,DGS10
2019-06-12,2.13,DGS10
2019-06-12,115.438,DTWEXBGS
2019-06-13,2.1,DGS10
2019-06-13,115.6275,DTWEXBGS
2019-06-14,2.09,DGS10
2019-06-14,115.9057,DTWEXBGS
2019-06-17,2.09,DGS10
2019-06-17,115.9684,DTWEXBGS
2019-06-18,2.06,DGS10
2019-06-18,115.8797,DTWEXBGS
2019-06-19,2.03,DGS10
2019-06-19,115.7889,DTWEXBGS
2019-06-20,114.8046,DTWEXBGS
2019-06-20,2.01,DGS10
2019-06-21,114.8377,DTWEXBGS
2019-06-21,2.07,DGS10
2019-06-24,2.02,DGS10
2019-06-24,114.6559,DTWEXBGS
2019-06-25,114.6363,DTWEXBGS
2019-06-25,2.0,DGS10
2019-06-26,2.05,DGS10
2019-06-26,114.5608,DTWEXBGS
2019-06-27,2.01,DGS10
2019-06-27,114.665,DTWEXBGS
2019-06-28,114.5821,DTWEXBGS
2019-06-28,2.0,DGS10
2019-07-01,114.7239,DTWEXBGS
2019-07-01,2.03,DGS10
2019-07-02,1.98,DGS10
2019-07-02,114.8258,DTWEXBGS
2019-07-03,114.8135,DTWEXBGS
2019-07-03,1.96,DGS10
2019-07-05,2.04,DGS10
2019-07-05,115.1132,DTWEXBGS
2019-07-08,2.05,DGS10
2019-07-08,115.0254,DTWEXBGS
2019-07-09,2.07,DGS10
2019-07-09,115.1017,DTWEXBGS
2019-07-10,2.07,DGS10
2019-07-10,115.0879,DTWEXBGS
2019-07-11,2.13,DGS10
2019-07-11,114.8361,DTWEXBGS
2019-07-12,114.7685,DTWEXBGS
2019-07-12,2.12,DGS10
2019-07-15,2.09,DGS10
2019-07-15,114.6819,DTWEXBGS
2019-07-16,2.13,DGS10
2019-07-16,115.0111,DTWEXBGS
2019-07-17,2.06,DGS10
2019-07-17,114.8819,DTWEXBGS
2019-07-18,2.04,DGS10
2019-07-18,114.8744,DTWEXBGS
2019-07-19,2.05,DGS10
2019-07-19,114.8695,DTWEXBGS
2019-07-22,115.0018,DTWEXBGS
2019-07-22,2.05,DGS10
2019-07-23,2.08,DGS10
2019-07-23,115.2995,DTWEXBGS
2019-07-24,2.05,DGS10
2019-07-24,115.2436,DTWEXBGS
2019-07-25,115.2982,DTWEXBGS
2019-07-25,2.08,DGS10
2019-07-26,115.5449,DTWEXBGS
2019-07-26,2.08,DGS10
2019-07-29,115.5885,DTWEXBGS
2019-07-29,2.06,DGS10
2019-07-30,115.6211,DTWEXBGS
2019-07-30,2.06,DGS10
2019-07-31,115.4946,DTWEXBGS
2019-07-31,2.02,DGS10
2019-08-01,1.9,DGS10
2019-08-01,116.0499,DTWEXBGS
2019-08-02,116.1864,DTWEXBGS
2019-08-02,1.86,DGS10
2019-08-05,116.5851,DTWEXBGS
2019-08-05,1.75,DGS10
2019-08-06,1.73,DGS10
2019-08-06,116.6904,DTWEXBGS
2019-08-07,116.7987,DTWEXBGS
2019-08-07,1.71,DGS10
2019-08-08,1.72,DGS10
2019-08-08,116.474,DTWEXBGS
2019-08-09,116.4419,DTWEXBGS
2019-08-09,1.74,DGS10
2019-08-12,116.7548,DTWEXBGS
2019-08-12,1.65,DGS10
2019-08-13,116.7267,DTWEXBGS
2019-08-13,1.68,DGS10
2019-08-14,117.0913,DTWEXBGS
2019-08-14,1.59,DGS10
2019-08-15,117.2239,DTWEXBGS
2019-08-15,1.52,DGS10
2019-08-16,117.0786,DTWEXBGS
2019-08-16,1.55,DGS10
2019-08-19,1.6,DGS10
2019-08-19,117.3886,DTWEXBGS
2019-08-20,1.55,DGS10
2019-08-20,117.3726,DTWEXBGS
2019-08-21,117.1764,DTWEXBGS
2019-08-21,1.59,DGS10
2019-08-22,117.3558,DTWEXBGS
2019-08-22,1.62,DGS10
2019-08-23,117.3009,DTWEXBGS
2019-08-23,1.52,DGS10
2019-08-26,117.6658,DTWEXBGS
2019-08-26,1.54,DGS10
2019-08-27,117.75,DTWEXBGS
2019-08-27,1.49,DGS10
2019-08-28,1.47,DGS10
2019-08-28,117.8767,DTWEXBGS
2019-08-29,1.5,DGS10
2019-08-29,118.0625,DTWEXBGS
2019-08-30,1.5,DGS10
2019-08-30,118.1575,DTWEXBGS
2019-09-03,118.3113,DTWEXBGS
2019-09-03,1.47,DGS10
2019-09-04,1.47,DGS10
2019-09-04,117.6729,DTWEXBGS
2019-09-05,1.57,DGS10
2019-09-05,117.4776,DTWEXBGS
2019-09-06,117.1292,DTWEXBGS
2019-09-06,1.55,DGS10
2019-09-09,1.63,DGS10
2019-09-09,117.0601,DTWEXBGS
2019-09-10,117.0887,DTWEXBGS
2019-09-10,1.72,DGS10
2019-09-11,1.75,DGS10
2019-09-11,117.3125,DTWEXBGS
2019-09-12,1.79,DGS10
2019-09-12,116.8375,DTWEXBGS
2019-09-13,116.7677,DTWEXBGS
2019-09-13,1.9,DGS10
2019-09-16,117.0251,DTWEXBGS
2019-09-16,1.84,DGS10
2019-09-17,116.9826,DTWEXBGS
2019-09-17,1.81,DGS10
2019-09-18,1.8,DGS10
2019-09-18,116.9766,DTWEXBGS
2019-09-19,117.0861,DTWEXBGS
2019-09-19,1.79,DGS10
2019-09-20,117.1819,DTWEXBGS
2019-09-20,1.74,DGS10
2019-09-23,1.72,DGS10
2019-09-23,117.2986,DTWEXBGS
2019-09-24,117.2227,DTWEXBGS
2019-09-24,1.64,DGS10
2019-09-25,117.6527,DTWEXBGS
2019-09-25,1.73,DGS10
2019-09-26,117.7267,DTWEXBGS
2019-09-26,1.7,DGS10
2019-09-27,1.69,DGS10
2019-09-27,117.7218,DTWEXBGS
2019-09-30,1.68,DGS10
2019-09-30,117.9461,DTWEXBGS
2019-10-01,117.9595,DTWEXBGS
2019-10-01,1.65,DGS10
2019-10-02,1.6,DGS10
2019-10-02,117.9671,DTWEXBGS
2019-10-03,1.54,DGS10
2019-10-03,117.6608,DTWEXBGS
2019-10-04,1.52,DGS10
2019-10-04,117.5288,DTWEXBGS
2019-10-07,117.5533,DTWEXBGS
2019-10-07,1.56,DGS10
2019-10-08,1.54,DGS10
2019-10-08,117.7407,DTWEXBGS
2019-10-09,117.6835,DTWEXBGS
2019-10-09,1.59,DGS10
2019-10-10,1.67,DGS10
2019-10-10,117.2801,DTWEXBGS
2019-10-11,1.76,DGS10
2019-10-11,116.8239,DTWEXBGS
2019-10-15,1.77,DGS10
2019-10-15,116.8111,DTWEXBGS
2019-10-16,1.75,DGS10
2019-10-16,116.6425,DTWEXBGS
2019-10-17,1.76,DGS10
2019-10-17,116.2615,DTWEXBGS
2019-10-18,1.76,DGS10
2019-10-18,116.1344,DTWEXBGS
2019-10-21,1.8,DGS10
2019-10-21,116.0436,DTWEXBGS
2019-10-22,1.78,DGS10
2019-10-22,115.9851,DTWEXBGS
2019-10-23,116.0586,DTWEXBGS
2019-10-23,1.77,DGS10
2019-10-24,116.1278,DTWEXBGS
2019-10-24,1.77,DGS10
2019-10-25,1.8,DGS10
2019-10-25,116.0774,DTWEXBGS
2019-10-28,116.0222,DTWEXBGS
2019-10-28,1.85,DGS10
2019-10-29,115.9797,DTWEXBGS
2019-10-29,1.84,DGS10
2019-10-30,116.1636,DTWEXBGS
2019-10-30,1.78,DGS10
2019-10-31,115.9125,DTWEXBGS
2019-10-31,1.69,DGS10
2019-11-01,115.7312,DTWEXBGS
2019-11-01,1.73,DGS10
2019-11-04,115.8624,DTWEXBGS
2019-11-04,1.79,DGS10
2019-11-05,116.1138,DTWEXBGS
2019-11-05,1.86,DGS10
2019-11-06,1.81,DGS10
2019-11-06,116.1004,DTWEXBGS
2019-11-07,1.92,DGS10
2019-11-07,116.1172,DTWEXBGS
2019-11-08,1.94,DGS10
2019-11-08,116.3436,DTWEXBGS
2019-11-12,1.92,DGS10
2019-11-12,116.5837,DTWEXBGS
2019-11-13,1.88,DGS10
2019-11-13,116.8397,DTWEXBGS
2019-11-14,1.82,DGS10
2019-11-14,116.8022,DTWEXBGS
2019-11-15,1.84,DGS10
2019-11-15,116.4401,DTWEXBGS
2019-11-18,1.81,DGS10
2019-11-18,116.3625,DTWEXBGS
2019-11-19,1.79,DGS10
2019-11-19,116.5391,DTWEXBGS
2019-11-20,116.828,DTWEXBGS
2019-11-20,1.73,DGS10
2019-11-21,116.7435,DTWEXBGS
2019-11-21,1.77,DGS10
2019-11-22,116.9137,DTWEXBGS
2019-11-22,1.77,DGS10
2019-11-25,117.0098,DTWEXBGS
2019-11-25,1.76,DGS10
2019-11-26,117.0513,DTWEXBGS
2019-11-26,1.74,DGS10
2019-11-27,117.1273,DTWEXBGS
2019-11-27,1.77,DGS10
2019-11-29,117.1204,DTWEXBGS
2019-11-29,1.78,DGS10
2019-12-02,1.83,DGS10
2019-12-02,116.9647,DTWEXBGS
2019-12-03,1.72,DGS10
2019-12-03,116.8898,DTWEXBGS
2019-12-04,116.692,DTWEXBGS
2019-12-04,1.77,DGS10
2019-12-05,116.3838,DTWEXBGS
2019-12-05,1.8,DGS10
2019-12-06,116.5381,DTWEXBGS
2019-12-06,1.84,DGS10
2019-12-09,116.3283,DTWEXBGS
2019-12-09,1.83,DGS10
2019-12-10,116.2542,DTWEXBGS
2019-12-10,1.85,DGS10
2019-12-11,116.1478,DTWEXBGS
2019-12-11,1.79,DGS10
2019-12-12,1.9,DGS10
2019-12-12,115.8741,DTWEXBGS
2019-12-13,1.82,DGS10
2019-12-13,115.6967,DTWEXBGS
2019-12-16,115.555,DTWEXBGS
2019-12-16,1.89,DGS10
2019-12-17,115.5553,DTWEXBGS
2019-12-17,1.89,DGS10
2019-12-18,1.92,DGS10
2019-12-18,115.6618,DTWEXBGS
2019-12-19,115.5988,DTWEXBGS
2019-12-19,1.92,DGS10
2019-12-20,1.92,DGS10
2019-12-20,115.7598,DTWEXBGS
2019-12-23,1.93,DGS10
2019-12-23,115.8059,DTWEXBGS
2019-12-24,1.9,DGS10
2019-12-26,1.9,DGS10
2019-12-26,115.634,DTWEXBGS
2019-12-27,1.88,DGS10
2019-12-27,115.22,DTWEXBGS
2019-12-30,1.9,DGS10
2019-12-30,114.9631,DTWEXBGS
2019-12-31,114.669,DTWEXBGS
2019-12-31,1.92,DGS10
2020-01-02,1.88,DGS10
2020-01-02,114.9745,DTWEXBGS
2020-01-03,114.9867,DTWEXBGS
2020-01-03,1.8,DGS10
2020-01-06,114.9557,DTWEXBGS
2020-01-06,1.81,DGS10
2020-01-07,115.1477,DTWEXBGS
2020-01-07,1.83,DGS10
2020-01-08,115.1328,DTWEXBGS
2020-01-08,1.87,DGS10
2020-01-09,115.2331,DTWEXBGS
2020-01-09,1.85,DGS10
2020-01-10,115.0677,DTWEXBGS
2020-01-10,1.83,DGS10
2020-01-13,115.0342,DTWEXBGS
2020-01-13,1.85,DGS10
2020-01-14,1.82,DGS10
2020-01-14,115.0239,DTWEXBGS
2020-01-15,114.9528,DTWEXBGS
2020-01-15,1.79,DGS10
2020-01-16,1.81,DGS10
2020-01-16,115.0006,DTWEXBGS
2020-01-17,1.84,DGS10
2020-01-17,115.0656,DTWEXBGS
2020-01-21,1.78,DGS10
2020-01-21,115.1876,DTWEXBGS
2020-01-22,115.2273,DTWEXBGS
2020-01-22,1.77,DGS10
2020-01-23,1.74,DGS10
2020-01-23,115.5545,DTWEXBGS
2020-01-24,115.5556,DTWEXBGS
2020-01-24,1.7,DGS10
2020-01-27,115.8004,DTWEXBGS
2020-01-27,1.61,DGS10
2020-01-28,1.65,DGS10
2020-01-28,115.7239,DTWEXBGS
2020-01-29,1.6,DGS10
2020-01-29,115.7003,DTWEXBGS
2020-01-30,115.8077,DTWEXBGS
2020-01-30,1.57,DGS10
2020-01-31,1.51,DGS10
2020-01-31,115.7345,DTWEXBGS
2020-02-03,116.1172,DTWEXBGS
2020-02-03,1.54,DGS10
2020-02-04,115.9291,DTWEXBGS
2020-02-04,1.61,DGS10
2020-02-05,116.009,DTWEXBGS
2020-02-05,1.66,DGS10
2020-02-06,1.65,DGS10
2020-02-06,116.1518,DTWEXBGS
2020-02-07,116.5086,DTWEXBGS
2020-02-07,1.59,DGS10
2020-02-10,116.5711,DTWEXBGS
2020-02-10,1.56,DGS10
2020-02-11,116.3585,DTWEXBGS
2020-02-11,1.59,DGS10
2020-02-12,116.2794,DTWEXBGS
2020-02-12,1.62,DGS10
2020-02-13,116.3999,DTWEXBGS
2020-02-13,1.61,DGS10
2020-02-14,116.4223,DTWEXBGS
2020-02-14,1.59,DGS10
2020-02-18,1.55,DGS10
2020-02-18,116.6039,DTWEXBGS
2020-02-19,116.7829,DTWEXBGS
2020-02-19,1.56,DGS10
2020-02-20,117.2454,DTWEXBGS
2020-02-20,1.52,DGS10
2020-02-21,117.0473,DTWEXBGS
2020-02-21,1.46,DGS10
2020-02-24,117.4018,DTWEXBGS
2020-02-24,1.38,DGS10
2020-02-25,1.33,DGS10
2020-02-25,117.2425,DTWEXBGS
2020-02-26,117.405,DTWEXBGS
2020-02-26,1.33,DGS10
2020-02-27,117.3678,DTWEXBGS
2020-02-27,1.3,DGS10
2020-02-28,1.13,DGS10
2020-02-28,117.6568,DTWEXBGS
2020-03-02,116.8144,DTWEXBGS
2020-03-02,1.1,DGS10
2020-03-03,1.02,DGS10
2020-03-03,116.4958,DTWEXBGS
2020-03-04,1.02,DGS10
2020-03-04,116.7802,DTWEXBGS
2020-03-05,116.7901,DTWEXBGS
2020-03-05,0.92,DGS10
2020-03-06,116.7106,DTWEXBGS
2020-03-06,0.74,DGS10
2020-03-09,0.54,DGS10
2020-03-09,117.1871,DTWEXBGS
2020-03-10,117.9027,DTWEXBGS
2020-03-10,0.76,DGS10
2020-03-11,0.82,DGS10
2020-03-11,118.2505,DTWEXBGS
2020-03-12,120.4883,DTWEXBGS
2020-03-12,0.88,DGS10
2020-03-13,120.4388,DTWEXBGS
2020-03-13,0.94,DGS10
2020-03-16,0.73,DGS10
2020-03-16,120.9352,DTWEXBGS
2020-03-17,1.02,DGS10
2020-03-17,122.4816,DTWEXBGS
2020-03-18,124.1623,DTWEXBGS
2020-03-18,1.18,DGS10
2020-03-19,125.0587,DTWEXBGS
2020-03-19,1.12,DGS10
2020-03-20,124.9362,DTWEXBGS
2020-03-20,0.92,DGS10
2020-03-23,126.1262,DTWEXBGS
2020-03-23,0.76,DGS10
2020-03-24,125.5001,DTWEXBGS
2020-03-24,0.84,DGS10
2020-03-25,124.7916,DTWEXBGS
2020-03-25,0.88,DGS10
2020-03-26,122.4308,DTWEXBGS
2020-03-26,0.83,DGS10
2020-03-27,0.72,DGS10
2020-03-27,122.4007,DTWEXBGS
2020-03-30,0.7,DGS10
2020-03-30,123.2883,DTWEXBGS
2020-03-31,0.7,DGS10
2020-03-31,122.5301,DTWEXBGS
2020-04-01,0.62,DGS10
2020-04-01,123.7933,DTWEXBGS
2020-04-02,123.5916,DTWEXBGS
2020-04-02,0.63,DGS10
2020-04-03,0.62,DGS10
2020-04-03,124.4152,DTWEXBGS
2020-04-06,0.67,DGS10
2020-04-06,124.16,DTWEXBGS
2020-04-07,0.75,DGS10
2020-04-07,123.0956,DTWEXBGS
2020-04-08,123.2216,DTWEXBGS
2020-04-08,0.77,DGS10
2020-04-09,0.73,DGS10
2020-04-09,122.476,DTWEXBGS
2020-04-10,122.1592,DTWEXBGS
2020-04-13,122.5203,DTWEXBGS
2020-04-13,0.76,DGS10
2020-04-14,0.76,DGS10
2020-04-14,122.1121,DTWEXBGS
2020-04-15,0.63,DGS10
2020-04-15,123.0752,DTWEXBGS
2020-04-16,0.61,DGS10
2020-04-16,123.4615,DTWEXBGS
2020-04-17,122.871,DTWEXBGS
2020-04-17,0.65,DGS10
2020-04-20,123.1033,DTWEXBGS
2020-04-20,0.63,DGS10
2020-04-21,123.9116,DTWEXBGS
2020-04-21,0.58,DGS10
2020-04-22,123.9256,DTWEXBGS
2020-04-22,0.63,DGS10
2020-04-23,0.61,DGS10
2020-04-23,123.7542,DTWEXBGS
2020-04-24,124.1615,DTWEXBGS
2020-04-24,0.6,DGS10
2020-04-27,123.8843,DTWEXBGS
2020-04-27,0.67,DGS10
2020-04-28,0.62,DGS10
2020-04-28,123.3693,DTWEXBGS
2020-04-29,0.63,DGS10
2020-04-29,122.7782,DTWEXBGS
2020-04-30,122.327,DTWEXBGS
2020-04-30,0.64,DGS10
2020-05-01,0.64,DGS10
2020-05-01,123.1492,DTWEXBGS
2020-05-04,123.2117,DTWEXBGS
2020-05-04,0.64,DGS10
2020-05-05,0.66,DGS10
2020-05-05,122.803,DTWEXBGS
2020-05-06,0.72,DGS10
2020-05-06,123.609,DTWEXBGS
2020-05-07,123.1249,DTWEXBGS
2020-05-07,0.63,DGS10
2020-05-08,122.5379,DTWEXBGS
2020-05-08,0.69,DGS10
2020-05-11,123.2333,DTWEXBGS
2020-05-11,0.73,DGS10
2020-05-12,123.0592,DTWEXBGS
2020-05-12,0.69,DGS10
2020-05-13,0.64,DGS10
2020-05-13,123.5408,DTWEXBGS
2020-05-14,123.6429,DTWEXBGS
2020-05-14,0.63,DGS10
2020-05-15,123.5991,DTWEXBGS
2020-05-15,0.64,DGS10
2020-05-18,0.73,DGS10
2020-05-18,122.7968,DTWEXBGS
2020-05-19,122.5655,DTWEXBGS
2020-05-19,0.7,DGS10
2020-05-20,122.1007,DTWEXBGS
2020-05-20,0.68,DGS10
2020-05-21,0.68,DGS10
2020-05-21,122.0914,DTWEXBGS
2020-05-22,0.66,DGS10
2020-05-22,122.3211,DTWEXBGS
2020-05-26,0.69,DGS10
2020-05-26,121.3864,DTWEXBGS
2020-05-27,0.68,DGS10
2020-05-27,121.5677,DTWEXBGS
2020-05-28,0.7,DGS10
2020-05-28,121.0138,DTWEXBGS
2020-05-29,120.9458,DTWEXBGS
2020-05-29,0.65,DGS10
2020-06-01,0.66,DGS10
2020-06-01,120.2686,DTWEXBGS
2020-06-02,0.68,DGS10
2020-06-02,119.6854,DTWEXBGS
2020-06-03,0.77,DGS10
2020-06-03,119.2556,DTWEXBGS
2020-06-04,0.82,DGS10
2020-06-04,119.3014,DTWEXBGS
2020-06-05,0.91,DGS10
2020-06-05,118.8138,DTWEXBGS
2020-06-08,118.6621,DTWEXBGS
2020-06-08,0.88,DGS10
2020-06-09,118.5893,DTWEXBGS
2020-06-09,0.84,DGS10
2020-06-10,118.5231,DTWEXBGS
2020-06-10,0.75,DGS10
2020-06-11,0.66,DGS10
2020-06-11,119.2347,DTWEXBGS
2020-06-12,0.71,DGS10
2020-06-12,119.6645,DTWEXBGS
2020-06-15,119.9539,DTWEXBGS
2020-06-15,0.71,DGS10
2020-06-16,119.567,DTWEXBGS
2020-06-16,0.75,DGS10
2020-06-17,119.9105,DTWEXBGS
2020-06-17,0.74,DGS10
2020-06-18,120.2173,DTWEXBGS
2020-06-18,0.71,DGS10
2020-06-19,120.2186,DTWEXBGS
2020-06-19,0.7,DGS10
2020-06-22,0.71,DGS10
2020-06-22,119.7532,DTWEXBGS
2020-06-23,119.3285,DTWEXBGS
2020-06-23,0.72,DGS10
2020-06-24,0.69,DGS10
2020-06-24,119.9744,DTWEXBGS
2020-06-25,120.2997,DTWEXBGS
2020-06-25,0.68,DGS10
2020-06-26,120.533,DTWEXBGS
2020-06-26,0.64,DGS10
2020-06-29,120.6658,DTWEXBGS
2020-06-29,0.64,DGS10
2020-06-30,0.66,DGS10
2020-06-30,120.4649,DTWEXBGS
2020-07-01,0.69,DGS10
2020-07-01,120.0808,DTWEXBGS
2020-07-02,119.8555,DTWEXBGS
2020-07-02,0.68,DGS10
2020-07-06,119.2852,DTWEXBGS
2020-07-06,0.69,DGS10
2020-07-07,119.5717,DTWEXBGS
2020-07-07,0.65,DGS10
2020-07-08,119.5525,DTWEXBGS
2020-07-08,0.67,DGS10
2020-07-09,119.5129,DTWEXBGS
2020-07-09,0.62,DGS10
2020-07-10,119.3509,DTWEXBGS
2020-07-10,0.65,DGS10
2020-07-13,0.64,DGS10
2020-07-13,119.1891,DTWEXBGS
2020-07-14,0.63,DGS10
2020-07-14,119.3901,DTWEXBGS
2020-07-15,0.64,DGS10
2020-07-15,119.0331,DTWEXBGS
2020-07-16,0.62,DGS10
2020-07-16,118.9275,DTWEXBGS
2020-07-17,0.64,DGS10
2020-07-17,119.124,DTWEXBGS
2020-07-20,0.62,DGS10
2020-07-20,119.0483,DTWEXBGS
2020-07-21,0.61,DGS10
2020-07-21,118.4042,DTWEXBGS
2020-07-22,0.6,DGS10
2020-07-22,118.1337,DTWEXBGS
2020-07-23,0.59,DGS10
2020-07-23,118.0613,DTWEXBGS
2020-07-24,118.1329,DTWEXBGS
2020-07-24,0.59,DGS10
2020-07-27,0.62,DGS10
2020-07-27,117.3869,DTWEXBGS
2020-07-28,117.3189,DTWEXBGS
2020-07-28,0.59,DGS10
2020-07-29,117.2126,DTWEXBGS
2020-07-29,0.58,DGS10
2020-07-30,117.4008,DTWEXBGS
2020-07-30,0.55,DGS10
2020-07-31,117.2082,DTWEXBGS
2020-07-31,0.55,DGS10
2020-08-03,0.56,DGS10
2020-08-03,117.8074,DTWEXBGS
2020-08-04,0.52,DGS10
2020-08-04,117.7833,DTWEXBGS
2020-08-05,0.55,DGS10
2020-08-05,116.8736,DTWEXBGS
2020-08-06,0.55,DGS10
2020-08-06,117.0422,DTWEXBGS
2020-08-07,117.6239,DTWEXBGS
2020-08-07,0.57,DGS10
2020-08-10,117.5821,DTWEXBGS
2020-08-10,0.59,DGS10
2020-08-11,0.64,DGS10
2020-08-11,117.3781,DTWEXBGS
2020-08-12,0.69,DGS10
2020-08-12,117.2559,DTWEXBGS
2020-08-13,117.1193,DTWEXBGS
2020-08-13,0.71,DGS10
2020-08-14,0.71,DGS10
2020-08-14,116.9395,DTWEXBGS
2020-08-17,116.749,DTWEXBGS
2020-08-17,0.69,DGS10
2020-08-18,0.67,DGS10
2020-08-18,116.5593,DTWEXBGS
2020-08-19,0.68,DGS10
2020-08-19,116.567,DTWEXBGS
2020-08-20,116.8126,DTWEXBGS
2020-08-20,0.65,DGS10
2020-08-21,117.0572,DTWEXBGS
2020-08-21,0.64,DGS10
2020-08-24,116.912,DTWEXBGS
2020-08-24,0.65,DGS10
2020-08-25,116.8206,DTWEXBGS
2020-08-25,0.69,DGS10
2020-08-26,0.69,DGS10
2020-08-26,116.6243,DTWEXBGS
2020-08-27,0.74,DGS10
2020-08-27,116.649,DTWEXBGS
2020-08-28,0.74,DGS10
2020-08-28,115.9374,DTWEXBGS
2020-08-31,0.72,DGS10
2020-08-31,115.7586,DTWEXBGS
2020-09-01,0.68,DGS10
2020-09-01,115.5687,DTWEXBGS
2020-09-02,0.66,DGS10
2020-09-02,116.0304,DTWEXBGS
2020-09-03,116.0685,DTWEXBGS
2020-09-03,0.63,DGS10
2020-09-04,116.0347,DTWEXBGS
2020-09-04,0.72,DGS10
2020-09-08,116.4618,DTWEXBGS
2020-09-08,0.69,DGS10
2020-09-09,116.1291,DTWEXBGS
2020-09-09,0.71,DGS10
2020-09-10,0.68,DGS10
2020-09-10,115.8806,DTWEXBGS
2020-09-11,0.67,DGS10
2020-09-11,116.0866,DTWEXBGS
2020-09-14,115.6428,DTWEXBGS
2020-09-14,0.68,DGS10
2020-09-15,0.68,DGS10
2020-09-15,115.5908,DTWEXBGS
2020-09-16,115.3537,DTWEXBGS
2020-09-16,0.69,DGS10
2020-09-17,115.4392,DTWEXBGS
2020-09-17,0.69,DGS10
2020-09-18,0.7,DGS10
2020-09-18,115.2395,DTWEXBGS
2020-09-21,116.378,DTWEXBGS
2020-09-21,0.68,DGS10
2020-09-22,116.5438,DTWEXBGS
2020-09-22,0.68,DGS10
2020-09-23,117.2526,DTWEXBGS
2020-09-23,0.68,DGS10
2020-09-24,117.5473,DTWEXBGS
2020-09-24,0.67,DGS10
2020-09-25,117.8679,DTWEXBGS
2020-09-25,0.66,DGS10
2020-09-28,117.6178,DTWEXBGS
2020-09-28,0.67,DGS10
2020-09-29,0.66,DGS10
2020-09-29,117.526,DTWEXBGS
2020-09-30,0.69,DGS10
2020-09-30,116.946,DTWEXBGS
2020-10-01,0.68,DGS10
2020-10-01,116.7227,DTWEXBGS
2020-10-02,0.7,DGS10
2020-10-02,116.7321,DTWEXBGS
2020-10-05,0.78,DGS10
2020-10-05,116.1767,DTWEXBGS
2020-10-06,0.76,DGS10
2020-10-06,116.2681,DTWEXBGS
2020-10-07,0.81,DGS10
2020-10-07,116.3447,DTWEXBGS
2020-10-08,0.78,DGS10
2020-10-08,116.1657,DTWEXBGS
2020-10-09,0.79,DGS10
2020-10-09,115.2757,DTWEXBGS
2020-10-13,0.74,DGS10
2020-10-13,115.9107,DTWEXBGS
2020-10-14,0.73,DGS10
2020-10-14,115.6872,DTWEXBGS
2020-10-15,0.74,DGS10
2020-10-15,116.0964,DTWEXBGS
2020-10-16,0.76,DGS10
2020-10-16,115.7679,DTWEXBGS
2020-10-19,0.78,DGS10
2020-10-19,115.4031,DTWEXBGS
2020-10-20,0.81,DGS10
2020-10-20,115.2485,DTWEXBGS
2020-10-21,0.83,DGS10
2020-10-21,114.9108,DTWEXBGS
2020-10-22,0.87,DGS10
2020-10-22,115.1158,DTWEXBGS
2020-10-23,0.85,DGS10
2020-10-23,115.0126,DTWEXBGS
2020-10-26,115.2797,DTWEXBGS
2020-10-26,0.81,DGS10
2020-10-27,0.79,DGS10
2020-10-27,115.0131,DTWEXBGS
2020-10-28,0.79,DGS10
2020-10-28,115.8023,DTWEXBGS
2020-10-29,0.85,DGS10
2020-10-29,116.3069,DTWEXBGS
2020-10-30,116.1354,DTWEXBGS
2020-10-30,0.88,DGS10
2020-11-02,0.87,DGS10
2020-11-02,116.2361,DTWEXBGS
2020-11-03,0.9,DGS10
2020-11-03,115.4802,DTWEXBGS
2020-11-04,115.1677,DTWEXBGS
2020-11-04,0.78,DGS10
2020-11-05,114.4556,DTWEXBGS
2020-11-05,0.79,DGS10
2020-11-06,113.9919,DTWEXBGS
2020-11-06,0.83,DGS10
2020-11-09,0.96,DGS10
2020-11-09,114.0895,DTWEXBGS
2020-11-10,0.98,DGS10
2020-11-10,114.0757,DTWEXBGS
2020-11-12,0.88,DGS10
2020-11-12,114.2843,DTWEXBGS
2020-11-13,114.2397,DTWEXBGS
2020-11-13,0.89,DGS10
2020-11-16,113.8312,DTWEXBGS
2020-11-16,0.91,DGS10
2020-11-17,0.87,DGS10
2020-11-17,113.682,DTWEXBGS
2020-11-18,113.46,DTWEXBGS
2020-11-18,0.88,DGS10
2020-11-19,113.694,DTWEXBGS
2020-11-19,0.86,DGS10
2020-11-20,113.489,DTWEXBGS
2020-11-20,0.83,DGS10
2020-11-23,113.7548,DTWEXBGS
2020-11-23,0.86,DGS10
2020-11-24,113.4316,DTWEXBGS
2020-11-24,0.88,DGS10
2020-11-25,113.1823,DTWEXBGS
2020-11-25,0.88,DGS10
2020-11-27,0.84,DGS10
2020-11-30,0.84,DGS10
2020-11-30,113.2256,DTWEXBGS
2020-12-01,112.8063,DTWEXBGS
2020-12-01,0.92,DGS10
2020-12-02,112.6115,DTWEXBGS
2020-12-02,0.95,DGS10
2020-12-03,0.92,DGS10
2020-12-03,112.0236,DTWEXBGS
2020-12-04,0.97,DGS10
2020-12-04,111.7778,DTWEXBGS
2020-12-07,111.8385,DTWEXBGS
2020-12-07,0.94,DGS10
2020-12-08,111.8639,DTWEXBGS
2020-12-08,0.92,DGS10
2020-12-09,112.0305,DTWEXBGS
2020-12-09,0.95,DGS10
2020-12-10,111.9788,DTWEXBGS
2020-12-10,0.92,DGS10
2020-12-11,112.1417,DTWEXBGS
2020-12-11,0.9,DGS10
2020-12-14,0.9,DGS10
2020-12-14,112.1708,DTWEXBGS
2020-12-15,0.92,DGS10
2020-12-15,111.8601,DTWEXBGS
2020-12-16,0.92,DGS10
2020-12-16,111.7157,DTWEXBGS
2020-12-17,0.94,DGS10
2020-12-17,111.2226,DTWEXBGS
2020-12-18,111.6071,DTWEXBGS
2020-12-18,0.95,DGS10
2020-12-21,111.9415,DTWEXBGS
2020-12-21,0.95,DGS10
2020-12-22,0.93,DGS10
2020-12-22,112.1947,DTWEXBGS
2020-12-23,0.96,DGS10
2020-12-23,111.9807,DTWEXBGS
2020-12-24,0.94,DGS10
2020-12-28,0.94,DGS10
2020-12-28,111.9752,DTWEXBGS
2020-12-29,111.5172,DTWEXBGS
2020-12-29,0.94,DGS10
2020-12-30,0.93,DGS10
2020-12-30,111.3084,DTWEXBGS
2020-12-31,0.93,DGS10
2020-12-31,111.3169,DTWEXBGS
2021-01-04,111.2075,DTWEXBGS
2021-01-04,0.93,DGS10
2021-01-05,110.9574,DTWEXBGS
2021-01-05,0.96,DGS10
2021-01-06,110.8502,DTWEXBGS
2021-01-06,1.04,DGS10
2021-01-07,111.3042,DTWEXBGS
2021-01-07,1.08,DGS10
2021-01-08,111.2847,DTWEXBGS
2021-01-08,1.13,DGS10
2021-01-11,111.8257,DTWEXBGS
2021-01-11,1.15,DGS10
2021-01-12,111.5501,DTWEXBGS
2021-01-12,1.15,DGS10
2021-01-13,111.3622,DTWEXBGS
2021-01-13,1.1,DGS10
2021-01-14,1.15,DGS10
2021-01-14,111.1567,DTWEXBGS
2021-01-15,1.11,DGS10
2021-01-15,111.5106,DTWEXBGS
2021-01-19,111.4527,DTWEXBGS
2021-01-19,1.1,DGS10
2021-01-20,1.1,DGS10
2021-01-21,111.1973,DTWEXBGS
2021-01-21,1.12,DGS10
2021-01-22,111.5516,DTWEXBGS
2021-01-22,1.1,DGS10
2021-01-25,1.05,DGS10
2021-01-25,111.8676,DTWEXBGS
2021-01-26,1.05,DGS10
2021-01-26,111.6572,DTWEXBGS
2021-01-27,112.0782,DTWEXBGS
2021-01-27,1.04,DGS10
2021-01-28,112.0059,DTWEXBGS
2021-01-28,1.07,DGS10
2021-01-29,1.11,DGS10
2021-01-29,111.9511,DTWEXBGS
2021-02-01,112.4189,DTWEXBGS
2021-02-01,1.09,DGS10
2021-02-02,1.12,DGS10
2021-02-02,112.2862,DTWEXBGS
2021-02-03,112.2567,DTWEXBGS
2021-02-03,1.15,DGS10
2021-02-04,1.15,DGS10
2021-02-04,112.7469,DTWEXBGS
2021-02-05,112.2379,DTWEXBGS
2021-02-05,1.19,DGS10
2021-02-08,112.0428,DTWEXBGS
2021-02-08,1.19,DGS10
2021-02-09,111.7675,DTWEXBGS
2021-02-09,1.18,DGS10
2021-02-10,111.5834,DTWEXBGS
2021-02-10,1.15,DGS10
2021-02-11,1.16,DGS10
2021-02-11,111.5272,DTWEXBGS
2021-02-12,111.4889,DTWEXBGS
2021-02-12,1.2,DGS10
2021-02-16,1.3,DGS10
2021-02-16,111.7879,DTWEXBGS
2021-02-17,112.0204,DTWEXBGS
2021-02-17,1.29,DGS10
2021-02-18,1.29,DGS10
2021-02-18,112.1603,DTWEXBGS
2021-02-19,1.34,DGS10
2021-02-19,111.7058,DTWEXBGS
2021-02-22,1.37,DGS10
2021-02-22,111.918,DTWEXBGS
2021-02-23,1.37,DGS10
2021-02-23,111.8981,DTWEXBGS
2021-02-24,1.38,DGS10
2021-02-24,111.7212,DTWEXBGS
2021-02-25,111.9253,DTWEXBGS
2021-02-25,1.54,DGS10
2021-02-26,1.44,DGS10
2021-02-26,112.8306,DTWEXBGS
2021-03-01,112.5263,DTWEXBGS
2021-03-01,1.45,DGS10
2021-03-02,1.42,DGS10
2021-03-02,112.5342,DTWEXBGS
2021-03-03,1.47,DGS10
2021-03-03,112.7617,DTWEXBGS
2021-03-04,1.54,DGS10
2021-03-04,112.7037,DTWEXBGS
2021-03-05,1.56,DGS10
2021-03-05,113.7487,DTWEXBGS
2021-03-08,1.59,DGS10
2021-03-08,114.2678,DTWEXBGS
2021-03-09,1.55,DGS10
2021-03-09,113.928,DTWEXBGS
2021-03-10,1.53,DGS10
2021-03-10,113.5881,DTWEXBGS
2021-03-11,112.9214,DTWEXBGS
2021-03-11,1.54,DGS10
2021-03-12,1.64,DGS10
2021-03-12,113.0269,DTWEXBGS
2021-03-15,1.62,DGS10
2021-03-15,113.1928,DTWEXBGS
2021-03-16,1.62,DGS10
2021-03-16,112.9839,DTWEXBGS
2021-03-17,1.63,DGS10
2021-03-17,113.1589,DTWEXBGS
2021-03-18,1.71,DGS10
2021-03-18,112.7744,DTWEXBGS
2021-03-19,1.74,DGS10
2021-03-19,112.9756,DTWEXBGS
2021-03-22,1.69,DGS10
2021-03-22,113.0023,DTWEXBGS
2021-03-23,1.63,DGS10
2021-03-23,113.2916,DTWEXBGS
2021-03-24,1.62,DGS10
2021-03-24,113.6565,DTWEXBGS
2021-03-25,1.63,DGS10
2021-03-25,114.0016,DTWEXBGS
2021-03-26,1.67,DGS10
2021-03-26,113.7406,DTWEXBGS
2021-03-29,1.73,DGS10
2021-03-29,113.9314,DTWEXBGS
2021-03-30,114.203,DTWEXBGS
2021-03-30,1.73,DGS10
2021-03-31,1.74,DGS10
2021-03-31,113.8234,DTWEXBGS
2021-04-01,113.7389,DTWEXBGS
2021-04-01,1.69,DGS10
2021-04-02,113.7315,DTWEXBGS
2021-04-02,1.72,DGS10
2021-04-05,113.394,DTWEXBGS
2021-04-05,1.73,DGS10
2021-04-06,113.1464,DTWEXBGS
2021-04-06,1.67,DGS10
2021-04-07,113.2436,DTWEXBGS
2021-04-07,1.68,DGS10
2021-04-08,113.0917,DTWEXBGS
2021-04-08,1.64,DGS10
2021-04-09,113.2028,DTWEXBGS
2021-04-09,1.67,DGS10
2021-04-12,113.1815,DTWEXBGS
2021-04-12,1.69,DGS10
2021-04-13,113.0391,DTWEXBGS
2021-04-13,1.64,DGS10
2021-04-14,112.7849,DTWEXBGS
2021-04-14,1.64,DGS10
2021-04-15,112.6181,DTWEXBGS
2021-04-15,1.56,DGS10
2021-04-16,1.59,DGS10
2021-04-16,112.4814,DTWEXBGS
2021-04-19,112.1835,DTWEXBGS
2021-04-19,1.61,DGS10
2021-04-20,1.58,DGS10
2021-04-20,112.2354,DTWEXBGS
2021-04-21,1.57,DGS10
2021-04-21,112.1771,DTWEXBGS
2021-04-22,1.57,DGS10
2021-04-22,112.2297,DTWEXBGS
2021-04-23,1.58,DGS10
2021-04-23,112.0889,DTWEXBGS
2021-04-26,1.58,DGS10
2021-04-26,111.8109,DTWEXBGS
2021-04-27,1.63,DGS10
2021-04-27,111.9097,DTWEXBGS
2021-04-28,1.63,DGS10
2021-04-28,111.7909,DTWEXBGS
2021-04-29,1.65,DGS10
2021-04-29,111.7464,DTWEXBGS
2021-04-30,1.65,DGS10
2021-04-30,112.0839,DTWEXBGS
2021-05-03,1.63,DGS10
2021-05-03,112.005,DTWEXBGS
2021-05-04,1.61,DGS10
2021-05-04,112.2896,DTWEXBGS
2021-05-05,112.1514,DTWEXBGS
2021-05-05,1.59,DGS10
2021-05-06,111.8401,DTWEXBGS
2021-05-06,1.58,DGS10
2021-05-07,111.0249,DTWEXBGS
2021-05-07,1.6,DGS10
2021-05-10,110.7905,DTWEXBGS
2021-05-10,1.63,DGS10
2021-05-11,1.64,DGS10
2021-05-11,110.8921,DTWEXBGS
2021-05-12,1.69,DGS10
2021-05-12,111.5636,DTWEXBGS
2021-05-13,1.66,DGS10
2021-05-13,111.5955,DTWEXBGS
2021-05-14,1.63,DGS10
2021-05-14,111.1353,DTWEXBGS
2021-05-17,111.079,DTWEXBGS
2021-05-17,1.64,DGS10
2021-05-18,110.8317,DTWEXBGS
2021-05-18,1.64,DGS10
2021-05-19,110.8807,DTWEXBGS
2021-05-19,1.68,DGS10
2021-05-20,110.8605,DTWEXBGS
2021-05-20,1.63,DGS10
2021-05-21,111.0576,DTWEXBGS
2021-05-21,1.63,DGS10
2021-05-24,110.9118,DTWEXBGS
2021-05-24,1.61,DGS10
2021-05-25,1.56,DGS10
2021-05-25,110.842,DTWEXBGS
2021-05-26,1.58,DGS10
2021-05-26,110.8677,DTWEXBGS
2021-05-27,1.61,DGS10
2021-05-27,110.8688,DTWEXBGS
2021-05-28,1.58,DGS10
2021-05-28,110.7576,DTWEXBGS
2021-06-01,1.62,DGS10
2021-06-01,110.5046,DTWEXBGS
2021-06-02,1.59,DGS10
2021-06-02,110.5799,DTWEXBGS
2021-06-03,1.63,DGS10
2021-06-03,111.1782,DTWEXBGS
2021-06-04,1.56,DGS10
2021-06-04,110.7521,DTWEXBGS
2021-06-07,1.57,DGS10
2021-06-07,110.5155,DTWEXBGS
2021-06-08,1.53,DGS10
2021-06-08,110.649,DTWEXBGS
2021-06-09,110.5707,DTWEXBGS
2021-06-09,1.5,DGS10
2021-06-10,1.45,DGS10
2021-06-10,110.5456,DTWEXBGS
2021-06-11,1.47,DGS10
2021-06-11,111.0933,DTWEXBGS
2021-06-14,1.51,DGS10
2021-06-14,110.9659,DTWEXBGS
2021-06-15,1.51,DGS10
2021-06-15,111.3507,DTWEXBGS
2021-06-16,111.1165,DTWEXBGS
2021-06-16,1.57,DGS10
2021-06-17,1.52,DGS10
2021-06-17,112.5772,DTWEXBGS
2021-06-18,1.45,DGS10
2021-06-18,113.0408,DTWEXBGS
2021-06-21,112.8391,DTWEXBGS
2021-06-21,1.5,DGS10
2021-06-22,112.9174,DTWEXBGS
2021-06-22,1.48,DGS10
2021-06-23,112.3819,DTWEXBGS
2021-06-23,1.5,DGS10
2021-06-24,1.49,DGS10
2021-06-24,112.326,DTWEXBGS
2021-06-25,1.54,DGS10
2021-06-25,111.9655,DTWEXBGS
2021-06-28,1.49,DGS10
2021-06-28,112.0248,DTWEXBGS
2021-06-29,112.2613,DTWEXBGS
2021-06-29,1.49,DGS10
2021-06-30,112.5533,DTWEXBGS
2021-06-30,1.45,DGS10
2021-07-01,1.48,DGS10
2021-07-01,112.74,DTWEXBGS
2021-07-02,1.44,DGS10
2021-07-02,112.5425,DTWEXBGS
2021-07-06,112.9516,DTWEXBGS
2021-07-06,1.37,DGS10
2021-07-07,1.33,DGS10
2021-07-07,113.1048,DTWEXBGS
2021-07-08,1.3,DGS10
2021-07-08,113.0776,DTWEXBGS
2021-07-09,1.37,DGS10
2021-07-09,112.8375,DTWEXBGS
2021-07-12,112.7611,DTWEXBGS
2021-07-12,1.38,DGS10
2021-07-13,1.42,DGS10
2021-07-13,113.0063,DTWEXBGS
2021-07-14,1.37,DGS10
2021-07-14,112.8801,DTWEXBGS
2021-07-15,113.0041,DTWEXBGS
2021-07-15,1.31,DGS10
2021-07-16,113.0428,DTWEXBGS
2021-07-16,1.31,DGS10
2021-07-19,1.19,DGS10
2021-07-19,113.5472,DTWEXBGS
2021-07-20,1.23,DGS10
2021-07-20,113.7502,DTWEXBGS
2021-07-21,1.3,DGS10
2021-07-21,113.3926,DTWEXBGS
2021-07-22,1.27,DGS10
2021-07-22,113.4695,DTWEXBGS
2021-07-23,113.4398,DTWEXBGS
2021-07-23,1.3,DGS10
2021-07-26,113.2238,DTWEXBGS
2021-07-26,1.29,DGS10
2021-07-27,113.2227,DTWEXBGS
2021-07-27,1.25,DGS10
2021-07-28,113.1807,DTWEXBGS
2021-07-28,1.26,DGS10
2021-07-29,1.28,DGS10
2021-07-29,112.4834,DTWEXBGS
2021-07-30,112.6714,DTWEXBGS
2021-07-30,1.24,DGS10
2021-08-02,112.6691,DTWEXBGS
2021-08-02,1.2,DGS10
2021-08-03,112.8228,DTWEXBGS
2021-08-03,1.19,DGS10
2021-08-04,112.8953,DTWEXBGS
2021-08-04,1.19,DGS10
2021-08-05,112.7674,DTWEXBGS
2021-08-05,1.23,DGS10
2021-08-06,113.3088,DTWEXBGS
2021-08-06,1.31,DGS10
2021-08-09,113.4521,DTWEXBGS
2021-08-09,1.33,DGS10
2021-08-10,1.36,DGS10
2021-08-10,113.4973,DTWEXBGS
2021-08-11,113.282,DTWEXBGS
2021-08-11,1.35,DGS10
2021-08-12,1.36,DGS10
2021-08-12,113.2691,DTWEXBGS
2021-08-13,1.29,DGS10
2021-08-13,113.0615,DTWEXBGS
2021-08-16,1.26,DGS10
2021-08-16,113.1698,DTWEXBGS
2021-08-17,1.26,DGS10
2021-08-17,113.6174,DTWEXBGS
2021-08-18,1.27,DGS10
2021-08-18,113.6959,DTWEXBGS
2021-08-19,1.24,DGS10
2021-08-19,114.1106,DTWEXBGS
2021-08-20,114.5009,DTWEXBGS
2021-08-20,1.26,DGS10
2021-08-23,113.9418,DTWEXBGS
2021-08-23,1.25,DGS10
2021-08-24,1.29,DGS10
2021-08-24,113.6795,DTWEXBGS
2021-08-25,113.6322,DTWEXBGS
2021-08-25,1.35,DGS10
2021-08-26,1.34,DGS10
2021-08-26,113.7883,DTWEXBGS
2021-08-27,1.31,DGS10
2021-08-27,113.3404,DTWEXBGS
2021-08-30,1.29,DGS10
2021-08-30,113.246,DTWEXBGS
2021-08-31,113.1076,DTWEXBGS
2021-08-31,1.3,DGS10
2021-09-01,1.31,DGS10
2021-09-01,112.8732,DTWEXBGS
2021-09-02,1.29,DGS10
2021-09-02,112.7863,DTWEXBGS
2021-09-03,112.5476,DTWEXBGS
2021-09-03,1.33,DGS10
2021-09-07,1.38,DGS10
2021-09-07,112.9795,DTWEXBGS
2021-09-08,1.35,DGS10
2021-09-08,113.2319,DTWEXBGS
2021-09-09,1.3,DGS10
2021-09-09,113.043,DTWEXBGS
2021-09-10,1.35,DGS10
2021-09-10,112.9425,DTWEXBGS
2021-09-13,113.0341,DTWEXBGS
2021-09-13,1.33,DGS10
2021-09-14,113.0061,DTWEXBGS
2021-09-14,1.28,DGS10
2021-09-15,112.9773,DTWEXBGS
2021-09-15,1.31,DGS10
2021-09-16,1.34,DGS10
2021-09-16,113.3036,DTWEXBGS
2021-09-17,1.37,DGS10
2021-09-17,113.5989,DTWEXBGS
2021-09-20,1.31,DGS10
2021-09-20,113.9422,DTWEXBGS
2021-09-21,1.33,DGS10
2021-09-21,113.8179,DTWEXBGS
2021-09-22,113.6223,DTWEXBGS
2021-09-22,1.32,DGS10
2021-09-23,113.513,DTWEXBGS
2021-09-23,1.41,DGS10
2021-09-24,113.7597,DTWEXBGS
2021-09-24,1.47,DGS10
2021-09-27,113.7432,DTWEXBGS
2021-09-27,1.48,DGS10
2021-09-28,1.54,DGS10
2021-09-28,114.2469,DTWEXBGS
2021-09-29,114.7092,DTWEXBGS
2021-09-29,1.55,DGS10
2021-09-30,1.52,DGS10
2021-09-30,114.6403,DTWEXBGS
2021-10-01,114.3798,DTWEXBGS
2021-10-01,1.48,DGS10
2021-10-04,1.49,DGS10
2021-10-04,114.2739,DTWEXBGS
2021-10-05,114.3654,DTWEXBGS
2021-10-05,1.54,DGS10
2021-10-06,114.7185,DTWEXBGS
2021-10-06,1.53,DGS10
2021-10-07,114.5044,DTWEXBGS
2021-10-07,1.58,DGS10
2021-10-08,114.5986,DTWEXBGS
2021-10-08,1.61,DGS10
2021-10-12,114.7542,DTWEXBGS
2021-10-12,1.59,DGS10
2021-10-13,114.4705,DTWEXBGS
2021-10-13,1.56,DGS10
2021-10-14,1.52,DGS10
2021-10-14,114.2053,DTWEXBGS
2021-10-15,114.0905,DTWEXBGS
2021-10-15,1.59,DGS10
2021-10-18,113.9899,DTWEXBGS
2021-10-18,1.59,DGS10
2021-10-19,1.65,DGS10
2021-10-19,113.647,DTWEXBGS
2021-10-20,113.5083,DTWEXBGS
2021-10-20,1.65,DGS10
2021-10-21,113.6188,DTWEXBGS
2021-10-21,1.68,DGS10
2021-10-22,113.67,DTWEXBGS
2021-10-22,1.66,DGS10
2021-10-25,113.605,DTWEXBGS
2021-10-25,1.64,DGS10
2021-10-26,1.63,DGS10
2021-10-26,113.674,DTWEXBGS
2021-10-27,1.54,DGS10
2021-10-27,113.6218,DTWEXBGS
2021-10-28,113.4389,DTWEXBGS
2021-10-28,1.57,DGS10
2021-10-29,114.1349,DTWEXBGS
2021-10-29,1.55,DGS10
2021-11-01,1.58,DGS10
2021-11-01,114.2067,DTWEXBGS
2021-11-02,1.56,DGS10
2021-11-02,114.2847,DTWEXBGS
2021-11-03,1.6,DGS10
2021-11-03,114.3593,DTWEXBGS
2021-11-04,1.53,DGS10
2021-11-04,114.3558,DTWEXBGS
2021-11-05,1.45,DGS10
2021-11-05,114.0732,DTWEXBGS
2021-11-08,113.8256,DTWEXBGS
2021-11-08,1.51,DGS10
2021-11-09,113.762,DTWEXBGS
2021-11-09,1.46,DGS10
2021-11-10,114.1484,DTWEXBGS
2021-11-10,1.56,DGS10
2021-11-12,114.5144,DTWEXBGS
2021-11-12,1.58,DGS10
2021-11-15,1.63,DGS10
2021-11-15,114.5876,DTWEXBGS
2021-11-16,1.63,DGS10
2021-11-16,115.136,DTWEXBGS
2021-11-17,1.6,DGS10
2021-11-17,115.0263,DTWEXBGS
2021-11-18,1.59,DGS10
2021-11-18,115.0678,DTWEXBGS
2021-11-19,1.54,DGS10
2021-11-19,115.2187,DTWEXBGS
2021-11-22,1.63,DGS10
2021-11-22,115.6481,DTWEXBGS
2021-11-23,1.67,DGS10
2021-11-23,116.0118,DTWEXBGS
2021-11-24,116.2711,DTWEXBGS
2021-11-24,1.64,DGS10
2021-11-26,1.48,DGS10
2021-11-26,116.5103,DTWEXBGS
2021-11-29,116.581,DTWEXBGS
2021-11-29,1.52,DGS10
2021-11-30,116.2071,DTWEXBGS
2021-11-30,1.43,DGS10
2021-12-01,115.889,DTWEXBGS
2021-12-01,1.43,DGS10
2021-12-02,116.018,DTWEXBGS
2021-12-02,1.44,DGS10
2021-12-03,1.35,DGS10
2021-12-03,116.2377,DTWEXBGS
2021-12-06,116.1538,DTWEXBGS
2021-12-06,1.43,DGS10
2021-12-07,115.8555,DTWEXBGS
2021-12-07,1.48,DGS10
2021-12-08,115.4418,DTWEXBGS
2021-12-08,1.52,DGS10
2021-12-09,1.49,DGS10
2021-12-09,115.7784,DTWEXBGS
2021-12-10,1.48,DGS10
2021-12-10,115.5732,DTWEXBGS
2021-12-13,1.42,DGS10
2021-12-13,115.842,DTWEXBGS
2021-12-14,116.2397,DTWEXBGS
2021-12-14,1.44,DGS10
2021-12-15,1.47,DGS10
2021-12-15,116.4219,DTWEXBGS
2021-12-16,1.44,DGS10
2021-12-16,115.7146,DTWEXBGS
2021-12-17,115.791,DTWEXBGS
2021-12-17,1.41,DGS10
2021-12-20,1.43,DGS10
2021-12-20,116.0092,DTWEXBGS
2021-12-21,1.48,DGS10
2021-12-21,116.1089,DTWEXBGS
2021-12-22,115.7485,DTWEXBGS
2021-12-22,1.46,DGS10
2021-12-23,1.5,DGS10
2021-12-23,115.5337,DTWEXBGS
2021-12-27,115.4684,DTWEXBGS
2021-12-27,1.48,DGS10
2021-12-28,1.49,DGS10
2021-12-28,115.4192,DTWEXBGS
2021-12-29,115.3678,DTWEXBGS
2021-12-29,1.55,DGS10
2021-12-30,115.283,DTWEXBGS
2021-12-30,1.52,DGS10
2021-12-31,1.52,DGS10
2022-01-03,1.63,DGS10
2022-01-03,115.4101,DTWEXBGS
2022-01-04,1.66,DGS10
2022-01-04,115.3103,DTWEXBGS
2022-01-05,1.71,DGS10
2022-01-05,115.137,DTWEXBGS
2022-01-06,1.73,DGS10
2022-01-06,115.4046,DTWEXBGS
2022-01-07,1.76,DGS10
2022-01-07,115.0451,DTWEXBGS
2022-01-10,1.78,DGS10
2022-01-10,115.2216,DTWEXBGS
2022-01-11,1.75,DGS10
2022-01-11,114.8332,DTWEXBGS
2022-01-12,114.355,DTWEXBGS
2022-01-12,1.74,DGS10
2022-01-13,114.177,DTWEXBGS
2022-01-13,1.7,DGS10
2022-01-14,114.3825,DTWEXBGS
2022-01-14,1.78,DGS10
2022-01-18,114.7373,DTWEXBGS
2022-01-18,1.87,DGS10
2022-01-19,114.6109,DTWEXBGS
2022-01-19,1.83,DGS10
2022-01-20,114.4642,DTWEXBGS
2022-01-20,1.83,DGS10
2022-01-21,114.6125,DTWEXBGS
2022-01-21,1.75,DGS10
2022-01-24,115.2034,DTWEXBGS
2022-01-24,1.75,DGS10
2022-01-25,115.1654,DTWEXBGS
2022-01-25,1.78,DGS10
2022-01-26,115.0922,DTWEXBGS
2022-01-26,1.85,DGS10
2022-01-27,115.978,DTWEXBGS
2022-01-27,1.81,DGS10
2022-01-28,116.0393,DTWEXBGS
2022-01-28,1.78,DGS10
2022-01-31,115.566,DTWEXBGS
2022-01-31,1.79,DGS10
2022-02-01,1.81,DGS10
2022-02-01,115.3685,DTWEXBGS
2022-02-02,1.78,DGS10
2022-02-02,115.1538,DTWEXBGS
2022-02-03,1.82,DGS10
2022-02-03,114.9065,DTWEXBGS
2022-02-04,115.1362,DTWEXBGS
2022-02-04,1.93,DGS10
2022-02-07,1.92,DGS10
2022-02-07,115.0098,DTWEXBGS
2022-02-08,1.96,DGS10
2022-02-08,115.0892,DTWEXBGS
2022-02-09,1.94,DGS10
2022-02-09,114.8232,DTWEXBGS
2022-02-10,2.03,DGS10
2022-02-10,114.5527,DTWEXBGS
2022-02-11,1.92,DGS10
2022-02-11,114.8413,DTWEXBGS
2022-02-14,1.98,DGS10
2022-02-14,115.1946,DTWEXBGS
2022-02-15,2.05,DGS10
2022-02-15,114.93,DTWEXBGS
2022-02-16,2.03,DGS10
2022-02-16,114.6886,DTWEXBGS
2022-02-17,1.97,DGS10
2022-02-17,114.6755,DTWEXBGS
2022-02-18,1.92,DGS10
2022-02-18,114.7982,DTWEXBGS
2022-02-22,1.94,DGS10
2022-02-22,114.7002,DTWEXBGS
2022-02-23,114.6668,DTWEXBGS
2022-02-23,1.99,DGS10
2022-02-24,115.9419,DTWEXBGS
2022-02-24,1.96,DGS10
2022-02-25,115.2577,DTWEXBGS
2022-02-25,1.97,DGS10
2022-02-28,115.2224,DTWEXBGS
2022-02-28,1.83,DGS10
2022-03-01,115.7962,DTWEXBGS
2022-03-01,1.72,DGS10
2022-03-02,115.7623,DTWEXBGS
2022-03-02,1.86,DGS10
2022-03-03,1.86,DGS10
2022-03-03,115.9495,DTWEXBGS
2022-03-04,1.74,DGS10
2022-03-04,116.6503,DTWEXBGS
2022-03-07,117.3278,DTWEXBGS
2022-03-07,1.78,DGS10
2022-03-08,117.6176,DTWEXBGS
2022-03-08,1.86,DGS10
2022-03-09,116.5961,DTWEXBGS
2022-03-09,1.94,DGS10
2022-03-10,1.98,DGS10
2022-03-10,116.7401,DTWEXBGS
2022-03-11,117.0192,DTWEXBGS
2022-03-11,2.0,DGS10
2022-03-14,2.14,DGS10
2022-03-14,117.1506,DTWEXBGS
2022-03-15,117.246,DTWEXBGS
2022-03-15,2.15,DGS10
2022-03-16,2.19,DGS10
2022-03-16,116.8073,DTWEXBGS
2022-03-17,2.2,DGS10
2022-03-17,116.0467,DTWEXBGS
2022-03-18,116.1378,DTWEXBGS
2022-03-18,2.14,DGS10
2022-03-21,115.9398,DTWEXBGS
2022-03-21,2.32,DGS10
2022-03-22,116.0824,DTWEXBGS
2022-03-22,2.38,DGS10
2022-03-23,2.32,DGS10
2022-03-23,116.005,DTWEXBGS
2022-03-24,115.9599,DTWEXBGS
2022-03-24,2.34,DGS10
2022-03-25,115.7921,DTWEXBGS
2022-03-25,2.48,DGS10
2022-03-28,2.46,DGS10
2022-03-28,116.1911,DTWEXBGS
2022-03-29,2.41,DGS10
2022-03-29,115.5679,DTWEXBGS
2022-03-30,2.35,DGS10
2022-03-30,115.0818,DTWEXBGS
2022-03-31,115.2218,DTWEXBGS
2022-03-31,2.32,DGS10
2022-04-01,115.4814,DTWEXBGS
2022-04-01,2.39,DGS10
2022-04-04,2.42,DGS10
2022-04-04,115.4112,DTWEXBGS
2022-04-05,115.73,DTWEXBGS
2022-04-05,2.54,DGS10
2022-04-06,115.9995,DTWEXBGS
2022-04-06,2.61,DGS10
2022-04-07,116.3512,DTWEXBGS
2022-04-07,2.66,DGS10
2022-04-08,116.4176,DTWEXBGS
2022-04-08,2.72,DGS10
2022-04-11,116.5401,DTWEXBGS
2022-04-11,2.79,DGS10
2022-04-12,2.72,DGS10
2022-04-12,116.3866,DTWEXBGS
2022-04-13,2.7,DGS10
2022-04-13,116.2796,DTWEXBGS
2022-04-14,2.83,DGS10
2022-04-14,116.7558,DTWEXBGS
2022-04-15,116.7017,DTWEXBGS
2022-04-18,116.8441,DTWEXBGS
2022-04-18,2.85,DGS10
2022-04-19,2.93,DGS10
2022-04-19,117.1324,DTWEXBGS
2022-04-20,116.7306,DTWEXBGS
2022-04-20,2.85,DGS10
2022-04-21,2.9,DGS10
2022-04-21,117.1432,DTWEXBGS
2022-04-22,118.0186,DTWEXBGS
2022-04-22,2.9,DGS10
2022-04-25,2.81,DGS10
2022-04-25,118.6271,DTWEXBGS
2022-04-26,2.77,DGS10
2022-04-26,118.9624,DTWEXBGS
2022-04-27,2.82,DGS10
2022-04-27,119.4708,DTWEXBGS
2022-04-28,2.85,DGS10
2022-04-28,120.0675,DTWEXBGS
2022-04-29,2.89,DGS10
2022-04-29,119.4933,DTWEXBGS
2022-05-02,119.8825,DTWEXBGS
2022-05-02,2.99,DGS10
2022-05-03,2.97,DGS10
2022-05-03,119.7043,DTWEXBGS
2022-05-04,119.5592,DTWEXBGS
2022-05-04,2.93,DGS10
2022-05-05,3.05,DGS10
2022-05-05,120.0068,DTWEXBGS
2022-05-06,119.8577,DTWEXBGS
2022-05-06,3.12,DGS10
2022-05-09,3.05,DGS10
2022-05-09,120.4972,DTWEXBGS
2022-05-10,120.7742,DTWEXBGS
2022-05-10,2.99,DGS10
2022-05-11,2.91,DGS10
2022-05-11,120.3925,DTWEXBGS
2022-05-12,121.2796,DTWEXBGS
2022-05-12,2.84,DGS10
2022-05-13,120.8442,DTWEXBGS
2022-05-13,2.93,DGS10
2022-05-16,2.88,DGS10
2022-05-16,120.6881,DTWEXBGS
2022-05-17,2.98,DGS10
2022-05-17,119.8871,DTWEXBGS
2022-05-18,2.89,DGS10
2022-05-18,120.0274,DTWEXBGS
2022-05-19,2.84,DGS10
2022-05-19,119.4278,DTWEXBGS
2022-05-20,2.78,DGS10
2022-05-20,119.3677,DTWEXBGS
2022-05-23,2.86,DGS10
2022-05-23,118.7169,DTWEXBGS
2022-05-24,2.76,DGS10
2022-05-24,118.6245,DTWEXBGS
2022-05-25,2.75,DGS10
2022-05-25,118.9598,DTWEXBGS
2022-05-26,2.75,DGS10
2022-05-26,118.7687,DTWEXBGS
2022-05-27,118.2834,DTWEXBGS
2022-05-27,2.74,DGS10
2022-05-31,118.0704,DTWEXBGS
2022-05-31,2.85,DGS10
2022-06-01,2.94,DGS10
2022-06-01,118.6954,DTWEXBGS
2022-06-02,2.92,DGS10
2022-06-02,118.0658,DTWEXBGS
2022-06-03,118.2153,DTWEXBGS
2022-06-03,2.96,DGS10
2022-06-06,118.3081,DTWEXBGS
2022-06-06,3.04,DGS10
2022-06-07,118.4414,DTWEXBGS
2022-06-07,2.98,DGS10
2022-06-08,3.03,DGS10
2022-06-08,118.3951,DTWEXBGS
2022-06-09,118.9226,DTWEXBGS
2022-06-09,3.04,DGS10
2022-06-10,3.15,DGS10
2022-06-10,119.9981,DTWEXBGS
2022-06-13,3.43,DGS10
2022-06-13,121.1523,DTWEXBGS
2022-06-14,121.6669,DTWEXBGS
2022-06-14,3.49,DGS10
2022-06-15,121.6403,DTWEXBGS
2022-06-15,3.33,DGS10
2022-06-16,3.28,DGS10
2022-06-16,120.6714,DTWEXBGS
2022-06-17,121.2369,DTWEXBGS
2022-06-17,3.25,DGS10
2022-06-21,120.6427,DTWEXBGS
2022-06-21,3.31,DGS10
2022-06-22,120.5197,DTWEXBGS
2022-06-22,3.16,DGS10
2022-06-23,120.7622,DTWEXBGS
2022-06-23,3.09,DGS10
2022-06-24,3.13,DGS10
2022-06-24,120.4853,DTWEXBGS
2022-06-27,3.2,DGS10
2022-06-27,120.1736,DTWEXBGS
2022-06-28,120.62,DTWEXBGS
2022-06-28,3.2,DGS10
2022-06-29,120.9616,DTWEXBGS
2022-06-29,3.1,DGS10
2022-06-30,120.9652,DTWEXBGS
2022-06-30,2.98,DGS10
2022-07-01,121.5058,DTWEXBGS
2022-07-01,2.88,DGS10
2022-07-05,2.82,DGS10
2022-07-05,122.6203,DTWEXBGS
2022-07-06,2.93,DGS10
2022-07-06,123.0073,DTWEXBGS
2022-07-07,3.01,DGS10
2022-07-07,122.7257,DTWEXBGS
2022-07-08,122.4662,DTWEXBGS
2022-07-08,3.09,DGS10
2022-07-11,123.2974,DTWEXBGS
2022-07-11,2.99,DGS10
2022-07-12,123.4524,DTWEXBGS
2022-07-12,2.96,DGS10
2022-07-13,123.2834,DTWEXBGS
2022-07-13,2.91,DGS10
2022-07-14,124.0622,DTWEXBGS
2022-07-14,2.96,DGS10
2022-07-15,2.93,DGS10
2022-07-15,123.4765,DTWEXBGS
2022-07-18,122.7727,DTWEXBGS
2022-07-18,2.96,DGS10
2022-07-19,122.4819,DTWEXBGS
2022-07-19,3.01,DGS10
2022-07-20,122.5997,DTWEXBGS
2022-07-20,3.04,DGS10
2022-07-21,2.91,DGS10
2022-07-21,122.9032,DTWEXBGS
2022-07-22,122.451,DTWEXBGS
2022-07-22,2.77,DGS10
2022-07-25,122.4594,DTWEXBGS
2022-07-25,2.81,DGS10
2022-07-26,122.7581,DTWEXBGS
2022-07-26,2.81,DGS10
2022-07-27,2.78,DGS10
2022-07-27,122.8169,DTWEXBGS
2022-07-28,2.68,DGS10
2022-07-28,122.1161,DTWEXBGS
2022-07-29,121.7678,DTWEXBGS
2022-07-29,2.67,DGS10
2022-08-01,121.4109,DTWEXBGS
2022-08-01,2.6,DGS10
2022-08-02,121.9486,DTWEXBGS
2022-08-02,2.75,DGS10
2022-08-03,122.3888,DTWEXBGS
2022-08-03,2.73,DGS10
2022-08-04,121.8333,DTWEXBGS
2022-08-04,2.68,DGS10
2022-08-05,2.83,DGS10
2022-08-05,122.321,DTWEXBGS
2022-08-08,2.77,DGS10
2022-08-08,121.8783,DTWEXBGS
2022-08-09,2.8,DGS10
2022-08-09,121.8614,DTWEXBGS
2022-08-10,120.7543,DTWEXBGS
2022-08-10,2.78,DGS10
2022-08-11,120.7163,DTWEXBGS
2022-08-11,2.87,DGS10
2022-08-12,121.018,DTWEXBGS
2022-08-12,2.84,DGS10
2022-08-15,121.4315,DTWEXBGS
2022-08-15,2.79,DGS10
2022-08-16,121.6807,DTWEXBGS
2022-08-16,2.82,DGS10
2022-08-17,122.0711,DTWEXBGS
2022-08-17,2.89,DGS10
2022-08-18,2.88,DGS10
2022-08-18,122.3627,DTWEXBGS
2022-08-19,2.98,DGS10
2022-08-19,123.0501,DTWEXBGS
2022-08-22,123.605,DTWEXBGS
2022-08-22,3.03,DGS10
2022-08-23,3.05,DGS10
2022-08-23,123.0547,DTWEXBGS
2022-08-24,123.109,DTWEXBGS
2022-08-24,3.11,DGS10
2022-08-25,3.03,DGS10
2022-08-25,123.0586,DTWEXBGS
2022-08-26,3.04,DGS10
2022-08-26,123.0656,DTWEXBGS
2022-08-29,3.12,DGS10
2022-08-29,123.4686,DTWEXBGS
2022-08-30,123.6848,DTWEXBGS
2022-08-30,3.11,DGS10
2022-08-31,3.15,DGS10
2022-08-31,123.535,DTWEXBGS
2022-09-01,124.4006,DTWEXBGS
2022-09-01,3.26,DGS10
2022-09-02,3.2,DGS10
2022-09-02,123.7743,DTWEXBGS
2022-09-06,124.767,DTWEXBGS
2022-09-06,3.33,DGS10
2022-09-07,3.27,DGS10
2022-09-07,124.8408,DTWEXBGS
2022-09-08,3.29,DGS10
2022-09-08,124.578,DTWEXBGS
2022-09-09,3.33,DGS10
2022-09-09,123.7874,DTWEXBGS
2022-09-12,123.3332,DTWEXBGS
2022-09-12,3.37,DGS10
2022-09-13,3.42,DGS10
2022-09-13,124.4242,DTWEXBGS
2022-09-14,3.41,DGS10
2022-09-14,124.4509,DTWEXBGS
2022-09-15,124.8843,DTWEXBGS
2022-09-15,3.45,DGS10
2022-09-16,3.45,DGS10
2022-09-16,124.8794,DTWEXBGS
2022-09-19,3.49,DGS10
2022-09-19,125.0104,DTWEXBGS
2022-09-20,3.57,DGS10
2022-09-20,125.1248,DTWEXBGS
2022-09-21,3.51,DGS10
2022-09-21,125.7399,DTWEXBGS
2022-09-22,126.1667,DTWEXBGS
2022-09-22,3.7,DGS10
2022-09-23,127.2853,DTWEXBGS
2022-09-23,3.69,DGS10
2022-09-26,128.4539,DTWEXBGS
2022-09-26,3.88,DGS10
2022-09-27,3.97,DGS10
2022-09-27,128.4386,DTWEXBGS
2022-09-28,3.72,DGS10
2022-09-28,128.0884,DTWEXBGS
2022-09-29,3.76,DGS10
2022-09-29,127.5437,DTWEXBGS
2022-09-30,3.83,DGS10
2022-09-30,127.5148,DTWEXBGS
2022-10-03,127.0813,DTWEXBGS
2022-10-03,3.67,DGS10
2022-10-04,126.1819,DTWEXBGS
2022-10-04,3.62,DGS10
2022-10-05,126.8616,DTWEXBGS
2022-10-05,3.76,DGS10
2022-10-06,3.83,DGS10
2022-10-06,127.2493,DTWEXBGS
2022-10-07,127.3111,DTWEXBGS
2022-10-07,3.89,DGS10
2022-10-11,3.93,DGS10
2022-10-11,127.6641,DTWEXBGS
2022-10-12,128.1481,DTWEXBGS
2022-10-12,3.91,DGS10
2022-10-13,3.97,DGS10
2022-10-13,127.7286,DTWEXBGS
2022-10-14,128.3325,DTWEXBGS
2022-10-14,4.0,DGS10
2022-10-17,127.6448,DTWEXBGS
2022-10-17,4.02,DGS10
2022-10-18,127.9153,DTWEXBGS
2022-10-18,4.01,DGS10
2022-10-19,128.3968,DTWEXBGS
2022-10-19,4.14,DGS10
2022-10-20,4.24,DGS10
2022-10-20,128.0052,DTWEXBGS
2022-10-21,4.21,DGS10
2022-10-21,127.6735,DTWEXBGS
2022-10-24,4.25,DGS10
2022-10-24,128.0304,DTWEXBGS
2022-10-25,127.3771,DTWEXBGS
2022-10-25,4.1,DGS10
2022-10-26,4.04,DGS10
2022-10-26,126.4723,DTWEXBGS
2022-10-27,126.7028,DTWEXBGS
2022-10-27,3.96,DGS10
2022-10-28,4.02,DGS10
2022-10-28,127.2135,DTWEXBGS
2022-10-31,4.1,DGS10
2022-10-31,127.6219,DTWEXBGS
2022-11-01,4.07,DGS10
2022-11-01,127.3987,DTWEXBGS
2022-11-02,4.1,DGS10
2022-11-02,127.3115,DTWEXBGS
2022-11-03,4.14,DGS10
2022-11-03,128.1743,DTWEXBGS
2022-11-04,4.17,DGS10
2022-11-04,127.1468,DTWEXBGS
2022-11-07,4.22,DGS10
2022-11-07,126.3062,DTWEXBGS
2022-11-08,125.633,DTWEXBGS
2022-11-08,4.14,DGS10
2022-11-09,4.12,DGS10
2022-11-09,125.9861,DTWEXBGS
2022-11-10,3.82,DGS10
2022-11-10,124.7044,DTWEXBGS
2022-11-14,123.4277,DTWEXBGS
2022-11-14,3.88,DGS10
2022-11-15,123.039,DTWEXBGS
2022-11-15,3.8,DGS10
2022-11-16,3.67,DGS10
2022-11-16,123.2817,DTWEXBGS
2022-11-17,123.977,DTWEXBGS
2022-11-17,3.77,DGS10
2022-11-18,123.8524,DTWEXBGS
2022-11-18,3.82,DGS10
2022-11-21,124.7009,DTWEXBGS
2022-11-21,3.83,DGS10
2022-11-22,124.2365,DTWEXBGS
2022-11-22,3.76,DGS10
2022-11-23,123.7574,DTWEXBGS
2022-11-23,3.71,DGS10
2022-11-25,123.3386,DTWEXBGS
2022-11-25,3.68,DGS10
2022-11-28,123.6032,DTWEXBGS
2022-11-28,3.69,DGS10
2022-11-29,3.75,DGS10
2022-11-29,123.6615,DTWEXBGS
2022-11-30,3.68,DGS10
2022-11-30,123.5175,DTWEXBGS
2022-12-01,3.53,DGS10
2022-12-01,122.0045,DTWEXBGS
2022-12-02,122.0102,DTWEXBGS
2022-12-02,3.51,DGS10
2022-12-05,122.6384,DTWEXBGS
2022-12-05,3.6,DGS10
2022-12-06,3.51,DGS10
2022-12-06,123.0191,DTWEXBGS
2022-12-07,3.42,DGS10
2022-12-07,122.7608,DTWEXBGS
2022-12-08,122.4152,DTWEXBGS
2022-12-08,3.48,DGS10
2022-12-09,122.4201,DTWEXBGS
2022-12-09,3.57,DGS10
2022-12-12,122.7714,DTWEXBGS
2022-12-12,3.61,DGS10
2022-12-13,121.8493,DTWEXBGS
2022-12-13,3.51,DGS10
2022-12-14,121.8226,DTWEXBGS
2022-12-14,3.49,DGS10
2022-12-15,3.44,DGS10
2022-12-15,122.5519,DTWEXBGS
2022-12-16,3.48,DGS10
2022-12-16,122.6505,DTWEXBGS
2022-12-19,3.57,DGS10
2022-12-19,122.5275,DTWEXBGS
2022-12-20,3.69,DGS10
2022-12-20,122.1357,DTWEXBGS
2022-12-21,3.68,DGS10
2022-12-21,122.2828,DTWEXBGS
2022-12-22,3.67,DGS10
2022-12-22,122.2419,DTWEXBGS
2022-12-23,121.9743,DTWEXBGS
2022-12-23,3.75,DGS10
2022-12-27,121.7539,DTWEXBGS
2022-12-27,3.84,DGS10
2022-12-28,3.88,DGS10
2022-12-28,122.0075,DTWEXBGS
2022-12-29,3.83,DGS10
2022-12-29,121.6577,DTWEXBGS
2022-12-30,3.88,DGS10
2022-12-30,121.4256,DTWEXBGS
2023-01-03,122.0905,DTWEXBGS
2023-01-03,3.79,DGS10
2023-01-04,3.69,DGS10
2023-01-04,121.5008,DTWEXBGS
2023-01-05,3.71,DGS10
2023-01-05,122.1017,DTWEXBGS
2023-01-06,3.55,DGS10
2023-01-06,121.0852,DTWEXBGS
2023-01-09,3.53,DGS10
2023-01-09,120.1508,DTWEXBGS
2023-01-10,120.2483,DTWEXBGS
2023-01-10,3.61,DGS10
2023-01-11,3.54,DGS10
2023-01-11,120.1614,DTWEXBGS
2023-01-12,119.4218,DTWEXBGS
2023-01-12,3.43,DGS10
2023-01-13,119.1673,DTWEXBGS
2023-01-13,3.49,DGS10
2023-01-17,119.2121,DTWEXBGS
2023-01-17,3.53,DGS10
2023-01-18,3.37,DGS10
2023-01-18,119.0755,DTWEXBGS
2023-01-19,119.6107,DTWEXBGS
2023-01-19,3.39,DGS10
2023-01-20,3.48,DGS10
2023-01-20,119.3486,DTWEXBGS
2023-01-23,3.52,DGS10
2023-01-23,119.1434,DTWEXBGS
2023-01-24,3.46,DGS10
2023-01-24,119.0958,DTWEXBGS
2023-01-25,118.9686,DTWEXBGS
2023-01-25,3.46,DGS10
2023-01-26,3.49,DGS10
2023-01-26,119.021,DTWEXBGS
2023-01-27,118.9223,DTWEXBGS
2023-01-27,3.52,DGS10
2023-01-30,3.55,DGS10
2023-01-30,118.8953,DTWEXBGS
2023-01-31,3.52,DGS10
2023-01-31,118.9802,DTWEXBGS
2023-02-01,3.39,DGS10
2023-02-01,118.6259,DTWEXBGS
2023-02-02,3.4,DGS10
2023-02-02,118.3421,DTWEXBGS
2023-02-03,119.5095,DTWEXBGS
2023-02-03,3.53,DGS10
2023-02-06,120.541,DTWEXBGS
2023-02-06,3.63,DGS10
2023-02-07,3.67,DGS10
2023-02-07,120.3475,DTWEXBGS
2023-02-08,120.1436,DTWEXBGS
2023-02-08,3.63,DGS10
2023-02-09,119.9781,DTWEXBGS
2023-02-09,3.67,DGS10
2023-02-10,120.1419,DTWEXBGS
2023-02-10,3.74,DGS10
2023-02-13,119.9828,DTWEXBGS
2023-02-13,3.72,DGS10
2023-02-14,3.77,DGS10
2023-02-14,119.9229,DTWEXBGS
2023-02-15,120.4557,DTWEXBGS
2023-02-15,3.81,DGS10
2023-02-16,120.4651,DTWEXBGS
2023-02-16,3.86,DGS10
2023-02-17,3.82,DGS10
2023-02-17,120.5526,DTWEXBGS
2023-02-21,3.95,DGS10
2023-02-21,120.6256,DTWEXBGS
2023-02-22,3.93,DGS10
2023-02-22,120.8389,DTWEXBGS
2023-02-23,3.88,DGS10
2023-02-23,121.0896,DTWEXBGS
2023-02-24,3.95,DGS10
2023-02-24,121.5681,DTWEXBGS
2023-02-27,121.3941,DTWEXBGS
2023-02-27,3.92,DGS10
2023-02-28,121.3341,DTWEXBGS
2023-02-28,3.92,DGS10
2023-03-01,4.01,DGS10
2023-03-01,120.6347,DTWEXBGS
2023-03-02,4.08,DGS10
2023-03-02,121.1302,DTWEXBGS
2023-03-03,3.97,DGS10
2023-03-03,120.7742,DTWEXBGS
2023-03-06,120.485,DTWEXBGS
2023-03-06,3.98,DGS10
2023-03-07,3.97,DGS10
2023-03-07,121.4623,DTWEXBGS
2023-03-08,121.4511,DTWEXBGS
2023-03-08,3.98,DGS10
2023-03-09,121.4458,DTWEXBGS
2023-03-09,3.93,DGS10
2023-03-10,121.2421,DTWEXBGS
2023-03-10,3.7,DGS10
2023-03-13,120.8897,DTWEXBGS
2023-03-13,3.55,DGS10
2023-03-14,121.0141,DTWEXBGS
2023-03-14,3.64,DGS10
2023-03-15,3.51,DGS10
2023-03-15,122.1079,DTWEXBGS
2023-03-16,121.7221,DTWEXBGS
2023-03-16,3.56,DGS10
2023-03-17,121.5643,DTWEXBGS
2023-03-17,3.39,DGS10
2023-03-20,121.0141,DTWEXBGS
2023-03-20,3.47,DGS10
2023-03-21,3.59,DGS10
2023-03-21,120.8958,DTWEXBGS
2023-03-22,120.6217,DTWEXBGS
2023-03-22,3.48,DGS10
2023-03-23,119.7587,DTWEXBGS
2023-03-23,3.38,DGS10
2023-03-24,120.4598,DTWEXBGS
2023-03-24,3.38,DGS10
2023-03-27,120.2541,DTWEXBGS
2023-03-27,3.53,DGS10
2023-03-28,3.55,DGS10
2023-03-28,119.7138,DTWEXBGS
2023-03-29,3.57,DGS10
2023-03-29,119.7258,DTWEXBGS
2023-03-30,3.55,DGS10
2023-03-30,119.4078,DTWEXBGS
2023-03-31,3.48,DGS10
2023-03-31,119.3602,DTWEXBGS
2023-04-03,119.3204,DTWEXBGS
2023-04-03,3.43,DGS10
2023-04-04,3.35,DGS10
2023-04-04,119.142,DTWEXBGS
2023-04-05,119.2953,DTWEXBGS
2023-04-05,3.3,DGS10
2023-04-06,119.3072,DTWEXBGS
2023-04-06,3.3,DGS10
2023-04-07,119.3547,DTWEXBGS
2023-04-07,3.39,DGS10
2023-04-10,3.41,DGS10
2023-04-10,119.7948,DTWEXBGS
2023-04-11,119.5248,DTWEXBGS
2023-04-11,3.43,DGS10
2023-04-12,3.41,DGS10
2023-04-12,119.003,DTWEXBGS
2023-04-13,3.45,DGS10
2023-04-13,118.3915,DTWEXBGS
2023-04-14,3.52,DGS10
2023-04-14,118.8567,DTWEXBGS
2023-04-17,119.2787,DTWEXBGS
2023-04-17,3.6,DGS10
2023-04-18,119.1049,DTWEXBGS
2023-04-18,3.58,DGS10
2023-04-19,119.303,DTWEXBGS
2023-04-19,3.6,DGS10
2023-04-20,119.1199,DTWEXBGS
2023-04-20,3.54,DGS10
2023-04-21,119.3117,DTWEXBGS
2023-04-21,3.57,DGS10
2023-04-24,3.52,DGS10
2023-04-24,119.2039,DTWEXBGS
2023-04-25,3.4,DGS10
2023-04-25,119.613,DTWEXBGS
2023-04-26,3.43,DGS10
2023-04-26,119.3228,DTWEXBGS
2023-04-27,3.53,DGS10
2023-04-27,119.4298,DTWEXBGS
2023-04-28,3.44,DGS10
2023-04-28,119.2248,DTWEXBGS
2023-05-01,119.4435,DTWEXBGS
2023-05-01,3.59,DGS10
2023-05-02,119.6105,DTWEXBGS
2023-05-02,3.44,DGS10
2023-05-03,119.1233,DTWEXBGS
2023-05-03,3.38,DGS10
2023-05-04,119.0465,DTWEXBGS
2023-05-04,3.37,DGS10
2023-05-05,3.44,DGS10
2023-05-05,118.5548,DTWEXBGS
2023-05-08,3.52,DGS10
2023-05-08,118.5759,DTWEXBGS
2023-05-09,118.8239,DTWEXBGS
2023-05-09,3.53,DGS10
2023-05-10,118.5864,DTWEXBGS
2023-05-10,3.43,DGS10
2023-05-11,3.39,DGS10
2023-05-11,119.0303,DTWEXBGS
2023-05-12,119.3671,DTWEXBGS
2023-05-12,3.46,DGS10
2023-05-15,3.5,DGS10
2023-05-15,119.1608,DTWEXBGS
2023-05-16,119.1743,DTWEXBGS
2023-05-16,3.54,DGS10
2023-05-17,119.607,DTWEXBGS
2023-05-17,3.57,DGS10
2023-05-18,120.0886,DTWEXBGS
2023-05-18,3.65,DGS10
2023-05-19,119.7751,DTWEXBGS
2023-05-19,3.7,DGS10
2023-05-22,3.72,DGS10
2023-05-22,120.0875,DTWEXBGS
2023-05-23,3.7,DGS10
2023-05-23,120.3204,DTWEXBGS
2023-05-24,3.73,DGS10
2023-05-24,120.4752,DTWEXBGS
2023-05-25,120.8413,DTWEXBGS
2023-05-25,3.83,DGS10
2023-05-26,120.6304,DTWEXBGS
2023-05-26,3.8,DGS10
2023-05-30,120.5546,DTWEXBGS
2023-05-30,3.69,DGS10
2023-05-31,120.9662,DTWEXBGS
2023-05-31,3.64,DGS10
2023-06-01,120.0491,DTWEXBGS
2023-06-01,3.61,DGS10
2023-06-02,120.0049,DTWEXBGS
2023-06-02,3.69,DGS10
2023-06-05,120.0048,DTWEXBGS
2023-06-05,3.69,DGS10
2023-06-06,119.9718,DTWEXBGS
2023-06-06,3.7,DGS10
2023-06-07,3.79,DGS10
2023-06-07,119.859,DTWEXBGS
2023-06-08,3.73,DGS10
2023-06-08,119.5712,DTWEXBGS
2023-06-09,3.75,DGS10
2023-06-09,119.4322,DTWEXBGS
2023-06-12,119.6376,DTWEXBGS
2023-06-12,3.73,DGS10
2023-06-13,119.1899,DTWEXBGS
2023-06-13,3.84,DGS10
2023-06-14,3.83,DGS10
2023-06-14,118.776,DTWEXBGS
2023-06-15,3.72,DGS10
2023-06-15,118.5521,DTWEXBGS
2023-06-16,3.77,DGS10
2023-06-16,118.4184,DTWEXBGS
2023-06-20,3.74,DGS10
2023-06-20,118.938,DTWEXBGS
2023-06-21,118.727,DTWEXBGS
2023-06-21,3.72,DGS10
2023-06-22,118.7552,DTWEXBGS
2023-06-22,3.8,DGS10
2023-06-23,119.152,DTWEXBGS
2023-06-23,3.74,DGS10
2023-06-26,3.72,DGS10
2023-06-26,119.0761,DTWEXBGS
2023-06-27,118.8949,DTWEXBGS
2023-06-27,3.77,DGS10
2023-06-28,119.3382,DTWEXBGS
2023-06-28,3.71,DGS10
2023-06-29,119.527,DTWEXBGS
2023-06-29,3.85,DGS10
2023-06-30,119.3606,DTWEXBGS
2023-06-30,3.81,DGS10
2023-07-03,119.2119,DTWEXBGS
2023-07-03,3.86,DGS10
2023-07-05,3.95,DGS10
2023-07-05,119.3483,DTWEXBGS
2023-07-06,4.05,DGS10
2023-07-06,119.8193,DTWEXBGS
2023-07-07,4.06,DGS10
2023-07-07,119.0761,DTWEXBGS
2023-07-10,118.9548,DTWEXBGS
2023-07-10,4.01,DGS10
2023-07-11,118.7344,DTWEXBGS
2023-07-11,3.99,DGS10
2023-07-12,117.6385,DTWEXBGS
2023-07-12,3.86,DGS10
2023-07-13,117.1831,DTWEXBGS
2023-07-13,3.76,DGS10
2023-07-14,3.83,DGS10
2023-07-14,117.0463,DTWEXBGS
2023-07-17,3.81,DGS10
2023-07-17,117.1267,DTWEXBGS
2023-07-18,3.8,DGS10
2023-07-18,117.0264,DTWEXBGS
2023-07-19,3.75,DGS10
2023-07-19,117.3462,DTWEXBGS
2023-07-20,117.5947,DTWEXBGS
2023-07-20,3.85,DGS10
2023-07-21,3.84,DGS10
2023-07-21,117.9418,DTWEXBGS
2023-07-24,3.86,DGS10
2023-07-24,117.8124,DTWEXBGS
2023-07-25,3.91,DGS10
2023-07-25,117.8565,DTWEXBGS
2023-07-26,3.86,DGS10
2023-07-26,117.76,DTWEXBGS
2023-07-27,4.01,DGS10
2023-07-27,117.8938,DTWEXBGS
2023-07-28,117.788,DTWEXBGS
2023-07-28,3.96,DGS10
2023-07-31,117.8241,DTWEXBGS
2023-07-31,3.97,DGS10
2023-08-01,118.5738,DTWEXBGS
2023-08-01,4.05,DGS10
2023-08-02,119.1268,DTWEXBGS
2023-08-02,4.08,DGS10
2023-08-03,119.3963,DTWEXBGS
2023-08-03,4.2,DGS10
2023-08-04,118.821,DTWEXBGS
2023-08-04,4.05,DGS10
2023-08-07,119.0809,DTWEXBGS
2023-08-07,4.09,DGS10
2023-08-08,119.6407,DTWEXBGS
2023-08-08,4.02,DGS10
2023-08-09,119.476,DTWEXBGS
2023-08-09,4.0,DGS10
2023-08-10,119.1581,DTWEXBGS
2023-08-10,4.09,DGS10
2023-08-11,119.6268,DTWEXBGS
2023-08-11,4.16,DGS10
2023-08-14,120.0725,DTWEXBGS
2023-08-14,4.19,DGS10
2023-08-15,120.2127,DTWEXBGS
2023-08-15,4.21,DGS10
2023-08-16,4.28,DGS10
2023-08-16,120.3551,DTWEXBGS
2023-08-17,120.5242,DTWEXBGS
2023-08-17,4.3,DGS10
2023-08-18,4.26,DGS10
2023-08-18,120.4321,DTWEXBGS
2023-08-21,120.4627,DTWEXBGS
2023-08-21,4.34,DGS10
2023-08-22,120.3554,DTWEXBGS
2023-08-22,4.34,DGS10
2023-08-23,4.19,DGS10
2023-08-23,120.0307,DTWEXBGS
2023-08-24,120.2354,DTWEXBGS
2023-08-24,4.23,DGS10
2023-08-25,120.5137,DTWEXBGS
2023-08-25,4.25,DGS10
2023-08-28,4.2,DGS10
2023-08-28,120.3155,DTWEXBGS
2023-08-29,4.12,DGS10
2023-08-29,120.2669,DTWEXBGS
2023-08-30,4.12,DGS10
2023-08-30,119.7937,DTWEXBGS
2023-08-31,4.09,DGS10
2023-08-31,120.225,DTWEXBGS
2023-09-01,4.18,DGS10
2023-09-01,120.759,DTWEXBGS
2023-09-05,4.27,DGS10
2023-09-05,121.4345,DTWEXBGS
2023-09-06,4.3,DGS10
2023-09-06,121.8671,DTWEXBGS
2023-09-07,4.27,DGS10
2023-09-07,121.9528,DTWEXBGS
2023-09-08,4.26,DGS10
2023-09-08,121.9475,DTWEXBGS
2023-09-11,4.29,DGS10
2023-09-11,121.3386,DTWEXBGS
2023-09-12,4.27,DGS10
2023-09-12,121.2913,DTWEXBGS
2023-09-13,4.25,DGS10
2023-09-13,121.0549,DTWEXBGS
2023-09-14,121.2395,DTWEXBGS
2023-09-14,4.29,DGS10
2023-09-15,4.33,DGS10
2023-09-15,121.199,DTWEXBGS
2023-09-18,121.1938,DTWEXBGS
2023-09-18,4.32,DGS10
2023-09-19,121.1645,DTWEXBGS
2023-09-19,4.37,DGS10
2023-09-20,120.9648,DTWEXBGS
2023-09-20,4.35,DGS10
2023-09-21,4.49,DGS10
2023-09-21,121.5528,DTWEXBGS
2023-09-22,121.5306,DTWEXBGS
2023-09-22,4.44,DGS10
2023-09-25,122.1143,DTWEXBGS
2023-09-25,4.55,DGS10
2023-09-26,122.4742,DTWEXBGS
2023-09-26,4.56,DGS10
2023-09-27,122.9895,DTWEXBGS
2023-09-27,4.61,DGS10
2023-09-28,122.5342,DTWEXBGS
2023-09-28,4.59,DGS10
2023-09-29,122.3077,DTWEXBGS
2023-09-29,4.59,DGS10
2023-10-02,4.69,DGS10
2023-10-02,123.0545,DTWEXBGS
2023-10-03,4.81,DGS10
2023-10-03,123.7848,DTWEXBGS
2023-10-04,4.73,DGS10
2023-10-04,123.5946,DTWEXBGS
2023-10-05,123.8993,DTWEXBGS
2023-10-05,4.72,DGS10
2023-10-06,4.78,DGS10
2023-10-06,123.3563,DTWEXBGS
2023-10-10,4.66,DGS10
2023-10-10,122.9282,DTWEXBGS
2023-10-11,4.58,DGS10
2023-10-11,122.7697,DTWEXBGS
2023-10-12,123.2101,DTWEXBGS
2023-10-12,4.7,DGS10
2023-10-13,4.63,DGS10
2023-10-13,123.5954,DTWEXBGS
2023-10-16,4.71,DGS10
2023-10-16,123.3185,DTWEXBGS
2023-10-17,4.83,DGS10
2023-10-17,123.1202,DTWEXBGS
2023-10-18,123.8148,DTWEXBGS
2023-10-18,4.91,DGS10
2023-10-19,4.98,DGS10
2023-10-19,123.798,DTWEXBGS
2023-10-20,123.612,DTWEXBGS
2023-10-20,4.93,DGS10
2023-10-23,123.2846,DTWEXBGS
2023-10-23,4.86,DGS10
2023-10-24,4.83,DGS10
2023-10-24,123.6416,DTWEXBGS
2023-10-25,123.7871,DTWEXBGS
2023-10-25,4.95,DGS10
2023-10-26,4.86,DGS10
2023-10-26,124.0064,DTWEXBGS
2023-10-27,123.62,DTWEXBGS
2023-10-27,4.84,DGS10
2023-10-30,123.4076,DTWEXBGS
2023-10-30,4.88,DGS10
2023-10-31,123.8364,DTWEXBGS
2023-10-31,4.88,DGS10
2023-11-01,123.7922,DTWEXBGS
2023-11-01,4.77,DGS10
2023-11-02,4.67,DGS10
2023-11-02,122.8818,DTWEXBGS
2023-11-03,121.7564,DTWEXBGS
2023-11-03,4.57,DGS10
2023-11-06,121.6484,DTWEXBGS
2023-11-06,4.67,DGS10
2023-11-07,122.0777,DTWEXBGS
2023-11-07,4.58,DGS10
2023-11-08,122.0926,DTWEXBGS
2023-11-08,4.49,DGS10
2023-11-09,122.1281,DTWEXBGS
2023-11-09,4.62,DGS10
2023-11-10,4.61,DGS10
2023-11-13,122.4264,DTWEXBGS
2023-11-13,4.63,DGS10
2023-11-14,4.44,DGS10
2023-11-14,121.35,DTWEXBGS
2023-11-15,4.53,DGS10
2023-11-15,121.0749,DTWEXBGS
2023-11-16,4.45,DGS10
2023-11-16,121.1754,DTWEXBGS
2023-11-17,4.44,DGS10
2023-11-17,120.8477,DTWEXBGS
2023-11-20,120.2533,DTWEXBGS
2023-11-20,4.42,DGS10
2023-11-21,120.2241,DTWEXBGS
2023-11-21,4.41,DGS10
2023-11-22,120.6802,DTWEXBGS
2023-11-22,4.42,DGS10
2023-11-24,120.2105,DTWEXBGS
2023-11-24,4.47,DGS10
2023-11-27,120.173,DTWEXBGS
2023-11-27,4.39,DGS10
2023-11-28,119.5904,DTWEXBGS
2023-11-28,4.34,DGS10
2023-11-29,119.8159,DTWEXBGS
2023-11-29,4.27,DGS10
2023-11-30,120.2434,DTWEXBGS
2023-11-30,4.37,DGS10
2023-12-01,4.22,DGS10
2023-12-01,119.9424,DTWEXBGS
2023-12-04,120.4727,DTWEXBGS
2023-12-04,4.28,DGS10
2023-12-05,4.18,DGS10
2023-12-05,120.7913,DTWEXBGS
2023-12-06,4.12,DGS10
2023-12-06,120.5334,DTWEXBGS
2023-12-07,4.14,DGS10
2023-12-07,120.6013,DTWEXBGS
2023-12-08,4.23,DGS10
2023-12-08,120.7607,DTWEXBGS
2023-12-11,4.23,DGS10
2023-12-11,120.9279,DTWEXBGS
2023-12-12,4.2,DGS10
2023-12-12,120.6817,DTWEXBGS
2023-12-13,121.1571,DTWEXBGS
2023-12-13,4.04,DGS10
2023-12-14,119.5683,DTWEXBGS
2023-12-14,3.92,DGS10
2023-12-15,119.7382,DTWEXBGS
2023-12-15,3.91,DGS10
2023-12-18,119.9102,DTWEXBGS
2023-12-18,3.95,DGS10
2023-12-19,119.4632,DTWEXBGS
2023-12-19,3.93,DGS10
2023-12-20,3.86,DGS10
2023-12-20,119.5435,DTWEXBGS
2023-12-21,3.89,DGS10
2023-12-21,119.3168,DTWEXBGS
2023-12-22,3.9,DGS10
2023-12-22,119.0625,DTWEXBGS
2023-12-26,118.8875,DTWEXBGS
2023-12-26,3.89,DGS10
2023-12-27,118.4729,DTWEXBGS
2023-12-27,3.79,DGS10
2023-12-28,3.84,DGS10
2023-12-28,118.4104,DTWEXBGS
2023-12-29,3.88,DGS10
2023-12-29,118.4208,DTWEXBGS
2024-01-02,119.2686,DTWEXBGS
2024-01-02,3.95,DGS10
2024-01-03,3.91,DGS10
2024-01-03,119.6958,DTWEXBGS
2024-01-04,3.99,DGS10
2024-01-04,119.6208,DTWEXBGS
2024-01-05,119.388,DTWEXBGS
2024-01-05,4.05,DGS10
2024-01-08,4.01,DGS10
2024-01-08,119.2506,DTWEXBGS
2024-01-09,4.02,DGS10
2024-01-09,119.6666,DTWEXBGS
2024-01-10,119.7614,DTWEXBGS
2024-01-10,4.04,DGS10
2024-01-11,3.98,DGS10
2024-01-11,119.8916,DTWEXBGS
2024-01-12,3.96,DGS10
2024-01-12,119.534,DTWEXBGS
2024-01-16,4.07,DGS10
2024-01-16,120.5759,DTWEXBGS
2024-01-17,121.0402,DTWEXBGS
2024-01-17,4.1,DGS10
2024-01-18,120.8895,DTWEXBGS
2024-01-18,4.14,DGS10
2024-01-19,120.6442,DTWEXBGS
2024-01-19,4.15,DGS10
2024-01-22,120.6178,DTWEXBGS
2024-01-22,4.11,DGS10
2024-01-23,4.14,DGS10
2024-01-23,121.1001,DTWEXBGS
2024-01-24,4.18,DGS10
2024-01-24,120.4916,DTWEXBGS
2024-01-25,120.8311,DTWEXBGS
2024-01-25,4.14,DGS10
2024-01-26,120.6173,DTWEXBGS
2024-01-26,4.15,DGS10
2024-01-29,120.8538,DTWEXBGS
2024-01-29,4.08,DGS10
2024-01-30,4.06,DGS10
2024-01-30,120.6025,DTWEXBGS
2024-01-31,3.99,DGS10
2024-01-31,120.4331,DTWEXBGS
2024-02-01,3.87,DGS10
2024-02-01,120.3335,DTWEXBGS
2024-02-02,120.902,DTWEXBGS
2024-02-02,4.03,DGS10
2024-02-05,121.349,DTWEXBGS
2024-02-05,4.17,DGS10
2024-02-06,4.09,DGS10
2024-02-06,120.9588,DTWEXBGS
2024-02-07,120.9049,DTWEXBGS
2024-02-07,4.09,DGS10
2024-02-08,4.15,DGS10
2024-02-08,121.0798,DTWEXBGS
2024-02-09,4.17,DGS10
2024-02-09,121.039,DTWEXBGS
2024-02-12,4.17,DGS10
2024-02-12,120.9378,DTWEXBGS
2024-02-13,121.5202,DTWEXBGS
2024-02-13,4.31,DGS10
2024-02-14,4.27,DGS10
2024-02-14,121.4002,DTWEXBGS
2024-02-15,121.2121,DTWEXBGS
2024-02-15,4.24,DGS10
2024-02-16,121.1505,DTWEXBGS
2024-02-16,4.3,DGS10
2024-02-20,121.0199,DTWEXBGS
2024-02-20,4.27,DGS10
2024-02-21,121.0379,DTWEXBGS
2024-02-21,4.32,DGS10
2024-02-22,121.102,DTWEXBGS
2024-02-22,4.33,DGS10
2024-02-23,121.0369,DTWEXBGS
2024-02-23,4.26,DGS10
2024-02-26,121.0592,DTWEXBGS
2024-02-26,4.28,DGS10
2024-02-27,4.31,DGS10
2024-02-27,120.9647,DTWEXBGS
2024-02-28,4.27,DGS10
2024-02-28,121.128,DTWEXBGS
2024-02-29,4.25,DGS10
2024-02-29,121.1824,DTWEXBGS
2024-03-01,121.0111,DTWEXBGS
2024-03-01,4.19,DGS10
2024-03-04,4.22,DGS10
2024-03-04,120.872,DTWEXBGS
2024-03-05,4.13,DGS10
2024-03-05,120.8846,DTWEXBGS
2024-03-06,4.11,DGS10
2024-03-06,120.4649,DTWEXBGS
2024-03-07,120.1909,DTWEXBGS
2024-03-07,4.09,DGS10
2024-03-08,119.975,DTWEXBGS
2024-03-08,4.09,DGS10
2024-03-11,120.0394,DTWEXBGS
2024-03-11,4.1,DGS10
2024-03-12,120.1668,DTWEXBGS
2024-03-12,4.16,DGS10
2024-03-13,119.9642,DTWEXBGS
2024-03-13,4.19,DGS10
2024-03-14,120.241,DTWEXBGS
2024-03-14,4.29,DGS10
2024-03-15,120.4003,DTWEXBGS
2024-03-15,4.31,DGS10
2024-03-18,120.5752,DTWEXBGS
2024-03-18,4.34,DGS10
2024-03-19,120.9332,DTWEXBGS
2024-03-19,4.3,DGS10
2024-03-20,120.9289,DTWEXBGS
2024-03-20,4.27,DGS10
2024-03-21,120.8086,DTWEXBGS
2024-03-21,4.27,DGS10
2024-03-22,121.1842,DTWEXBGS
2024-03-22,4.22,DGS10
2024-03-25,121.0295,DTWEXBGS
2024-03-25,4.25,DGS10
2024-03-26,121.0742,DTWEXBGS
2024-03-26,4.24,DGS10
2024-03-27,121.0089,DTWEXBGS
2024-03-27,4.2,DGS10
2024-03-28,121.0635,DTWEXBGS
2024-03-28,4.2,DGS10
2024-03-29,121.0191,DTWEXBGS
2024-04-01,121.5151,DTWEXBGS
2024-04-01,4.33,DGS10
2024-04-02,121.3035,DTWEXBGS
2024-04-02,4.36,DGS10
2024-04-03,121.0198,DTWEXBGS
2024-04-03,4.36,DGS10
2024-04-04,120.7613,DTWEXBGS
2024-04-04,4.31,DGS10
2024-04-05,120.9646,DTWEXBGS
2024-04-05,4.39,DGS10
2024-04-08,120.7359,DTWEXBGS
2024-04-08,4.42,DGS10
2024-04-09,120.7048,DTWEXBGS
2024-04-09,4.36,DGS10
2024-04-10,121.5727,DTWEXBGS
2024-04-10,4.55,DGS10
2024-04-11,121.6081,DTWEXBGS
2024-04-11,4.56,DGS10
2024-04-12,122.2885,DTWEXBGS
2024-04-12,4.5,DGS10
2024-04-15,122.425,DTWEXBGS
2024-04-15,4.63,DGS10
2024-04-16,123.1234,DTWEXBGS
2024-04-16,4.67,DGS10
2024-04-17,123.0207,DTWEXBGS
2024-04-17,4.59,DGS10
2024-04-18,4.64,DGS10
2024-04-18,123.0017,DTWEXBGS
2024-04-19,123.1075,DTWEXBGS
2024-04-19,4.62,DGS10
2024-04-22,123.0609,DTWEXBGS
2024-04-22,4.62,DGS10
2024-04-23,122.7227,DTWEXBGS
2024-04-23,4.61,DGS10
2024-04-24,4.65,DGS10
2024-04-24,122.89,DTWEXBGS
2024-04-25,122.8384,DTWEXBGS
2024-04-25,4.7,DGS10
2024-04-26,122.9471,DTWEXBGS
2024-04-26,4.67,DGS10
2024-04-29,4.63,DGS10
2024-04-29,122.5449,DTWEXBGS
2024-04-30,122.9853,DTWEXBGS
2024-04-30,4.69,DGS10
2024-05-01,123.0168,DTWEXBGS
2024-05-01,4.63,DGS10
2024-05-02,122.4384,DTWEXBGS
2024-05-02,4.58,DGS10
2024-05-03,122.1375,DTWEXBGS
2024-05-03,4.5,DGS10
2024-05-06,4.49,DGS10
2024-05-06,121.8913,DTWEXBGS
2024-05-07,122.093,DTWEXBGS
2024-05-07,4.47,DGS10
2024-05-08,4.48,DGS10
2024-05-08,122.1926,DTWEXBGS
2024-05-09,4.45,DGS10
2024-05-09,122.1634,DTWEXBGS
2024-05-10,122.014,DTWEXBGS
2024-05-10,4.5,DGS10
2024-05-13,4.48,DGS10
2024-05-13,122.0261,DTWEXBGS
2024-05-14,121.9256,DTWEXBGS
2024-05-14,4.45,DGS10
2024-05-15,121.3543,DTWEXBGS
2024-05-15,4.36,DGS10
2024-05-16,121.2236,DTWEXBGS
2024-05-16,4.38,DGS10
2024-05-17,121.2354,DTWEXBGS
2024-05-17,4.42,DGS10
2024-05-20,121.2289,DTWEXBGS
2024-05-20,4.44,DGS10
2024-05-21,4.41,DGS10
2024-05-21,121.3793,DTWEXBGS
2024-05-22,4.43,DGS10
2024-05-22,121.5462,DTWEXBGS
2024-05-23,121.7477,DTWEXBGS
2024-05-23,4.47,DGS10
2024-05-24,121.6172,DTWEXBGS
2024-05-24,4.46,DGS10
2024-05-28,4.54,DGS10
2024-05-28,121.43,DTWEXBGS
2024-05-29,122.1641,DTWEXBGS
2024-05-29,4.61,DGS10
2024-05-30,121.9601,DTWEXBGS
2024-05-30,4.55,DGS10
2024-05-31,4.51,DGS10
2024-05-31,122.098,DTWEXBGS
2024-06-03,4.41,DGS10
2024-06-03,122.3509,DTWEXBGS
2024-06-04,122.7256,DTWEXBGS
2024-06-04,4.33,DGS10
2024-06-05,4.29,DGS10
2024-06-05,122.5339,DTWEXBGS
2024-06-06,122.3713,DTWEXBGS
2024-06-06,4.28,DGS10
2024-06-07,4.43,DGS10
2024-06-07,123.549,DTWEXBGS
2024-06-10,4.47,DGS10
2024-06-10,123.9125,DTWEXBGS
2024-06-11,4.39,DGS10
2024-06-11,124.0349,DTWEXBGS
2024-06-12,4.31,DGS10
2024-06-12,123.8295,DTWEXBGS
2024-06-13,4.24,DGS10
2024-06-13,124.0235,DTWEXBGS
2024-06-14,124.1694,DTWEXBGS
2024-06-14,4.2,DGS10
2024-06-17,4.28,DGS10
2024-06-17,124.239,DTWEXBGS
2024-06-18,123.9776,DTWEXBGS
2024-06-18,4.22,DGS10
2024-06-20,4.25,DGS10
2024-06-20,124.192,DTWEXBGS
2024-06-21,4.25,DGS10
2024-06-21,124.1086,DTWEXBGS
2024-06-24,4.25,DGS10
2024-06-24,123.7125,DTWEXBGS
2024-06-25,4.23,DGS10
2024-06-25,123.9417,DTWEXBGS
2024-06-26,4.32,DGS10
2024-06-26,124.26,DTWEXBGS
2024-06-27,4.29,DGS10
2024-06-27,124.3379,DTWEXBGS
2024-06-28,4.36,DGS10
2024-06-28,124.2103,DTWEXBGS
2024-07-01,4.48,DGS10
2024-07-01,124.4667,DTWEXBGS
2024-07-02,4.43,DGS10
2024-07-02,124.2917,DTWEXBGS
2024-07-03,4.36,DGS10
2024-07-03,123.7768,DTWEXBGS
2024-07-05,4.28,DGS10
2024-07-05,123.4762,DTWEXBGS
2024-07-08,4.28,DGS10
2024-07-08,123.3576,DTWEXBGS
2024-07-09,123.4071,DTWEXBGS
2024-07-09,4.3,DGS10
2024-07-10,123.1895,DTWEXBGS
2024-07-10,4.28,DGS10
2024-07-11,122.769,DTWEXBGS
2024-07-11,4.2,DGS10
2024-07-12,122.4404,DTWEXBGS
2024-07-12,4.18,DGS10
2024-07-15,122.6347,DTWEXBGS
2024-07-15,4.23,DGS10
2024-07-16,122.7264,DTWEXBGS
2024-07-16,4.17,DGS10
2024-07-17,122.518,DTWEXBGS
2024-07-17,4.16,DGS10
2024-07-18,4.2,DGS10
2024-07-18,122.7909,DTWEXBGS
2024-07-19,123.147,DTWEXBGS
2024-07-19,4.25,DGS10
2024-07-22,123.2172,DTWEXBGS
2024-07-22,4.26,DGS10
2024-07-23,123.3843,DTWEXBGS
2024-07-23,4.25,DGS10
2024-07-24,123.5575,DTWEXBGS
2024-07-24,4.28,DGS10
2024-07-25,123.5286,DTWEXBGS
2024-07-25,4.27,DGS10
2024-07-26,4.2,DGS10
2024-07-26,123.672,DTWEXBGS
2024-07-29,124.1392,DTWEXBGS
2024-07-29,4.17,DGS10
2024-07-30,4.15,DGS10
2024-07-30,124.2855,DTWEXBGS
2024-07-31,123.6373,DTWEXBGS
2024-07-31,4.09,DGS10
2024-08-01,3.99,DGS10
2024-08-01,123.8693,DTWEXBGS
2024-08-02,123.4681,DTWEXBGS
2024-08-02,3.8,DGS10
2024-08-05,123.5787,DTWEXBGS
2024-08-05,3.78,DGS10
2024-08-06,123.6532,DTWEXBGS
2024-08-06,3.9,DGS10
2024-08-07,3.96,DGS10
2024-08-07,123.5698,DTWEXBGS
2024-08-08,3.99,DGS10
2024-08-08,123.4466,DTWEXBGS
2024-08-09,122.9276,DTWEXBGS
2024-08-09,3.94,DGS10
2024-08-12,3.9,DGS10
2024-08-12,123.2204,DTWEXBGS
2024-08-13,123.0146,DTWEXBGS
2024-08-13,3.85,DGS10
2024-08-14,122.4297,DTWEXBGS
2024-08-14,3.83,DGS10
2024-08-15,122.5844,DTWEXBGS
2024-08-15,3.92,DGS10
2024-08-16,122.3972,DTWEXBGS
2024-08-16,3.89,DGS10
2024-08-19,3.86,DGS10
2024-08-19,121.8788,DTWEXBGS
2024-08-20,121.7728,DTWEXBGS
2024-08-20,3.82,DGS10
2024-08-21,121.8535,DTWEXBGS
2024-08-21,3.79,DGS10
2024-08-22,122.3626,DTWEXBGS
2024-08-22,3.86,DGS10
2024-08-23,121.4597,DTWEXBGS
2024-08-23,3.81,DGS10
2024-08-26,121.6943,DTWEXBGS
2024-08-26,3.82,DGS10
2024-08-27,3.83,DGS10
2024-08-27,121.8672,DTWEXBGS
2024-08-28,3.84,DGS10
2024-08-28,121.8943,DTWEXBGS
2024-08-29,3.87,DGS10
2024-08-29,122.2333,DTWEXBGS
2024-08-30,122.3262,DTWEXBGS
2024-08-30,3.91,DGS10
2024-09-03,3.84,DGS10
2024-09-03,122.7811,DTWEXBGS
2024-09-04,122.5144,DTWEXBGS
2024-09-04,3.77,DGS10
2024-09-05,3.73,DGS10
2024-09-05,122.4533,DTWEXBGS
2024-09-06,122.4991,DTWEXBGS
2024-09-06,3.72,DGS10
2024-09-09,3.7,DGS10
2024-09-09,122.7156,DTWEXBGS
2024-09-10,3.65,DGS10
2024-09-10,123.0071,DTWEXBGS
2024-09-11,3.65,DGS10
2024-09-11,122.7754,DTWEXBGS
2024-09-12,3.68,DGS10
2024-09-12,122.4423,DTWEXBGS
2024-09-13,3.66,DGS10
2024-09-13,121.6551,DTWEXBGS
2024-09-16,121.4976,DTWEXBGS
2024-09-16,3.63,DGS10
2024-09-17,3.65,DGS10
2024-09-17,121.6031,DTWEXBGS
2024-09-18,121.5618,DTWEXBGS
2024-09-18,3.7,DGS10
2024-09-19,121.3059,DTWEXBGS
2024-09-19,3.73,DGS10
2024-09-20,121.4052,DTWEXBGS
2024-09-20,3.73,DGS10
2024-09-23,121.4303,DTWEXBGS
2024-09-23,3.75,DGS10
2024-09-24,121.1291,DTWEXBGS
2024-09-24,3.74,DGS10
2024-09-25,121.4447,DTWEXBGS
2024-09-25,3.79,DGS10
2024-09-26,121.0785,DTWEXBGS
2024-09-26,3.79,DGS10
2024-09-27,3.75,DGS10
2024-09-27,121.1111,DTWEXBGS
2024-09-30,3.81,DGS10
2024-09-30,121.2864,DTWEXBGS
2024-10-01,121.6881,DTWEXBGS
2024-10-01,3.74,DGS10
2024-10-02,3.79,DGS10
2024-10-02,121.5724,DTWEXBGS
2024-10-03,3.85,DGS10
2024-10-03,122.1197,DTWEXBGS
2024-10-04,3.98,DGS10
2024-10-04,122.2197,DTWEXBGS
2024-10-07,4.03,DGS10
2024-10-07,122.4241,DTWEXBGS
2024-10-08,122.6625,DTWEXBGS
2024-10-08,4.04,DGS10
2024-10-09,122.8821,DTWEXBGS
2024-10-09,4.06,DGS10
2024-10-10,123.0951,DTWEXBGS
2024-10-10,4.09,DGS10
2024-10-11,4.08,DGS10
2024-10-11,122.9805,DTWEXBGS
2024-10-15,4.03,DGS10
2024-10-15,123.5124,DTWEXBGS
2024-10-16,4.02,DGS10
2024-10-16,123.9235,DTWEXBGS
2024-10-17,4.09,DGS10
2024-10-17,124.1122,DTWEXBGS
2024-10-18,123.9185,DTWEXBGS
2024-10-18,4.08,DGS10
2024-10-21,124.4757,DTWEXBGS
2024-10-21,4.19,DGS10
2024-10-22,124.4107,DTWEXBGS
2024-10-22,4.2,DGS10
2024-10-23,4.24,DGS10
2024-10-23,124.6931,DTWEXBGS
2024-10-24,124.5127,DTWEXBGS
2024-10-24,4.21,DGS10
2024-10-25,4.25,DGS10
2024-10-25,124.6105,DTWEXBGS
2024-10-28,124.8076,DTWEXBGS
2024-10-28,4.28,DGS10
2024-10-29,4.28,DGS10
2024-10-29,124.8612,DTWEXBGS
2024-10-30,124.8153,DTWEXBGS
2024-10-30,4.29,DGS10
2024-10-31,124.7988,DTWEXBGS
2024-10-31,4.28,DGS10
2024-11-01,124.8076,DTWEXBGS
2024-11-01,4.37,DGS10
2024-11-04,124.5903,DTWEXBGS
2024-11-04,4.31,DGS10
2024-11-05,4.26,DGS10
2024-11-05,124.5532,DTWEXBGS
2024-11-06,4.42,DGS10
2024-11-06,125.7035,DTWEXBGS
2024-11-07,4.31,DGS10
2024-11-07,124.775,DTWEXBGS
2024-11-08,125.5811,DTWEXBGS
2024-11-08,4.3,DGS10
2024-11-12,4.43,DGS10
2024-11-12,126.7762,DTWEXBGS
2024-11-13,126.9572,DTWEXBGS
2024-11-13,4.44,DGS10
2024-11-14,4.43,DGS10
2024-11-14,127.0015,DTWEXBGS
2024-11-15,4.43,DGS10
2024-11-15,126.8848,DTWEXBGS
2024-11-18,4.42,DGS10
2024-11-18,126.6045,DTWEXBGS
2024-11-19,4.39,DGS10
2024-11-19,126.3994,DTWEXBGS
2024-11-20,4.41,DGS10
2024-11-20,126.88,DTWEXBGS
2024-11-21,4.43,DGS10
2024-11-21,127.1047,DTWEXBGS
2024-11-22,4.41,DGS10
2024-11-22,127.4712,DTWEXBGS
2024-11-25,126.9948,DTWEXBGS
2024-11-25,4.27,DGS10
2024-11-26,4.3,DGS10
2024-11-26,127.4301,DTWEXBGS
2024-11-27,4.25,DGS10
2024-11-27,126.8205,DTWEXBGS
2024-11-29,126.5798,DTWEXBGS
2024-11-29,4.18,DGS10
2024-12-02,127.1272,DTWEXBGS
2024-12-02,4.19,DGS10
2024-12-03,4.23,DGS10
2024-12-03,126.9565,DTWEXBGS
2024-12-04,126.7574,DTWEXBGS
2024-12-04,4.19,DGS10
2024-12-05,126.4286,DTWEXBGS
2024-12-05,4.17,DGS10
2024-12-06,126.688,DTWEXBGS
2024-12-06,4.15,DGS10
2024-12-09,126.5981,DTWEXBGS
2024-12-09,4.2,DGS10
2024-12-10,126.957,DTWEXBGS
2024-12-10,4.22,DGS10
2024-12-11,126.8483,DTWEXBGS
2024-12-11,4.26,DGS10
2024-12-12,126.9556,DTWEXBGS
2024-12-12,4.32,DGS10
2024-12-13,4.4,DGS10
2024-12-13,127.3096,DTWEXBGS
2024-12-16,4.39,DGS10
2024-12-16,127.2687,DTWEXBGS
2024-12-17,4.4,DGS10
2024-12-17,127.5043,DTWEXBGS
2024-12-18,127.6418,DTWEXBGS
2024-12-18,4.5,DGS10
2024-12-19,128.6366,DTWEXBGS
2024-12-19,4.57,DGS10
2024-12-20,4.52,DGS10
2024-12-20,127.893,DTWEXBGS
2024-12-23,4.59,DGS10
2024-12-23,128.3021,DTWEXBGS
2024-12-24,128.3377,DTWEXBGS
2024-12-24,4.59,DGS10
2024-12-26,128.3329,DTWEXBGS
2024-12-26,4.58,DGS10
2024-12-27,128.45,DTWEXBGS
2024-12-27,4.62,DGS10
2024-12-30,128.8205,DTWEXBGS
2024-12-30,4.55,DGS10
2024-12-31,129.2775,DTWEXBGS
2024-12-31,4.58,DGS10
2025-01-02,129.4598,DTWEXBGS
2025-01-02,4.57,DGS10
2025-01-03,4.6,DGS10
2025-01-03,129.4535,DTWEXBGS
2025-01-06,4.62,DGS10
2025-01-06,128.538,DTWEXBGS
2025-01-07,4.67,DGS10
2025-01-07,128.613,DTWEXBGS
2025-01-08,129.0785,DTWEXBGS
2025-01-08,4.67,DGS10
2025-01-09,4.68,DGS10
2025-01-09,129.2827,DTWEXBGS
2025-01-10,129.8664,DTWEXBGS
2025-01-10,4.77,DGS10
2025-01-13,4.79,DGS10
2025-01-13,130.0413,DTWEXBGS
2025-01-14,4.78,DGS10
2025-01-14,129.3812,DTWEXBGS
2025-01-15,4.66,DGS10
2025-01-15,129.2092,DTWEXBGS
2025-01-16,4.61,DGS10
2025-01-16,129.436,DTWEXBGS
2025-01-17,4.61,DGS10
2025-01-17,129.4859,DTWEXBGS
2025-01-21,4.57,DGS10
2025-01-21,128.4151,DTWEXBGS
2025-01-22,4.6,DGS10
2025-01-22,128.3402,DTWEXBGS
2025-01-23,4.65,DGS10
2025-01-23,128.2162,DTWEXBGS
2025-01-24,127.4611,DTWEXBGS
2025-01-24,4.63,DGS10
2025-01-27,128.0912,DTWEXBGS
2025-01-27,4.53,DGS10
2025-01-28,128.2817,DTWEXBGS
2025-01-28,4.55,DGS10
2025-01-29,128.3418,DTWEXBGS
2025-01-29,4.55,DGS10
2025-01-30,128.1004,DTWEXBGS
2025-01-30,4.52,DGS10
2025-01-31,128.4828,DTWEXBGS
2025-01-31,4.58,DGS10
2025-02-03,129.109,DTWEXBGS
2025-02-03,4.54,DGS10
2025-02-04,4.52,DGS10
2025-02-04,128.1083,DTWEXBGS
2025-02-05,4.43,DGS10
2025-02-05,127.9751,DTWEXBGS
2025-02-06,4.45,DGS10
2025-02-06,128.2017,DTWEXBGS
2025-02-07,4.49,DGS10
2025-02-07,128.4292,DTWEXBGS
2025-02-10,128.6382,DTWEXBGS
2025-02-10,4.51,DGS10
2025-02-11,4.54,DGS10
2025-02-11,128.4322,DTWEXBGS
2025-02-12,4.62,DGS10
2025-02-12,128.3288,DTWEXBGS
2025-02-13,4.52,DGS10
2025-02-13,127.8931,DTWEXBGS
2025-02-14,127.1491,DTWEXBGS
2025-02-14,4.47,DGS10
2025-02-18,127.2906,DTWEXBGS
2025-02-18,4.55,DGS10
2025-02-19,127.7317,DTWEXBGS
2025-02-19,4.53,DGS10
2025-02-20,127.1126,DTWEXBGS
2025-02-20,4.5,DGS10
2025-02-21,127.1408,DTWEXBGS
2025-02-21,4.42,DGS10
2025-02-24,127.1921,DTWEXBGS
2025-02-24,4.4,DGS10
2025-02-25,127.3752,DTWEXBGS
2025-02-25,4.3,DGS10
2025-02-26,127.2822,DTWEXBGS
2025-02-26,4.25,DGS10
2025-02-27,127.9704,DTWEXBGS
2025-02-27,4.29,DGS10
2025-02-28,4.24,DGS10
2025-02-28,128.2805,DTWEXBGS
2025-03-03,127.75,DTWEXBGS
2025-03-03,4.16,DGS10
2025-03-04,127.9966,DTWEXBGS
2025-03-04,4.22,DGS10
2025-03-05,4.28,DGS10
2025-03-05,126.504,DTWEXBGS
2025-03-06,126.1099,DTWEXBGS
2025-03-06,4.29,DGS10
2025-03-07,125.9814,DTWEXBGS
2025-03-07,4.32,DGS10
2025-03-10,4.22,DGS10
2025-03-10,126.268,DTWEXBGS
2025-03-11,4.28,DGS10
2025-03-11,126.0457,DTWEXBGS
2025-03-12,4.32,DGS10
2025-03-12,125.8664,DTWEXBGS
2025-03-13,4.27,DGS10
2025-03-13,126.0031,DTWEXBGS
2025-03-14,4.31,DGS10
2025-03-14,125.6942,DTWEXBGS
2025-03-17,4.31,DGS10
2025-03-17,125.3688,DTWEXBGS
2025-03-18,125.488,DTWEXBGS
2025-03-18,4.29,DGS10
2025-03-19,125.8006,DTWEXBGS
2025-03-19,4.25,DGS10
2025-03-20,125.985,DTWEXBGS
2025-03-20,4.24,DGS10
2025-03-21,4.25,DGS10
2025-03-21,126.2679,DTWEXBGS
2025-03-24,4.34,DGS10
2025-03-24,126.1956,DTWEXBGS
2025-03-25,4.31,DGS10
2025-03-25,126.0535,DTWEXBGS
2025-03-26,4.35,DGS10
2025-03-26,126.2364,DTWEXBGS
2025-03-27,4.38,DGS10
2025-03-27,126.3626,DTWEXBGS
2025-03-28,126.4187,DTWEXBGS
2025-03-28,4.27,DGS10
2025-03-31,126.7075,DTWEXBGS
2025-03-31,4.23,DGS10
2025-04-01,126.4338,DTWEXBGS
2025-04-01,4.17,DGS10
2025-04-02,126.3811,DTWEXBGS
2025-04-02,4.2,DGS10
2025-04-03,124.7316,DTWEXBGS
2025-04-03,4.06,DGS10
2025-04-04,4.01,DGS10
2025-04-04,125.8129,DTWEXBGS
2025-04-07,4.15,DGS10
2025-04-07,126.8282,DTWEXBGS
2025-04-08,126.8668,DTWEXBGS
2025-04-08,4.26,DGS10
2025-04-09,126.628,DTWEXBGS
2025-04-09,4.34,DGS10
2025-04-10,125.089,DTWEXBGS
2025-04-10,4.4,DGS10
2025-04-11,4.48,DGS10
2025-04-11,124.0163,DTWEXBGS
2025-04-14,123.6598,DTWEXBGS
2025-04-14,4.38,DGS10
2025-04-15,4.35,DGS10
2025-04-15,123.776,DTWEXBGS
2025-04-16,4.29,DGS10
2025-04-16,123.2724,DTWEXBGS
2025-04-17,4.34,DGS10
2025-04-17,123.1298,DTWEXBGS
2025-04-18,122.9865,DTWEXBGS
2025-04-21,122.3145,DTWEXBGS
2025-04-21,4.42,DGS10
2025-04-22,122.4175,DTWEXBGS
2025-04-22,4.41,DGS10
2025-04-23,123.0252,DTWEXBGS
2025-04-23,4.4,DGS10
2025-04-24,4.32,DGS10
2025-04-24,122.9251,DTWEXBGS
2025-04-25,122.8858,DTWEXBGS
2025-04-25,4.29,DGS10
2025-04-28,122.7176,DTWEXBGS
2025-04-28,4.23,DGS10
2025-04-29,122.5944,DTWEXBGS
2025-04-29,4.19,DGS10
2025-04-30,122.5921,DTWEXBGS
2025-04-30,4.17,DGS10
2025-05-01,123.1405,DTWEXBGS
2025-05-01,4.25,DGS10
2025-05-02,122.4962,DTWEXBGS
2025-05-02,4.33,DGS10
2025-05-05,122.2613,DTWEXBGS
2025-05-05,4.36,DGS10
2025-05-06,4.3,DGS10
2025-05-06,122.0417,DTWEXBGS
2025-05-07,4.26,DGS10
2025-05-07,122.117,DTWEXBGS
2025-05-08,122.7568,DTWEXBGS
2025-05-08,4.37,DGS10
2025-05-09,4.37,DGS10
2025-05-09,122.5191,DTWEXBGS
2025-05-12,4.45,DGS10
2025-05-12,123.4863,DTWEXBGS
2025-05-13,4.49,DGS10
2025-05-13,122.9583,DTWEXBGS
2025-05-14,4.53,DGS10
2025-05-14,122.6746,DTWEXBGS
2025-05-15,4.45,DGS10
2025-05-15,122.8174,DTWEXBGS
2025-05-16,4.43,DGS10
2025-05-16,123.0737,DTWEXBGS
2025-05-19,122.4186,DTWEXBGS
2025-05-19,4.46,DGS10
2025-05-20,4.48,DGS10
2025-05-20,122.3199,DTWEXBGS
2025-05-21,121.7496,DTWEXBGS
2025-05-21,4.58,DGS10
2025-05-22,4.54,DGS10
2025-05-22,122.0429,DTWEXBGS
2025-05-23,4.51,DGS10
2025-05-23,121.3837,DTWEXBGS
2025-05-27,4.43,DGS10
2025-05-27,121.6099,DTWEXBGS
2025-05-28,121.9888,DTWEXBGS
2025-05-28,4.47,DGS10
2025-05-29,121.5617,DTWEXBGS
2025-05-29,4.43,DGS10
2025-05-30,121.7674,DTWEXBGS
2025-05-30,4.41,DGS10
2025-06-02,121.1881,DTWEXBGS
2025-06-02,4.46,DGS10
2025-06-03,4.46,DGS10
2025-06-03,121.4592,DTWEXBGS
2025-06-04,4.37,DGS10
2025-06-04,121.0539,DTWEXBGS
2025-06-05,4.4,DGS10
2025-06-05,120.9596,DTWEXBGS
2025-06-06,4.51,DGS10
2025-06-06,121.161,DTWEXBGS
2025-06-09,4.49,DGS10
2025-06-09,120.9103,DTWEXBGS
2025-06-10,4.47,DGS10
2025-06-10,121.0485,DTWEXBGS
2025-06-11,4.41,DGS10
2025-06-11,120.587,DTWEXBGS
2025-06-12,4.36,DGS10
2025-06-12,120.1723,DTWEXBGS
2025-06-13,4.41,DGS10
2025-06-13,120.3245,DTWEXBGS
2025-06-16,4.46,DGS10
2025-06-16,120.1565,DTWEXBGS
2025-06-17,4.39,DGS10
2025-06-17,120.5048,DTWEXBGS
2025-06-18,4.38,DGS10
2025-06-18,120.7305,DTWEXBGS
2025-06-20,4.38,DGS10
2025-06-20,121.0408,DTWEXBGS
2025-06-23,4.34,DGS10
2025-06-23,121.1694,DTWEXBGS
2025-06-24,4.3,DGS10
2025-06-24,120.3645,DTWEXBGS
2025-06-25,120.3336,DTWEXBGS
2025-06-25,4.29,DGS10
2025-06-26,119.6451,DTWEXBGS
2025-06-26,4.26,DGS10
2025-06-27,119.659,DTWEXBGS
2025-06-27,4.29,DGS10
2025-06-30,119.4088,DTWEXBGS
2025-06-30,4.24,DGS10
2025-07-01,4.26,DGS10
2025-07-01,119.3436,DTWEXBGS
2025-07-02,119.3037,DTWEXBGS
2025-07-02,4.3,DGS10
2025-07-03,119.2382,DTWEXBGS
2025-07-03,4.35,DGS10
2025-07-07,119.6201,DTWEXBGS
2025-07-07,4.4,DGS10
2025-07-08,119.8371,DTWEXBGS
2025-07-08,4.42,DGS10
2025-07-09,119.7311,DTWEXBGS
2025-07-09,4.34,DGS10
2025-07-10,119.8343,DTWEXBGS
2025-07-10,4.35,DGS10
2025-07-11,119.9214,DTWEXBGS
2025-07-11,4.43,DGS10
2025-07-14,120.2209,DTWEXBGS
2025-07-14,4.43,DGS10
2025-07-15,120.5105,DTWEXBGS
2025-07-15,4.5,DGS10
2025-07-16,120.4175,DTWEXBGS
2025-07-16,4.46,DGS10
2025-07-17,4.47,DGS10
2025-07-17,120.6384,DTWEXBGS
2025-07-18,120.356,DTWEXBGS
2025-07-18,4.44,DGS10
2025-07-21,119.9961,DTWEXBGS
2025-07-21,4.38,DGS10
2025-07-22,119.681,DTWEXBGS
2025-07-22,4.35,DGS10
2025-07-23,4.4,DGS10
2025-07-23,119.5697,DTWEXBGS
2025-07-24,4.43,DGS10
2025-07-24,119.5664,DTWEXBGS
2025-07-25,4.4,DGS10
2025-07-25,119.9857,DTWEXBGS
2025-07-28,4.42,DGS10
2025-07-28,120.6149,DTWEXBGS
2025-07-29,4.34,DGS10
2025-07-29,120.9674,DTWEXBGS
2025-07-30,4.38,DGS10
2025-07-30,121.4042,DTWEXBGS
2025-07-31,121.721,DTWEXBGS
2025-07-31,4.37,DGS10
2025-08-01,4.23,DGS10
2025-08-01,121.2122,DTWEXBGS
2025-08-04,4.22,DGS10
2025-08-04,120.9859,DTWEXBGS
2025-08-05,120.9082,DTWEXBGS
2025-08-05,4.22,DGS10
2025-08-06,4.22,DGS10
2025-08-06,120.5082,DTWEXBGS
2025-08-07,120.5043,DTWEXBGS
2025-08-07,4.23,DGS10
2025-08-08,120.3329,DTWEXBGS
2025-08-08,4.27,DGS10
2025-08-11,4.27,DGS10
2025-08-11,120.6892,DTWEXBGS
2025-08-12,120.2736,DTWEXBGS
2025-08-12,4.29,DGS10
2025-08-13,120.13,DTWEXBGS
2025-08-13,4.24,DGS10
2025-08-14,120.6446,DTWEXBGS
2025-08-14,4.29,DGS10
2025-08-15,4.33,DGS10
2025-08-15,120.3377,DTWEXBGS
2025-08-18,4.34,DGS10
2025-08-18,120.5622,DTWEXBGS
2025-08-19,120.7224,DTWEXBGS
2025-08-19,4.3,DGS10
2025-08-20,4.29,DGS10
2025-08-20,120.7757,DTWEXBGS
2025-08-21,121.0843,DTWEXBGS
2025-08-21,4.33,DGS10
2025-08-22,120.2774,DTWEXBGS
2025-08-22,4.26,DGS10
2025-08-25,120.4214,DTWEXBGS
2025-08-25,4.28,DGS10
2025-08-26,120.5274,DTWEXBGS
2025-08-26,4.26,DGS10
2025-08-27,4.24,DGS10
2025-08-27,120.7274,DTWEXBGS
2025-08-28,120.2595,DTWEXBGS
2025-08-28,4.22,DGS10
2025-08-29,120.2082,DTWEXBGS
2025-08-29,4.23,DGS10
2025-09-02,120.6837,DTWEXBGS
2025-09-02,4.28,DGS10
2025-09-03,120.5052,DTWEXBGS
2025-09-03,4.22,DGS10
2025-09-04,120.7629,DTWEXBGS
2025-09-04,4.17,DGS10
2025-09-05,4.1,DGS10
2025-09-05,120.1282,DTWEXBGS
2025-09-08,4.05,DGS10
2025-09-08,120.0971,DTWEXBGS
2025-09-09,4.08,DGS10
2025-09-09,120.1569,DTWEXBGS
2025-09-10,120.1223,DTWEXBGS
2025-09-10,4.04,DGS10
2025-09-11,4.01,DGS10
2025-09-11,119.9534,DTWEXBGS
2025-09-12,120.0611,DTWEXBGS
2025-09-12,4.06,DGS10
2025-09-15,4.05,DGS10
2025-09-15,119.5644,DTWEXBGS
2025-09-16,119.1348,DTWEXBGS
2025-09-16,4.04,DGS10
2025-09-17,4.06,DGS10
2025-09-17,119.1582,DTWEXBGS
2025-09-18,4.11,DGS10
2025-09-18,119.6616,DTWEXBGS
2025-09-19,4.14,DGS10
2025-09-19,119.7858,DTWEXBGS
2025-09-22,4.15,DGS10
2025-09-22,119.8152,DTWEXBGS
2025-09-23,4.12,DGS10
2025-09-23,119.6202,DTWEXBGS
2025-09-24,120.1707,DTWEXBGS
2025-09-24,4.16,DGS10
2025-09-25,4.18,DGS10
2025-09-25,120.5419,DTWEXBGS
2025-09-26,4.2,DGS10
2025-09-26,120.4349,DTWEXBGS
2025-09-29,120.115,DTWEXBGS
2025-09-29,4.15,DGS10
2025-09-30,120.1368,DTWEXBGS
2025-09-30,4.16,DGS10
2025-10-01,4.12,DGS10
2025-10-01,120.1502,DTWEXBGS
2025-10-02,4.1,DGS10
2025-10-02,120.4296,DTWEXBGS
2025-10-03,4.13,DGS10
2025-10-03,120.0881,DTWEXBGS
2025-10-06,120.2722,DTWEXBGS
2025-10-06,4.18,DGS10
2025-10-07,4.14,DGS10
2025-10-07,120.4884,DTWEXBGS
2025-10-08,4.13,DGS10
2025-10-08,120.7766,DTWEXBGS
2025-10-09,121.0902,DTWEXBGS
2025-10-09,4.14,DGS10
2025-10-10,4.05,DGS10
2025-10-10,121.1163,DTWEXBGS
2025-10-14,4.03,DGS10
2025-10-14,121.1822,DTWEXBGS
2025-10-15,4.05,DGS10
2025-10-15,120.8642,DTWEXBGS
2025-10-16,3.99,DGS10
2025-10-16,120.6698,DTWEXBGS
2025-10-17,120.7028,DTWEXBGS
2025-10-17,4.02,DGS10
2025-10-20,120.6209,DTWEXBGS
2025-10-20,4.0,DGS10
2025-10-21,120.8895,DTWEXBGS
2025-10-21,3.98,DGS10
2025-10-22,3.97,DGS10
2025-10-22,120.8958,DTWEXBGS
2025-10-23,4.01,DGS10
2025-10-23,120.9531,DTWEXBGS
2025-10-24,4.02,DGS10
2025-10-24,120.9345,DTWEXBGS
2025-10-27,4.01,DGS10
2025-10-27,120.7988,DTWEXBGS
2025-10-28,120.6361,DTWEXBGS
2025-10-28,3.99,DGS10
2025-10-29,120.5312,DTWEXBGS
2025-10-29,4.08,DGS10
2025-10-30,121.2832,DTWEXBGS
2025-10-30,4.11,DGS10
2025-10-31,4.11,DGS10
2025-10-31,121.3859,DTWEXBGS
2025-11-03,121.4512,DTWEXBGS
2025-11-03,4.13,DGS10
2025-11-04,4.1,DGS10
2025-11-04,121.8271,DTWEXBGS
2025-11-05,121.8482,DTWEXBGS
2025-11-05,4.17,DGS10
2025-11-06,121.6948,DTWEXBGS
2025-11-06,4.11,DGS10
2025-11-07,4.11,DGS10
2025-11-07,121.388,DTWEXBGS
2025-11-10,121.2984,DTWEXBGS
2025-11-10,4.13,DGS10
2025-11-12,121.0458,DTWEXBGS
2025-11-12,4.08,DGS10
2025-11-13,120.7725,DTWEXBGS
2025-11-13,4.11,DGS10
2025-11-14,4.14,DGS10
2025-11-14,120.9666,DTWEXBGS
2025-11-17,121.1146,DTWEXBGS
2025-11-17,4.13,DGS10
2025-11-18,121.2127,DTWEXBGS
2025-11-18,4.12,DGS10
2025-11-19,121.4978,DTWEXBGS
2025-11-19,4.13,DGS10
2025-11-20,121.6889,DTWEXBGS
2025-11-20,4.1,DGS10
2025-11-21,4.06,DGS10
2025-11-21,121.8653,DTWEXBGS
2025-11-24,4.04,DGS10
2025-11-24,121.9171,DTWEXBGS
2025-11-25,4.01,DGS10
2025-11-25,121.6335,DTWEXBGS
2025-11-26,4.0,DGS10
2025-11-26,121.2437,DTWEXBGS
2025-11-28,4.02,DGS10
2025-11-28,121.0527,DTWEXBGS
2025-12-01,4.09,DGS10
2025-12-01,120.9862,DTWEXBGS
2025-12-02,4.09,DGS10
2025-12-02,121.1467,DTWEXBGS
2025-12-03,4.06,DGS10
2025-12-03,120.7336,DTWEXBGS
2025-12-04,4.11,DGS10
2025-12-04,120.6766,DTWEXBGS
2025-12-05,120.6863,DTWEXBGS
2025-12-05,4.14,DGS10
2025-12-08,4.17,DGS10
2025-12-08,120.776,DTWEXBGS
2025-12-09,4.18,DGS10
2025-12-09,120.6832,DTWEXBGS
2025-12-10,4.13,DGS10
2025-12-10,120.6752,DTWEXBGS
2025-12-11,4.14,DGS10
2025-12-11,119.98,DTWEXBGS
2025-12-12,120.1442,DTWEXBGS
2025-12-12,4.19,DGS10
2025-12-15,119.9561,DTWEXBGS
2025-12-15,4.18,DGS10
2025-12-16,119.8902,DTWEXBGS
2025-12-16,4.15,DGS10
2025-12-17,120.155,DTWEXBGS
2025-12-17,4.16,DGS10
2025-12-18,4.12,DGS10
2025-12-18,120.0528,DTWEXBGS
2025-12-19,4.16,DGS10
2025-12-19,120.1652,DTWEXBGS
2025-12-22,119.9912,DTWEXBGS
2025-12-22,4.17,DGS10
2025-12-23,119.7057,DTWEXBGS
2025-12-23,4.18,DGS10
2025-12-24,119.4372,DTWEXBGS
2025-12-24,4.15,DGS10
2025-12-26,119.4723,DTWEXBGS
2025-12-26,4.14,DGS10
2025-12-29,119.5899,DTWEXBGS
2025-12-29,4.12,DGS10
2025-12-30,4.14,DGS10
2025-12-30,119.4939,DTWEXBGS
2025-12-31,4.18,DGS10
2025-12-31,119.7456,DTWEXBGS
2026-01-02,4.19,DGS10
2026-01-02,119.6059,DTWEXBGS
2026-01-05,119.6192,DTWEXBGS
2026-01-05,4.17,DGS10
2026-01-06,119.7807,DTWEXBGS
2026-01-06,4.18,DGS10
2026-01-07,119.8719,DTWEXBGS
2026-01-07,4.15,DGS10
2026-01-08,4.19,DGS10
2026-01-08,120.0904,DTWEXBGS
2026-01-09,4.18,DGS10
2026-01-09,120.2215,DTWEXBGS
2026-01-12,119.9958,DTWEXBGS
2026-01-12,4.19,DGS10
2026-01-13,4.18,DGS10
2026-01-13,120.1401,DTWEXBGS
2026-01-14,119.9537,DTWEXBGS
2026-01-14,4.15,DGS10
2026-01-15,119.9951,DTWEXBGS
2026-01-15,4.17,DGS10
2026-01-16,120.0838,DTWEXBGS
2026-01-16,4.24,DGS10
2026-01-20,4.3,DGS10
2026-01-20,119.4455,DTWEXBGS
2026-01-21,4.26,DGS10
2026-01-21,119.3431,DTWEXBGS
2026-01-22,4.26,DGS10
2026-01-22,119.1962,DTWEXBGS
2026-01-23,118.8976,DTWEXBGS
2026-01-23,4.24,DGS10
2026-01-26,4.22,DGS10
2026-01-26,118.0525,DTWEXBGS
2026-01-27,4.24,DGS10
2026-01-27,117.4523,DTWEXBGS
2026-01-28,117.5117,DTWEXBGS
2026-01-28,4.26,DGS10
2026-01-29,117.4396,DTWEXBGS
2026-01-29,4.24,DGS10
2026-01-30,4.26,DGS10
2026-01-30,117.8996,DTWEXBGS
2026-02-02,118.3609,DTWEXBGS
2026-02-02,4.29,DGS10
2026-02-03,117.9764,DTWEXBGS
2026-02-03,4.28,DGS10
2026-02-04,118.2602,DTWEXBGS
2026-02-04,4.29,DGS10
2026-02-05,4.21,DGS10
2026-02-05,118.5034,DTWEXBGS
2026-02-06,4.22,DGS10
2026-02-06,118.2407,DTWEXBGS
2026-02-09,117.6392,DTWEXBGS
2026-02-09,4.22,DGS10
2026-02-10,4.16,DGS10
2026-02-10,117.5216,DTWEXBGS
2026-02-11,4.18,DGS10
2026-02-11,117.4601,DTWEXBGS
2026-02-12,4.09,DGS10
2026-02-12,117.5376,DTWEXBGS
2026-02-13,117.5258,DTWEXBGS
2026-02-13,4.04,DGS10
2026-02-17,4.05,DGS10
2026-02-17,117.7375,DTWEXBGS
2026-02-18,117.8426,DTWEXBGS
2026-02-18,4.09,DGS10
2026-02-19,118.2354,DTWEXBGS
2026-02-19,4.08,DGS10
2026-02-20,117.9917,DTWEXBGS
2026-02-20,4.08,DGS10
2026-02-23,4.03,DGS10
2026-02-23,117.9395,DTWEXBGS
2026-02-24,4.04,DGS10
2026-02-24,117.9463,DTWEXBGS
2026-02-25,117.769,DTWEXBGS
2026-02-25,4.05,DGS10
2026-02-26,4.02,DGS10
2026-02-26,117.9042,DTWEXBGS
2026-02-27,117.8223,DTWEXBGS
2026-02-27,3.97,DGS10
2026-03-02,118.667,DTWEXBGS
2026-03-02,4.05,DGS10
2026-03-03,119.4341,DTWEXBGS
2026-03-03,4.06,DGS10
2026-03-04,119.0705,DTWEXBGS
2026-03-04,4.09,DGS10
2026-03-05,4.13,DGS10
2026-03-05,119.5683,DTWEXBGS
2026-03-06,119.491,DTWEXBGS
2026-03-06,4.15,DGS10
2026-03-09,119.5151,DTWEXBGS
2026-03-09,4.12,DGS10
2026-03-10,118.7255,DTWEXBGS
2026-03-10,4.15,DGS10
2026-03-11,119.2885,DTWEXBGS
2026-03-11,4.21,DGS10
2026-03-12,119.8227,DTWEXBGS
2026-03-12,4.27,DGS10
2026-03-13,4.28,DGS10
2026-03-13,120.5518,DTWEXBGS
2026-03-16,4.23,DGS10
2026-03-16,120.097,DTWEXBGS
2026-03-17,4.2,DGS10
2026-03-17,119.8328,DTWEXBGS
2026-03-18,119.9276,DTWEXBGS
2026-03-18,4.26,DGS10
2026-03-19,4.25,DGS10
2026-03-19,120.1802,DTWEXBGS
2026-03-20,120.2757,DTWEXBGS
2026-03-20,4.39,DGS10
2026-03-23,4.34,DGS10
2026-03-23,119.9371,DTWEXBGS
2026-03-24,120.1295,DTWEXBGS
2026-03-24,4.39,DGS10
2026-03-25,4.33,DGS10
2026-03-25,120.1282,DTWEXBGS
2026-03-26,4.42,DGS10
2026-03-26,120.389,DTWEXBGS
2026-03-27,4.44,DGS10
2026-03-27,120.8851,DTWEXBGS
2026-03-30,4.35,DGS10
2026-03-30,121.2851,DTWEXBGS
2026-03-31,4.3,DGS10
2026-03-31,121.035,DTWEXBGS
2026-04-01,120.1198,DTWEXBGS
2026-04-01,4.33,DGS10
2026-04-02,4.31,DGS10
2026-04-02,120.503,DTWEXBGS
2026-04-03,120.6565,DTWEXBGS
2026-04-03,4.35,DGS10
2026-04-06,120.4302,DTWEXBGS
2026-04-06,4.34,DGS10
2026-04-07,120.32,DTWEXBGS
2026-04-07,4.33,DGS10
2026-04-08,4.29,DGS10
2026-04-08,119.0596,DTWEXBGS
2026-04-09,4.29,DGS10
2026-04-09,118.8998,DTWEXBGS
2026-04-10,4.31,DGS10
2026-04-10,118.8552,DTWEXBGS
2026-04-13,118.9916,DTWEXBGS
2026-04-13,4.3,DGS10
2026-04-14,4.26,DGS10
2026-04-14,118.3581,DTWEXBGS
2026-04-15,4.29,DGS10
2026-04-15,118.3623,DTWEXBGS
2026-04-16,118.3616,DTWEXBGS
2026-04-16,4.32,DGS10
2026-04-17,4.26,DGS10
2026-04-17,118.0795,DTWEXBGS
2026-04-20,4.26,DGS10
2026-04-20,118.2374,DTWEXBGS
2026-04-21,4.3,DGS10
2026-04-21,118.4331,DTWEXBGS
2026-04-22,4.3,DGS10
2026-04-22,118.6004,DTWEXBGS
2026-04-23,118.7155,DTWEXBGS
2026-04-23,4.34,DGS10
2026-04-24,118.7294,DTWEXBGS
2026-04-24,4.31,DGS10
2026-04-27,118.5458,DTWEXBGS
2026-04-27,4.35,DGS10
2026-04-28,4.36,DGS10
2026-04-28,118.7717,DTWEXBGS
2026-04-29,4.42,DGS10
2026-04-29,119.0975,DTWEXBGS
2026-04-30,4.4,DGS10
2026-04-30,118.671,DTWEXBGS
2026-05-01,4.39,DGS10
2026-05-01,118.3926,DTWEXBGS
2026-05-04,118.8264,DTWEXBGS
2026-05-04,4.45,DGS10
2026-05-05,118.6207,DTWEXBGS
2026-05-05,4.43,DGS10
2026-05-06,118.0982,DTWEXBGS
2026-05-06,4.36,DGS10
2026-05-07,4.41,DGS10
2026-05-07,118.0116,DTWEXBGS
2026-05-08,4.38,DGS10
2026-05-08,118.0392,DTWEXBGS
2026-05-11,4.42,DGS10
2026-05-11,118.0562,DTWEXBGS
2026-05-12,118.5238,DTWEXBGS
2026-05-12,4.46,DGS10
2026-05-13,118.4737,DTWEXBGS
2026-05-13,4.46,DGS10
2026-05-14,118.6696,DTWEXBGS
2026-05-14,4.47,DGS10
2026-05-15,119.2825,DTWEXBGS
2026-05-15,4.59,DGS10
2026-05-18,119.0574,DTWEXBGS
2026-05-18,4.61,DGS10
2026-05-19,4.67,DGS10
2026-05-19,119.451,DTWEXBGS
2026-05-20,4.57,DGS10
2026-05-20,119.1624,DTWEXBGS
2026-05-21,119.369,DTWEXBGS
2026-05-21,4.57,DGS10
2026-05-22,4.56,DGS10
2026-05-22,119.2868,DTWEXBGS
2026-05-26,119.1696,DTWEXBGS
2026-05-26,4.5,DGS10
2026-05-27,119.1829,DTWEXBGS
2026-05-27,4.48,DGS10
2026-05-28,119.0318,DTWEXBGS
2026-05-28,4.45,DGS10
2026-05-29,4.45,DGS10
2026-05-29,118.8783,DTWEXBGS
2026-06-01,119.1653,DTWEXBGS
2026-06-01,4.47,DGS10
2026-06-02,4.46,DGS10
2026-06-02,119.0359,DTWEXBGS
2026-06-03,4.49,DGS10
2026-06-03,119.3848,DTWEXBGS
2026-06-04,119.3615,DTWEXBGS
2026-06-04,4.47,DGS10
2026-06-05,120.0831,DTWEXBGS
2026-06-05,4.55,DGS10
2026-06-08,4.56,DGS10
2026-06-08,120.034,DTWEXBGS
2026-06-09,119.9617,DTWEXBGS
2026-06-09,4.53,DGS10
2026-06-10,4.55,DGS10
2026-06-10,119.9134,DTWEXBGS
2026-06-11,4.45,DGS10
2026-06-11,120.1174,DTWEXBGS
2026-06-12,4.48,DGS10
2026-06-12,119.5073,DTWEXBGS
2026-06-15,4.47,DGS10
2026-06-15,119.3158,DTWEXBGS
2026-06-16,4.43,DGS10
2026-06-16,119.256,DTWEXBGS
2026-06-17,4.49,DGS10
2026-06-17,119.3871,DTWEXBGS
2026-06-18,120.3958,DTWEXBGS
2026-06-18,4.46,DGS10
2026-06-22,120.5463,DTWEXBGS
2026-06-22,4.51,DGS10
2026-06-23,4.5,DGS10
2026-06-23,121.0552,DTWEXBGS
2026-06-24,121.412,DTWEXBGS
2026-06-24,4.41,DGS10
2026-06-25,4.4,DGS10
2026-06-25,121.0559,DTWEXBGS
2026-06-26,4.38,DGS10
2026-06-26,120.8866,DTWEXBGS
2026-06-29,4.38,DGS10
2026-06-29,120.9525,DTWEXBGS
2026-06-30,4.44,DGS10
2026-06-30,120.9248,DTWEXBGS
2026-07-01,4.48,DGS10
2026-07-01,121.1455,DTWEXBGS
2026-07-02,120.6902,DTWEXBGS
2026-07-02,4.49,DGS10
2026-07-06,4.48,DGS10
2026-07-06,120.835,DTWEXBGS
2026-07-07,120.8145,DTWEXBGS
2026-07-07,4.55,DGS10
2026-07-08,121.1307,DTWEXBGS
2026-07-08,4.56,DGS10
2026-07-09,120.753,DTWEXBGS
2026-07-09,4.54,DGS10
2026-07-10,4.56,DGS10
2026-07-10,120.5046,DTWEXBGS
2026-07-13,4.62,DGS10
2026-07-13,120.7413,DTWEXBGS
2026-07-14,4.58,DGS10
2026-07-14,120.4728,DTWEXBGS
2026-07-15,120.3088,DTWEXBGS
2026-07-15,4.55,DGS10
2026-07-16,120.331,DTWEXBGS
2026-07-16,4.57,DGS10
2026-07-17,4.55,DGS10
2026-07-17,120.5315,DTWEXBGS
2026-07-20,120.5401,DTWEXBGS
2026-07-20,4.6,DGS10
2026-07-21,4.63,DGS10
2026-07-21,120.5779,DTWEXBGS
2026-07-22,4.67,DGS10
2026-07-22,120.5736,DTWEXBGS
2026-07-23,4.71,DGS10
2026-07-23,120.9075,DTWEXBGS
2026-07-24,4.69,DGS10
2026-07-24,120.7105,DTWEXBGS
2026-07-27,120.7739,DTWEXBGS
2026-07-27,4.65,DGS10
2026-07-28,120.6247,DTWEXBGS
2026-07-28,4.61,DGS10
2026-07-29,4.67,DGS10
2026-07-29,120.7892,DTWEXBGS
2026-07-30,119.6753,DTWEXBGS
2026-07-30,4.68,DGS10
2026-07-31,4.75,DGS10
2026-07-31,119.7034,DTWEXBGS
2026-08-03,4.7,DGS10
2026-08-03,119.6951,DTWEXBGS
2026-08-04,4.63,DGS10
2026-08-04,119.5977,DTWEXBGS
2026-08-05,119.3881,DTWEXBGS
2026-08-05,4.63,DGS10
2026-08-06,119.5113,DTWEXBGS
2026-08-06,4.69,DGS10
2026-08-07,119.0649,DTWEXBGS
2026-08-07,4.65,DGS10
2026-08-10,4.72,DGS10
2026-08-10,119.1187,DTWEXBGS
2026-08-11,4.7,DGS10
2026-08-11,119.179,DTWEXBGS
2026-08-12,119.1179,DTWEXBGS
2026-08-12,4.68,DGS10
2026-08-13,4.63,DGS10
2026-08-13,119.1848,DTWEXBGS
2026-08-14,4.68,DGS10
2026-08-14,118.9028,DTWEXBGS
2026-08-17,4.72,DGS10
2026-08-17,118.814,DTWEXBGS
2026-08-18,118.9831,DTWEXBGS
2026-08-18,4.71,DGS10
2026-08-19,4.65,DGS10
2026-08-19,118.3328,DTWEXBGS
2026-08-20,118.2548,DTWEXBGS
2026-08-20,4.69,DGS10
2026-08-21,118.0628,DTWEXBGS
2026-08-21,4.74,DGS10
2026-08-24,118.3195,DTWEXBGS
2026-08-24,4.7,DGS10
2026-08-25,4.64,DGS10
2026-08-25,118.2283,DTWEXBGS
2026-08-26,4.66,DGS10
2026-08-26,118.4461,DTWEXBGS
2026-08-27,4.67,DGS10
2026-08-27,118.3583,DTWEXBGS
2026-08-28,118.7479,DTWEXBGS
2026-08-28,4.73,DGS10
2026-08-31,4.75,DGS10
2026-08-31,118.5679,DTWEXBGS
2026-09-01,118.6568,DTWEXBGS
2026-09-01,4.79,DGS10
2026-09-02,4.79,DGS10
2026-09-02,118.5296,DTWEXBGS
2026-09-03,118.127,DTWEXBGS
2026-09-03,4.77,DGS10
2026-09-04,4.78,DGS10
2026-09-04,118.0732,DTWEXBGS
2026-09-08,117.9127,DTWEXBGS
2026-09-08,4.8,DGS10
2026-09-09,117.8834,DTWEXBGS
2026-09-09,4.83,DGS10
2026-09-10,118.0787,DTWEXBGS
2026-09-10,4.95,DGS10
2026-09-11,4.96,DGS10
2026-09-11,118.2126,DTWEXBGS
2026-09-14,118.6923,DTWEXBGS
2026-09-14,4.97,DGS10
2026-09-15,118.8822,DTWEXBGS
2026-09-15,5.0,DGS10
2026-09-16,118.9206,DTWEXBGS
2026-09-16,5.01,DGS10
2026-09-17,4.94,DGS10
2026-09-17,119.3489,DTWEXBGS
2026-09-18,119.5133,DTWEXBGS
2026-09-18,5.01,DGS10
2026-09-21,119.4014,DTWEXBGS
2026-09-21,4.96,DGS10
2026-09-22,119.5933,DTWEXBGS
2026-09-22,4.96,DGS10
2026-09-23,120.1169,DTWEXBGS
2026-09-23,5.11,DGS10
2026-09-24,120.5521,DTWEXBGS
2026-09-24,5.18,DGS10
2026-09-25,120.33,DTWEXBGS
2026-09-25,5.17,DGS10
2026-09-28,120.6958,DTWEXBGS
2026-09-28,5.24,DGS10
2026-09-29,5.26,DGS10
2026-09-29,121.0296,DTWEXBGS
2026-09-30,120.9693,DTWEXBGS
2026-09-30,5.29,DGS10
2026-10-01,121.7882,DTWEXBGS
2026-10-01,5.24,DGS10
2026-10-02,5.28,DGS10
2026-10-02,121.3848,DTWEXBGS
2026-10-05,5.31,DGS10
2026-10-06,5.27,DGS10
